189	37	105	14	37	14
53	27	27	80	27	53
58	58	17	15	17	51
44	44	44	23	44	44
63	26	14	14	70	63
93	71	93	60	80	60
20	20	42	20	115	42
76	87	11	98	147	87
42	6	82	42	42	42
90	90	15	56	151	153
45	45	98	98	48	86
58	139	24	24	67	67
69	72	63	69	89	69
51	51	18	78	51	40
96	96	23	96	23	115
27	14	27	27	14	84
62	80	23	80	23	37
39	19	88	53	120	128
23	111	65	184	65	184
49	49	85	85	36	18
60	174	60	112	42	136
83	91	47	83	128	47
163	144	126	198	198	88
72	50	50	50	72	56
6	118	19	6	137	19
198	60	108	13	60	60
84	80	80	78	78	11
38	22	70	38	79	79
54	182	99	112	147	75
114	117	171	114	65	80
94	188	6	44	44	6
7	7	108	32	32	32
103	37	183	131	121	21
97	97	97	5	94	5
57	87	57	194	86	57
45	13	13	41	45	11
55	22	55	22	55	117
27	27	93	85	117	55
192	29	192	29	94	29
34	34	69	34	34	61
52	93	52	56	56	23
96	55	142	178	162	82
14	82	14	14	29	29
197	72	194	42	121	34
160	62	62	105	160	182
15	15	53	75	53	53
88	127	49	88	88	43
118	178	162	162	111	59
40	18	33	33	33	65
199	15	199	88	88	21
20	190	41	41	91	70
13	24	145	66	118	137
86	86	22	22	105	75
58	17	58	58	26	72
15	157	176	176	141	9
114	20	20	67	116	67
107	57	13	82	82	13
5	5	5	8	152	17
38	173	57	30	43	133
70	188	45	148	67	83
87	69	112	138	87	20
31	20	31	18	18	39
84	38	66	84	84	54
92	51	92	87	75	75
99	124	45	32	190	184
57	32	7	32	32	32
45	74	56	43	45	48
197	62	178	183	104	11
20	73	70	73	70	11
49	21	21	52	21	52
58	42	13	13	192	42
25	37	25	25	25	89
200	98	21	35	15	79
40	128	16	120	27	128
20	24	24	95	20	71
11	11	82	65	11	58
133	17	54	66	133	19
91	29	49	121	29	49
70	49	70	64	64	20
176	176	38	90	45	45
44	20	6	20	20	32
56	26	43	26	61	26
113	158	122	155	160	122
10	104	80	28	28	28
117	70	63	28	70	63
145	171	111	88	121	145
32	31	31	32	180	46
197	167	172	109	95	139
29	75	38	59	38	59
53	33	109	18	33	18
72	72	72	35	11	72
69	99	77	11	80	55
45	22	15	190	22	188
99	16	25	126	82	185
151	151	145	106	106	79
55	38	38	60	38	38
99	30	118	175	30	99
139	63	63	13	82	29
98	98	55	55	139	98
64	11	141	178	43	141
64	127	190	100	35	22
187	187	127	52	131	22
166	44	44	32	16	32
15	15	88	88	12	27
59	94	59	111	94	94
87	81	154	81	61	81
39	60	96	39	39	99
39	39	7	118	39	122
65	84	119	154	126	86
75	71	21	75	75	71
6	42	116	116	10	33
98	12	12	98	120	113
15	39	15	55	132	55
34	154	109	34	159	196
46	109	16	135	175	174
20	26	118	104	26	26
13	111	93	139	183	97
59	121	110	41	185	92
49	100	153	153	172	172
139	106	92	41	106	155
62	61	163	61	184	125
62	62	43	43	24	62
26	195	42	38	45	71
90	111	52	180	81	180
77	192	42	58	58	77
67	104	91	104	172	104
27	41	100	41	76	100
189	160	43	69	160	175
66	66	73	66	89	66
183	89	156	37	156	156
79	116	149	45	28	179
175	51	105	51	116	183
19	19	31	19	159	62
39	114	39	178	43	43
94	30	78	94	78	80
64	147	147	70	95	147
39	39	80	133	80	71
117	70	20	20	176	178
90	46	110	184	184	110
66	27	27	72	117	27
55	60	52	60	60	60
96	150	133	43	194	194
27	191	117	62	79	82
13	100	149	185	45	185
25	112	25	138	192	128
17	34	174	174	61	168
47	47	99	47	47	47
91	85	86	171	124	124
52	34	19	90	29	161
131	14	48	113	131	147
111	21	161	161	111	107
40	115	16	151	115	16
34	34	45	45	193	39
162	146	120	162	130	174
50	90	74	74	74	36
92	137	153	92	99	137
31	78	170	10	10	10
52	59	44	128	59	59
76	68	47	86	76	68
184	24	187	184	24	109
169	13	173	81	95	136
58	129	129	51	82	58
73	195	111	154	168	148
130	25	144	66	106	49
187	5	175	91	91	175
46	175	64	64	64	31
57	27	192	144	144	100
97	22	178	30	30	80
69	112	190	56	56	32
28	6	32	28	142	32
48	108	46	46	46	117
13	89	89	101	88	89
18	18	73	42	73	28
74	57	27	74	88	27
44	200	32	177	85	170
8	21	67	8	74	21
81	190	85	45	67	161
125	157	42	75	80	142
54	32	32	41	117	160
107	82	47	138	107	82
7	7	76	58	7	36
72	102	49	81	72	81
133	105	171	58	89	102
55	55	54	90	25	25
49	54	48	152	194	189
165	64	85	165	64	23
27	35	31	117	35	31
104	168	173	38	54	140
80	93	93	80	80	53
25	52	54	52	54	39
142	119	97	97	97	61
18	100	126	128	72	90
166	24	13	120	80	36
77	20	133	77	77	109
49	163	117	146	60	80
21	21	160	11	189	94
170	79	9	23	44	190
81	121	180	33	170	34
64	64	88	177	183	183
78	91	69	91	69	12
5	93	108	5	5	135
144	117	155	92	144	139
197	22	22	27	100	197
40	40	129	9	15	15
22	11	182	33	92	22
71	141	102	126	126	141
87	87	87	22	30	163
55	30	66	87	30	55
92	200	153	92	78	200
37	37	98	37	65	14
85	28	28	60	187	28
170	106	113	8	66	144
77	119	76	127	102	76
53	108	184	128	45	108
73	51	88	32	157	32
103	132	132	84	36	84
99	78	10	99	10	73
62	124	61	87	179	69
161	82	69	25	25	69
97	88	30	88	23	88
81	113	148	189	146	94
50	42	42	181	188	76
49	68	18	43	43	49
48	61	48	182	48	37
129	129	17	110	104	110
70	107	65	70	65	135
23	104	6	79	41	44
43	105	85	46	141	94
111	51	79	79	51	96
61	18	180	24	61	18
79	187	75	62	92	79
65	65	91	65	26	26
73	85	58	70	85	73
28	122	69	90	69	69
68	158	44	55	68	105
10	9	10	30	94	10
19	84	19	84	84	38
95	22	83	95	103	22
84	200	163	200	87	84
61	57	57	29	7	7
20	167	110	92	84	61
171	101	156	179	56	150
70	30	30	91	91	30
84	11	84	32	69	32
125	98	98	49	78	49
66	66	53	53	107	66
15	67	146	15	69	67
44	56	56	114	56	14
125	29	28	114	151	23
11	99	116	99	101	11
128	20	142	59	85	131
176	106	95	14	149	183
92	49	88	31	142	63
60	41	124	79	168	154
26	90	44	44	44	44
27	44	65	44	87	44
30	30	47	47	49	43
90	134	104	133	167	50
6	12	35	126	12	12
137	79	19	19	40	19
52	17	63	63	52	63
79	189	154	49	31	76
197	200	137	200	49	181
20	27	110	57	31	60
52	93	93	52	76	110
23	178	23	62	95	23
27	54	27	27	55	192
53	66	20	20	20	98
30	47	47	42	56	42
117	183	117	35	183	85
21	36	83	67	36	36
17	48	26	48	68	68
138	20	144	62	69	55
167	111	129	51	113	167
99	132	76	76	62	62
108	12	112	94	94	108
194	33	194	171	67	171
102	151	109	91	94	63
91	91	156	38	7	91
38	36	72	73	38	73
68	22	150	22	26	68
29	173	107	107	48	29
71	68	187	71	187	62
106	96	159	68	84	100
63	104	98	76	86	57
85	72	72	146	85	69
113	14	182	17	109	34
60	193	60	43	60	28
165	86	197	94	151	155
7	62	40	104	40	7
5	30	94	188	30	5
64	23	23	94	94	73
136	89	50	96	169	65
10	36	36	8	36	150
199	44	15	15	65	15
60	79	60	78	79	116
164	22	101	149	25	48
125	41	16	63	41	63
44	38	38	38	112	178
13	182	110	89	24	182
54	10	10	54	52	58
22	43	43	22	147	22
145	56	76	56	56	88
32	32	53	26	115	26
57	51	138	138	120	180
22	17	22	67	17	182
83	69	11	78	173	52
54	86	101	54	109	109
85	80	41	80	41	41
93	85	39	118	176	176
11	20	79	90	89	176
103	57	29	29	81	81
152	25	77	75	25	25
32	32	105	151	93	33
72	152	14	16	16	65
136	109	54	54	33	54
146	27	73	88	40	40
196	143	112	77	144	34
37	37	139	57	37	63
43	95	104	125	138	183
24	158	164	113	27	55
37	82	156	183	82	115
52	35	36	36	21	52
80	80	107	122	33	126
98	98	98	98	96	166
5	96	178	5	35	35
167	69	69	69	17	36
112	119	43	40	43	43
99	36	178	99	15	15
12	12	47	12	19	12
36	36	67	64	64	165
97	11	97	97	112	165
29	5	151	5	76	76
162	162	59	63	63	122
73	73	74	74	77	100
54	9	9	20	54	54
88	88	97	97	72	48
157	104	126	157	146	37
107	64	166	87	49	129
76	32	76	32	77	43
192	117	95	128	192	13
68	41	136	68	136	101
71	30	148	30	66	30
124	28	97	23	23	23
10	27	64	116	192	123
81	54	189	49	134	70
105	107	184	95	200	84
15	22	111	109	128	77
75	51	81	51	51	51
103	78	87	78	18	87
49	129	37	161	15	77
48	119	65	48	48	64
187	89	145	31	31	170
16	34	34	84	190	16
79	70	19	187	182	24
33	103	18	153	25	181
91	9	24	23	9	23
83	148	70	88	83	83
28	40	197	80	43	43
59	59	59	159	32	23
115	76	162	127	78	82
133	31	15	189	159	198
171	57	17	28	17	17
38	38	154	38	38	97
58	33	180	101	140	49
129	87	78	43	78	43
13	67	67	93	86	67
46	52	52	84	46	75
22	68	36	37	37	36
75	114	114	136	42	136
200	80	200	38	80	117
36	24	58	58	58	58
49	53	69	49	52	52
57	16	111	78	187	33
11	10	84	10	11	107
87	87	87	71	97	41
45	28	28	28	42	190
78	8	8	64	8	8
82	62	82	62	73	65
125	74	195	61	74	72
61	84	61	67	12	61
175	84	99	44	84	99
79	100	82	79	180	82
32	48	61	24	48	32
90	90	14	90	90	5
125	187	95	64	72	144
39	25	185	39	39	39
80	61	62	61	80	79
94	28	94	28	59	28
49	76	76	49	13	49
191	107	64	96	68	22
43	52	33	33	10	33
89	167	200	185	92	194
36	85	64	49	36	64
65	99	65	21	21	124
94	196	60	199	53	59
68	114	73	73	11	11
26	66	26	26	26	59
56	108	56	100	85	88
77	173	195	154	117	76
50	29	132	69	77	71
32	81	81	81	66	66
59	107	35	52	180	174
93	9	31	134	93	9
171	186	155	112	176	102
84	77	75	74	189	102
11	11	58	8	11	8
117	117	121	125	54	121
22	36	124	36	7	7
121	124	42	12	64	194
103	87	66	87	66	87
25	142	13	142	11	140
18	73	18	76	18	76
79	79	97	22	97	79
24	87	74	12	12	87
189	102	195	100	116	142
183	78	139	130	78	94
99	160	52	75	86	101
119	119	52	107	107	24
59	59	67	59	63	59
81	136	108	16	107	41
36	98	97	38	98	98
127	70	24	127	106	140
128	107	131	178	131	178
52	19	19	161	40	52
9	65	100	111	34	76
22	71	22	8	22	11
71	71	51	71	89	35
90	52	52	90	52	94
180	166	104	166	180	103
120	116	120	19	28	116
9	192	9	77	77	23
158	88	41	96	104	145
66	21	43	66	66	66
19	41	197	30	30	41
52	26	114	118	52	26
64	64	70	64	64	64
172	49	49	57	63	63
100	164	195	30	11	35
21	95	95	66	21	71
48	200	199	72	199	200
193	91	61	102	197	101
31	31	121	7	74	74
50	77	95	50	50	108
52	68	177	50	167	61
38	38	50	35	188	35
11	183	11	111	62	62
33	33	19	45	22	22
37	28	22	37	200	28
33	195	145	98	114	160
95	112	106	106	144	48
85	43	43	85	74	47
5	192	49	139	192	118
104	11	9	169	103	182
24	24	12	12	72	146
15	48	48	110	48	138
28	160	160	28	38	120
56	116	31	47	92	131
184	68	121	121	145	145
78	11	63	92	11	63
66	180	83	65	66	83
95	95	87	80	95	80
76	76	88	56	56	21
92	92	58	80	82	80
46	77	49	77	86	49
198	110	198	40	104	149
54	54	13	64	86	95
115	184	160	121	121	119
14	62	56	14	14	62
25	109	89	89	25	99
108	18	18	126	72	60
40	165	40	54	24	38
37	37	34	155	14	37
53	33	198	175	198	140
87	83	105	79	79	83
20	20	20	110	64	75
46	92	50	107	46	106
109	117	71	108	92	109
44	15	15	44	15	19
17	17	67	53	18	175
62	11	108	108	78	83
40	39	47	40	115	40
17	10	36	131	107	65
37	38	89	38	38	38
44	89	62	89	147	62
72	43	24	91	24	24
36	168	106	36	29	29
83	14	39	55	39	39
121	175	135	71	110	23
179	161	85	200	174	200
107	46	161	20	26	196
41	168	158	158	105	41
121	86	169	75	21	75
63	61	69	63	141	68
11	11	89	52	52	13
37	37	76	76	191	35
69	178	200	178	61	200
32	34	34	14	34	34
38	187	75	38	75	54
12	36	36	36	12	86
96	49	20	166	49	96
112	132	65	64	56	149
196	107	52	58	52	58
62	62	189	38	189	108
200	45	45	55	68	55
200	156	38	194	93	128
188	89	37	157	188	89
113	15	15	88	33	15
40	40	57	93	68	93
28	62	52	52	83	33
48	75	33	33	33	40
40	35	55	35	35	42
46	26	34	70	29	98
39	89	196	39	39	59
44	44	111	48	80	80
67	140	101	119	32	66
90	90	69	94	90	39
61	77	97	97	61	97
59	127	36	92	86	22
70	57	67	70	41	67
13	13	146	147	141	73
166	143	52	35	171	37
10	91	10	89	177	29
85	82	93	82	93	29
50	12	85	12	12	50
82	106	26	130	183	94
21	43	21	76	55	55
55	95	55	53	43	55
112	137	112	166	45	70
62	94	94	94	84	62
20	20	24	96	200	96
26	47	83	26	173	26
37	162	48	57	113	124
56	178	161	178	95	56
44	162	12	12	44	66
28	56	28	60	56	178
11	87	87	87	46	87
30	10	114	126	167	84
39	125	128	40	39	128
77	77	56	56	71	77
11	45	45	42	42	45
143	45	166	180	71	196
86	14	86	86	113	14
197	31	90	155	174	120
127	43	80	80	107	113
191	191	64	96	99	161
88	88	15	137	137	28
90	35	78	70	78	35
61	93	85	85	200	93
29	21	21	21	21	45
26	141	194	105	174	141
38	38	38	31	11	38
39	132	35	109	178	37
55	139	123	46	66	160
71	162	71	51	190	95
51	30	81	87	87	30
64	69	69	62	64	104
19	153	48	155	57	103
93	49	49	5	103	5
30	118	31	8	105	185
41	52	73	41	73	90
175	30	30	56	109	56
28	28	14	53	53	46
71	73	48	48	48	48
11	86	32	95	43	190
90	78	78	77	78	78
188	91	190	80	159	182
106	188	22	22	22	50
68	34	68	195	36	138
18	31	18	39	18	79
59	41	28	41	41	28
91	50	60	41	91	41
55	63	63	13	78	63
32	49	51	51	51	51
114	57	22	22	57	57
47	47	97	47	37	93
101	156	114	153	84	27
165	107	165	120	181	80
22	22	12	126	22	69
11	33	33	42	42	17
42	34	42	76	34	75
30	8	30	140	30	29
174	13	90	90	85	90
87	87	87	91	15	108
84	31	39	31	84	84
41	55	116	169	182	151
38	60	61	38	85	60
16	95	95	95	71	83
102	144	126	180	180	144
51	19	59	180	180	19
167	92	92	181	46	167
22	67	97	90	67	67
46	46	46	46	46	12
97	136	112	95	35	29
185	109	98	109	185	43
161	161	183	137	137	19
93	43	74	98	93	93
30	5	186	34	5	34
48	15	52	52	48	48
187	28	66	111	111	28
184	44	99	167	184	95
57	17	89	84	84	84
54	74	30	54	76	30
116	18	75	75	31	75
86	29	86	40	159	86
90	29	79	29	50	29
148	16	157	10	50	86
141	61	81	81	39	21
108	15	87	79	103	103
95	50	106	50	18	50
73	130	185	130	10	149
47	47	47	7	18	47
156	35	35	87	106	87
70	129	16	181	157	59
59	48	70	95	59	59
82	137	69	137	69	104
23	115	28	23	23	41
82	77	77	74	193	74
16	27	19	27	92	19
7	40	63	63	63	63
179	58	78	196	174	22
81	94	94	49	94	68
26	26	137	26	96	38
24	47	50	49	109	111
76	26	76	35	195	16
41	41	46	46	73	156
36	25	42	166	25	36
34	34	37	141	115	37
79	79	197	29	79	102
91	91	133	91	87	82
156	35	35	33	35	11
84	81	44	84	68	81
82	118	87	162	118	82
73	39	68	94	39	73
77	11	77	121	77	74
198	79	151	121	190	151
98	63	98	6	10	10
189	52	148	75	197	197
97	97	29	29	88	78
51	71	71	54	71	19
27	34	95	27	127	34
77	96	157	43	157	96
56	107	107	25	25	40
185	152	73	80	152	73
101	101	17	125	133	55
57	68	57	32	57	68
32	84	115	32	84	107
45	39	95	155	91	49
79	83	91	20	91	83
11	28	73	54	28	11
100	89	78	39	89	39
76	81	81	109	23	24
46	107	24	91	91	24
23	193	27	41	47	182
87	140	114	141	149	12
74	69	74	21	69	74
53	49	12	49	47	12
43	47	50	163	59	32
57	19	28	28	19	77
12	78	10	12	193	10
116	34	115	52	28	41
43	11	11	8	11	59
21	89	72	115	89	21
76	119	76	89	15	89
102	75	72	102	42	72
136	93	20	85	69	171
10	55	55	10	40	108
25	169	169	108	156	156
40	40	60	108	33	60
79	107	33	79	67	67
126	52	194	126	64	41
11	82	77	77	45	11
147	113	47	128	118	82
157	33	112	178	70	178
173	155	155	50	175	88
91	91	16	91	39	29
45	10	10	10	15	24
63	200	83	186	186	200
75	68	96	122	68	68
76	48	70	43	70	70
55	103	197	193	34	156
188	194	16	54	63	64
28	98	28	98	74	59
46	21	17	57	39	46
45	79	36	88	45	37
157	157	45	118	115	45
120	26	42	26	109	172
45	82	75	40	45	75
197	54	197	182	43	54
60	124	72	60	60	53
11	106	122	180	11	180
120	111	111	26	186	132
36	81	21	36	36	81
84	7	99	99	48	99
173	60	164	93	26	74
173	173	134	36	168	35
124	39	19	87	92	19
125	60	125	37	92	159
195	77	30	10	195	62
22	174	144	175	176	85
172	15	88	161	172	129
41	91	57	70	57	57
33	98	21	87	87	87
180	189	111	180	139	47
61	100	10	61	49	49
16	135	16	50	71	16
55	38	66	66	142	66
53	151	27	111	150	151
86	87	61	54	61	87
16	34	16	47	16	47
17	70	113	183	34	107
163	74	186	175	65	114
120	130	115	123	48	130
18	43	138	96	137	120
52	18	102	52	60	60
155	160	59	162	80	160
89	105	158	100	30	30
69	10	188	69	31	10
178	77	177	102	85	52
36	103	21	21	61	36
46	80	46	84	80	122
63	55	82	118	100	187
26	66	13	145	14	61
24	83	83	14	24	27
89	74	74	74	74	45
56	12	36	61	70	36
61	16	123	16	61	17
99	154	35	103	99	35
40	16	11	174	174	174
166	47	5	166	47	90
91	112	166	101	97	166
12	94	12	142	40	142
95	75	78	75	95	75
17	175	41	93	173	79
19	32	19	19	87	32
88	88	49	11	57	11
80	103	75	75	80	152
8	8	16	21	16	8
36	37	96	37	94	37
31	109	54	54	50	50
78	71	78	190	44	44
93	95	93	14	30	30
20	45	190	61	153	49
99	162	48	180	87	99
90	30	97	125	30	97
36	157	85	121	169	158
95	61	95	66	15	58
183	102	106	106	156	37
57	119	41	114	185	161
76	48	105	27	76	76
187	53	187	182	194	112
40	72	40	92	72	72
89	58	89	89	71	96
119	86	39	69	69	39
53	53	101	53	66	66
30	94	42	30	103	30
147	98	15	64	80	34
21	75	75	35	75	75
47	47	11	16	111	172
39	30	30	30	39	30
78	78	58	84	84	95
9	47	47	96	47	65
141	45	141	114	194	84
12	199	180	99	199	180
124	155	97	124	181	155
89	89	79	74	89	89
60	99	60	112	60	127
62	94	62	69	22	62
41	181	131	144	144	144
119	83	119	27	118	118
61	9	61	9	99	49
75	75	38	77	38	75
61	75	75	34	23	34
37	196	16	26	37	16
116	44	52	43	44	29
189	113	189	86	86	44
85	32	181	85	32	40
21	57	39	34	34	34
87	91	87	10	82	82
82	85	50	74	82	50
139	65	68	92	68	116
96	53	78	128	58	52
14	102	102	86	82	137
93	52	93	52	78	93
125	107	18	41	43	100
51	29	28	26	119	32
24	86	51	51	51	72
76	76	43	14	76	76
32	69	73	84	69	69
51	48	13	51	48	65
44	44	7	75	75	182
119	11	75	119	50	11
78	181	141	30	79	173
99	34	84	99	65	65
36	124	63	157	68	53
101	7	7	161	28	28
38	101	75	75	75	39
93	138	38	38	56	56
102	98	9	98	27	9
73	73	54	83	73	73
126	11	181	46	192	198
193	11	11	93	33	193
189	122	33	14	189	33
18	18	18	84	18	38
184	120	92	150	167	171
47	89	89	48	89	47
20	67	67	20	94	112
109	164	6	6	6	24
62	62	62	31	32	62
49	80	103	104	149	40
133	74	46	21	74	133
94	94	188	35	72	72
121	110	12	121	84	110
117	89	49	5	48	198
9	75	9	75	9	87
27	12	12	27	48	71
36	77	13	132	13	77
60	176	64	60	60	80
80	92	92	16	92	182
11	106	106	173	173	164
24	182	71	76	76	24
27	70	52	147	70	52
28	24	32	90	176	105
80	99	80	99	80	49
40	156	63	19	19	63
111	80	36	103	111	24
55	64	11	78	55	78
52	52	188	158	188	110
29	90	46	69	90	29
140	28	102	27	27	28
42	61	141	46	61	46
63	158	41	41	178	14
86	82	88	82	157	157
95	58	95	102	77	58
26	26	15	26	26	34
14	85	73	85	85	34
140	24	99	127	96	59
26	18	26	110	18	18
13	35	89	143	111	112
41	60	79	41	169	79
66	66	46	96	46	13
73	73	22	100	100	32
189	90	176	157	176	55
88	190	35	180	188	30
133	110	110	133	162	50
82	88	19	118	82	82
185	185	128	176	15	174
68	10	10	39	47	47
33	126	33	104	98	98
136	139	104	99	68	139
22	10	122	10	88	22
22	22	9	89	89	15
145	49	83	198	41	96
192	67	54	93	67	67
47	61	47	47	47	40
155	155	144	22	144	70
27	79	54	79	79	181
86	135	17	50	86	86
67	153	36	142	59	63
17	195	70	79	79	79
9	50	177	50	50	56
24	140	52	24	76	140
194	195	32	24	41	32
61	44	191	61	44	117
81	21	81	8	43	43
39	140	72	39	102	72
160	160	199	199	157	90
46	48	48	74	48	74
7	25	96	25	25	152
27	57	39	28	39	57
55	109	139	49	176	88
12	56	56	89	12	79
39	39	19	88	88	88
132	113	77	9	75	134
30	24	24	24	26	24
25	25	25	89	19	19
5	59	88	5	35	59
31	89	40	106	89	89
172	6	86	98	86	86
33	175	62	194	175	150
74	12	152	34	145	137
48	62	22	62	19	62
148	83	156	58	162	69
57	101	51	41	57	101
161	56	56	127	50	91
130	81	81	69	81	97
42	50	154	143	130	42
99	91	32	28	32	28
92	59	86	198	49	127
59	33	184	185	50	74
50	185	93	64	93	27
142	7	27	27	27	19
45	100	42	42	44	45
21	21	67	89	103	89
35	29	200	200	40	113
38	52	38	81	52	27
136	89	44	133	111	89
93	68	68	38	84	38
88	77	77	88	37	147
111	92	194	87	87	194
64	38	133	75	99	70
69	52	7	69	57	7
45	86	86	86	73	45
74	86	86	74	75	110
62	110	30	62	24	24
36	115	36	93	76	146
67	177	79	169	46	95
44	138	136	175	10	195
105	142	148	88	142	152
49	87	17	87	143	17
83	91	30	30	129	167
115	168	115	68	107	56
171	78	40	191	191	171
47	140	140	36	36	79
24	56	24	69	69	95
46	74	120	74	50	50
75	96	179	96	24	96
13	61	61	9	13	13
33	62	62	46	33	62
102	14	194	199	177	15
40	40	7	95	130	40
10	10	11	98	10	164
169	6	81	167	194	139
192	22	106	108	54	18
121	160	121	117	107	27
13	75	58	58	13	26
63	50	108	108	172	172
82	22	22	22	59	22
81	44	83	81	83	83
8	96	39	168	96	8
102	86	59	86	86	174
20	43	20	52	43	176
56	52	52	52	52	33
68	10	200	10	117	68
34	29	170	193	29	170
78	43	43	43	63	43
82	95	161	164	47	59
175	123	178	175	52	141
79	72	82	154	136	34
95	95	96	87	93	95
74	10	10	10	146	76
14	98	110	101	124	168
120	93	47	111	91	51
18	54	190	175	53	186
103	58	58	141	30	58
91	82	82	130	44	82
49	25	49	101	105	24
182	139	182	27	154	156
71	23	23	23	90	23
89	79	79	13	13	20
70	164	70	14	99	97
96	98	191	62	98	96
18	75	98	149	50	92
7	7	7	49	87	191
176	129	11	66	11	166
32	32	91	32	19	91
87	149	41	41	20	87
166	59	101	59	67	59
69	69	69	8	28	28
32	13	13	79	105	32
40	17	23	23	127	40
37	73	6	37	37	147
88	88	93	35	88	35
13	25	35	14	35	35
106	82	172	15	177	118
20	62	36	36	62	36
37	184	175	105	54	175
37	61	74	185	37	74
83	17	17	83	83	63
160	16	25	90	189	53
56	42	56	92	56	92
48	74	124	44	35	96
103	83	140	107	83	20
16	16	16	183	116	88
168	95	93	79	93	93
77	82	82	82	89	57
55	48	150	18	48	18
37	96	132	51	102	36
86	183	70	58	70	86
120	20	41	82	196	41
90	33	57	33	33	33
168	14	14	176	32	163
124	92	152	184	12	120
101	167	86	167	83	176
172	103	33	25	133	51
65	90	64	65	65	96
120	118	104	114	13	23
101	180	64	20	19	19
91	171	85	86	85	68
79	118	63	63	66	66
76	76	58	16	76	76
33	33	39	63	33	33
24	62	24	157	31	31
19	81	52	13	143	105
115	16	16	57	105	16
50	109	75	139	39	108
60	60	69	15	69	107
87	34	90	66	17	104
80	80	80	6	129	98
78	67	145	67	17	17
43	83	69	143	83	75
20	75	94	94	20	20
29	73	112	70	79	98
195	20	70	116	46	112
181	72	88	11	120	24
91	97	97	97	157	39
54	79	112	87	87	54
11	118	60	112	115	112
16	154	27	118	118	94
93	188	60	188	144	144
60	73	116	134	60	73
120	37	92	51	62	92
28	134	41	41	25	28
50	50	120	194	194	116
180	47	99	180	128	112
17	73	190	94	10	86
56	46	173	159	56	159
14	68	95	14	59	14
12	12	12	12	53	40
10	10	16	10	155	25
188	82	56	56	13	25
83	81	92	81	106	81
99	40	99	71	40	55
54	28	53	28	137	28
34	23	34	17	46	17
56	44	69	38	38	56
43	122	45	138	122	138
95	50	95	153	11	95
58	142	142	74	140	49
57	92	57	92	39	110
26	45	15	93	108	113
128	98	95	54	98	98
21	72	21	50	194	103
37	37	98	102	102	168
41	53	45	6	45	6
71	71	90	71	120	107
32	69	167	69	69	53
6	15	15	15	38	171
67	52	67	37	67	87
20	76	20	97	36	97
107	28	38	126	12	116
15	15	55	118	15	53
9	84	84	9	83	84
10	7	179	10	10	95
35	9	174	102	35	9
93	69	34	69	42	34
42	79	76	42	42	162
55	182	182	98	85	55
194	128	44	21	177	177
33	33	88	46	76	33
61	153	118	120	193	121
28	28	99	28	70	99
17	46	133	23	161	34
193	108	106	189	140	132
107	31	56	57	57	180
172	119	108	117	100	159
78	38	81	81	81	83
93	25	93	106	25	67
34	34	75	34	103	75
20	20	50	21	50	50
29	124	185	29	182	32
101	87	153	87	58	58
178	178	178	65	79	16
131	102	156	37	137	110
132	129	129	162	28	132
46	118	26	47	108	26
19	34	17	34	34	51
80	117	51	178	80	51
26	11	98	29	51	87
25	25	81	25	90	39
95	95	34	91	43	34
7	7	77	7	131	57
79	43	43	31	113	31
23	76	11	11	11	84
92	84	33	63	94	105
63	40	88	88	103	88
164	170	67	7	26	42
32	39	27	32	32	20
175	178	94	48	32	175
21	64	64	61	192	64
14	56	66	14	117	66
23	23	153	103	153	112
136	34	15	34	136	48
54	54	63	139	57	57
194	117	138	30	14	123
35	178	70	45	45	70
94	56	56	76	72	72
155	134	116	167	60	44
30	57	34	34	21	10
164	38	184	61	164	184
43	79	141	66	66	79
84	89	89	189	189	170
76	56	56	37	56	37
52	38	16	16	38	16
72	80	84	54	178	92
184	69	5	46	137	37
126	199	178	90	10	18
186	194	183	47	194	87
21	69	40	69	96	96
36	55	81	55	143	81
175	34	75	192	192	175
81	22	93	93	22	195
66	66	106	96	5	5
191	191	88	143	32	143
75	75	79	75	6	75
175	188	17	178	61	154
79	150	167	34	82	186
142	35	147	64	113	104
36	72	192	192	72	65
19	48	77	48	48	156
48	67	48	117	117	194
80	77	183	183	37	183
21	80	85	85	21	117
153	95	95	97	97	31
111	26	87	196	37	26
8	104	8	19	82	82
129	28	116	76	46	123
151	84	118	144	151	84
65	65	51	65	39	51
91	149	36	73	104	75
147	65	86	147	161	154
22	38	36	86	38	36
20	20	33	33	20	26
5	27	59	54	54	54
37	39	39	42	42	42
36	163	82	82	82	59
93	81	81	35	93	145
136	175	90	120	23	133
57	88	14	14	14	57
50	43	50	50	43	98
189	13	124	105	13	98
28	63	63	28	137	55
29	21	33	21	21	69
170	75	85	173	19	170
34	34	52	87	34	20
59	33	20	123	93	78
128	85	23	10	39	103
147	88	70	164	9	46
113	144	148	91	144	91
66	71	68	43	71	71
92	13	64	105	92	92
94	94	94	112	21	21
81	98	38	118	81	38
45	26	74	11	45	74
78	24	160	16	185	52
91	24	96	96	24	62
180	55	48	47	47	47
90	98	11	11	98	61
111	162	136	27	27	136
113	180	92	180	92	157
33	121	195	118	118	109
185	48	185	48	18	131
169	147	81	87	78	29
160	140	160	93	140	52
79	32	32	79	125	91
75	38	35	35	136	136
88	72	72	22	64	22
46	75	46	72	46	46
92	62	69	62	92	54
91	49	61	105	49	49
9	9	9	97	28	102
125	70	137	119	13	23
90	76	76	164	90	115
178	80	83	66	80	66
65	65	45	77	33	65
9	81	9	9	42	79
13	45	81	45	190	81
195	114	180	144	74	96
54	23	95	54	95	47
167	116	41	41	174	153
12	30	95	63	63	63
44	9	63	27	9	27
14	151	14	14	7	48
49	41	90	23	49	90
197	89	48	89	21	197
25	67	62	67	67	175
26	97	161	26	61	97
16	56	24	88	88	24
56	56	56	40	161	46
51	48	120	14	44	89
22	144	46	50	46	50
89	112	52	64	89	89
40	19	16	65	40	65
158	174	75	158	75	109
77	80	108	82	84	108
37	65	88	37	88	37
17	17	91	92	169	17
92	92	15	73	16	92
69	135	173	80	173	173
94	17	94	17	94	91
141	90	37	141	56	94
8	8	8	86	89	8
60	43	47	47	43	47
16	158	62	62	35	16
28	22	28	28	88	164
133	191	185	145	191	64
77	13	160	88	77	13
29	29	89	89	82	89
186	44	44	105	150	186
63	16	69	63	16	58
118	25	37	36	58	155
96	136	83	83	83	96
58	51	28	15	28	163
10	19	164	81	184	100
90	90	40	90	15	90
77	51	157	77	51	83
55	56	137	52	52	52
57	9	9	17	17	30
59	73	115	180	115	119
77	64	64	77	112	77
60	21	12	21	21	12
77	77	76	77	162	13
151	120	84	100	15	92
98	98	54	54	54	53
37	157	153	29	37	153
104	89	111	179	56	94
62	85	29	71	163	194
153	11	125	153	112	143
48	66	102	61	193	146
64	36	166	36	64	41
99	99	6	99	6	62
15	60	60	60	95	71
11	116	11	174	62	168
98	44	98	48	113	98
111	51	28	28	37	37
85	95	85	186	88	95
86	96	83	83	96	14
173	110	173	174	116	100
85	138	43	72	100	116
89	107	175	107	128	166
35	90	90	90	35	120
38	74	74	38	59	74
98	78	78	98	78	79
71	166	187	172	71	35
5	124	40	5	28	28
71	178	32	172	172	70
112	96	110	169	190	74
5	164	164	18	50	190
141	145	141	145	120	173
47	139	131	53	97	47
38	24	79	188	72	97
198	118	123	145	11	145
78	141	114	153	122	114
9	83	9	100	10	10
161	149	109	27	17	60
85	96	35	85	35	133
60	88	60	63	69	60
54	99	99	53	103	99
67	147	35	79	95	147
91	91	6	149	6	24
31	31	29	105	31	52
15	94	163	94	38	94
41	33	75	33	41	41
180	178	70	35	64	178
97	34	73	97	97	85
15	152	37	21	103	48
71	83	83	83	71	117
172	41	172	137	172	117
138	120	138	158	54	130
76	147	99	72	107	15
22	45	74	153	126	174
106	124	58	167	133	47
119	102	107	102	93	57
59	158	56	53	108	99
71	65	34	34	34	46
99	47	34	34	34	99
58	30	154	69	119	119
158	68	140	158	127	109
162	18	29	29	29	100
187	27	34	81	81	81
81	97	57	87	8	192
17	105	46	103	113	62
7	31	7	6	7	186
21	96	96	130	19	130
76	17	76	13	165	13
46	88	46	46	16	46
49	49	13	49	52	89
34	33	61	33	61	89
105	14	45	56	56	45
116	44	95	44	187	95
60	106	60	107	98	11
73	75	90	75	156	75
117	69	162	17	146	15
86	69	86	112	101	69
103	33	158	12	158	156
87	24	31	31	154	141
148	26	77	26	26	77
161	161	16	166	51	16
38	38	38	40	7	40
99	17	99	116	17	99
78	78	49	78	73	95
8	19	181	47	66	19
48	99	99	92	92	48
152	13	28	28	154	152
106	41	22	37	22	37
7	7	120	62	7	79
40	95	35	35	35	95
91	91	91	26	11	97
18	60	93	166	18	158
81	17	69	81	29	29
104	155	142	78	18	50
128	28	115	187	128	192
64	64	16	16	40	16
25	25	94	72	49	25
71	34	34	34	62	71
13	61	54	80	80	80
87	80	53	80	80	73
163	187	54	54	187	56
89	200	29	89	89	33
70	121	121	42	19	103
116	117	29	116	120	182
40	48	28	48	40	20
171	98	6	118	118	132
104	176	31	44	164	176
88	49	88	28	20	20
79	79	11	200	79	45
10	17	69	175	68	53
80	14	108	135	77	14
81	42	42	30	81	89
82	186	113	104	166	166
93	93	98	56	57	98
114	23	109	148	26	23
65	65	199	72	25	25
112	151	79	74	86	112
43	59	43	89	59	86
47	38	135	146	144	47
181	193	191	99	120	191
56	51	131	33	56	63
114	29	131	181	102	102
26	38	38	185	20	20
52	55	52	87	90	90
22	22	119	22	140	23
16	155	41	127	175	127
196	27	67	27	99	27
122	34	75	118	150	122
114	171	120	114	53	171
17	120	17	113	17	61
9	41	9	9	173	48
174	174	64	64	27	84
37	38	5	103	38	38
75	56	96	75	96	162
89	84	84	45	84	39
75	68	18	68	98	68
110	81	60	199	199	60
86	112	86	41	41	86
148	18	84	90	90	174
35	47	113	47	35	12
64	127	105	126	72	48
77	96	59	111	96	77
145	160	25	160	162	171
20	8	20	20	20	69
29	89	51	117	26	28
187	121	91	98	105	105
178	65	25	17	75	22
37	70	90	37	101	90
32	180	85	28	85	32
164	61	149	123	149	64
148	93	35	34	35	93
83	13	102	13	131	102
156	20	64	20	64	12
90	122	80	90	32	32
71	24	152	169	21	152
14	14	14	6	100	124
77	186	22	53	77	53
27	174	174	52	104	156
89	73	195	196	34	23
113	97	25	94	25	94
141	109	186	141	10	85
84	79	191	171	72	30
72	72	46	72	41	72
21	97	21	21	34	99
87	41	11	123	41	11
72	20	12	72	74	20
84	84	84	38	84	7
197	56	18	118	120	120
102	24	33	81	92	24
84	48	37	37	44	48
21	117	48	21	65	64
38	96	38	22	38	16
29	160	86	66	29	66
135	38	52	52	81	11
160	162	160	44	27	27
20	20	147	91	59	20
92	89	155	89	89	41
125	89	158	40	158	125
40	114	59	20	103	184
119	86	21	159	159	168
19	12	19	12	7	19
57	57	70	148	33	57
100	87	93	108	87	185
53	53	105	57	85	85
74	98	98	108	121	98
9	38	38	38	28	28
7	46	7	46	70	58
134	59	26	87	120	113
58	6	58	47	6	6
24	109	20	80	24	20
14	98	32	98	98	33
43	81	74	180	81	43
9	27	28	28	28	81
129	88	54	168	88	53
112	96	191	191	107	136
156	84	28	109	84	28
141	106	53	25	98	145
30	30	94	94	141	51
143	179	15	58	29	70
84	84	38	84	49	51
33	33	33	85	47	33
113	35	113	50	188	23
128	28	65	17	184	126
37	33	65	33	93	65
99	42	59	119	17	28
160	14	160	147	147	155
45	44	70	44	45	45
118	52	52	118	110	180
72	21	158	75	72	75
42	74	21	74	42	85
72	180	173	115	136	115
26	26	26	36	64	36
47	104	47	77	77	47
20	48	36	20	36	158
58	13	15	13	94	94
6	6	86	72	86	84
190	82	41	74	24	127
15	15	15	15	56	56
105	98	47	104	98	47
193	119	84	91	36	36
116	116	142	37	55	107
158	165	52	27	168	158
56	55	151	82	33	84
79	50	148	20	79	50
199	117	16	104	156	156
33	33	68	128	120	128
44	44	11	44	24	112
160	184	34	171	113	171
34	8	34	53	14	8
37	25	56	56	75	37
165	106	100	165	106	109
43	25	96	131	96	96
68	76	76	32	40	76
88	21	21	10	88	21
70	12	12	70	103	70
71	99	49	142	49	73
74	145	171	6	171	74
139	117	184	139	45	184
178	200	83	98	64	167
144	28	109	41	41	28
80	95	10	24	80	80
73	73	199	61	61	97
78	18	155	78	155	12
69	60	60	69	96	60
133	15	60	90	108	11
165	111	120	45	74	70
59	17	84	17	180	17
20	27	82	32	20	32
160	79	79	13	79	99
10	94	10	10	87	94
59	59	61	103	61	61
90	108	95	195	90	95
186	58	186	58	28	193
197	18	50	103	18	121
24	18	157	46	99	178
24	56	24	24	24	65
78	49	78	60	160	55
19	19	19	71	55	81
171	195	178	21	62	178
81	182	75	81	75	19
51	6	32	170	51	51
104	49	86	41	49	49
99	154	120	80	186	186
46	182	73	83	46	73
38	90	38	90	8	60
148	149	149	166	148	16
96	190	53	65	25	75
170	71	77	77	14	77
51	199	119	86	86	75
178	9	30	9	30	76
169	128	118	68	12	107
59	55	55	83	83	83
21	40	24	21	13	40
88	93	167	136	66	147
101	132	130	39	45	93
34	34	66	29	12	34
43	124	67	72	28	89
63	71	66	66	63	196
53	53	53	47	9	53
159	84	173	173	159	54
33	22	19	46	120	87
87	23	23	87	90	91
108	157	156	122	29	145
107	28	63	86	125	59
15	120	38	38	15	91
56	182	41	38	134	79
23	11	46	11	46	11
54	135	105	46	54	54
35	200	28	17	67	26
66	91	12	66	66	46
197	20	84	59	132	162
75	176	11	19	103	172
15	100	92	15	23	15
62	120	46	193	50	126
37	31	104	168	95	55
81	81	71	52	71	163
72	134	150	19	96	97
86	11	77	77	77	86
86	48	97	68	74	75
27	101	111	12	12	27
77	48	85	15	70	48
121	11	9	80	11	80
63	16	67	159	53	16
118	69	12	64	19	191
132	66	32	94	89	72
78	143	71	143	71	16
61	13	139	94	39	94
190	40	58	23	18	190
190	89	182	191	35	190
11	68	187	11	187	83
40	40	40	16	73	86
44	44	44	38	86	86
66	124	193	12	167	80
97	67	95	67	97	97
94	94	80	121	57	57
99	132	30	99	7	99
34	34	97	34	33	33
131	192	107	183	115	5
76	24	24	10	110	17
26	108	26	26	50	37
57	186	65	65	116	57
82	26	30	26	26	178
95	140	16	77	20	76
115	22	86	22	22	26
108	108	87	130	46	104
118	73	179	169	29	111
6	52	6	35	6	40
9	78	67	67	67	67
65	97	126	126	97	95
169	69	179	72	9	103
179	99	19	99	195	153
15	15	102	88	128	82
90	167	159	16	147	31
53	168	193	168	171	193
114	97	62	61	63	92
38	42	42	98	89	38
65	84	94	94	84	105
136	96	136	73	136	16
64	124	155	64	17	155
91	79	15	51	14	130
111	56	42	71	71	42
78	78	76	78	19	78
18	18	175	71	28	28
92	60	9	60	92	141
142	142	13	116	88	13
88	40	56	88	41	88
157	192	30	70	192	157
67	26	26	7	26	7
17	17	170	170	28	12
82	66	82	82	30	82
169	131	119	64	44	77
62	62	67	9	9	112
87	17	62	17	17	17
20	20	92	45	20	20
158	158	69	67	62	42
29	203	203	203	59	40
59	44	72	72	70	72
119	57	57	26	23	72
92	67	25	78	56	139
23	101	46	23	23	28
86	133	105	40	40	105
7	95	18	8	8	8
68	38	40	11	68	38
26	26	82	132	82	63
135	38	38	135	105	70
64	82	12	145	105	68
164	174	174	102	140	164
20	20	60	60	17	20
176	176	85	195	195	19
72	155	102	102	161	54
108	14	14	162	25	40
10	22	23	83	10	23
74	65	89	74	74	65
157	111	139	98	98	34
27	16	16	16	27	27
14	31	108	52	14	52
82	82	18	18	14	18
43	99	99	65	99	65
112	100	92	97	23	112
63	62	6	6	92	6
107	49	89	174	107	174
53	8	65	41	12	101
12	66	56	56	12	56
81	81	117	140	74	74
15	47	136	47	75	15
173	31	61	31	38	38
35	150	11	167	39	56
112	76	112	61	58	57
31	108	31	107	115	115
97	26	26	26	65	41
25	34	25	42	123	123
68	93	93	33	88	88
95	164	131	119	179	188
83	49	79	49	83	49
27	86	30	27	30	30
7	71	7	7	70	71
91	91	29	91	29	63
11	46	48	150	48	46
111	34	73	34	34	73
151	97	32	127	168	71
91	73	70	115	91	70
95	12	78	95	95	14
74	74	74	90	74	61
48	55	55	148	48	53
70	65	131	131	12	12
121	21	49	164	131	184
77	95	34	77	77	172
74	75	45	74	161	74
100	19	15	51	151	80
30	83	63	83	193	30
39	161	49	135	161	174
65	134	38	65	65	65
8	27	19	27	176	176
9	78	9	73	9	9
16	13	155	155	13	151
48	31	35	35	162	35
69	69	112	18	177	177
13	5	183	67	13	13
8	71	123	110	8	8
22	186	33	95	95	95
7	97	174	87	42	91
160	15	26	19	15	160
191	103	191	26	103	160
54	54	54	109	49	182
63	186	46	63	102	175
109	57	37	37	40	37
39	39	69	62	70	69
181	69	83	69	83	10
70	41	19	170	14	103
50	58	81	81	177	58
55	55	67	67	99	174
27	115	27	27	20	20
18	56	18	174	29	135
7	36	75	14	75	75
73	82	70	89	133	119
45	59	24	15	24	24
85	75	113	53	67	180
63	134	56	106	63	56
83	96	165	98	96	96
197	166	44	197	166	160
29	84	198	84	29	42
84	91	193	112	103	125
26	28	95	134	197	197
35	77	108	35	45	77
118	190	62	109	88	20
157	87	168	168	115	70
92	129	46	46	46	46
32	32	50	33	32	115
18	40	40	40	15	40
152	50	88	147	70	95
11	60	14	60	60	16
133	150	45	142	86	95
67	104	15	67	5	67
10	19	35	70	10	10
12	70	108	180	70	12
34	26	152	26	23	152
71	71	88	176	12	12
123	94	28	10	110	195
32	32	57	38	57	68
30	20	30	86	178	20
70	70	61	70	61	68
52	15	15	52	75	112
168	81	177	28	188	168
41	180	22	68	22	41
98	98	151	182	54	127
134	111	46	70	78	134
35	25	25	79	25	25
65	91	56	65	65	34
56	45	5	45	45	5
48	7	48	48	35	7
49	50	60	60	50	60
106	56	130	192	44	65
42	42	94	60	42	182
14	9	14	49	9	9
26	15	15	66	15	15
53	12	53	38	104	12
31	23	28	31	23	88
143	15	109	168	143	143
69	70	83	70	70	70
129	93	119	121	10	99
6	6	128	50	6	61
116	55	54	55	55	44
92	174	21	140	117	117
87	12	12	26	87	87
61	36	40	61	36	36
11	139	108	16	41	181
74	62	97	93	32	120
73	73	90	62	73	126
175	14	14	96	96	39
8	100	37	125	8	37
27	37	40	31	40	37
172	29	55	156	82	83
45	140	166	99	72	140
120	185	185	120	72	106
52	90	14	84	25	14
10	51	51	65	14	65
135	25	172	115	65	115
43	88	154	154	133	86
35	84	155	35	18	35
30	119	17	17	30	156
40	46	40	170	40	45
22	32	55	22	19	19
100	55	62	62	134	33
39	195	94	39	91	91
146	15	22	82	163	36
61	22	96	79	16	121
36	45	50	36	92	92
27	105	27	7	7	113
26	142	21	21	69	26
7	97	7	60	66	7
7	35	35	175	57	57
6	87	87	87	6	54
93	55	70	170	49	153
26	184	184	26	76	61
12	97	12	126	97	68
58	41	29	41	34	29
175	98	133	127	83	37
101	136	117	93	35	135
45	76	114	27	27	45
66	180	66	107	66	50
45	85	106	69	69	85
74	160	122	74	73	119
40	92	24	40	144	92
32	12	183	74	132	98
150	68	82	32	82	32
10	68	109	196	196	168
28	98	7	28	61	7
45	30	197	161	30	35
114	60	92	36	153	179
124	124	78	66	66	128
142	14	74	14	197	169
165	161	191	191	165	112
44	87	78	17	44	78
62	62	62	62	65	77
108	186	107	108	148	148
65	52	65	28	28	91
8	50	110	50	8	29
39	53	93	93	167	39
73	73	89	89	14	75
74	166	84	84	38	74
126	126	149	54	58	103
20	20	18	20	6	149
166	8	53	172	17	27
70	83	67	83	78	67
47	135	145	10	48	22
21	106	106	26	59	59
177	105	74	123	123	107
43	109	127	70	37	109
51	51	43	52	43	93
46	27	101	94	46	46
85	99	22	94	193	67
31	35	27	25	27	31
71	71	98	71	98	49
18	76	167	112	130	32
104	99	104	37	148	181
109	38	182	79	162	122
27	87	37	47	87	87
198	46	87	32	32	87
62	96	97	65	62	62
85	35	41	35	11	41
86	157	86	190	86	89
116	155	91	20	113	135
33	33	41	134	160	30
97	50	34	30	97	30
78	78	8	78	78	15
51	96	29	30	96	30
51	51	11	51	11	51
122	31	49	95	37	186
97	34	134	44	97	34
77	77	80	97	97	16
14	45	45	48	26	14
92	121	44	91	166	19
61	14	72	14	14	15
82	82	15	98	21	15
73	58	12	144	125	38
33	33	179	23	80	80
72	35	153	159	153	198
29	175	175	132	175	177
32	26	26	39	98	26
104	13	50	38	13	38
48	38	159	38	61	14
139	104	12	74	12	74
25	105	27	25	27	118
123	32	43	32	138	99
80	80	122	50	20	80
134	150	74	15	33	74
185	185	147	100	81	86
136	179	73	133	44	194
37	120	76	98	76	148
93	114	35	46	114	46
184	38	151	107	130	70
84	23	23	23	23	29
49	84	49	84	63	168
60	38	164	164	190	190
65	65	35	178	67	82
38	38	57	87	38	77
176	7	31	96	129	197
96	96	33	33	84	128
71	42	147	117	64	68
27	27	27	94	51	98
96	89	96	75	96	89
65	110	156	159	90	90
44	91	44	91	91	56
32	79	32	79	32	17
85	87	87	37	85	115
120	69	163	124	163	71
64	118	64	137	64	60
11	66	41	110	62	11
46	197	49	58	93	46
92	8	92	92	107	8
184	149	44	45	88	184
80	63	36	36	34	63
70	67	29	67	67	99
68	68	68	62	70	68
85	76	55	85	85	85
115	56	105	70	56	56
118	97	87	80	46	50
63	192	192	84	70	36
79	16	64	26	64	26
5	20	82	5	188	5
168	119	105	99	122	96
106	36	181	164	92	119
196	88	93	193	102	65
42	42	184	42	48	58
82	56	66	58	66	56
117	38	38	51	38	51
13	72	72	72	72	13
43	90	139	139	114	104
52	34	9	55	34	55
60	60	89	68	89	60
156	37	74	37	82	82
172	185	48	180	160	180
81	152	90	90	8	81
69	10	7	92	69	7
194	179	179	134	103	134
69	6	102	6	23	6
102	131	27	17	151	120
50	77	144	93	47	47
42	23	23	116	42	39
39	18	76	64	18	64
6	174	78	78	63	6
44	194	36	20	36	36
5	59	27	42	146	79
22	68	147	45	121	47
111	179	19	47	19	179
56	52	7	157	56	52
79	92	31	71	165	75
120	67	81	67	80	67
12	7	79	12	12	12
22	56	6	87	87	87
20	109	15	10	15	10
46	50	88	88	88	46
26	27	26	78	84	27
77	11	87	135	80	87
9	92	92	31	27	92
11	130	164	130	147	41
186	123	6	145	106	109
15	46	15	80	15	15
18	41	31	41	41	31
10	70	85	10	10	10
85	24	93	10	85	10
80	56	80	80	80	37
36	14	118	20	14	36
92	76	200	195	47	200
115	88	52	67	154	96
95	196	102	61	95	116
62	27	60	102	95	68
82	170	86	20	119	156
116	106	98	108	155	87
58	178	69	87	58	58
200	19	23	21	19	21
39	75	75	39	61	196
178	184	13	94	178	13
50	192	192	102	112	114
24	47	109	72	72	24
168	135	92	61	21	178
89	54	74	92	92	74
82	6	6	85	40	6
55	70	114	65	165	89
44	15	52	139	155	15
165	176	85	176	169	88
30	53	179	55	107	122
45	84	56	178	44	48
65	80	85	65	69	85
97	177	34	41	200	41
117	45	90	90	90	12
48	153	49	10	10	10
75	97	75	58	174	75
103	190	175	102	78	136
197	33	14	33	33	63
143	68	176	167	167	143
45	141	86	86	5	86
33	130	45	33	101	45
114	8	26	119	26	26
162	162	104	135	135	36
145	10	81	71	102	145
120	57	182	82	167	154
118	51	51	84	84	44
193	81	73	193	81	159
77	46	79	46	46	80
34	34	34	176	50	99
48	59	59	90	90	59
178	111	38	200	111	178
18	20	183	183	89	180
165	167	100	40	100	104
76	51	76	76	47	24
63	69	54	54	11	69
125	186	26	48	96	48
85	30	30	85	30	77
200	29	114	117	147	17
92	160	192	192	26	26
14	53	53	53	50	53
92	92	50	92	29	91
75	77	117	75	77	111
86	113	73	129	149	189
66	54	54	193	57	183
158	34	80	158	80	171
6	86	70	141	87	195
104	98	63	63	116	116
12	17	91	119	94	76
200	71	164	22	113	158
75	99	72	72	34	72
22	136	22	98	99	98
86	50	135	111	146	157
88	91	120	172	91	91
127	77	70	90	66	77
37	79	79	74	74	74
37	15	172	111	15	59
137	75	137	75	13	55
33	108	93	33	108	114
57	85	127	94	57	57
174	194	34	189	198	189
6	85	6	6	20	85
15	112	45	45	45	71
16	188	7	91	7	91
60	75	72	72	184	60
50	91	192	105	46	82
44	34	120	12	12	34
167	122	122	67	125	98
41	92	66	156	92	92
31	31	131	172	107	19
58	81	81	57	114	57
88	148	172	59	65	126
97	30	36	95	36	95
151	163	80	157	140	59
27	112	165	119	140	165
62	62	32	49	17	49
152	84	194	84	139	102
26	73	59	26	26	26
199	189	93	11	93	199
45	5	5	150	5	90
76	141	89	76	75	75
154	86	90	44	154	90
17	65	17	65	67	65
69	69	65	69	98	69
25	25	88	88	100	163
40	78	54	28	40	40
44	18	145	51	168	90
79	6	72	166	85	162
97	25	44	81	81	97
169	19	6	71	19	19
122	167	82	9	64	82
189	38	72	189	59	59
53	45	45	122	45	59
29	7	72	29	66	72
37	135	34	77	120	118
185	185	150	35	185	30
109	89	10	10	89	163
102	13	76	51	119	90
101	74	16	16	85	85
89	84	84	84	84	109
41	116	173	152	32	138
78	78	24	24	100	78
106	97	172	103	106	34
180	28	200	200	107	180
172	39	91	39	91	39
117	42	99	81	99	117
159	33	175	194	194	175
61	120	67	61	97	67
17	7	17	19	19	193
78	18	28	78	78	18
86	86	155	86	100	14
56	192	43	49	49	56
86	167	86	60	6	60
110	195	25	10	110	195
66	66	34	34	34	41
115	117	143	103	34	117
8	64	86	91	86	86
98	40	147	184	194	77
14	8	45	45	14	14
45	70	69	70	70	74
33	33	33	40	75	33
91	91	6	68	6	80
12	25	12	60	25	56
105	19	43	187	63	107
68	50	11	68	11	142
79	32	81	21	32	81
73	30	167	55	30	73
43	82	26	11	139	19
33	58	58	33	35	200
137	100	113	68	150	80
88	19	160	88	114	88
165	142	142	13	160	160
50	157	194	75	118	75
122	57	108	108	92	10
130	75	183	173	124	16
94	45	94	45	77	94
113	10	106	185	160	138
143	143	48	149	83	106
94	125	145	67	118	191
49	155	20	62	20	28
120	131	134	152	193	59
52	102	185	25	185	102
17	93	48	48	48	53
45	125	119	45	52	45
43	71	78	34	78	103
20	33	33	62	150	62
100	78	15	196	114	100
29	111	125	53	29	111
27	78	68	78	78	78
58	39	58	58	68	58
65	53	44	68	161	137
117	28	15	28	61	61
95	76	35	35	41	41
43	13	98	27	98	43
131	31	121	36	121	113
75	48	43	170	75	48
75	52	89	184	77	90
116	25	25	91	91	35
19	82	40	19	34	40
36	76	33	156	36	76
28	28	81	28	24	28
53	123	85	13	53	13
74	74	80	74	74	40
155	44	44	93	93	52
87	87	87	29	100	125
111	64	64	86	86	64
63	96	27	96	96	91
132	86	86	86	64	25
88	96	124	124	96	37
189	38	38	38	83	59
86	56	181	134	105	142
200	44	32	70	161	35
55	43	55	142	43	115
65	53	170	161	43	113
81	49	63	102	49	49
68	44	44	68	119	68
14	63	14	84	84	84
91	91	67	91	141	22
73	84	84	120	44	73
121	188	121	142	29	142
29	129	29	140	48	97
70	24	163	70	57	70
17	56	17	31	149	200
87	78	171	53	53	67
78	109	21	78	34	78
125	78	29	72	123	112
50	166	120	17	59	175
51	11	11	115	188	11
112	48	46	46	60	48
172	84	42	42	88	88
24	87	24	196	87	103
103	56	6	15	6	56
134	63	40	53	63	53
58	20	84	84	20	163
139	146	26	159	95	192
52	46	46	46	52	78
120	50	103	66	123	139
70	50	54	135	54	152
31	31	16	58	47	16
171	97	56	56	7	7
186	24	198	103	198	188
67	6	46	116	67	138
27	70	70	70	27	109
26	27	97	131	27	26
51	200	95	76	11	59
69	43	28	69	69	28
165	189	54	116	15	189
181	162	29	191	38	61
94	37	94	55	37	149
64	66	189	64	64	64
40	34	81	109	34	40
144	144	106	119	144	188
15	200	96	33	96	96
170	179	78	170	90	179
30	30	30	60	21	21
18	98	98	32	43	32
154	68	66	155	155	154
186	67	43	86	186	86
87	87	63	56	110	56
191	136	76	50	59	167
48	64	36	36	48	15
44	93	55	111	93	156
128	91	128	186	196	196
90	30	50	50	50	88
20	20	20	98	47	164
94	13	13	95	95	95
191	154	193	150	85	103
108	169	135	125	52	147
55	55	55	75	84	55
89	185	185	19	183	19
44	44	71	117	10	10
94	94	19	129	19	77
82	7	45	7	82	55
79	21	56	16	57	104
115	155	200	43	33	14
81	75	81	81	153	48
93	57	100	93	93	57
38	38	21	21	190	106
140	56	176	9	56	140
77	98	143	106	106	98
47	92	47	82	92	57
179	112	179	132	87	44
159	159	22	22	102	90
75	88	75	88	75	114
34	34	75	197	75	28
92	154	92	75	75	28
25	151	74	25	74	9
48	48	54	30	30	37
81	96	81	71	90	71
16	64	172	199	103	16
180	17	57	194	157	158
108	112	161	161	24	158
188	36	36	12	188	188
150	28	150	199	150	150
182	29	117	144	91	12
33	74	6	33	6	33
194	60	132	112	47	117
114	53	32	53	179	31
122	171	80	56	191	31
72	173	55	91	45	141
78	16	16	78	68	23
90	90	90	90	39	52
76	95	17	76	17	119
79	79	38	38	46	38
144	94	92	10	151	155
43	24	125	43	43	66
117	96	15	117	94	96
63	10	49	63	49	27
21	21	76	33	21	21
12	41	175	41	41	32
58	70	39	58	58	58
110	20	89	147	198	147
9	83	83	52	66	52
96	127	122	44	190	97
33	33	33	36	30	184
49	122	138	96	112	158
114	145	114	116	88	25
28	27	70	32	28	70
11	23	139	10	162	36
23	23	80	22	80	6
15	94	15	45	41	15
92	12	92	58	92	42
43	192	117	183	95	167
60	77	146	35	125	28
137	85	32	23	32	32
49	43	20	164	187	100
24	24	117	66	24	66
78	78	78	7	78	22
88	56	88	31	143	88
81	75	112	81	75	72
7	49	41	41	7	144
27	27	27	84	10	27
89	178	89	134	178	112
188	79	82	166	150	188
74	81	152	22	22	74
163	7	24	7	81	24
79	125	80	80	169	142
80	52	22	73	73	22
33	94	33	118	151	94
39	165	152	165	128	152
19	111	191	19	118	191
51	20	114	20	39	51
13	75	167	75	13	115
81	79	79	79	23	79
109	37	122	47	80	168
152	107	174	33	75	105
53	12	31	12	95	12
29	148	29	79	29	61
28	133	22	116	64	61
97	94	92	92	8	97
115	120	115	9	132	186
97	142	110	66	84	169
95	19	18	18	53	18
125	197	146	166	108	125
37	49	37	176	44	44
76	76	45	76	77	76
81	32	14	126	32	126
128	38	188	128	93	107
132	48	120	79	13	48
46	150	44	25	178	39
36	36	29	169	63	169
55	34	55	36	168	17
77	84	77	177	77	41
97	75	75	131	107	182
26	56	190	155	155	195
177	127	196	191	34	57
93	34	74	34	51	51
18	67	18	18	13	168
30	30	83	126	30	26
192	109	19	43	18	165
56	74	70	74	74	74
175	27	27	27	29	29
145	99	25	151	151	24
103	119	119	142	9	103
60	60	48	166	78	48
111	111	186	36	10	186
189	29	131	189	189	79
45	153	176	45	108	153
7	7	83	83	7	9
46	59	87	46	46	41
124	44	44	31	85	31
86	63	86	64	86	38
45	45	45	10	37	41
93	199	93	13	93	118
109	55	92	55	74	30
87	38	38	134	45	87
126	47	68	47	106	68
28	64	44	84	34	64
42	42	90	31	31	31
67	69	76	69	76	112
73	50	105	50	168	99
140	49	49	132	25	96
83	173	105	26	105	173
52	179	103	173	101	78
14	82	69	69	25	14
136	109	136	189	137	115
49	184	39	29	39	39
48	42	42	42	42	62
41	75	159	104	20	41
29	39	39	66	39	75
7	26	39	99	99	99
14	103	16	14	14	13
101	101	140	168	88	168
173	59	53	163	59	163
159	72	72	21	21	52
17	74	17	5	163	5
56	90	109	138	82	96
39	39	160	6	6	112
80	183	54	191	110	163
43	119	61	7	61	7
5	56	56	113	5	130
50	5	40	50	50	5
128	32	128	32	76	161
94	21	40	94	94	26
10	10	10	58	41	10
76	164	89	76	94	89
94	14	16	16	16	101
78	50	54	54	111	78
82	65	34	65	65	34
124	17	57	65	191	22
168	57	77	15	15	57
11	163	114	109	130	111
10	71	71	54	71	71
79	11	11	53	149	53
81	79	81	70	9	79
43	95	71	123	45	48
89	63	69	89	89	63
57	12	12	15	12	186
63	8	108	67	63	67
53	53	109	77	82	196
68	55	55	68	191	73
59	131	113	150	97	71
59	137	56	56	48	48
141	43	79	150	43	150
84	190	29	31	51	188
10	53	33	41	41	33
94	31	94	31	31	80
9	19	9	26	113	26
151	184	188	198	172	80
181	52	52	52	131	8
67	151	176	103	167	23
65	24	19	24	24	60
100	87	75	75	87	70
110	184	184	56	110	189
154	114	20	94	166	94
85	28	31	31	32	32
96	133	104	133	35	103
104	104	163	163	110	102
19	197	49	19	49	93
31	98	61	10	10	98
97	203	25	178	203	203
81	180	112	81	36	36
60	132	48	44	60	48
59	26	25	23	56	111
92	23	38	66	166	66
163	46	84	20	46	84
114	55	144	115	144	114
171	69	66	55	49	171
197	192	192	44	102	44
72	17	17	72	17	88
56	77	77	56	184	85
48	136	97	12	55	27
12	29	12	11	12	12
154	135	113	9	113	135
130	63	12	12	67	63
66	83	45	45	45	108
53	89	42	53	89	134
82	11	74	11	74	11
69	9	106	43	69	9
95	73	144	73	73	59
98	29	99	46	29	129
173	30	30	30	116	44
33	72	117	58	161	194
5	24	62	29	24	5
40	6	38	38	113	29
81	52	158	66	52	81
34	168	9	28	156	76
91	113	9	91	9	97
99	99	84	99	84	83
66	95	95	16	140	184
19	26	189	26	46	46
48	29	29	138	95	95
191	12	57	82	146	171
70	80	70	80	70	53
186	81	81	77	84	84
56	62	118	84	84	118
29	29	29	54	70	160
92	70	69	69	70	70
30	30	34	71	34	99
97	9	23	61	97	75
84	5	131	84	101	5
54	70	160	67	67	70
35	77	35	81	35	29
98	38	168	98	98	53
30	48	194	194	16	43
37	37	198	198	106	178
183	44	25	48	200	189
146	192	184	51	43	11
72	31	51	72	31	110
61	57	61	61	61	71
97	88	47	47	47	88
109	164	129	164	173	129
94	114	194	199	115	115
15	70	103	98	168	29
70	15	95	70	70	95
191	158	158	9	191	175
24	33	57	27	27	57
140	64	92	140	42	42
124	94	122	78	124	103
39	78	60	160	121	160
72	198	20	72	198	47
167	131	156	138	96	167
28	8	29	28	173	29
39	90	39	90	90	35
65	183	65	20	20	65
111	55	54	54	170	54
6	37	15	110	6	37
162	39	30	159	76	196
38	14	38	16	37	16
84	37	76	17	76	17
88	17	197	159	189	67
12	157	101	73	12	12
37	74	94	37	74	32
43	66	43	193	66	100
77	77	174	77	16	104
195	20	12	117	145	35
83	107	53	53	83	69
76	69	69	101	113	76
70	97	36	66	66	66
70	65	65	70	81	65
191	186	186	10	191	29
81	50	50	155	98	194
43	92	146	149	42	141
25	25	129	92	75	25
17	73	134	73	181	62
186	41	178	38	59	200
80	36	80	80	80	41
126	199	126	65	108	65
27	12	129	152	88	199
66	31	21	31	170	170
16	83	16	83	191	65
91	91	91	55	55	105
89	89	89	42	89	89
141	25	140	140	166	166
199	54	165	171	50	100
195	28	134	76	165	195
59	30	70	70	59	59
87	60	24	98	166	128
18	75	97	97	97	18
112	119	47	112	45	89
12	70	70	70	12	70
198	96	151	151	172	93
58	58	51	58	58	85
110	74	74	39	74	39
34	66	66	31	31	96
12	79	40	79	79	79
146	41	86	88	32	41
21	107	21	149	107	83
165	85	189	115	165	115
197	125	165	62	165	197
5	98	5	20	5	5
167	67	171	176	10	105
148	119	122	133	74	119
50	166	170	86	172	188
22	66	71	71	22	91
194	37	110	120	67	12
173	26	133	94	43	145
64	64	52	34	72	52
41	42	41	41	91	42
75	136	136	16	117	75
109	29	83	78	29	83
53	59	53	71	71	53
173	173	173	87	86	171
100	99	9	9	99	99
198	84	29	84	58	58
104	79	79	104	35	31
10	88	10	10	82	10
31	61	99	61	99	11
62	27	27	27	27	196
52	36	77	77	36	90
36	149	32	104	126	48
18	71	64	43	71	103
131	188	74	140	141	21
68	187	111	93	76	58
12	61	74	79	79	74
45	83	83	113	109	83
75	90	28	141	75	90
77	82	22	53	61	192
105	132	58	132	58	105
107	58	46	22	171	72
29	29	119	196	109	69
31	38	38	38	38	51
157	68	35	126	41	68
15	54	91	133	15	91
96	42	35	35	128	96
23	41	87	87	78	87
8	68	106	55	191	68
85	178	158	43	158	85
44	32	32	21	32	32
22	43	55	61	43	22
75	14	33	180	136	178
105	59	93	59	94	55
54	47	157	115	79	47
112	12	39	43	43	119
70	70	44	193	70	58
93	88	93	90	78	78
107	43	86	43	107	120
12	86	88	97	125	94
70	97	123	22	196	100
183	8	66	164	156	160
103	55	54	128	189	40
93	70	54	53	54	184
44	80	44	103	80	44
116	90	90	115	90	6
168	166	91	129	97	181
124	110	30	124	24	144
50	8	8	139	95	8
55	33	40	105	40	40
29	27	145	27	29	110
94	16	16	32	94	83
173	185	50	198	185	113
78	52	52	105	52	78
95	177	49	49	49	27
86	25	7	86	150	86
25	100	21	21	15	25
80	43	43	133	128	133
124	95	75	95	75	53
31	97	16	31	71	16
71	63	87	63	200	87
145	99	116	78	117	145
30	30	5	14	30	92
44	23	44	40	95	40
43	53	16	38	120	38
20	173	91	35	189	68
88	92	61	88	88	92
173	191	81	89	51	34
86	86	27	82	76	27
9	9	17	9	60	9
196	200	200	143	34	187
37	12	196	146	197	184
59	122	189	85	58	17
90	174	58	109	119	119
152	120	148	152	148	107
118	84	9	84	11	118
33	33	57	158	86	86
88	142	31	130	53	130
88	88	88	88	92	141
112	125	125	36	166	121
78	148	197	25	157	85
137	105	67	38	74	121
49	97	95	95	49	130
44	95	24	167	54	182
194	117	59	170	98	165
93	16	12	187	98	35
64	64	12	46	14	64
126	93	80	131	93	104
63	63	63	59	42	63
151	21	189	189	95	54
136	199	110	199	67	173
56	50	40	189	40	50
6	47	107	47	166	47
23	44	69	23	69	25
74	74	74	58	74	63
112	117	45	153	62	121
34	69	69	86	150	34
98	98	92	92	56	177
77	77	77	77	89	35
50	50	35	141	50	38
76	164	13	76	117	164
21	90	78	109	22	90
25	140	142	142	199	140
84	94	94	11	62	11
147	31	88	69	151	69
30	35	35	91	35	45
43	46	43	46	58	94
49	145	88	121	98	57
84	84	47	93	157	157
43	12	141	135	93	41
157	128	107	13	26	113
54	75	24	79	19	18
39	32	58	93	58	32
195	40	52	195	48	40
19	39	126	44	126	19
97	13	77	199	97	140
10	167	9	9	28	10
134	55	192	108	178	134
20	20	20	12	12	58
195	187	153	195	23	115
53	44	134	186	200	10
36	77	77	77	38	77
165	115	165	31	84	172
80	29	80	85	85	85
194	83	109	83	17	83
29	173	29	90	12	133
166	52	117	166	102	117
43	68	43	144	68	105
11	116	23	128	186	65
97	9	9	97	167	52
144	144	95	126	19	181
27	7	7	47	27	49
135	58	135	128	184	190
44	30	22	44	78	81
55	110	62	62	62	55
27	27	59	197	197	28
46	46	87	87	51	87
97	176	80	80	97	9
5	35	69	118	5	35
56	105	47	84	84	47
15	79	68	15	15	79
70	188	63	103	70	18
91	66	155	50	51	155
82	96	37	37	82	192
109	19	60	185	62	60
94	175	52	159	74	89
70	86	70	70	86	17
81	9	76	81	76	175
76	34	34	34	80	34
55	45	18	45	55	72
113	38	138	76	199	50
41	113	175	130	41	41
17	151	89	142	179	17
97	43	199	97	89	43
48	141	141	64	48	200
27	58	87	10	27	58
72	15	73	73	61	73
71	71	55	71	88	71
5	5	5	31	5	27
46	11	11	113	46	23
186	49	119	26	115	26
76	129	84	76	132	45
9	179	43	124	180	124
68	68	113	57	91	68
158	38	51	158	45	92
149	101	149	138	101	78
88	92	50	92	52	52
136	198	184	36	41	33
108	53	53	34	27	53
117	168	91	93	117	91
69	23	23	102	69	87
161	184	39	164	195	68
59	98	105	59	194	59
65	44	65	57	65	117
121	140	115	115	117	177
66	32	32	17	32	180
50	74	108	85	72	108
60	60	87	60	76	77
21	118	30	21	9	9
81	81	168	81	18	62
59	19	42	19	19	42
41	36	20	141	197	102
16	18	98	60	60	18
9	46	61	94	61	61
111	108	143	151	35	66
125	98	47	6	112	149
113	192	60	199	58	80
124	24	24	43	43	42
79	37	37	43	25	111
71	69	194	96	114	53
197	18	192	115	78	198
126	126	135	135	51	102
84	57	57	57	57	78
94	60	16	16	16	94
47	190	25	22	22	25
96	132	42	38	96	42
123	32	90	182	115	149
90	78	90	124	16	78
24	26	26	42	53	24
37	86	78	147	103	46
47	52	86	168	86	52
95	15	59	160	151	95
31	53	31	49	31	117
19	134	92	134	169	169
106	37	37	39	160	37
59	37	37	45	36	182
99	5	187	65	99	65
151	43	52	151	104	43
8	8	106	8	5	91
102	63	179	134	134	174
65	94	94	198	65	11
88	36	182	73	36	182
116	83	83	191	116	48
22	91	12	130	18	102
85	91	87	24	24	85
87	54	73	54	54	87
41	58	58	41	91	174
60	56	12	16	16	12
32	45	32	16	32	27
41	52	52	41	52	52
70	109	100	109	164	133
55	55	81	88	143	100
26	104	98	12	191	155
55	38	131	38	51	55
77	59	108	46	103	199
24	51	172	24	35	24
125	200	133	124	200	96
130	93	133	49	115	28
149	179	22	165	165	31
191	86	91	91	36	36
40	120	191	169	147	18
91	99	144	26	71	144
81	19	192	91	81	91
180	25	126	137	21	110
165	147	97	49	91	147
89	95	28	95	89	95
54	22	45	134	45	45
38	14	44	38	71	44
35	35	90	47	35	75
61	55	55	38	13	38
98	23	23	98	62	125
13	40	41	71	13	71
33	109	56	33	172	33
27	94	60	60	94	145
69	182	14	182	40	55
68	22	65	65	68	68
33	182	195	78	33	195
122	165	115	37	78	39
51	74	65	64	115	74
42	109	82	109	133	133
32	7	32	23	32	23
63	10	95	44	44	44
152	152	124	104	28	124
81	46	93	93	119	93
69	10	70	10	91	69
191	177	177	165	165	33
76	62	76	14	66	66
175	30	79	42	30	79
26	16	22	22	94	94
71	120	188	102	51	59
77	133	31	164	100	62
140	132	78	132	179	140
169	87	138	129	33	109
88	184	117	194	139	65
126	137	71	98	70	190
195	84	101	100	73	178
144	80	82	82	125	63
196	117	49	51	196	49
88	94	88	88	46	94
72	80	192	87	76	12
64	42	64	64	42	62
37	70	13	37	36	53
59	16	99	16	99	16
85	85	85	84	18	18
153	97	50	173	87	153
7	7	27	30	27	7
164	188	164	23	101	112
175	187	106	77	112	55
117	33	113	112	17	18
74	8	71	63	63	63
34	34	29	29	41	35
49	49	45	49	111	41
15	8	47	47	11	47
61	82	90	122	7	82
76	31	50	31	31	31
71	84	84	6	84	75
23	23	21	57	106	80
87	20	20	196	157	199
56	32	63	63	149	63
39	123	88	15	71	10
99	22	55	68	72	112
169	109	169	49	83	83
166	91	91	153	85	166
68	41	68	68	68	87
49	69	69	187	71	49
157	78	57	44	78	57
22	13	22	67	67	22
54	58	78	22	22	58
28	28	115	17	63	17
75	156	53	75	98	98
36	19	77	108	36	77
30	98	176	143	46	160
197	67	36	34	34	36
10	14	14	14	83	150
69	86	69	69	104	120
144	29	92	75	108	104
49	47	49	47	49	46
114	152	114	177	177	19
10	71	60	10	10	127
20	36	61	61	61	20
15	9	25	25	25	25
185	87	83	163	91	163
20	79	183	183	61	77
9	40	32	9	9	46
179	94	184	48	47	42
19	53	53	75	54	75
173	89	40	40	62	129
120	60	81	167	153	26
18	191	25	72	21	141
57	29	122	64	129	64
36	73	36	73	69	199
74	55	194	34	73	89
35	35	150	72	47	35
132	74	114	193	113	108
39	195	51	101	101	39
18	18	18	18	5	74
51	75	51	102	29	99
69	48	69	48	139	16
58	47	58	45	47	47
89	98	8	191	82	167
50	64	95	15	95	72
126	97	102	178	137	178
119	127	39	127	176	81
93	82	82	190	97	19
73	118	69	137	73	118
78	135	173	166	69	125
149	20	105	125	174	149
20	24	49	95	49	49
149	118	11	11	40	56
104	98	58	28	83	104
74	114	170	74	114	19
32	37	37	37	58	180
25	174	197	51	66	137
181	82	108	181	150	150
42	42	103	5	42	24
46	13	141	60	60	13
90	90	137	29	137	171
79	103	84	79	39	79
119	44	101	163	185	153
36	34	34	34	166	28
58	160	65	58	65	91
12	33	69	33	89	33
121	106	81	39	79	39
95	95	24	34	112	34
18	27	24	194	18	18
95	37	6	37	6	152
49	55	93	130	175	119
57	45	45	57	73	57
54	54	43	105	54	157
86	74	74	62	74	62
79	31	59	79	79	175
61	194	108	192	194	61
63	51	103	118	63	51
15	51	51	51	169	111
97	12	140	97	12	69
53	47	84	84	84	47
74	163	163	18	149	74
116	76	76	69	24	114
22	22	49	200	65	65
5	7	90	79	90	5
27	85	187	113	148	50
75	98	118	17	60	119
99	99	57	47	56	56
47	57	37	59	47	47
76	76	40	40	65	40
37	66	37	50	37	50
83	111	83	83	173	49
81	91	91	41	53	53
66	47	142	142	14	14
23	74	38	74	38	44
56	178	22	97	71	88
54	134	32	113	40	113
40	46	114	27	40	46
152	54	12	12	93	54
55	35	35	55	78	35
98	90	105	112	103	48
26	98	26	26	40	40
39	17	17	83	11	11
84	182	67	84	8	67
161	28	60	77	177	28
99	21	75	75	99	95
72	72	72	72	37	38
95	161	167	13	46	123
94	28	94	108	181	28
39	39	39	9	157	68
74	76	85	76	94	76
61	84	173	75	75	81
102	172	119	119	172	108
181	181	99	85	92	92
169	51	53	51	169	12
31	48	21	89	89	89
81	98	172	43	109	66
85	67	31	85	31	58
78	181	99	78	185	185
62	105	112	112	112	83
5	68	5	5	5	61
196	60	95	164	56	77
9	65	127	158	74	42
114	184	77	97	184	75
115	134	37	111	180	160
124	136	167	39	167	136
34	67	67	165	34	98
94	37	36	76	36	76
8	8	115	22	8	80
79	102	18	59	66	155
93	96	188	100	96	106
53	69	61	128	69	184
53	20	20	20	20	173
85	85	54	54	109	85
28	28	28	82	39	39
36	33	116	36	82	97
13	12	94	13	12	71
25	105	53	177	13	63
113	52	52	138	135	135
5	93	47	61	47	47
192	192	125	179	104	121
86	128	182	128	129	182
68	33	84	68	33	76
45	75	130	28	75	45
144	161	135	75	16	11
77	40	71	40	77	104
58	39	24	58	58	58
98	93	74	46	98	98
42	70	105	70	42	56
44	114	115	134	90	134
98	98	197	197	5	80
40	132	31	11	31	11
28	25	8	25	8	89
84	13	139	36	90	186
54	54	54	99	126	93
85	75	75	32	85	75
165	54	27	27	27	58
48	60	76	151	60	48
82	83	31	31	91	91
164	163	112	119	31	80
26	9	164	176	81	77
65	94	145	94	145	17
20	60	20	85	200	85
33	102	179	18	18	75
48	30	83	82	100	103
6	6	6	38	53	27
89	73	41	73	73	73
56	21	56	56	87	56
89	78	89	53	89	89
67	117	46	46	67	67
84	84	84	84	12	50
20	20	35	73	73	20
102	92	129	59	59	92
33	56	84	84	81	84
114	27	96	65	27	65
165	180	83	170	180	46
30	52	102	173	46	46
138	47	102	91	134	142
150	66	97	39	102	66
47	47	103	55	57	47
98	76	96	24	125	31
114	83	83	75	90	75
21	40	104	21	40	35
62	62	73	62	22	100
77	77	77	5	70	5
119	13	197	115	120	39
110	68	56	30	57	11
115	141	151	11	115	151
81	49	81	81	66	81
45	135	45	170	113	163
17	31	17	68	68	76
62	62	17	62	76	76
103	108	103	15	29	49
118	58	184	81	53	79
142	122	107	25	106	35
17	181	25	17	36	17
93	21	150	72	126	127
88	172	50	198	92	180
6	62	78	78	6	78
22	34	18	31	75	103
132	116	169	37	118	199
40	70	70	40	70	39
35	150	30	30	42	140
100	64	171	100	116	193
77	65	170	77	189	170
108	93	93	93	61	95
189	59	66	58	76	69
60	47	47	47	61	47
74	6	74	74	16	6
133	164	164	54	120	12
11	126	24	11	62	62
66	144	89	63	89	144
118	8	30	49	8	8
66	10	119	10	53	53
53	47	47	47	74	47
56	30	30	48	30	48
76	65	17	156	170	156
63	5	63	66	63	66
113	37	10	37	37	110
197	152	135	112	30	135
55	5	55	55	11	55
73	48	95	26	26	48
145	55	102	81	68	59
50	50	77	77	72	65
29	186	186	149	117	94
74	71	74	88	74	74
60	20	64	60	60	60
154	15	123	200	17	184
21	69	105	151	29	167
85	89	41	66	66	66
30	17	88	30	30	54
36	36	73	184	64	36
61	97	101	67	67	67
26	86	46	49	49	86
44	46	46	191	18	97
33	36	36	36	20	12
145	54	108	89	108	13
132	161	33	179	169	172
98	200	200	72	120	52
27	111	82	71	159	111
33	27	85	33	33	33
147	53	12	53	53	44
77	47	57	52	77	57
21	10	119	146	21	16
54	23	118	185	23	118
180	55	127	36	170	37
43	119	168	24	28	24
200	200	135	73	10	73
85	85	53	19	159	85
26	75	26	75	75	75
91	69	91	69	69	73
9	9	9	100	9	8
171	183	119	198	146	39
129	27	47	47	63	129
36	75	14	150	36	14
83	30	41	80	80	80
11	52	52	52	91	174
191	103	188	112	48	23
11	97	89	84	68	75
21	21	13	32	21	21
159	33	30	102	34	114
52	78	22	84	22	84
43	82	98	175	82	43
88	83	15	83	106	88
60	164	141	164	141	80
33	82	34	33	34	198
18	58	50	50	18	18
126	170	43	48	126	64
195	98	175	175	24	161
23	154	141	85	23	154
34	132	52	12	132	12
35	197	174	174	197	117
33	13	107	188	107	48
103	110	71	165	87	135
127	80	190	49	46	130
84	112	89	6	89	6
31	31	66	76	31	15
200	170	76	200	170	42
53	63	53	53	109	28
79	106	48	190	48	79
135	135	137	16	26	181
41	41	7	55	40	41
24	199	62	146	27	73
116	126	44	126	44	188
47	71	47	100	90	90
153	24	74	24	24	10
168	43	76	76	53	76
96	78	78	96	37	41
74	57	74	67	74	74
155	31	42	149	49	87
38	65	65	59	38	38
170	99	41	49	189	41
81	86	60	87	60	87
72	22	23	72	63	72
96	96	181	30	38	180
72	75	42	75	40	72
47	37	37	55	178	47
71	87	71	102	87	24
13	13	174	50	50	54
71	42	57	14	14	42
55	115	115	115	5	170
79	52	11	67	38	76
44	6	26	65	65	6
65	65	178	65	72	49
52	52	49	52	71	71
193	23	16	23	22	23
51	111	40	19	174	13
25	58	157	58	25	18
31	46	68	21	56	21
78	78	144	17	11	78
20	192	126	173	126	56
79	78	79	39	62	79
41	41	72	9	41	41
8	8	18	92	72	8
27	10	76	35	10	76
20	192	175	20	5	35
17	33	36	36	22	36
32	64	64	91	91	43
112	173	98	36	112	98
80	180	11	153	180	39
44	44	72	6	44	44
84	22	40	40	84	40
6	52	89	89	6	33
151	115	23	29	29	23
77	129	140	71	97	140
60	171	70	114	70	114
168	65	185	34	102	59
76	60	60	6	6	18
91	77	91	42	30	91
52	178	36	156	45	198
52	126	199	126	126	92
78	195	30	17	17	17
44	44	98	58	16	58
27	42	39	42	27	27
80	23	74	47	141	65
88	70	54	88	88	114
14	29	14	14	14	62
145	103	61	103	61	169
160	73	158	160	160	67
80	80	94	15	94	94
77	98	77	77	98	81
37	37	37	28	28	28
115	115	10	37	188	10
93	71	65	71	71	106
193	86	190	85	109	94
18	73	18	18	79	45
50	50	72	77	77	10
10	40	10	40	10	80
71	27	71	150	27	103
65	61	61	64	56	61
12	42	42	52	42	7
28	28	144	19	80	19
14	37	14	72	132	14
69	41	184	82	154	154
87	191	103	87	49	49
32	35	32	190	40	35
149	28	171	149	104	171
82	88	82	11	58	11
74	80	80	122	74	56
43	67	28	67	164	28
17	17	17	82	92	68
75	50	75	75	62	62
102	144	21	111	42	165
148	136	147	71	147	148
101	193	163	163	36	53
24	91	81	81	171	44
52	75	37	52	15	15
90	93	116	190	199	136
96	85	96	22	76	22
105	7	7	169	7	30
61	107	105	62	183	64
108	53	17	53	85	85
86	166	45	50	45	45
45	63	26	12	115	115
44	44	75	44	99	96
112	81	134	43	46	98
48	48	16	116	31	31
63	84	180	84	46	84
38	118	22	59	22	79
65	66	76	76	66	76
120	37	190	57	37	57
56	105	179	126	90	56
37	63	12	63	63	63
17	6	34	34	34	34
33	82	33	73	43	82
51	50	50	50	179	12
66	193	7	7	78	66
16	55	55	13	56	56
72	77	97	47	47	136
155	72	56	126	82	115
86	34	111	110	123	194
112	189	112	34	163	189
46	25	12	12	12	49
112	82	91	76	82	76
75	164	80	101	182	80
19	5	19	148	60	148
196	153	155	35	112	189
50	180	21	66	88	155
20	125	65	48	48	48
55	26	26	14	32	26
69	147	59	134	118	51
12	41	12	10	12	91
58	71	71	95	9	9
53	53	23	53	96	142
55	83	55	90	83	38
169	115	119	81	106	88
80	63	63	48	48	114
30	153	153	56	126	59
111	42	75	67	42	67
70	113	102	113	70	5
97	97	11	11	11	110
72	22	72	72	190	22
33	9	9	46	46	74
60	60	81	25	100	25
17	148	58	103	109	119
79	178	117	85	15	33
9	20	20	46	186	20
7	92	122	67	13	184
81	19	21	191	195	81
162	22	104	130	130	81
16	45	7	7	110	7
71	109	105	105	52	182
47	106	83	47	106	136
70	56	70	56	190	45
84	37	37	84	110	53
67	47	47	85	67	22
87	87	87	51	117	45
20	18	20	68	20	18
90	34	44	174	33	53
45	54	148	148	45	132
139	62	170	98	97	170
38	89	151	38	186	151
188	188	16	194	63	153
50	55	20	164	55	50
38	62	38	92	62	38
195	91	170	40	62	191
37	195	118	90	154	100
36	155	75	159	17	145
15	102	160	160	147	102
145	36	143	116	16	105
178	106	114	73	71	196
131	73	91	80	73	91
50	161	43	40	37	43
85	85	113	13	13	85
142	131	115	142	80	26
27	29	38	29	28	29
76	76	29	39	29	88
53	184	67	14	128	14
55	95	76	145	95	76
78	15	55	15	66	15
192	30	192	64	30	84
183	124	56	180	117	52
21	47	101	70	21	70
32	84	32	84	80	121
98	44	12	44	90	12
199	199	19	34	34	39
161	108	188	14	130	111
139	113	87	95	151	21
37	14	83	142	14	83
95	67	67	95	67	54
39	43	91	22	39	73
62	39	33	161	62	62
41	182	123	53	90	147
58	83	42	60	60	58
71	81	71	72	36	72
55	34	174	52	14	52
42	71	72	12	71	42
190	195	64	127	195	94
92	21	20	157	21	157
79	63	63	6	78	63
125	31	31	94	65	94
167	34	16	16	167	26
55	156	156	130	102	65
107	60	100	125	88	107
73	76	58	73	76	73
51	69	32	36	82	29
5	22	109	97	109	178
41	86	41	86	41	93
90	59	97	90	48	90
115	68	83	68	129	83
84	84	118	56	56	67
51	67	67	47	51	67
57	64	21	75	148	42
65	92	169	73	169	89
29	29	97	97	54	125
60	36	36	102	60	29
45	44	179	28	44	47
96	64	96	79	79	96
29	134	134	16	150	16
11	35	83	35	94	11
73	171	36	187	149	40
51	169	102	136	84	171
7	7	141	7	72	48
18	68	22	22	28	18
68	66	18	144	96	55
10	33	58	79	10	79
129	18	73	94	94	113
149	25	25	103	80	80
69	18	133	18	31	31
37	37	37	41	12	37
66	20	120	95	66	20
45	69	117	81	81	69
197	192	115	146	102	104
52	9	85	52	52	114
76	61	76	73	12	12
156	105	90	40	5	199
6	40	54	40	180	54
78	35	46	35	35	35
36	34	36	34	34	36
13	13	61	13	33	33
64	64	74	70	70	164
18	55	115	62	112	91
57	57	18	53	57	53
84	43	101	43	34	34
120	96	83	96	96	68
90	56	90	43	17	17
46	82	82	143	163	143
26	79	15	15	15	36
63	86	13	13	86	13
38	72	21	21	21	55
21	25	25	49	64	21
40	73	73	159	73	29
198	139	60	178	57	37
81	24	81	79	81	81
63	63	96	159	96	35
66	119	158	71	115	51
169	14	47	199	78	78
58	99	56	190	70	20
35	169	49	49	139	72
54	54	58	180	63	58
65	38	37	143	101	81
126	130	55	144	179	62
57	99	99	34	57	199
32	32	24	32	112	67
45	16	24	45	107	45
59	76	28	76	53	59
20	98	134	142	44	66
132	128	108	17	23	97
43	70	64	64	15	64
52	137	69	52	69	16
15	39	15	39	170	104
21	66	103	26	66	181
18	18	18	18	10	81
47	63	63	63	56	63
117	32	119	38	190	190
32	188	151	108	151	188
97	18	43	64	97	97
61	61	104	52	87	60
108	60	91	133	55	66
50	183	177	168	94	168
46	72	72	59	72	77
118	183	151	105	102	94
92	88	31	88	31	88
11	197	145	87	68	73
185	152	64	152	83	90
68	7	125	68	88	7
68	68	44	68	77	68
26	26	26	62	62	18
90	23	56	90	160	90
48	120	45	75	75	45
11	68	61	33	33	68
89	45	63	89	126	63
96	136	25	37	25	25
52	55	160	52	149	160
38	194	44	38	74	44
167	43	12	85	36	23
17	54	179	6	6	17
155	189	189	75	19	10
116	118	186	113	118	186
72	23	134	23	19	23
66	16	101	184	101	70
49	49	56	110	165	56
76	13	13	76	76	13
6	54	6	91	142	6
85	36	93	16	85	85
47	64	64	47	113	47
41	73	114	114	152	152
93	8	58	86	8	8
22	32	73	73	78	73
186	99	99	186	19	23
85	141	7	13	13	7
54	54	51	51	38	164
5	117	89	5	89	108
24	33	18	24	96	96
196	108	130	13	10	71
165	102	175	175	39	14
5	182	5	22	22	42
95	148	93	148	145	159
36	64	184	52	17	148
24	46	24	24	101	46
25	38	96	78	78	78
36	51	77	22	22	77
9	9	37	78	82	9
31	47	18	142	182	25
94	59	158	94	94	77
86	48	53	86	86	62
89	89	89	33	33	116
165	181	117	14	39	165
107	74	126	190	98	108
90	75	90	105	197	75
16	14	79	47	16	60
78	31	143	32	39	96
53	70	183	58	70	22
58	91	13	13	43	43
74	91	91	68	82	68
68	68	20	61	185	61
24	80	72	15	72	72
194	21	21	113	91	91
40	19	73	40	62	62
9	9	80	9	9	88
80	38	94	38	38	8
43	43	170	92	125	112
76	147	188	9	79	117
68	84	84	76	113	68
156	33	166	104	72	19
81	72	25	163	145	60
95	56	79	56	79	101
59	109	81	81	130	46
111	27	67	31	60	188
45	15	45	144	45	78
139	34	123	189	112	163
184	20	108	184	170	20
19	19	24	19	19	25
8	8	103	154	48	48
96	67	90	96	16	67
171	77	198	94	73	171
96	38	96	96	96	108
51	198	139	10	152	152
38	38	106	69	69	173
41	62	62	62	69	140
14	112	57	80	80	91
140	20	159	92	15	74
43	38	36	36	43	43
112	60	24	53	53	53
73	55	193	25	25	25
52	52	178	118	18	39
37	58	66	66	37	66
94	12	71	94	94	181
6	78	85	16	85	16
68	51	63	68	109	51
154	154	40	126	126	39
89	113	196	87	126	62
134	98	83	27	59	59
119	148	169	145	105	62
181	20	135	76	158	135
62	70	70	37	70	74
107	100	115	195	195	20
76	12	76	72	119	12
136	166	29	11	29	166
163	113	86	52	186	171
67	19	101	34	67	19
54	22	54	22	22	64
68	10	14	14	71	71
86	47	29	86	86	68
69	80	140	122	111	69
80	98	80	98	89	27
55	82	82	55	55	120
127	14	127	172	106	172
61	82	61	198	61	82
86	56	54	86	54	146
179	103	67	179	141	103
7	79	47	47	79	47
72	72	49	91	91	82
195	195	74	36	74	67
42	42	56	42	19	100
100	66	33	102	53	16
76	118	76	56	10	56
98	121	89	71	170	84
61	22	34	87	61	34
51	51	51	67	88	88
124	39	85	171	102	195
15	15	100	162	95	145
124	74	6	193	128	113
89	44	89	19	132	44
159	37	84	100	119	118
198	190	190	198	102	172
27	21	27	27	185	59
21	72	21	192	28	72
109	86	199	42	90	55
24	24	33	59	53	125
13	15	28	78	13	13
21	21	42	21	79	21
113	165	104	147	50	57
145	9	9	98	98	75
91	121	167	134	113	41
48	25	38	25	92	92
39	176	165	19	28	176
99	117	56	16	99	16
165	114	86	104	56	104
30	23	23	97	30	23
36	46	46	84	103	84
76	70	76	105	70	163
97	124	156	136	7	136
102	29	56	56	56	39
44	33	44	108	33	96
64	39	39	39	39	39
43	36	164	43	36	50
124	124	145	51	51	11
19	24	39	49	39	24
48	72	110	48	72	117
168	140	13	78	89	78
169	198	23	94	52	172
9	134	9	5	5	34
53	53	75	46	82	75
22	60	110	45	45	60
131	101	29	34	164	164
83	80	20	80	83	80
45	78	110	45	128	78
79	41	134	134	41	166
90	57	14	86	14	14
85	50	37	85	85	191
97	134	97	13	13	20
57	31	93	135	93	31
17	16	72	72	72	115
182	83	31	182	49	88
79	79	79	43	43	51
34	58	5	5	88	5
119	65	63	118	113	146
10	192	10	15	10	106
98	98	120	30	18	18
42	104	120	104	42	71
33	27	184	15	33	27
102	189	182	54	189	23
68	68	68	59	75	75
81	64	176	65	64	64
134	161	153	62	134	37
28	28	33	58	28	15
66	47	66	63	66	47
49	73	49	49	43	121
133	39	123	123	36	36
105	76	75	105	75	12
166	49	167	11	21	43
45	45	98	98	50	45
64	70	70	86	94	64
47	162	130	55	129	39
80	29	84	29	80	116
47	72	72	102	64	64
98	18	197	197	156	98
71	157	83	24	198	184
54	85	54	65	143	85
108	55	159	109	108	55
176	56	84	38	110	185
94	107	45	94	100	94
158	99	90	61	198	147
96	13	9	9	9	23
86	178	89	116	86	89
67	197	18	79	79	134
11	15	192	110	83	80
147	42	104	182	30	170
64	64	55	22	22	95
159	63	77	119	77	119
59	93	65	60	79	12
193	29	68	141	193	82
76	46	39	39	116	46
6	57	6	57	57	31
27	165	90	59	59	115
19	19	19	94	77	34
75	40	92	175	92	40
102	125	120	59	31	138
43	43	43	30	88	30
29	158	44	157	50	157
136	142	101	46	118	42
60	113	106	60	96	60
32	80	80	32	112	80
51	51	21	51	181	37
121	5	65	46	65	5
184	137	129	77	131	129
15	59	15	173	64	15
11	11	11	34	147	94
94	94	94	16	74	74
65	65	103	10	65	52
57	156	37	188	133	6
112	24	25	25	17	17
74	74	27	74	56	65
116	195	31	81	123	154
12	148	108	123	131	170
89	89	56	89	56	28
81	114	60	132	14	26
13	34	13	99	13	34
79	43	16	34	159	198
18	23	9	9	9	18
21	21	118	21	33	171
142	142	14	53	18	18
156	85	72	72	7	197
5	93	68	194	68	68
39	108	79	60	22	64
151	67	82	82	82	28
16	61	174	174	152	24
157	104	7	104	157	74
54	6	10	54	42	32
159	117	149	177	171	98
11	11	28	86	58	28
197	197	50	195	176	113
179	179	53	53	18	23
90	109	42	90	90	49
59	77	86	86	86	112
78	153	14	14	119	78
159	45	42	182	88	18
28	42	28	48	73	24
17	17	92	197	112	92
124	68	113	105	112	59
67	98	67	109	199	98
78	34	119	23	59	15
7	153	68	89	89	7
44	194	157	189	170	93
28	12	90	196	12	90
62	72	29	72	81	24
138	105	183	170	7	165
97	92	92	97	9	97
33	47	80	33	47	71
13	93	64	64	38	13
19	19	85	41	85	85
28	28	19	75	10	10
72	49	97	34	97	34
64	64	41	5	121	41
82	182	155	80	121	92
25	28	99	99	30	25
13	52	49	13	52	52
142	186	172	38	40	16
38	18	38	18	79	109
13	13	82	18	13	18
161	46	99	53	46	99
67	163	88	163	19	176
110	182	61	190	127	160
108	63	43	76	63	63
15	94	38	67	15	15
191	70	62	70	70	15
94	51	151	16	55	51
30	42	12	194	12	30
84	81	178	84	84	46
198	61	45	141	17	14
163	30	30	8	101	8
19	17	17	44	60	60
70	16	70	113	16	27
55	152	24	165	55	117
49	89	43	43	49	83
53	57	168	108	192	15
66	19	19	128	40	66
195	15	33	46	33	15
133	44	120	37	96	120
176	161	93	92	70	151
54	103	42	88	81	167
58	72	72	13	161	13
157	71	110	110	22	87
90	58	115	177	176	181
46	24	87	89	24	46
66	66	66	66	44	53
124	64	12	114	199	98
92	52	189	58	46	108
44	8	44	8	63	44
41	105	106	182	106	106
81	162	81	70	70	118
109	173	160	60	109	173
57	39	39	39	57	61
5	22	22	96	10	5
154	158	20	197	53	66
56	63	56	101	63	63
115	191	115	94	82	98
22	98	40	40	27	22
38	38	38	101	64	70
175	83	22	155	173	70
168	89	22	14	14	22
153	90	76	71	71	76
27	11	197	27	27	56
106	7	95	103	23	20
35	85	88	13	13	88
75	83	75	37	37	66
59	96	129	59	9	183
46	65	43	65	157	65
64	30	33	78	64	33
92	83	43	25	43	43
129	17	129	116	80	54
172	65	41	172	41	133
80	80	63	57	63	186
14	33	14	14	20	20
28	101	143	101	199	199
57	15	42	57	57	57
36	71	85	57	36	57
39	18	39	18	18	112
119	44	109	72	44	109
121	18	94	128	121	18
17	57	172	21	172	56
76	37	114	67	76	37
141	157	43	55	43	130
193	74	74	30	43	40
69	12	69	173	31	136
59	59	65	78	78	104
192	77	63	65	63	65
199	58	43	166	37	95
22	74	22	74	22	35
52	138	8	52	8	14
99	81	86	180	153	160
167	50	155	180	128	120
21	59	59	100	67	67
65	86	192	72	86	95
174	174	55	50	50	85
114	71	163	90	117	84
56	43	161	191	134	161
25	71	82	82	71	82
26	26	42	26	26	88
120	110	154	190	85	190
42	57	135	165	57	165
75	60	51	75	51	51
44	28	44	44	93	171
77	22	22	77	23	124
70	70	140	70	98	70
135	11	11	120	67	135
185	105	157	147	29	37
94	20	94	20	68	94
105	63	76	23	25	25
69	108	107	35	196	85
127	14	178	170	127	170
31	11	31	69	11	67
63	55	112	81	55	198
19	66	43	66	43	130
66	90	160	51	89	160
55	20	55	20	186	12
12	12	89	194	152	152
142	33	33	47	142	75
80	86	90	43	70	164
56	186	68	186	68	111
119	80	76	76	80	62
85	121	33	29	99	184
194	68	117	175	102	163
123	162	157	61	117	157
58	178	5	5	102	58
32	45	72	32	32	72
30	90	69	30	69	127
47	83	100	106	83	23
63	13	152	46	16	25
25	97	103	34	34	34
98	98	105	117	98	33
67	29	14	138	131	104
196	45	45	196	76	138
116	35	87	116	134	134
10	199	33	94	37	170
80	36	83	36	7	36
85	60	172	166	193	25
10	46	111	87	46	46
171	117	195	13	123	96
64	120	21	21	57	21
59	59	92	78	45	59
29	29	64	29	29	110
24	74	188	150	15	48
63	42	61	49	46	34
30	46	30	24	33	30
21	160	85	70	90	160
115	134	83	161	81	134
86	23	150	35	29	73
28	72	28	65	113	28
77	12	111	12	12	89
152	63	50	32	50	50
52	52	47	47	60	182
43	57	43	55	43	116
92	73	73	73	11	11
113	45	45	45	34	24
40	114	40	40	34	34
24	39	83	24	108	39
115	15	115	15	115	144
68	90	90	65	65	65
12	12	49	74	49	49
93	86	55	93	40	55
15	140	164	98	35	103
18	99	139	110	170	18
193	104	77	77	96	56
67	72	90	67	90	56
78	25	25	25	35	25
75	65	75	75	38	65
107	60	186	186	60	59
90	193	90	115	98	117
47	81	33	33	142	33
85	43	23	102	23	85
105	183	144	110	105	144
164	111	19	132	164	111
122	106	68	106	118	80
180	120	163	109	103	6
72	25	169	190	63	115
139	132	185	87	22	99
102	55	30	55	30	55
10	153	87	87	62	87
51	119	109	51	61	109
91	30	91	91	110	116
33	73	33	73	57	73
120	110	198	134	126	76
90	44	6	108	44	6
27	5	5	49	5	27
84	100	86	195	194	195
82	58	82	82	12	82
86	74	102	5	86	74
94	22	22	13	22	76
103	77	81	188	77	103
104	9	9	80	56	56
10	162	154	154	171	94
71	116	111	96	116	71
44	98	127	98	98	101
64	59	38	38	6	59
187	53	148	34	148	53
194	56	88	88	18	56
117	89	96	85	182	173
151	80	65	13	103	14
13	69	15	5	15	15
132	111	34	98	98	34
16	45	16	38	38	30
200	181	131	13	200	181
46	46	56	81	46	46
72	60	86	28	60	72
196	120	116	194	78	196
85	100	85	43	85	185
90	44	108	40	44	108
40	62	68	68	40	68
147	28	137	100	153	109
54	54	54	77	75	91
14	43	199	19	85	135
40	83	102	30	40	83
37	37	75	47	47	13
130	76	76	51	51	33
40	49	58	49	49	49
107	70	174	174	95	142
31	73	14	14	97	14
88	88	77	36	30	77
52	56	56	34	18	52
126	55	55	97	44	97
185	49	49	35	49	35
54	113	90	102	122	113
11	49	189	49	11	71
109	109	15	69	42	152
54	84	54	81	160	81
69	26	31	83	31	69
7	58	7	7	134	19
57	9	174	178	125	55
33	92	130	21	21	21
45	7	7	7	35	7
80	10	80	80	14	14
191	104	112	185	97	104
150	39	148	42	17	171
107	94	94	94	94	94
19	47	60	189	68	51
86	60	84	60	86	169
28	169	18	51	28	18
65	65	17	65	64	106
12	69	35	12	69	12
39	82	92	82	37	82
45	57	53	57	34	24
89	143	109	123	69	34
155	105	8	155	71	71
12	159	159	83	83	65
193	101	54	79	86	159
21	17	90	17	45	174
94	171	74	102	171	101
74	74	117	93	117	56
13	13	188	104	19	19
68	71	154	32	75	28
73	157	45	157	53	195
195	116	195	156	112	27
48	42	42	48	16	42
17	166	17	75	93	75
108	10	10	9	51	9
47	58	47	10	70	10
28	96	66	60	96	60
173	68	43	41	41	43
57	47	47	35	47	35
59	59	140	25	59	83
60	61	61	73	27	61
58	174	37	74	83	173
29	50	29	50	93	52
21	99	21	99	89	99
70	77	86	197	69	69
108	12	108	19	177	19
6	63	63	23	23	165
79	62	55	62	62	92
65	134	186	47	54	65
51	43	43	88	93	43
31	31	101	31	29	47
116	93	71	12	177	13
98	129	129	14	154	154
84	40	40	41	155	53
82	47	164	82	86	82
84	84	94	6	84	106
177	166	110	18	61	160
18	36	18	36	36	64
197	182	89	182	49	49
141	34	64	91	29	100
70	141	12	26	12	12
99	87	42	87	42	136
71	169	22	22	71	116
5	15	15	9	193	15
107	64	91	64	95	91
46	116	46	52	46	142
80	35	109	163	133	163
85	56	30	185	197	185
52	52	87	31	165	52
75	19	19	197	68	68
64	17	48	198	64	17
11	8	39	189	11	8
68	108	68	68	83	103
15	69	15	69	71	15
41	145	41	145	45	16
179	161	161	179	27	179
36	90	90	90	124	26
84	84	84	13	84	21
65	144	65	47	65	119
17	179	38	179	38	78
35	35	9	107	9	153
24	20	29	20	24	183
58	33	59	58	33	19
135	124	33	18	33	45
23	54	54	199	98	98
97	54	94	23	23	97
157	99	168	175	127	36
68	11	95	88	11	11
40	40	40	54	118	54
91	57	64	91	58	91
29	169	102	160	97	169
68	80	23	171	171	68
160	89	19	169	88	19
9	25	34	25	25	76
157	157	169	87	91	61
154	187	88	169	143	95
167	183	167	74	31	183
29	29	34	17	29	35
186	186	170	76	198	81
31	170	66	109	51	185
54	52	114	52	54	61
85	85	75	75	69	122
51	12	108	38	51	51
45	96	45	96	96	60
19	103	186	61	61	188
197	130	197	130	147	30
79	37	79	37	9	37
6	27	85	6	27	27
94	63	94	79	79	26
110	160	118	44	120	194
39	25	52	61	61	39
13	13	65	65	16	143
30	83	30	71	83	148
190	122	85	22	38	85
28	47	51	167	156	43
64	65	64	173	106	65
143	139	28	33	28	107
32	186	32	67	36	67
9	181	99	9	40	99
48	48	38	28	97	48
136	7	39	131	131	39
36	36	56	56	36	16
177	122	67	184	73	190
139	62	80	75	110	139
7	100	7	38	38	38
72	71	71	87	87	62
24	49	32	49	49	24
25	46	25	5	114	5
77	77	77	38	110	46
62	31	57	32	62	31
31	38	17	31	42	38
49	169	95	13	95	13
51	118	126	171	82	81
93	81	81	49	49	64
71	62	71	99	26	71
75	21	46	180	82	185
41	36	145	22	171	16
59	43	43	170	86	86
71	53	97	66	66	71
28	46	129	28	65	129
20	38	38	38	38	12
76	29	23	21	23	76
96	150	81	148	73	174
72	96	72	96	72	105
7	78	27	78	78	78
97	83	83	84	83	86
69	99	162	162	30	103
80	96	78	189	78	80
89	89	75	81	193	89
78	63	59	133	134	190
102	115	199	101	115	52
39	96	39	72	18	39
21	21	17	34	6	21
17	26	153	153	50	26
74	145	74	75	36	74
146	175	92	140	87	140
10	98	9	10	9	85
75	35	48	48	115	75
60	60	60	17	60	55
71	79	70	26	79	79
11	92	40	40	102	40
69	199	33	36	69	36
180	13	15	35	15	35
117	69	69	47	117	47
58	15	58	58	42	58
57	59	57	48	57	57
51	5	10	51	5	183
43	59	164	59	90	164
60	16	42	16	16	16
160	54	135	65	193	54
79	139	68	79	29	29
91	22	22	76	76	20
193	48	197	193	183	72
20	56	56	46	44	69
60	87	33	33	33	87
50	86	50	50	50	72
11	11	83	162	11	85
179	58	59	59	61	59
138	21	138	180	138	64
97	200	97	188	62	165
24	132	83	24	180	180
12	131	84	197	35	27
90	94	90	90	16	94
87	99	81	66	81	81
107	15	15	73	73	15
160	43	68	62	68	43
35	70	70	35	35	70
64	56	63	64	64	64
77	23	167	33	43	85
147	153	69	29	79	172
17	17	116	91	29	29
16	199	113	113	199	63
198	149	105	198	166	149
133	163	94	30	125	125
161	38	85	38	38	69
185	185	124	74	50	74
46	123	123	85	29	140
70	70	13	70	70	37
41	140	67	60	74	164
27	115	48	137	138	93
76	76	107	79	79	85
8	23	23	62	23	106
29	142	70	29	44	70
55	41	13	13	13	17
24	12	54	84	182	182
105	30	30	27	27	46
79	79	45	115	45	80
27	86	17	58	58	17
30	154	116	138	110	165
84	8	8	87	84	166
76	136	136	76	149	99
14	115	148	148	130	130
51	29	26	29	55	51
176	177	177	85	127	127
21	36	36	21	180	31
58	81	153	22	151	151
57	197	158	165	69	101
104	20	119	103	107	35
71	94	71	85	71	94
81	31	125	15	15	31
87	144	48	48	48	63
162	194	115	163	194	95
78	56	56	56	14	56
31	31	9	9	93	9
157	100	88	172	54	112
200	77	32	32	77	28
33	166	24	27	84	114
25	25	25	47	20	165
139	130	66	46	137	48
17	47	109	47	89	47
134	15	15	65	64	64
70	37	179	154	51	157
47	30	71	71	71	42
11	8	8	87	38	87
77	6	33	118	188	60
59	59	113	36	150	36
74	120	54	62	74	74
31	71	170	110	175	80
31	54	31	5	75	31
33	80	19	69	80	80
185	119	109	145	194	126
34	153	14	91	34	91
71	115	74	74	71	71
75	14	82	76	82	82
60	38	123	132	35	60
174	61	12	184	144	199
57	110	164	110	96	53
59	59	59	112	116	54
180	112	87	150	30	180
54	58	49	118	58	58
110	187	33	138	53	187
27	23	27	23	94	132
119	7	86	104	186	29
109	150	87	109	99	87
20	153	26	81	81	26
116	164	145	66	14	48
81	17	81	20	68	81
184	77	115	184	115	82
60	8	13	13	13	13
31	31	61	76	61	61
161	40	136	30	146	88
12	102	184	36	184	33
27	60	11	126	60	77
61	88	61	44	88	61
74	123	43	90	90	43
85	85	107	102	62	62
64	85	64	64	79	61
53	61	88	96	53	88
73	63	63	74	73	63
154	12	39	122	31	44
93	111	42	42	93	42
55	26	26	26	25	24
80	80	43	43	119	43
186	53	186	59	142	26
44	44	31	59	44	44
86	86	91	22	48	91
73	182	37	120	162	61
11	76	11	111	124	109
10	40	10	40	14	35
28	96	28	85	17	28
172	112	29	173	87	189
173	48	58	109	48	58
72	144	34	72	160	54
92	33	33	92	77	9
68	113	11	91	177	157
75	141	15	75	40	40
54	163	186	56	77	106
38	200	19	78	38	38
192	165	189	83	110	109
50	134	190	127	72	12
98	47	32	47	141	24
77	21	24	47	24	24
15	80	80	168	80	40
165	139	74	165	74	118
50	92	50	50	69	69
70	70	197	26	26	22
89	89	49	89	23	89
59	20	59	20	10	32
52	51	25	52	51	30
47	47	99	97	99	112
36	36	168	59	36	79
97	127	82	129	191	137
129	193	141	108	188	103
73	73	93	76	97	76
102	130	95	130	106	105
97	193	33	167	114	143
97	97	17	17	107	52
42	194	13	65	42	13
36	196	29	200	45	29
184	149	143	30	184	149
139	52	91	118	18	191
18	10	176	53	10	53
107	60	46	60	184	46
65	34	34	95	189	65
83	32	52	52	32	180
33	34	98	28	34	98
58	41	58	33	88	58
116	94	45	119	44	116
93	23	128	128	29	80
84	84	54	6	56	84
43	94	113	108	174	94
95	35	95	95	35	55
159	77	11	45	54	96
17	78	55	55	110	78
166	56	21	44	160	9
48	48	48	19	151	86
14	57	47	14	75	14
42	42	50	50	187	43
60	59	59	49	47	60
125	18	70	63	93	184
149	83	83	30	85	30
98	52	28	46	76	36
26	81	99	10	126	81
85	6	76	76	85	179
11	75	62	62	72	62
25	25	66	74	102	25
18	59	18	168	18	51
42	42	42	72	12	99
91	190	15	11	91	78
38	38	118	117	35	118
93	24	24	24	125	113
71	65	65	98	39	71
73	40	32	73	53	73
45	62	99	99	15	15
57	57	31	65	57	91
8	8	8	88	169	42
18	31	18	52	94	18
93	68	60	68	58	93
61	65	65	148	65	11
76	71	76	77	42	42
9	115	8	9	45	45
41	41	111	41	52	52
84	92	39	92	39	39
90	77	44	57	90	90
40	50	85	32	85	50
15	43	15	15	86	119
28	20	28	28	39	43
84	84	97	84	52	97
57	76	57	63	29	63
67	48	38	180	165	69
41	49	100	49	41	167
156	34	34	34	34	19
182	23	48	48	37	23
140	162	194	58	58	162
15	15	55	142	142	19
133	184	105	14	194	161
24	95	11	69	95	69
12	84	13	81	13	13
179	185	20	20	113	185
132	47	32	76	115	154
68	102	68	29	43	68
88	73	76	73	73	88
65	104	104	23	16	104
105	73	73	58	106	58
66	66	30	40	53	40
5	33	34	34	5	147
43	27	80	148	80	43
59	59	65	39	89	39
99	59	100	99	57	99
46	46	78	41	46	46
7	145	146	128	146	145
35	108	81	166	142	126
46	87	25	25	59	25
89	133	101	30	148	163
144	144	80	186	62	36
45	103	132	111	171	103
22	25	28	32	22	22
183	9	95	84	84	95
93	63	93	63	119	128
68	177	65	68	12	68
153	45	41	13	92	99
5	5	81	91	81	81
31	8	82	89	8	31
29	76	76	145	29	119
36	23	36	29	97	97
97	56	56	29	56	97
52	182	56	45	178	45
55	55	96	42	42	56
21	21	77	85	85	76
6	152	10	87	6	10
59	103	98	59	182	98
24	80	140	140	160	139
28	10	67	9	28	10
130	96	166	184	104	115
79	166	67	79	79	27
15	36	15	36	14	154
75	75	91	25	91	82
74	74	18	67	74	74
98	55	98	98	10	87
15	67	15	44	15	15
185	87	14	47	87	47
60	31	104	30	104	177
141	141	45	71	71	86
60	27	27	149	51	60
177	152	197	171	188	57
22	43	192	22	43	57
49	146	178	193	146	44
194	105	18	194	138	77
17	95	17	17	76	44
71	54	100	171	100	171
18	99	15	18	126	99
72	75	40	59	40	165
27	152	27	51	51	80
45	19	191	61	191	19
26	26	47	17	47	196
23	190	84	149	84	11
28	42	20	89	20	28
184	85	185	58	26	112
45	22	75	197	193	188
90	54	90	54	90	92
180	99	91	126	113	94
11	17	17	11	107	11
30	20	78	142	5	105
164	53	35	35	79	53
91	56	109	138	101	60
30	30	7	30	30	15
49	104	49	89	122	89
128	120	183	34	163	120
166	138	84	167	156	12
19	98	89	73	89	73
168	194	19	195	103	63
93	100	95	95	93	100
76	12	99	60	99	99
177	115	82	158	49	151
91	32	75	26	26	26
78	95	60	182	60	78
88	13	31	31	116	116
59	84	79	59	84	84
56	81	169	81	81	52
23	36	158	21	36	107
35	19	19	19	66	19
149	169	67	171	67	58
44	46	49	46	49	116
32	195	48	32	48	80
169	91	79	69	79	88
148	148	23	17	24	100
89	111	77	77	89	145
34	41	23	41	23	41
134	72	52	83	83	111
13	6	13	116	84	13
52	52	53	103	184	128
163	150	122	45	180	28
63	67	27	44	63	44
67	67	94	133	20	67
74	175	109	179	90	39
144	144	79	85	28	125
50	50	63	50	63	110
20	91	86	86	58	200
57	10	10	81	10	10
10	16	10	128	32	10
16	64	8	8	19	8
45	41	81	81	81	60
42	22	36	65	100	50
189	46	49	46	49	103
57	91	35	37	91	37
24	24	96	27	124	96
10	10	25	163	78	139
67	87	87	65	87	87
95	68	80	105	99	80
96	27	96	56	56	178
106	191	108	79	112	175
57	40	40	24	24	40
9	9	41	9	10	27
37	58	70	37	58	168
41	63	26	90	26	26
35	35	27	135	15	35
75	98	127	140	75	21
39	56	36	39	39	39
68	54	41	66	54	68
12	12	115	43	12	7
181	26	149	33	181	52
38	179	78	45	38	45
98	79	191	14	95	191
166	106	39	106	106	115
196	62	109	137	196	37
48	195	105	159	163	111
91	13	164	164	28	48
72	23	97	97	7	7
48	48	27	48	46	73
14	104	97	146	97	146
22	22	47	61	47	75
52	200	52	88	51	52
192	111	164	14	111	164
64	106	189	140	106	140
57	156	47	47	47	53
116	98	96	98	61	61
192	104	175	6	62	104
73	22	22	7	43	7
82	77	80	28	135	26
34	101	56	56	34	56
148	54	89	54	89	54
118	44	91	96	44	96
19	43	116	30	92	92
58	47	12	12	118	124
24	175	81	106	46	171
111	21	12	12	12	21
131	79	180	48	55	103
101	60	71	125	148	101
127	14	14	26	93	26
103	114	114	185	43	126
61	192	42	175	162	118
69	21	21	56	10	56
29	24	174	89	24	36
23	20	20	78	23	20
81	94	89	81	94	188
154	190	59	190	174	155
142	39	39	43	142	75
23	93	127	115	123	193
7	35	22	35	35	54
68	51	68	86	124	123
55	39	26	55	22	39
85	67	60	81	85	60
5	59	59	5	73	59
14	38	16	169	104	74
37	42	37	114	48	42
24	183	170	170	44	44
62	89	146	89	89	48
150	90	90	19	5	19
192	105	45	33	59	73
9	7	7	7	9	109
81	81	120	15	27	81
34	130	34	145	130	186
42	138	43	102	102	42
22	106	67	67	54	67
81	82	82	103	65	82
49	49	58	58	58	17
15	130	11	122	130	155
11	22	22	110	22	169
93	145	94	93	93	79
35	64	64	157	35	110
90	76	126	94	113	165
46	50	50	94	46	75
116	152	186	92	152	92
72	152	55	151	151	118
55	21	81	81	90	72
66	86	18	89	66	86
115	109	121	103	64	64
6	135	6	6	52	74
11	171	71	23	71	23
58	53	58	53	27	89
111	62	62	37	68	196
86	57	87	57	57	57
105	124	39	166	124	58
27	81	27	41	170	27
79	95	9	42	19	10
55	45	198	45	45	93
154	35	104	61	40	44
13	74	49	49	49	54
110	83	29	115	110	166
86	112	32	14	40	85
54	66	38	80	38	38
187	17	33	33	17	37
19	187	130	130	13	125
195	172	16	84	113	104
44	44	30	92	95	30
189	82	189	63	68	82
76	110	93	136	70	76
55	37	55	35	26	35
94	26	21	118	26	94
198	41	87	41	33	175
98	88	71	116	94	71
14	41	8	30	14	8
29	147	150	98	29	98
158	90	38	111	14	34
30	90	154	67	106	139
49	46	46	191	46	118
173	110	71	195	173	59
25	47	35	40	47	35
66	66	51	51	19	112
49	146	179	57	190	18
135	135	131	131	169	71
104	29	29	142	173	83
152	154	159	15	15	105
119	82	92	82	82	139
80	41	174	41	102	41
44	48	148	121	17	121
154	78	164	114	174	158
79	15	36	13	36	79
176	176	106	51	106	116
101	52	160	13	101	62
36	49	26	129	49	49
23	12	12	76	40	12
93	15	15	93	93	45
49	98	48	98	49	49
85	21	21	36	11	21
118	150	40	191	27	150
187	30	30	99	118	99
79	92	108	95	95	95
157	191	117	94	163	113
34	173	111	66	34	66
27	41	77	133	77	27
84	24	124	97	13	124
30	90	30	95	195	95
79	153	42	42	14	14
21	59	115	54	54	69
120	120	134	134	13	11
14	14	14	15	50	107
82	38	75	82	75	75
99	105	84	99	84	99
105	108	29	17	29	29
85	85	119	85	106	65
108	91	62	91	86	91
155	76	140	155	155	35
174	83	50	118	61	166
19	90	54	54	90	90
81	8	51	81	81	81
25	25	66	69	44	69
111	42	189	48	63	134
55	16	55	88	8	8
82	39	61	61	99	61
15	100	61	87	87	87
167	10	13	171	37	97
21	52	57	21	82	52
72	173	72	52	72	43
87	53	53	27	158	53
188	88	114	19	120	184
95	95	47	95	61	86
96	96	96	63	116	63
73	73	127	127	176	113
7	88	102	7	88	53
66	65	16	16	66	109
199	58	14	167	110	29
92	92	49	15	15	92
86	40	98	86	86	88
82	51	90	82	13	51
62	88	33	62	62	88
60	60	77	60	77	41
64	93	64	93	93	72
87	136	46	153	87	159
65	65	88	64	85	85
89	10	10	89	65	100
195	42	93	196	20	111
188	13	147	81	13	18
42	42	53	110	42	93
104	17	110	72	79	64
57	194	57	44	67	67
48	27	44	66	27	87
15	85	130	87	150	59
42	147	133	95	95	147
64	64	48	96	85	64
31	140	171	138	171	47
21	98	105	21	14	14
33	33	33	53	80	80
54	100	61	70	70	61
18	118	52	52	165	18
180	68	74	170	168	78
31	26	31	31	26	141
14	17	17	48	48	25
186	128	42	145	186	145
25	27	179	62	62	27
68	20	54	54	54	38
88	98	41	41	41	98
22	90	17	22	22	35
57	163	57	95	70	57
46	111	125	193	192	177
96	23	23	23	58	196
114	113	113	45	31	59
73	164	87	73	186	162
135	8	147	147	118	72
79	122	134	89	50	50
146	146	44	130	110	71
195	114	64	58	37	114
83	31	54	84	31	54
63	5	5	80	63	63
8	8	75	8	32	27
33	33	14	70	14	74
39	39	87	87	39	39
90	61	97	90	61	90
81	59	151	59	59	95
173	151	48	107	34	19
87	49	22	87	49	49
83	137	137	108	108	17
45	85	85	171	45	66
59	59	5	5	49	21
105	19	74	105	86	19
92	30	64	19	30	19
77	122	122	185	140	110
62	36	168	88	36	88
24	42	18	58	42	18
48	187	48	72	17	17
74	54	197	25	197	54
61	38	38	84	38	84
185	60	34	52	44	60
41	61	64	171	63	94
45	63	18	144	136	97
57	57	110	57	26	26
74	70	70	162	38	74
71	99	71	138	95	95
109	141	86	57	27	37
74	24	24	74	24	61
81	6	81	68	86	6
59	67	67	67	54	67
166	31	148	116	31	71
6	40	18	18	18	32
22	22	16	21	22	143
52	33	33	37	33	33
30	84	104	104	30	27
68	32	176	32	68	40
23	10	10	120	10	57
61	109	189	49	33	65
18	93	116	76	148	61
112	30	196	56	97	137
117	100	100	177	7	39
130	86	104	66	173	118
41	33	33	141	90	90
144	177	172	55	38	170
51	77	66	51	51	51
94	58	145	130	58	130
121	111	44	63	147	118
85	66	172	172	198	198
51	108	11	164	178	164
16	92	33	33	92	174
22	90	110	90	90	22
7	133	103	169	169	194
144	28	46	118	182	46
108	132	71	14	195	180
83	101	83	83	192	94
34	41	134	16	34	165
86	183	65	37	143	96
30	7	30	30	36	45
125	94	94	34	38	34
90	59	36	36	59	59
60	136	44	38	104	104
83	83	70	196	83	77
100	18	58	14	158	95
71	19	47	54	47	19
166	25	25	110	15	166
187	69	106	44	164	187
189	105	12	189	177	121
163	68	53	7	7	53
89	189	59	59	189	96
30	30	99	44	44	101
138	138	35	182	199	182
88	62	62	92	112	92
190	142	78	184	94	85
79	190	78	78	7	7
33	33	65	33	59	50
87	97	97	120	97	31
49	49	47	41	41	41
36	53	73	36	190	53
110	12	77	81	77	77
64	64	67	82	41	64
167	89	98	31	188	118
34	41	34	83	34	34
90	152	53	90	197	57
22	22	65	29	60	65
49	138	138	138	35	140
7	7	93	90	192	93
21	21	56	110	56	94
24	28	25	25	45	25
114	148	39	39	56	39
45	96	45	17	84	17
28	191	53	54	28	28
82	90	136	93	171	14
140	185	153	105	150	9
84	55	9	37	55	9
177	190	92	10	177	14
33	99	91	91	75	33
25	41	41	46	41	53
100	20	69	87	20	188
47	106	14	85	14	47
56	101	165	60	114	190
78	108	171	58	166	141
153	105	75	75	34	34
31	34	52	58	31	58
48	86	78	86	71	71
13	41	41	41	39	65
117	117	183	183	92	182
134	78	134	192	157	40
35	86	86	92	169	110
130	10	10	74	10	66
55	55	76	78	137	78
56	39	56	56	61	88
30	30	90	30	45	90
32	46	32	32	77	32
58	173	173	39	166	59
164	193	136	71	193	164
35	121	121	69	69	121
40	27	71	104	33	34
62	60	41	41	60	184
139	16	16	99	38	99
30	120	30	34	186	30
32	56	10	10	10	32
25	59	96	25	110	109
133	37	32	84	190	67
70	147	76	77	147	195
93	26	93	61	61	93
108	53	42	42	179	53
28	61	61	61	38	38
82	88	26	118	88	150
71	71	11	176	66	66
125	11	39	65	39	74
20	75	75	24	20	121
71	71	19	71	114	19
148	99	99	99	34	68
51	24	24	24	24	90
30	26	188	41	95	17
185	89	58	158	120	36
47	91	165	165	103	155
17	145	175	49	87	160
18	18	54	63	18	80
172	71	57	96	96	171
25	88	23	88	68	68
35	90	76	79	76	90
22	89	8	8	8	26
90	81	196	82	82	81
5	105	166	34	34	105
46	162	31	169	35	68
54	155	69	64	69	193
119	44	15	161	161	119
49	41	41	41	63	61
15	133	168	116	76	14
106	81	81	138	44	44
63	70	66	66	63	154
56	49	58	58	56	172
63	106	54	54	65	65
69	14	84	14	37	69
24	117	135	116	197	190
22	10	54	54	10	158
33	23	91	76	172	196
187	45	88	45	7	88
27	48	60	189	99	6
36	36	98	98	45	56
84	11	39	84	155	39
105	39	173	43	43	173
85	42	136	138	192	136
47	47	87	84	84	145
32	9	32	124	56	32
70	70	43	43	70	43
56	73	25	70	25	73
184	190	7	124	10	111
155	182	102	97	150	182
176	27	21	176	104	34
31	35	31	9	31	28
23	52	112	52	194	112
130	173	136	49	123	196
25	111	25	89	193	138
11	16	7	7	44	44
80	180	77	77	24	39
58	87	54	58	68	94
87	87	90	90	90	17
132	180	62	40	30	25
40	63	118	63	57	40
77	196	134	20	149	121
31	31	27	27	49	27
152	5	5	29	77	29
96	14	41	98	98	98
71	85	42	45	155	101
71	83	83	83	112	71
198	88	23	47	85	198
8	126	8	53	69	53
7	51	51	51	7	52
102	51	102	51	54	158
90	44	59	77	59	63
184	96	56	9	56	96
48	86	48	142	25	65
81	50	72	81	54	81
183	108	51	55	35	197
56	19	56	199	101	199
100	61	69	59	56	69
38	61	61	61	106	63
109	32	106	34	128	90
130	138	22	60	163	138
139	168	165	168	64	165
102	143	115	137	15	69
165	198	120	140	29	169
91	91	27	74	91	100
155	166	59	48	39	168
87	107	78	45	94	22
157	189	186	48	144	107
186	29	124	37	167	124
31	69	39	69	115	73
78	26	187	78	101	26
138	171	134	36	134	138
70	74	50	158	70	76
67	87	94	67	85	67
20	108	92	39	20	92
59	48	31	7	59	7
126	150	126	106	106	8
104	109	33	33	109	79
7	7	82	7	20	18
26	10	18	66	44	47
127	74	144	155	72	185
101	56	117	156	55	23
105	43	56	18	56	43
16	31	91	38	166	87
119	53	53	60	86	168
166	166	6	105	87	105
167	28	159	77	167	65
200	200	12	178	178	102
105	125	42	48	99	134
31	69	15	69	93	93
43	45	51	45	179	51
81	87	81	96	87	107
12	52	52	7	12	52
78	90	78	17	78	78
47	7	103	7	12	7
116	11	101	32	89	73
80	159	85	85	118	38
57	42	59	112	59	42
106	130	106	171	171	33
37	40	44	40	37	78
109	99	99	191	47	47
134	96	61	61	61	99
106	86	92	7	86	37
41	90	196	136	168	110
159	173	43	37	199	191
69	99	69	104	76	190
73	63	132	116	73	114
45	45	49	55	55	45
29	29	29	31	74	154
33	89	89	33	85	187
167	167	86	60	191	133
156	88	89	65	88	65
105	28	85	40	28	85
65	65	74	37	7	7
57	166	109	113	57	182
84	60	12	60	112	112
129	48	81	198	171	109
24	131	110	151	151	110
99	114	27	27	40	99
99	32	143	136	18	32
37	37	26	37	62	37
180	83	10	83	83	10
75	26	37	143	75	87
68	68	68	78	88	78
190	96	74	54	74	54
5	94	94	15	94	5
103	103	170	119	103	36
110	76	92	76	92	92
54	61	145	153	145	61
55	55	161	5	104	66
109	33	97	96	143	97
81	33	20	13	33	103
110	32	72	32	99	72
132	92	70	82	92	92
46	92	20	92	20	167
83	19	19	76	76	119
49	49	49	49	90	106
82	115	179	75	75	115
12	170	52	98	12	98
36	146	17	49	36	58
40	40	109	197	62	109
19	115	66	66	66	19
23	23	82	91	182	23
82	127	94	94	127	186
92	6	6	75	6	92
118	181	106	45	156	148
198	20	96	89	20	89
65	84	65	65	26	84
67	69	182	42	67	69
50	63	50	52	81	194
49	121	168	90	34	60
32	32	32	94	32	10
113	19	62	19	165	62
165	35	38	35	77	38
147	11	68	68	68	59
120	79	56	192	192	92
77	72	72	15	10	10
79	32	149	32	138	8
97	70	56	56	56	97
85	94	34	81	175	126
57	28	28	86	28	6
48	159	159	61	60	97
72	49	53	53	49	16
118	70	84	70	30	84
90	24	120	56	90	56
28	57	51	51	134	134
173	33	30	103	103	173
39	106	162	73	73	39
148	187	58	187	37	37
45	84	183	45	181	183
114	115	156	18	77	164
120	21	100	193	19	45
156	156	87	97	138	74
185	19	19	26	19	99
38	68	68	85	85	68
96	76	67	80	67	67
23	6	6	23	6	90
149	106	16	16	35	16
63	67	114	20	67	63
90	34	90	146	97	90
39	194	39	38	39	14
43	86	86	38	184	43
41	32	28	28	16	28
114	37	114	102	37	66
13	19	47	99	47	47
6	82	82	50	82	6
70	62	90	146	172	76
62	101	51	53	62	62
93	93	35	93	70	70
98	20	20	57	20	61
183	36	5	31	130	138
127	197	62	27	102	139
54	59	54	45	54	118
17	17	17	89	149	17
41	38	49	189	67	118
32	199	61	92	11	74
131	35	18	35	18	100
162	144	77	47	43	34
19	79	200	19	38	79
47	47	6	118	78	47
98	45	98	45	18	98
178	99	97	68	99	99
84	84	84	84	49	9
64	67	19	44	44	44
48	25	83	87	187	52
187	29	76	29	187	62
148	16	148	65	148	48
162	174	162	108	94	54
24	148	68	24	97	68
14	117	59	59	151	90
116	36	36	56	36	116
44	44	105	75	59	59
61	101	74	46	101	109
170	59	15	26	15	59
76	12	9	76	12	50
91	70	91	91	92	47
18	19	67	19	18	68
7	22	65	36	7	36
27	27	9	27	9	84
64	70	25	106	180	106
49	28	50	62	50	49
79	79	70	91	79	70
69	11	59	11	40	11
57	128	128	171	171	110
22	46	46	20	22	116
54	57	189	101	101	57
97	68	106	97	91	68
24	171	181	171	103	181
45	12	98	139	12	12
146	146	6	189	64	27
119	42	42	95	95	42
112	158	178	91	91	10
50	146	200	147	77	94
75	27	83	27	27	27
129	144	186	74	144	58
124	56	79	75	102	79
29	104	110	16	74	62
31	19	40	40	39	19
29	83	50	57	83	29
37	37	37	37	24	5
94	50	33	33	33	94
54	10	188	20	20	20
101	73	73	27	44	73
74	74	16	37	37	74
83	83	155	18	23	18
36	28	36	90	80	80
41	26	78	46	65	185
53	166	120	110	44	63
121	101	174	35	83	22
24	14	117	62	24	62
176	114	184	60	26	176
43	13	13	10	26	26
43	82	17	92	43	92
126	95	126	126	36	191
13	86	86	40	46	46
64	83	80	80	80	64
19	44	19	44	44	31
71	39	87	87	22	87
117	144	154	117	107	154
23	73	159	66	74	180
18	156	18	10	25	191
112	27	175	27	38	38
77	98	170	108	68	177
189	14	179	179	14	66
63	21	134	112	33	106
84	82	84	52	84	82
62	115	72	72	107	62
11	85	70	11	127	70
49	98	148	60	80	90
113	44	16	148	168	178
43	43	71	71	65	71
88	66	79	79	59	66
82	55	28	28	28	55
61	29	82	33	56	38
75	27	174	12	27	174
18	62	31	68	31	18
68	86	98	68	54	54
198	114	86	86	40	40
56	70	56	34	56	62
14	31	31	186	31	86
137	45	78	159	166	146
155	155	200	52	20	91
160	186	44	27	160	73
148	130	16	130	71	16
103	22	111	51	111	22
34	6	34	6	112	34
175	118	117	94	115	72
158	158	195	159	39	160
134	82	13	20	33	53
193	97	132	132	44	162
8	66	93	93	8	91
132	22	172	194	108	172
87	90	20	191	109	72
14	13	121	40	83	180
49	49	70	49	8	177
31	101	31	31	191	44
85	96	119	96	44	44
25	18	77	77	106	25
76	54	54	103	76	152
54	185	168	80	78	105
97	97	177	177	78	56
12	12	12	12	15	46
136	79	69	101	126	126
114	161	161	160	19	169
68	68	141	31	61	68
17	22	183	46	25	96
188	114	114	104	54	73
13	200	151	13	32	10
67	72	67	129	129	144
25	5	24	25	160	5
64	76	76	76	115	78
39	44	44	115	159	39
82	82	129	113	14	14
120	104	104	13	84	172
199	79	94	81	94	79
194	77	19	65	65	77
93	54	45	196	54	45
122	66	33	122	191	41
101	192	117	192	101	192
18	151	18	102	75	64
182	73	73	9	74	74
54	81	81	92	35	81
72	11	158	41	106	69
8	8	65	91	65	6
150	67	130	60	105	172
63	28	57	32	57	32
40	52	82	41	52	52
106	145	27	193	27	193
135	117	126	102	135	21
73	31	73	10	77	77
53	163	157	85	157	163
16	82	61	16	61	16
64	12	64	64	46	64
87	92	32	32	87	120
170	178	178	64	40	40
14	14	76	14	17	62
66	31	165	96	85	122
72	29	88	95	29	59
71	63	70	121	14	14
58	58	175	58	44	46
110	23	115	115	122	48
53	70	86	147	70	70
163	172	65	29	29	172
53	29	53	180	97	110
71	47	16	16	118	47
76	15	21	76	21	58
46	45	131	45	46	104
85	179	61	113	85	85
176	127	18	127	137	137
85	197	78	107	75	85
155	48	98	31	166	48
33	70	33	33	72	46
71	25	71	66	71	33
84	115	71	84	128	63
12	26	152	173	152	97
16	45	6	16	7	7
69	22	22	22	101	39
96	70	86	86	187	38
159	6	67	48	6	67
82	82	69	82	98	69
68	49	25	83	49	190
101	73	69	114	101	176
81	83	81	54	27	115
56	23	89	24	134	71
177	54	51	18	103	78
28	81	48	28	48	81
153	53	160	109	160	111
78	92	92	37	78	96
37	37	37	16	16	73
93	92	175	87	129	52
69	14	14	69	27	200
57	112	57	15	15	75
142	38	26	142	159	42
81	19	19	148	81	13
68	68	36	68	66	68
65	123	123	135	91	135
190	151	170	54	48	190
143	53	59	57	125	15
20	175	20	65	18	20
32	69	43	138	188	12
43	64	47	64	86	64
18	160	160	42	143	143
40	70	123	123	138	40
22	147	71	22	116	71
63	33	63	33	130	63
122	91	74	45	34	45
66	53	110	26	110	117
23	200	98	98	66	106
81	88	78	78	78	88
70	22	37	70	22	46
199	117	156	34	172	27
194	37	132	76	103	141
24	24	30	37	54	176
44	44	44	109	87	6
117	89	149	89	32	32
80	80	62	17	80	74
107	146	67	86	86	67
33	33	48	34	93	33
99	79	80	71	159	122
58	43	58	89	73	58
15	15	61	77	77	15
91	91	91	25	25	59
43	77	36	77	43	43
71	167	167	160	124	57
103	103	160	36	149	149
85	69	87	68	68	68
12	103	45	32	42	97
60	27	102	60	6	60
99	140	115	153	115	71
37	37	136	74	93	37
19	63	63	63	63	40
117	110	146	14	52	156
41	186	71	65	93	71
83	159	52	33	52	52
28	69	51	51	51	50
115	131	22	98	10	18
88	25	25	79	53	25
96	10	102	125	89	89
67	8	60	60	82	8
28	94	85	174	28	40
84	71	84	84	84	68
34	98	64	45	157	44
59	59	6	6	68	36
72	83	70	16	70	16
117	107	198	137	27	123
61	74	105	116	86	93
29	91	29	87	64	87
12	116	105	31	31	169
79	109	109	96	185	78
157	170	170	170	105	60
87	87	67	87	71	97
21	21	30	21	63	21
40	32	32	32	32	31
30	197	27	17	90	31
21	44	44	44	21	40
56	56	66	58	56	58
117	33	114	45	33	45
32	51	100	20	57	35
47	172	8	47	82	82
103	76	103	98	23	76
73	73	73	114	91	68
65	64	70	70	12	65
87	72	87	38	72	78
175	19	76	19	53	76
52	52	165	99	52	99
88	63	129	125	183	183
80	27	162	178	130	80
15	13	31	57	13	15
15	147	92	92	92	18
195	21	151	199	74	105
74	55	7	7	74	7
27	186	172	172	50	50
199	199	106	178	63	63
149	149	48	26	26	140
51	191	51	78	51	7
117	179	68	68	44	44
74	86	74	67	74	19
29	52	28	98	28	52
29	68	116	68	138	6
33	10	51	200	25	114
109	56	14	33	110	34
96	99	12	99	12	38
6	79	79	92	157	6
51	63	63	98	39	98
13	199	25	61	59	13
136	51	28	52	34	136
98	156	36	150	156	123
178	199	120	17	65	56
108	108	153	111	153	8
7	75	63	7	22	63
60	18	136	55	60	18
38	99	61	61	145	99
45	85	186	45	94	94
70	54	54	70	116	6
81	195	73	73	72	72
25	68	147	81	85	147
8	167	8	5	97	8
9	50	9	79	109	9
34	5	34	34	31	76
102	28	85	28	85	99
127	195	13	111	68	153
52	99	117	52	57	57
121	18	165	11	145	121
57	193	193	195	158	99
58	96	10	39	58	58
58	87	57	78	85	104
32	32	18	32	35	18
68	68	68	68	68	99
78	73	67	78	78	78
27	163	36	27	13	81
78	45	197	45	103	45
156	151	191	86	106	28
24	34	34	81	34	55
173	91	198	97	77	150
124	23	22	188	188	97
18	51	159	23	18	23
96	16	16	99	99	128
47	37	105	37	37	68
129	100	142	197	197	142
150	73	178	52	169	62
78	18	90	6	6	78
71	40	71	71	71	53
11	146	146	146	16	65
120	40	85	39	39	85
132	188	132	139	18	188
13	11	43	11	13	59
149	51	48	51	164	94
102	150	43	129	83	38
36	196	51	129	59	86
20	93	40	40	17	40
153	105	105	153	99	12
71	44	71	91	22	91
130	73	59	46	17	94
100	108	174	105	105	114
73	64	42	73	91	64
77	159	36	56	175	43
80	70	70	73	70	70
81	159	28	145	50	140
66	33	48	25	25	33
82	76	68	68	76	76
14	87	166	87	15	14
147	44	46	46	46	112
60	16	88	147	147	23
135	126	141	135	96	62
37	37	79	28	190	79
190	159	181	198	46	64
72	84	73	165	73	73
87	65	87	20	49	87
39	148	159	99	137	137
56	57	70	70	56	70
48	95	45	48	48	45
28	33	28	82	28	11
49	16	16	19	16	19
123	39	134	54	123	97
75	50	75	146	18	75
16	120	16	93	93	65
39	96	64	10	96	39
27	52	52	62	52	147
175	87	62	142	120	179
54	189	107	54	97	97
12	77	109	140	122	73
32	32	87	87	32	97
45	94	54	94	181	31
181	27	66	27	91	66
36	23	16	16	36	150
93	42	24	93	24	160
62	62	132	85	43	62
72	20	5	183	20	72
86	60	86	179	88	60
30	69	69	111	30	23
127	170	170	83	94	83
196	168	9	50	120	118
15	15	95	22	63	39
6	155	39	6	6	108
151	85	82	85	117	82
187	54	69	108	34	37
84	25	167	84	26	25
158	26	19	151	114	26
107	81	50	50	107	198
45	53	53	45	74	60
153	167	195	12	71	161
104	21	60	66	21	66
68	68	5	44	109	68
115	58	89	89	89	58
170	170	124	6	124	129
39	39	39	51	32	39
136	80	148	136	171	148
46	68	71	53	68	68
143	118	121	118	80	121
94	94	155	94	155	22
105	94	195	94	185	22
185	136	185	89	188	112
68	72	43	68	80	80
140	174	148	148	53	140
29	156	31	29	193	97
83	164	72	92	164	60
59	59	50	29	29	93
178	106	83	83	38	58
172	34	24	34	24	7
12	35	192	22	12	35
178	69	24	24	69	74
104	83	83	103	32	32
160	73	142	78	39	156
30	21	14	21	45	21
27	192	118	27	35	33
69	69	93	99	99	11
58	58	78	58	76	166
31	58	54	54	54	54
106	13	44	13	138	13
77	34	34	77	34	93
83	83	83	83	58	64
15	102	15	156	47	47
41	121	55	41	11	41
79	117	55	15	97	191
96	96	96	103	57	58
55	79	72	55	55	5
88	51	51	58	51	88
69	67	69	67	85	163
93	168	65	65	93	20
56	188	49	49	66	49
24	32	64	72	197	189
102	37	72	72	172	37
25	19	16	25	8	25
5	69	69	76	69	107
61	173	110	20	20	61
42	42	78	66	41	66
23	141	37	23	8	37
73	162	44	73	162	70
36	65	52	52	52	168
121	81	74	97	81	119
70	28	26	80	26	70
46	20	100	20	46	29
111	41	93	41	80	93
59	152	55	66	66	66
141	70	46	35	35	70
95	95	95	81	101	81
105	18	14	14	53	105
83	26	112	74	83	83
96	99	106	110	134	99
87	184	87	87	60	28
64	64	71	71	66	174
69	110	32	34	34	62
80	126	42	80	88	22
20	176	62	41	96	58
184	166	36	184	18	78
78	93	122	97	140	120
87	106	172	184	181	172
127	96	155	33	127	33
163	55	21	106	112	14
22	87	87	20	20	122
92	124	149	73	11	59
171	129	51	25	129	173
29	29	54	80	176	54
187	188	23	154	140	170
84	84	52	84	84	18
135	111	27	135	133	157
69	69	25	70	69	23
95	97	27	97	107	97
45	45	69	10	121	51
8	31	8	8	71	155
106	71	106	100	39	71
137	139	57	89	139	149
118	16	127	168	168	16
58	13	58	97	169	58
154	30	51	51	36	30
75	59	35	153	75	75
73	198	198	30	200	73
57	146	107	17	21	16
29	29	86	14	29	37
84	133	84	37	37	15
197	66	84	113	66	128
65	72	78	92	76	72
53	53	50	64	43	53
81	46	61	46	28	28
24	25	102	183	167	147
57	61	171	171	49	168
90	156	74	76	90	76
17	80	50	76	50	25
84	84	28	84	84	88
169	68	14	14	64	68
30	61	17	61	61	61
133	81	56	166	56	86
42	100	42	53	42	51
56	18	150	18	18	31
101	119	96	85	96	85
58	77	56	71	17	191
14	46	149	153	99	116
83	73	76	73	76	123
142	52	146	86	86	84
87	87	63	87	15	87
80	199	86	145	196	52
140	140	75	151	75	63
88	8	185	8	88	5
154	103	154	103	127	82
66	10	45	80	10	10
18	72	18	72	115	65
72	115	116	87	87	72
109	156	40	64	36	156
91	91	97	86	97	97
97	181	38	108	102	181
61	196	61	36	196	72
131	107	107	93	107	181
20	19	19	91	91	36
14	104	167	167	45	123
110	183	110	29	196	99
93	93	93	12	93	32
88	168	164	119	120	54
64	55	67	134	66	42
72	194	60	92	72	72
196	34	101	196	12	101
186	161	116	148	65	58
41	89	120	141	34	120
61	61	11	11	38	118
79	84	31	64	64	79
161	72	39	20	39	156
85	29	87	36	36	20
160	52	41	96	19	97
171	171	45	128	72	61
55	77	123	55	43	43
34	120	198	34	160	27
117	90	90	90	90	9
16	17	53	53	88	88
59	122	114	59	57	122
76	76	76	75	80	77
149	149	64	180	70	61
57	66	31	31	31	31
10	42	85	99	10	42
112	112	65	138	151	177
106	74	106	112	48	136
141	22	105	105	64	91
38	11	11	104	84	38
81	89	18	18	18	85
101	101	22	19	178	151
74	31	36	31	36	31
68	109	130	68	130	51
28	18	18	18	83	18
117	90	116	40	40	90
45	45	48	112	45	95
164	114	45	185	73	39
34	113	188	159	177	135
16	64	98	86	98	86
48	105	34	67	48	34
60	23	43	101	23	60
22	16	7	16	16	87
81	11	15	39	11	11
51	51	76	124	61	191
83	21	83	33	56	89
84	86	84	44	121	86
196	67	92	163	67	124
59	99	99	18	94	59
13	29	29	44	44	29
88	35	35	107	164	35
65	159	65	20	38	20
11	101	45	11	88	11
14	47	14	24	16	117
80	17	178	17	86	86
29	96	9	40	96	113
29	51	116	51	32	51
90	26	26	26	90	65
87	55	55	95	87	87
7	7	77	65	65	44
71	47	28	133	47	47
89	78	66	78	60	78
29	82	152	178	189	97
173	76	37	147	176	89
95	106	85	106	82	41
42	42	90	112	172	172
23	157	106	78	157	159
90	137	90	36	32	36
101	188	188	188	105	199
85	143	172	147	82	85
6	73	5	73	73	131
31	94	62	62	35	35
70	96	77	13	13	13
41	41	20	85	41	86
90	59	147	59	41	65
81	180	117	119	126	182
68	51	12	119	12	68
57	31	31	57	49	65
5	5	48	48	25	79
43	67	52	67	52	67
75	121	45	75	49	49
92	127	127	139	106	155
107	5	5	61	5	61
85	92	92	67	92	24
49	64	64	64	41	23
49	90	18	81	49	81
190	7	107	178	70	133
68	37	68	20	68	79
109	193	64	97	97	64
159	190	46	90	72	190
38	55	24	55	38	52
70	83	83	33	83	83
12	8	172	8	63	8
82	90	75	90	75	109
161	96	183	161	183	110
44	37	44	19	37	44
81	17	177	48	81	81
42	150	85	58	85	58
93	197	165	40	26	144
93	133	93	54	64	64
43	43	68	43	84	16
74	74	41	74	74	22
62	73	154	154	87	38
36	20	198	198	58	114
37	87	64	64	87	11
36	75	75	135	75	59
19	86	19	51	187	187
128	41	11	102	194	45
35	87	33	35	14	33
184	135	111	184	135	39
18	144	186	102	61	116
5	39	11	15	11	39
164	83	192	27	73	83
23	23	23	116	11	11
73	71	102	71	71	73
10	200	135	34	156	10
29	26	102	192	102	132
76	78	65	76	118	76
23	23	46	159	46	104
168	126	23	191	172	115
46	191	89	19	107	126
105	34	34	78	78	124
55	62	17	199	84	61
64	36	64	19	64	19
84	16	16	16	84	21
21	76	184	102	184	135
164	39	194	174	139	72
117	45	45	20	20	7
127	71	127	105	182	127
22	32	33	145	32	152
21	68	87	152	21	87
30	30	33	166	84	30
90	90	109	13	90	65
139	81	48	48	47	170
67	99	34	34	13	67
13	74	15	56	74	13
54	78	88	107	64	124
99	99	12	99	92	178
28	194	6	104	28	104
8	61	61	16	69	8
42	42	99	156	149	88
143	153	153	17	143	169
45	45	94	45	22	22
22	92	121	95	138	164
120	120	69	60	69	54
28	63	132	95	28	63
85	80	166	85	85	39
24	44	24	116	24	44
35	127	35	35	52	68
160	24	197	86	24	160
40	64	40	55	19	19
67	49	49	49	36	68
63	120	81	172	63	81
47	24	47	32	42	32
197	104	136	38	50	129
103	51	45	51	51	45
147	17	59	48	72	70
37	145	116	19	10	29
104	160	32	131	76	160
42	27	42	86	185	86
21	109	10	200	159	93
33	175	11	11	106	11
50	84	192	55	84	50
54	54	44	54	54	54
116	116	79	27	82	91
13	49	173	98	98	49
39	20	22	20	22	44
43	45	45	45	26	45
144	121	174	67	194	110
58	42	53	58	85	85
48	163	85	69	33	197
91	138	20	91	77	77
22	55	55	22	55	39
82	78	78	20	78	23
80	31	31	80	78	104
80	80	161	68	80	22
48	27	86	27	86	174
32	33	82	78	78	32
82	56	69	93	93	93
130	32	32	93	11	93
121	13	24	34	13	189
15	15	165	77	165	67
115	110	176	110	175	88
31	71	57	100	71	31
144	82	7	28	7	28
134	40	73	42	40	40
149	141	149	24	137	144
62	42	165	84	167	62
86	179	86	97	101	97
141	109	142	54	150	161
129	116	42	25	42	25
39	138	69	114	52	101
63	63	63	15	72	154
38	86	38	86	84	141
43	70	65	43	36	65
152	119	133	20	15	104
70	63	97	124	63	70
153	117	77	24	153	117
137	190	45	89	89	86
43	12	12	53	12	12
81	115	27	161	74	124
179	36	197	95	95	26
23	16	16	56	16	16
188	16	164	102	164	75
68	61	16	59	61	68
41	52	29	29	29	50
51	177	40	16	40	16
41	91	157	41	99	99
7	40	171	7	7	35
137	20	116	115	115	41
134	14	14	80	68	68
121	154	131	49	154	41
58	17	17	41	69	41
87	81	85	87	85	75
62	8	34	34	62	200
35	12	36	40	40	35
26	144	82	68	7	103
78	22	133	100	81	78
122	60	169	49	22	60
87	14	138	14	118	87
21	46	92	90	90	15
14	43	34	22	34	14
29	128	6	128	136	136
91	16	70	112	16	16
29	29	29	65	26	18
69	72	69	116	33	71
72	27	181	83	27	72
29	29	29	6	29	29
149	16	149	96	65	78
20	85	97	198	119	87
62	114	18	98	18	62
20	95	31	31	52	52
88	88	27	5	181	27
159	46	159	28	137	28
110	16	19	151	166	153
45	111	144	111	45	120
98	70	70	98	91	39
12	19	66	19	120	19
9	42	42	42	99	9
92	166	57	27	137	183
82	68	157	54	82	82
12	12	12	24	12	83
27	12	38	151	109	10
23	102	89	170	15	60
113	188	71	138	67	188
32	13	10	10	50	10
144	25	194	57	109	25
56	56	112	15	56	77
82	53	82	82	53	28
200	83	101	88	51	44
5	5	45	5	45	98
197	174	197	106	109	142
37	71	36	134	99	99
5	117	5	8	5	8
21	21	21	86	29	86
37	112	116	57	80	112
191	118	85	173	105	5
47	158	158	20	155	20
168	77	168	5	181	181
36	89	33	31	36	36
31	31	49	82	82	89
103	190	41	71	41	71
43	147	48	43	135	99
20	41	20	20	20	14
52	28	45	52	45	198
37	59	77	59	77	103
110	75	80	76	75	80
46	23	170	46	46	34
157	93	39	93	10	157
75	174	174	84	98	35
48	78	78	75	75	78
151	105	28	79	173	55
43	65	30	116	200	158
86	37	86	33	33	86
172	75	7	132	75	132
93	116	103	47	68	68
92	84	95	94	94	96
159	158	158	40	115	113
30	51	51	51	51	80
83	179	35	111	125	83
61	18	71	160	169	28
84	146	193	84	94	103
28	27	183	57	27	57
159	66	90	167	10	117
114	130	130	130	118	165
21	41	94	157	13	139
63	68	76	68	65	63
121	68	121	195	124	115
86	101	96	44	44	44
94	24	26	24	63	26
103	131	191	196	6	103
96	99	8	99	96	150
17	10	17	10	34	113
64	64	96	174	81	64
95	160	175	194	150	22
117	82	110	26	26	117
90	78	155	73	78	78
58	46	16	46	36	11
79	62	9	9	79	79
185	80	107	185	153	116
93	53	13	93	93	61
155	117	50	155	173	62
12	15	78	15	76	15
35	85	35	178	87	35
41	86	192	86	192	99
38	150	93	38	93	103
72	72	20	72	23	72
103	43	194	65	39	100
15	52	159	52	7	52
191	26	191	10	71	47
65	65	31	97	116	97
86	171	178	101	191	86
13	65	115	87	60	124
39	39	39	89	38	33
107	176	91	22	99	79
56	56	77	56	63	77
51	165	18	165	104	153
28	14	96	28	14	140
74	139	154	62	180	139
70	70	63	74	70	70
178	178	37	115	183	156
111	52	111	199	15	101
90	87	129	23	90	87
95	71	40	71	40	71
35	25	25	85	35	35
6	6	90	6	6	50
67	5	81	67	81	74
81	49	77	88	88	81
38	161	88	60	60	38
129	158	151	40	175	111
71	57	13	51	51	51
22	63	76	22	76	146
70	70	59	74	31	31
16	68	108	65	169	142
55	18	113	18	27	55
72	72	57	48	59	72
177	57	45	173	167	172
70	39	92	70	51	53
69	40	21	146	150	26
24	24	24	111	79	79
46	46	65	65	83	99
20	18	87	18	88	87
60	29	35	35	47	29
60	60	61	14	190	60
14	20	20	20	85	85
16	118	106	106	106	65
45	132	13	109	117	117
32	92	150	92	57	150
82	92	108	115	82	92
166	12	96	96	12	90
20	150	62	178	150	62
85	85	24	88	93	88
80	44	94	44	80	45
157	10	46	157	46	153
39	106	70	39	200	39
70	37	70	70	70	90
173	78	11	78	85	11
60	99	68	68	94	99
77	56	56	56	112	77
110	193	84	77	149	25
44	91	44	163	53	91
68	22	58	46	118	182
58	155	67	101	67	101
76	106	98	76	98	50
56	21	21	159	44	21
106	54	54	54	53	70
27	27	27	136	99	44
11	42	84	199	111	154
27	126	44	167	44	116
26	150	26	30	82	44
92	150	92	9	74	9
159	11	69	159	186	28
107	107	35	107	107	188
189	189	154	169	80	169
79	79	79	94	42	94
105	165	120	113	113	120
26	26	76	26	62	26
139	89	57	152	100	152
132	65	156	123	71	126
81	81	26	67	67	67
52	52	96	96	12	27
49	52	61	36	107	98
85	79	36	85	36	57
29	153	95	122	152	189
102	88	141	198	88	198
93	33	115	33	33	14
14	174	127	60	174	127
69	25	69	41	25	69
86	71	86	78	72	71
107	107	100	57	57	37
72	176	24	159	72	176
75	57	32	96	75	57
51	65	158	71	159	137
169	54	67	104	104	169
72	22	92	190	86	185
22	22	37	25	22	22
95	130	15	15	15	93
64	46	64	46	45	52
159	103	181	60	151	159
32	185	17	93	93	93
23	28	73	73	137	117
90	91	90	65	120	90
121	102	114	141	75	121
30	31	31	104	30	30
66	155	118	58	174	92
58	52	118	127	52	52
84	20	128	172	20	33
35	10	48	10	35	103
87	87	8	8	83	102
89	117	155	114	10	117
38	45	45	44	188	38
41	36	45	109	30	41
24	70	11	24	24	95
102	29	110	21	94	101
84	73	84	84	84	51
147	56	187	108	147	36
68	68	83	68	41	68
61	31	37	43	61	43
54	51	114	76	54	51
33	158	29	40	178	33
72	43	72	48	72	43
41	11	41	142	41	87
64	74	93	88	93	93
76	61	101	119	69	140
173	17	72	14	14	14
120	17	168	120	102	168
157	164	113	134	88	34
158	174	50	111	167	158
80	72	72	44	72	80
10	10	26	10	62	175
188	24	188	29	24	93
97	178	46	171	84	95
37	99	69	69	76	99
48	48	48	8	26	48
177	74	118	74	53	197
62	58	74	169	133	163
71	53	121	65	187	182
146	77	82	50	78	73
57	135	53	57	53	98
47	46	87	85	114	34
26	175	48	153	55	55
126	34	17	126	126	24
70	24	29	24	11	29
51	44	44	60	49	49
82	70	18	82	18	139
37	32	37	98	32	164
140	150	198	140	151	106
31	31	42	42	16	89
98	125	114	125	98	16
181	92	88	88	19	95
15	27	27	56	39	27
69	56	12	12	12	56
19	79	38	140	36	139
102	96	96	64	64	8
13	77	71	158	13	77
9	82	9	81	81	81
66	90	127	33	70	71
168	77	77	79	112	79
152	72	72	148	70	148
58	20	34	187	187	114
23	23	23	109	23	23
114	63	41	58	200	98
108	125	61	99	108	130
49	30	59	59	28	110
51	99	34	99	23	34
38	82	63	63	63	38
162	129	55	55	110	129
10	10	10	46	32	10
116	32	48	120	198	48
80	90	87	80	52	52
38	38	38	85	108	85
15	130	18	18	15	78
8	32	94	34	94	94
18	79	121	113	18	196
26	42	82	52	82	42
72	6	18	189	24	18
180	125	65	40	91	50
33	33	59	101	101	79
16	33	33	73	192	16
110	14	158	106	158	141
145	125	71	182	198	53
171	10	10	43	57	64
108	192	108	119	61	155
115	95	30	103	162	103
196	120	184	174	44	150
8	81	9	8	8	15
49	89	145	49	28	39
40	40	81	181	17	40
75	134	58	75	75	46
23	77	14	73	61	73
187	50	57	51	87	197
47	17	15	15	15	17
32	23	30	118	23	23
50	75	21	149	50	50
73	75	16	32	132	187
13	180	80	151	53	82
30	30	155	74	53	30
107	107	86	89	21	188
74	191	97	151	74	191
92	164	179	14	171	92
93	93	40	106	112	40
26	58	32	58	58	105
87	22	54	181	17	26
12	69	52	52	69	12
108	103	160	46	160	46
108	74	120	123	178	23
115	35	35	148	14	14
91	91	25	11	25	91
184	12	167	86	96	107
185	185	139	139	52	80
117	56	45	38	45	38
57	144	57	42	46	42
29	20	138	91	138	138
50	101	35	86	53	35
71	56	71	56	99	56
193	32	101	158	159	159
44	12	81	127	12	44
83	184	6	105	186	49
92	10	158	158	92	112
16	132	182	126	124	77
82	82	82	82	82	31
33	192	112	112	100	192
143	37	138	138	118	143
73	26	42	26	88	42
33	167	54	66	96	145
92	184	6	38	92	38
185	121	105	79	102	107
127	86	97	97	185	185
159	143	31	85	85	70
144	58	79	30	46	115
156	20	65	81	72	124
26	128	76	36	76	128
109	104	76	95	95	76
40	66	26	66	40	40
59	43	15	15	15	43
161	176	60	111	140	44
117	139	163	75	69	68
17	120	17	113	60	18
6	49	69	49	6	63
179	103	71	98	161	161
52	61	52	14	52	117
82	117	65	148	117	105
97	97	47	44	178	193
161	147	161	91	191	187
50	50	94	50	51	69
37	94	98	146	156	59
53	65	81	29	65	81
60	82	27	39	82	39
107	71	102	39	196	154
80	104	117	61	65	198
10	24	58	195	10	58
27	72	27	57	82	57
54	185	53	156	185	153
92	52	43	25	96	129
53	99	95	156	53	95
169	80	41	58	80	58
144	136	69	61	144	69
98	40	40	98	51	82
7	59	59	90	90	99
40	40	144	79	40	76
51	65	86	12	19	97
179	15	52	71	52	71
89	59	33	30	33	30
118	32	174	41	32	41
93	51	59	77	47	105
18	18	18	8	68	18
111	96	59	96	59	177
22	17	14	22	14	14
67	63	63	56	67	67
79	79	64	64	64	62
86	39	50	58	39	86
30	23	28	23	110	28
14	94	75	51	103	104
49	49	14	55	14	41
108	76	21	191	95	144
200	183	174	63	63	44
151	144	76	157	200	144
86	173	173	20	173	69
101	104	195	195	137	104
22	9	22	9	9	66
33	196	66	196	122	174
84	16	120	58	116	110
41	92	92	92	49	178
95	108	95	95	103	66
77	38	31	81	77	81
191	94	94	179	75	105
63	131	197	161	54	178
172	76	53	174	156	20
198	74	74	74	26	11
80	52	120	52	60	60
184	159	111	110	12	110
116	91	58	178	33	26
96	164	53	187	25	63
81	81	23	81	81	81
94	9	94	28	94	26
55	55	110	55	45	45
39	92	96	96	58	96
145	103	69	69	97	97
21	27	176	27	47	47
93	26	26	50	161	26
87	75	51	87	128	87
183	114	194	194	194	37
127	158	148	119	143	148
112	122	52	182	31	143
89	66	88	88	66	191
155	86	48	146	24	184
156	156	43	182	156	119
15	84	64	15	15	76
16	176	184	66	119	116
33	168	33	40	82	33
33	97	86	97	89	89
52	72	69	72	12	69
123	123	127	7	187	127
133	101	126	165	101	43
144	26	16	109	186	144
74	5	85	8	74	8
110	110	87	85	47	87
80	92	7	46	7	7
181	24	53	24	53	92
22	22	146	146	6	38
64	51	48	64	149	149
58	14	73	58	73	58
96	11	96	54	91	96
190	13	90	140	90	32
112	132	131	9	157	97
47	62	76	134	120	109
42	144	182	46	25	49
93	68	33	33	93	85
149	21	118	149	90	112
71	60	60	44	66	44
50	73	60	57	188	188
63	118	199	121	74	40
186	128	12	197	65	148
70	196	70	65	32	65
12	151	54	54	72	72
119	28	53	171	171	101
148	48	65	38	65	48
37	40	88	88	40	132
9	39	33	97	9	9
76	114	26	48	26	76
47	83	96	44	83	129
74	152	64	43	152	152
142	116	174	12	162	102
84	183	93	196	144	58
16	50	11	36	173	173
176	38	176	125	21	125
25	25	196	115	177	109
111	106	113	30	40	191
183	53	113	37	99	73
25	14	137	182	111	20
73	38	197	138	197	104
61	61	5	61	5	36
39	29	163	39	53	39
94	58	58	58	22	6
28	105	66	66	130	188
174	94	151	151	35	35
28	81	81	150	143	150
181	65	181	178	94	136
174	200	174	57	200	183
86	66	82	130	82	66
18	36	7	23	23	7
36	82	36	82	36	107
81	98	43	43	43	98
99	16	99	16	16	90
50	50	37	16	16	147
23	192	21	181	84	34
132	9	9	29	60	9
45	12	16	12	30	45
47	108	45	45	14	14
81	86	81	86	81	21
195	28	28	78	19	28
52	52	96	60	96	152
94	39	189	94	24	94
87	87	35	87	15	112
189	164	160	198	187	115
157	117	83	139	157	14
95	38	22	38	95	95
17	17	77	44	77	77
80	80	5	111	5	107
65	185	51	185	124	149
108	78	76	78	76	78
161	73	97	47	73	97
19	78	102	77	187	119
124	190	190	68	43	9
47	176	94	105	105	128
75	17	21	188	57	188
88	79	63	88	169	88
98	98	79	140	79	111
40	29	168	65	103	10
26	26	72	26	85	79
17	180	64	114	70	46
44	158	200	100	52	154
97	50	50	97	112	65
58	39	41	40	166	41
50	25	25	67	194	67
35	111	29	82	141	151
90	151	25	36	47	56
171	44	171	123	23	44
24	32	93	32	93	51
33	58	70	43	24	189
137	77	77	100	70	70
171	171	49	200	18	200
104	29	77	77	86	77
65	26	25	119	26	26
60	68	63	60	165	68
97	51	51	51	112	97
5	18	53	194	26	157
16	47	25	163	180	163
42	55	94	94	42	42
90	85	32	90	32	32
147	114	63	92	92	82
47	157	157	47	116	66
66	66	96	20	86	20
86	79	97	97	79	97
23	180	50	106	81	167
40	74	38	21	117	52
61	72	61	72	103	61
195	35	35	57	80	57
137	66	169	164	36	112
71	75	12	12	20	12
22	23	23	23	22	68
62	38	62	38	30	103
82	154	64	19	71	64
55	55	66	69	28	66
68	33	33	33	21	82
121	59	187	121	85	62
54	97	70	54	14	54
70	17	17	51	69	69
97	97	87	56	87	171
102	102	33	64	18	30
67	70	9	67	70	67
197	73	88	88	109	55
154	103	100	154	93	134
55	16	106	16	47	106
47	47	72	104	72	46
40	40	73	66	116	73
71	26	71	71	53	106
166	138	74	141	13	80
121	195	14	121	23	155
61	79	79	92	180	92
45	27	163	27	45	97
13	38	38	56	111	22
126	24	22	176	127	97
11	36	35	11	11	132
96	115	15	119	85	115
40	10	10	10	20	87
52	55	55	102	55	64
101	52	52	97	97	73
26	46	26	187	70	46
5	64	147	39	197	28
55	39	27	39	32	27
26	86	14	86	26	95
70	6	18	42	70	70
117	92	32	171	171	117
48	89	89	20	48	89
141	43	62	62	62	62
65	65	65	65	33	98
90	26	26	26	89	90
39	27	50	85	85	39
53	53	77	41	41	131
21	46	77	46	21	113
95	74	70	95	199	135
88	88	98	64	98	88
61	97	97	97	11	11
34	34	105	90	34	190
58	93	151	145	167	94
77	76	77	82	73	77
29	150	68	184	119	99
70	69	133	134	130	89
9	84	84	17	9	9
20	189	189	189	92	104
50	117	47	47	58	47
56	69	69	69	69	79
77	91	196	181	97	72
100	196	84	48	105	48
13	68	153	59	153	13
15	10	30	15	15	15
46	76	46	46	46	9
129	19	193	19	58	65
134	69	69	130	134	105
17	17	94	10	94	109
69	90	111	118	48	69
186	186	64	197	107	197
102	47	66	121	52	21
164	175	134	6	188	188
47	85	12	85	12	19
80	13	68	92	13	13
19	97	97	128	26	97
25	67	25	67	14	25
95	95	95	16	69	69
64	44	187	25	64	44
64	10	12	12	64	59
81	37	121	81	57	57
20	42	85	20	20	162
61	6	161	175	72	117
124	124	62	62	66	200
132	158	75	188	116	113
11	119	12	11	11	12
92	126	110	78	92	92
54	93	42	42	105	93
176	60	95	107	175	58
111	42	175	111	68	85
21	94	70	70	83	70
46	97	46	92	46	130
128	132	81	128	176	121
75	34	69	75	34	161
62	176	107	84	66	66
125	186	37	143	130	130
93	65	154	162	75	134
137	197	49	98	137	98
10	54	56	88	54	54
43	104	156	58	147	82
31	33	33	36	31	31
99	178	14	135	178	14
109	12	12	81	81	100
171	30	88	98	30	88
12	92	69	69	23	69
75	51	51	80	65	80
177	51	145	33	154	148
83	51	16	72	51	51
55	36	55	36	82	104
88	174	88	93	93	113
166	5	75	35	75	5
12	79	64	12	62	157
193	15	15	116	182	60
76	31	33	31	34	82
76	38	186	110	128	109
78	108	14	108	25	103
9	84	84	19	84	190
174	44	80	160	161	73
88	88	15	83	83	96
61	97	61	178	61	109
59	10	36	10	36	41
200	77	57	180	175	27
91	147	7	22	22	170
87	87	87	30	34	30
9	9	188	37	37	7
126	48	126	43	41	43
52	171	31	28	72	52
18	80	188	195	80	188
188	20	20	66	142	113
45	95	45	95	33	95
35	8	61	61	177	61
134	19	69	54	33	145
197	188	44	66	81	141
83	36	86	83	166	36
27	63	27	63	46	27
48	18	48	47	48	97
21	21	54	65	65	88
101	21	101	154	106	92
72	72	63	72	63	7
74	67	65	74	55	67
139	125	125	110	29	168
76	101	82	76	64	129
94	94	76	59	148	59
74	143	94	74	175	142
159	193	119	162	199	162
87	46	147	46	80	46
77	77	69	77	69	77
173	54	166	173	18	10
32	108	89	168	89	168
77	114	77	17	17	70
41	41	52	41	182	29
46	188	46	71	111	182
186	119	131	112	105	26
15	165	40	45	165	16
189	69	98	19	69	167
74	74	127	58	58	75
87	87	65	87	87	104
59	130	191	69	39	174
16	83	31	31	187	83
20	127	149	15	19	106
103	49	23	200	48	47
113	14	70	14	66	70
152	89	58	192	65	152
145	76	145	48	131	159
61	94	8	94	124	8
184	87	128	49	53	87
124	81	52	37	147	102
26	44	26	180	44	107
88	88	86	51	51	57
74	39	10	74	28	74
198	63	156	143	97	141
52	76	52	14	14	100
78	67	17	78	67	78
91	53	20	12	12	12
90	23	70	185	23	92
114	158	68	118	66	36
173	90	99	125	15	82
69	69	142	64	64	56
51	75	75	90	80	75
69	182	93	165	68	158
80	80	48	141	53	53
119	114	99	44	99	99
6	6	6	31	49	24
198	28	165	21	69	192
99	136	137	138	199	137
174	101	116	7	101	174
99	99	189	37	52	99
51	26	81	81	113	26
126	112	139	43	190	73
60	113	68	60	152	68
26	26	26	73	54	91
70	161	63	63	158	200
36	31	31	60	31	135
116	71	46	71	21	71
51	12	51	51	83	183
98	31	98	61	31	46
69	98	57	69	138	57
7	7	43	43	84	38
12	88	12	148	148	58
111	8	45	8	86	86
135	5	37	37	85	5
35	57	7	35	57	57
41	164	45	64	164	64
55	78	103	73	73	73
151	60	119	151	119	116
84	127	96	133	83	146
151	66	30	77	30	77
20	39	39	39	78	82
165	122	165	107	53	122
83	63	67	164	63	24
119	122	105	190	147	144
178	112	112	119	31	90
24	85	85	106	24	24
52	184	184	115	65	160
134	78	78	83	56	83
168	194	194	10	71	33
53	92	92	92	13	71
78	111	33	92	23	59
11	42	84	105	102	14
84	80	85	80	69	51
85	93	85	18	17	26
60	35	81	81	20	35
60	79	118	60	79	60
191	70	32	70	70	83
92	155	74	194	194	194
91	70	51	91	91	88
179	20	28	77	28	28
122	14	74	142	189	48
44	73	44	114	73	94
42	96	23	96	65	65
175	112	95	95	121	195
63	63	35	50	63	50
93	81	81	166	28	28
30	24	24	91	55	24
169	65	169	178	65	79
93	155	151	22	90	87
92	40	92	180	111	40
80	80	80	80	80	58
14	44	22	25	14	44
87	87	87	49	49	53
24	173	56	60	53	156
9	9	104	45	45	45
12	43	21	43	21	85
83	199	83	99	93	83
79	35	70	70	70	150
53	85	53	104	135	85
107	87	93	60	194	21
45	127	143	26	45	143
69	59	78	78	64	59
107	18	15	171	52	15
136	102	121	40	136	118
110	52	21	147	52	110
194	24	24	14	123	62
111	40	40	40	22	22
68	174	38	68	52	38
129	142	69	60	15	107
99	125	17	38	81	17
85	14	195	85	23	14
41	88	170	52	52	88
86	194	73	172	132	139
8	100	95	95	162	8
42	42	95	99	17	99
81	35	23	35	35	23
60	185	68	68	57	172
15	161	49	176	138	40
80	66	60	66	80	15
83	189	44	189	178	74
79	102	108	105	127	52
62	67	174	100	66	174
45	156	156	44	88	119
20	52	52	160	54	20
82	39	176	82	23	23
25	25	25	23	25	7
86	127	90	93	86	90
88	18	141	98	115	141
157	55	26	125	38	93
18	23	23	174	38	38
199	12	199	148	156	57
90	57	90	57	57	55
82	81	55	55	55	197
28	8	20	8	8	15
87	56	142	123	45	51
93	25	112	112	34	25
71	48	12	71	60	71
57	5	5	59	59	103
179	161	13	170	42	170
21	21	72	59	72	22
140	144	183	23	93	20
13	90	90	93	65	13
127	37	166	64	112	94
52	81	52	71	95	81
33	33	31	77	107	77
51	89	51	35	89	40
17	87	89	16	17	17
180	27	113	180	11	30
154	111	159	159	10	27
182	91	106	80	128	85
56	56	56	16	139	120
12	38	174	7	33	62
69	48	99	69	200	99
34	143	180	62	62	143
24	31	24	74	160	84
20	20	42	101	20	42
101	55	114	61	61	61
85	19	173	185	10	185
87	128	16	116	16	162
31	31	82	31	108	44
139	92	127	127	16	155
115	77	77	146	51	146
88	26	142	76	177	15
109	87	186	69	186	109
38	161	38	76	47	47
91	92	96	92	27	27
69	46	46	133	13	46
112	148	119	119	24	148
85	97	97	93	93	97
33	133	116	82	41	82
7	7	13	13	69	129
26	13	32	80	32	32
13	83	155	83	42	13
96	65	31	96	31	98
57	18	57	78	57	193
113	176	176	22	134	26
65	16	47	16	16	82
184	108	67	133	132	67
107	112	98	156	199	156
65	83	65	98	14	83
82	61	82	84	87	76
156	200	51	34	180	94
55	23	55	40	55	55
7	193	101	150	85	72
44	65	119	44	65	82
92	120	126	52	87	27
5	65	96	65	62	5
60	102	42	189	185	38
190	49	84	151	190	191
39	72	116	50	168	199
11	11	43	43	15	60
70	70	46	191	73	73
68	25	16	21	21	16
127	112	27	139	127	112
81	19	78	81	81	81
78	74	21	91	78	21
25	50	55	50	184	25
138	138	183	72	37	138
39	39	12	74	39	12
89	79	20	79	79	79
93	120	116	93	93	83
107	10	166	71	10	166
87	71	87	196	80	87
106	73	156	126	73	156
103	71	95	28	71	95
120	52	23	193	189	166
141	42	136	59	146	146
87	65	65	114	99	87
108	74	91	73	74	24
92	41	77	16	92	16
40	40	32	5	32	32
21	67	21	67	52	21
116	150	53	63	60	131
32	29	29	147	48	48
107	108	103	26	56	26
108	117	139	179	123	66
32	72	162	32	72	24
170	174	174	101	17	17
15	39	39	39	81	15
81	168	79	115	11	112
13	119	65	75	75	75
66	88	66	66	79	66
20	20	128	20	36	19
197	96	70	70	21	96
82	13	82	82	82	17
98	14	25	79	25	98
119	172	38	120	67	98
77	45	178	77	52	52
32	15	15	26	126	26
108	143	75	14	35	75
56	56	21	76	56	21
39	76	9	9	39	41
13	24	53	155	24	24
55	80	34	80	29	34
114	107	190	102	107	29
16	89	16	51	57	51
5	112	187	114	112	114
38	69	105	69	87	87
13	13	67	13	29	13
41	25	25	41	80	64
109	111	34	54	109	111
10	102	142	14	10	10
172	158	158	83	12	17
44	89	89	89	74	119
54	95	146	157	127	54
84	18	63	84	29	84
58	5	18	58	5	84
40	21	44	102	40	44
159	95	78	78	73	73
75	82	82	82	66	66
51	5	20	20	51	20
84	154	58	14	187	171
95	85	85	147	85	29
63	81	164	81	63	19
38	37	61	61	168	37
21	76	76	96	88	96
5	6	99	6	5	6
25	85	44	86	44	44
59	151	93	11	10	11
52	173	108	71	27	138
105	145	145	187	56	187
106	85	117	71	85	71
63	71	175	109	132	109
40	111	131	46	40	40
77	75	77	75	78	75
74	63	74	74	61	63
129	156	18	136	192	192
21	19	19	69	19	54
154	75	88	184	77	121
100	20	38	100	187	193
115	76	112	26	66	40
101	159	101	159	94	19
94	151	141	94	151	74
158	12	125	32	125	102
61	61	39	61	53	39
150	134	187	26	198	37
151	96	56	56	73	73
71	28	28	16	16	111
13	11	53	13	96	53
45	125	102	45	45	125
54	7	7	84	109	54
54	39	144	156	11	27
90	90	12	90	90	40
54	44	174	12	54	129
49	10	10	49	49	29
10	21	10	47	98	21
30	75	90	30	81	90
114	114	88	134	139	15
164	200	24	93	101	106
33	37	72	33	37	33
69	22	18	21	21	18
38	74	74	74	74	50
92	92	31	16	31	60
107	72	24	88	14	47
112	196	170	196	170	48
123	33	108	33	146	146
64	22	22	64	173	64
56	149	62	47	47	62
53	16	53	71	96	96
64	17	17	38	84	64
11	53	11	11	79	72
31	31	102	48	14	14
59	59	59	59	11	25
19	91	121	19	54	91
54	62	106	61	103	28
69	85	181	180	175	139
157	64	143	143	91	93
79	79	23	79	59	19
43	37	37	59	33	43
35	5	57	81	81	81
40	71	87	40	40	87
11	11	18	27	33	33
89	45	89	45	91	45
116	149	70	91	116	101
51	51	51	109	65	65
102	54	54	13	13	27
60	167	67	50	91	17
104	64	116	116	163	29
62	62	162	29	61	29
62	49	12	15	168	78
86	118	80	43	43	80
27	6	23	33	23	6
22	58	66	152	147	152
155	158	135	88	162	97
151	71	47	69	69	47
55	71	55	71	86	71
20	80	15	103	118	130
44	44	13	110	22	13
129	87	17	169	181	41
38	23	115	16	115	88
180	7	7	85	86	85
85	105	161	85	31	85
185	88	121	27	121	27
74	94	53	87	94	87
148	174	173	198	100	161
135	91	80	135	80	100
28	28	78	19	168	19
35	138	80	104	35	80
89	174	174	57	105	89
16	174	99	180	174	191
124	43	111	37	111	37
42	33	42	33	42	48
22	64	16	22	22	15
60	79	79	96	64	64
17	20	163	17	17	22
39	39	31	167	31	43
86	66	103	59	104	60
196	86	81	17	25	46
161	38	100	82	88	132
69	55	39	81	68	59
151	192	18	99	136	157
105	82	82	130	50	130
145	59	59	138	59	82
87	49	23	49	64	23
74	7	74	7	86	171
54	81	81	168	82	81
77	166	116	77	34	34
43	83	56	83	56	176
158	80	105	78	64	105
92	85	74	64	64	37
161	48	87	55	138	178
45	161	88	55	55	55
21	82	21	14	67	21
105	197	65	65	74	74
63	114	50	109	19	63
155	83	174	170	30	22
117	24	23	59	24	23
50	119	50	50	166	32
42	24	81	42	81	43
148	76	26	14	76	26
95	95	57	39	175	95
35	95	95	35	39	85
192	192	162	105	162	58
13	128	13	85	61	61
135	113	135	113	35	141
40	144	28	80	84	40
77	22	86	22	19	86
183	132	138	19	12	12
70	50	70	70	33	74
85	111	41	48	175	141
48	41	109	41	15	15
120	18	144	77	96	134
73	154	73	95	73	95
49	68	61	61	61	45
10	53	10	176	177	74
17	29	27	171	17	171
27	27	59	59	82	161
92	110	75	75	75	59
8	84	74	42	133	42
89	138	117	10	169	119
64	174	150	64	21	174
119	145	145	41	184	111
189	42	42	110	42	17
57	86	53	57	23	53
81	81	102	44	44	169
30	18	7	23	30	30
36	82	54	54	36	36
89	89	89	24	60	89
90	101	9	9	60	9
31	74	46	46	6	6
103	70	16	70	70	65
8	8	8	74	105	83
159	74	68	68	41	68
35	84	170	85	84	85
18	12	12	18	79	148
39	12	94	39	12	44
131	140	60	76	30	30
135	22	83	29	74	45
140	15	140	114	15	47
44	37	37	44	15	142
47	120	47	47	45	68
92	98	98	98	131	100
84	166	166	184	95	112
77	77	59	72	91	72
55	83	65	55	125	65
12	176	74	12	5	74
80	36	155	80	155	189
45	45	16	30	45	45
200	134	54	87	54	200
91	59	69	69	171	69
31	31	110	11	75	31
21	127	26	190	49	200
176	156	89	100	176	144
13	143	17	39	45	68
49	39	176	106	60	22
49	43	27	43	69	27
95	89	149	8	8	95
18	81	84	24	123	39
54	189	54	147	156	71
97	56	63	56	86	86
83	73	71	24	71	71
47	63	47	70	47	67
96	52	96	78	78	54
175	86	26	20	176	78
5	5	5	15	5	5
51	51	177	69	51	89
32	22	51	51	51	51
196	29	18	11	29	196
74	57	168	21	107	170
155	188	97	32	176	29
22	85	28	45	23	114
8	183	180	38	183	180
89	25	73	70	25	25
11	194	22	86	137	181
156	103	107	105	105	107
96	157	184	74	74	78
26	80	29	133	180	66
35	88	35	26	35	35
46	5	90	24	110	184
44	44	32	48	39	39
53	11	11	43	79	79
176	152	24	64	134	174
65	65	52	41	65	119
131	169	44	179	131	82
19	19	28	89	74	28
114	29	74	147	114	74
66	79	66	79	96	79
87	65	128	128	190	190
13	185	79	92	92	13
32	65	32	47	32	65
85	142	89	67	89	51
48	20	20	20	72	48
90	14	113	90	51	51
88	18	18	18	40	18
62	162	170	13	89	183
60	125	161	75	107	8
20	9	57	57	25	57
44	97	44	133	97	48
52	19	52	67	40	19
56	84	20	56	84	84
87	24	152	179	170	24
24	24	34	34	42	24
83	83	14	83	20	169
61	52	113	199	85	119
80	80	72	80	13	80
105	55	37	95	55	95
53	53	37	8	8	53
11	15	36	11	11	100
82	81	81	82	82	99
59	20	25	20	20	59
196	19	19	117	28	28
30	12	58	30	58	120
130	119	119	136	36	112
104	52	11	52	52	35
25	25	74	74	74	88
33	193	142	151	81	151
53	34	38	47	39	27
25	25	108	25	61	61
170	50	54	79	197	100
36	35	141	36	21	35
84	84	84	84	19	18
65	65	65	37	53	65
49	49	94	190	36	36
12	12	190	12	12	9
171	133	21	28	166	53
55	35	47	55	47	45
53	72	34	53	10	10
173	42	135	176	75	72
70	16	138	138	16	106
7	60	160	37	67	50
178	148	88	178	94	54
52	83	142	174	174	48
53	19	25	25	19	85
85	183	175	85	105	143
107	107	51	129	41	159
60	90	18	98	23	173
64	16	98	16	16	16
85	122	18	170	85	114
73	22	22	73	36	73
12	102	12	69	91	66
155	10	112	141	117	92
192	151	10	161	192	77
73	73	104	137	137	158
74	74	29	22	74	60
33	158	171	143	35	41
160	160	116	116	95	97
68	60	20	34	68	60
98	81	81	98	71	125
115	79	76	79	79	85
28	58	43	169	58	43
185	26	62	96	26	96
66	44	198	104	87	95
133	133	108	185	188	185
10	32	193	173	33	10
144	144	34	86	144	76
52	132	132	52	73	78
26	14	14	66	66	159
172	43	117	21	80	11
72	72	78	111	43	43
44	20	119	20	78	44
6	13	13	6	13	6
23	64	60	26	118	116
40	40	76	76	87	76
60	109	12	148	127	67
25	68	194	78	160	21
69	69	45	10	45	156
92	12	92	24	92	13
193	161	8	71	186	30
57	57	183	57	97	81
161	22	84	84	105	115
60	60	60	28	28	66
31	31	50	46	46	51
36	119	131	51	94	119
138	87	64	64	37	87
172	193	197	46	193	197
173	42	116	104	114	75
52	92	92	111	197	52
90	24	175	123	111	42
144	120	121	11	38	33
55	39	39	38	133	65
83	57	164	19	164	89
47	59	59	150	6	47
17	146	118	195	118	87
23	9	100	9	23	43
44	83	83	83	53	83
54	61	181	112	197	27
10	10	24	54	10	139
112	72	38	38	72	199
15	15	46	15	70	97
67	67	151	62	194	151
33	82	33	82	76	120
77	56	46	77	77	19
86	85	135	85	100	85
23	98	45	55	98	23
181	17	94	14	131	14
200	60	30	30	91	30
195	51	114	51	56	56
132	159	5	159	67	76
50	50	50	57	107	24
41	86	59	59	59	59
106	88	119	106	125	81
88	59	83	83	55	55
185	148	28	56	122	195
52	52	127	186	118	119
27	5	119	27	5	82
89	67	12	89	89	130
56	22	10	22	9	56
8	144	25	25	25	77
33	92	118	39	123	135
49	26	167	13	88	85
89	28	89	46	28	89
74	19	115	19	144	74
25	111	95	25	43	95
44	44	113	83	137	83
89	89	96	96	86	97
7	7	59	59	56	35
116	61	56	61	5	5
45	165	41	165	167	191
137	40	128	83	33	56
139	98	77	139	25	98
76	47	89	47	47	53
21	40	176	21	176	139
60	76	15	15	65	15
42	42	94	42	59	27
81	154	165	26	195	154
44	161	91	91	161	92
32	32	32	88	32	66
44	16	194	194	194	23
86	170	113	83	20	170
27	72	41	139	112	70
60	120	97	97	12	60
26	26	26	90	26	21
159	23	43	23	96	23
111	107	26	26	153	108
31	66	91	84	31	31
83	21	21	21	103	97
63	124	118	120	107	180
111	13	89	68	111	196
36	100	25	78	112	78
64	54	64	54	115	54
85	53	53	98	166	98
9	9	27	66	15	15
56	26	57	57	56	57
75	28	91	113	89	41
30	30	64	64	26	30
69	69	69	79	17	135
92	33	146	14	53	112
163	200	163	43	70	43
54	128	173	136	88	13
55	13	150	200	84	55
75	43	75	75	121	69
191	191	59	43	53	109
85	80	80	85	47	65
62	98	41	81	98	98
189	102	102	56	57	104
13	68	13	13	68	82
104	112	110	148	67	168
8	70	48	48	48	22
17	106	77	115	141	115
5	5	75	81	81	114
50	50	64	36	36	50
67	151	16	39	67	65
35	39	39	19	39	101
79	30	74	123	30	30
44	31	189	31	62	31
122	72	166	40	33	154
89	89	23	20	65	20
23	61	37	196	37	23
167	107	80	80	75	61
51	51	51	50	24	50
16	160	16	98	87	160
109	68	116	68	10	68
82	82	10	138	50	10
105	70	70	94	70	94
123	178	178	54	123	44
41	113	175	70	113	49
98	90	81	81	81	47
66	199	79	108	76	79
47	28	47	63	122	47
82	156	78	156	62	170
58	122	58	58	34	31
9	9	11	95	25	9
80	92	80	163	52	139
92	37	164	65	186	126
88	114	88	140	88	88
162	11	152	38	38	130
122	160	46	108	82	38
170	130	163	103	170	113
195	43	69	43	54	69
40	80	40	9	11	13
91	79	91	91	147	91
39	39	39	57	20	79
51	81	173	51	51	113
65	18	82	82	90	65
91	74	74	170	74	20
58	97	97	112	106	58
58	36	193	153	191	143
98	98	62	98	50	15
109	38	79	199	113	179
77	64	64	23	67	67
94	73	147	27	146	78
79	31	39	97	55	97
149	149	67	146	146	171
166	78	78	33	14	33
61	161	65	51	45	71
84	84	80	29	84	84
11	11	194	11	89	57
40	40	155	92	68	40
159	6	19	39	181	186
43	10	27	71	71	27
18	76	30	18	76	117
10	10	10	44	178	22
190	68	200	145	10	33
173	61	11	61	61	61
70	78	42	42	150	42
71	75	64	165	69	136
42	42	70	42	108	70
103	149	153	24	98	184
49	146	88	188	198	46
18	184	126	79	179	108
44	184	113	192	142	75
13	83	52	70	150	13
61	61	20	58	61	61
49	134	76	49	49	137
148	184	86	77	77	27
69	91	91	69	70	49
155	109	16	111	79	79
193	117	30	152	103	53
84	65	95	27	84	84
51	64	23	32	23	32
64	65	31	65	64	64
87	144	57	30	156	128
102	59	51	59	55	59
79	73	116	76	47	96
97	62	186	34	186	34
25	57	47	47	90	57
64	64	41	41	36	138
74	32	74	32	26	74
34	20	98	15	15	34
10	14	106	162	141	141
120	58	191	87	62	191
126	179	163	79	108	117
79	104	40	104	29	104
12	69	141	36	119	118
66	66	66	59	95	59
75	7	51	17	7	75
22	38	38	112	22	38
21	21	80	122	24	80
54	84	74	54	84	54
11	64	11	18	21	11
141	33	157	45	90	157
58	89	62	89	142	58
87	155	155	162	185	70
185	26	61	61	191	45
172	145	137	91	147	126
33	13	13	34	33	181
51	129	33	33	129	38
30	30	48	30	30	108
31	29	29	29	5	29
27	171	80	188	27	53
37	48	18	18	131	37
70	26	96	70	197	96
125	87	90	98	103	46
88	74	88	40	37	37
27	40	40	68	40	40
141	99	42	82	42	99
187	46	168	37	79	12
27	184	99	99	101	99
26	70	70	35	16	26
17	91	116	25	17	17
102	184	32	88	88	184
55	22	107	194	22	22
73	86	176	31	73	86
118	15	22	81	15	15
8	78	78	9	78	9
49	62	62	8	62	62
83	94	68	110	94	83
85	78	52	48	116	35
11	94	109	67	63	199
27	27	62	55	27	92
95	21	21	42	44	21
118	111	181	41	64	166
15	57	78	45	45	78
115	38	74	74	102	38
74	149	116	149	60	60
58	94	146	94	74	94
80	19	80	80	84	84
39	39	84	10	36	84
162	80	79	42	162	137
21	88	8	88	8	56
199	32	59	199	50	32
174	82	177	24	35	112
43	91	45	43	43	75
84	174	110	120	170	170
31	13	20	13	42	42
26	38	26	26	20	41
68	119	100	68	68	61
115	169	26	115	170	170
186	186	143	25	54	143
26	181	19	26	24	19
73	73	15	25	24	25
49	89	23	89	23	89
48	83	46	144	184	184
161	10	102	10	10	65
105	76	76	61	61	71
85	182	32	85	111	32
99	99	99	15	99	99
14	70	14	14	51	96
45	19	45	31	45	31
198	198	178	98	178	29
178	77	178	166	166	164
145	73	81	107	81	73
28	28	87	67	121	28
87	195	83	82	82	87
90	144	144	90	86	181
89	58	123	58	89	99
57	101	26	101	188	192
127	155	81	146	89	66
55	16	55	16	176	41
147	89	10	53	10	53
132	9	186	198	120	198
58	16	62	68	68	68
89	121	115	30	126	59
16	16	74	52	7	74
145	195	114	195	97	171
23	23	95	95	96	95
185	46	185	186	167	127
113	99	117	32	99	32
188	16	33	188	54	170
112	12	186	78	169	55
183	108	183	189	189	82
102	127	165	42	18	37
144	174	152	32	13	111
56	32	105	78	153	12
99	49	49	7	7	49
84	37	91	59	59	59
49	49	33	33	33	16
84	95	184	187	84	76
73	86	86	61	86	61
140	79	100	112	112	84
11	77	45	195	77	45
31	17	54	57	54	31
11	105	11	29	60	29
187	80	17	187	162	151
88	10	120	196	73	88
29	66	29	66	193	79
163	186	57	163	49	57
77	185	185	39	62	39
34	160	31	160	177	13
94	17	91	17	107	94
40	28	55	55	65	28
21	38	193	38	21	45
68	129	185	68	48	129
154	162	109	118	198	154
84	30	30	39	170	15
8	37	62	37	184	62
109	28	188	12	22	38
85	162	95	82	85	160
23	195	47	41	116	26
40	17	65	65	17	65
46	41	98	41	52	52
95	90	67	90	95	95
88	88	25	79	25	25
67	98	176	67	98	34
64	74	174	184	184	174
69	69	76	77	69	37
160	122	122	7	160	192
8	35	58	8	51	51
56	8	45	65	65	65
16	110	16	49	126	49
200	12	195	29	32	12
75	75	8	61	131	8
24	24	24	82	82	110
55	132	55	35	43	35
43	116	43	35	173	43
58	34	34	185	93	93
66	57	16	57	107	16
18	86	18	92	18	57
34	34	34	23	34	10
30	30	30	42	30	19
81	81	81	71	13	31
62	50	49	62	33	49
19	18	148	134	92	134
14	66	66	14	42	131
89	89	79	82	181	89
159	25	9	109	39	179
186	68	179	50	99	86
153	103	194	55	128	180
45	45	107	45	47	16
34	65	64	79	65	65
68	90	66	68	66	197
52	74	140	87	103	142
54	78	78	80	115	54
72	61	104	72	61	167
17	176	66	17	47	66
86	43	35	86	86	35
113	134	83	154	84	89
194	77	91	77	77	12
99	5	5	58	124	58
141	125	91	42	109	62
80	74	70	74	38	15
5	75	5	11	5	5
70	17	17	54	17	70
62	109	62	109	198	28
20	31	123	30	20	109
189	61	65	145	25	143
77	77	52	27	133	52
78	9	16	9	82	82
94	61	61	94	192	82
188	32	104	104	24	104
199	84	35	143	185	170
94	32	75	75	103	94
129	66	67	117	74	112
91	147	101	131	136	14
70	64	136	136	136	27
58	51	199	85	26	159
95	104	8	123	61	164
84	142	69	69	90	142
55	29	68	68	68	70
113	159	59	7	109	102
61	54	119	167	113	74
119	50	43	169	157	200
184	89	95	14	184	89
63	30	7	75	7	7
82	61	30	170	93	30
114	28	39	39	39	139
75	75	75	75	21	64
115	46	11	116	172	11
97	108	29	89	89	108
116	116	156	156	77	149
103	187	166	66	59	110
113	130	130	29	130	33
56	31	112	22	10	153
197	163	85	197	91	176
13	66	200	66	59	64
150	92	103	136	94	92
79	43	43	200	110	11
51	165	7	145	67	134
159	107	168	21	159	21
39	59	59	59	29	40
57	34	106	91	39	59
25	145	47	47	25	66
112	156	69	88	156	69
77	39	77	63	9	77
59	87	115	51	87	87
17	8	16	8	100	17
49	109	82	31	82	49
7	7	144	66	7	25
65	114	32	78	46	160
45	45	45	44	52	66
39	39	48	20	39	38
38	81	30	170	30	38
148	156	15	98	34	143
43	56	89	50	43	43
77	47	164	58	47	58
12	36	36	56	67	36
29	29	6	8	6	138
98	67	97	17	98	17
160	75	75	141	96	125
43	43	159	191	119	191
145	36	57	57	139	127
124	64	114	120	62	114
141	98	98	98	99	46
39	29	29	30	32	39
109	66	9	9	17	9
119	45	44	144	75	144
7	7	80	22	82	80
79	89	26	26	78	79
77	77	114	19	19	17
80	36	11	11	131	80
157	100	16	157	141	185
93	189	15	47	47	15
69	56	167	47	69	167
20	23	20	43	43	26
55	91	81	55	125	81
76	65	14	14	47	14
14	31	31	31	24	94
49	107	49	37	49	37
67	134	134	16	67	151
59	59	88	84	88	28
37	133	82	183	89	197
142	73	35	23	81	81
59	41	59	59	48	178
40	82	80	82	82	40
174	161	37	79	184	23
110	93	31	16	94	119
10	98	10	85	85	85
109	54	194	170	92	161
62	62	62	124	98	105
95	122	60	18	15	105
65	24	79	24	24	22
101	18	90	82	90	82
83	98	147	129	164	129
134	179	33	26	184	29
94	88	121	94	94	102
96	7	105	96	182	96
97	15	91	38	91	97
56	80	99	69	116	36
6	104	117	184	104	153
62	160	96	17	96	160
78	181	154	130	194	89
143	46	126	132	132	143
74	177	155	155	72	89
181	195	85	181	118	153
148	102	106	175	35	76
40	28	14	40	142	28
122	138	54	138	74	122
27	93	168	41	53	46
64	69	18	18	69	18
12	70	12	45	11	45
119	55	134	94	136	87
7	11	76	11	11	62
33	102	56	33	25	33
98	98	42	115	98	44
57	62	57	109	87	87
23	23	70	9	7	9
18	18	8	18	43	18
40	42	63	85	161	42
31	13	13	40	18	40
30	75	83	30	124	75
76	46	33	101	76	76
5	138	94	199	200	77
98	88	195	97	88	97
173	37	130	68	69	183
13	13	13	58	13	72
76	37	76	52	52	52
107	81	80	54	80	81
87	67	67	46	14	67
145	171	83	183	153	41
19	29	51	19	74	19
28	76	28	36	71	76
123	12	123	104	149	80
34	34	52	21	34	27
193	164	28	174	193	77
190	88	174	31	190	187
112	131	71	53	71	53
84	50	50	50	50	18
163	61	73	73	190	93
73	21	49	73	55	55
78	94	49	64	94	78
57	72	28	196	28	57
31	92	52	165	52	52
37	62	62	55	57	64
68	16	68	88	16	16
160	5	160	76	142	151
111	67	67	59	59	116
43	35	43	41	91	35
85	85	101	85	65	34
68	139	25	166	95	190
162	57	155	185	71	114
97	97	63	7	97	24
76	28	20	28	21	76
52	128	54	52	128	75
28	36	33	33	62	36
105	87	155	151	173	75
78	100	30	29	29	78
169	99	120	196	188	188
73	81	73	113	81	86
5	5	40	40	192	71
93	30	181	93	37	37
12	22	49	165	154	50
184	128	41	90	41	41
168	22	54	156	165	69
51	170	150	106	43	61
66	106	26	157	136	157
120	104	43	179	43	120
145	48	88	85	185	190
71	62	68	62	150	68
101	140	86	26	87	81
76	16	154	57	93	70
60	60	60	62	41	60
12	28	19	46	93	15
78	78	78	63	6	45
60	16	57	166	198	92
105	74	84	105	74	104
171	19	115	54	111	147
108	163	101	87	179	110
194	31	72	194	149	149
60	95	19	95	19	95
47	84	47	84	84	55
57	57	18	26	69	26
73	119	119	93	46	46
50	50	73	45	50	50
199	25	25	31	31	82
161	67	16	73	41	38
41	86	41	65	70	70
77	47	11	47	47	47
51	51	56	56	25	51
71	87	71	54	71	100
95	72	15	188	65	177
28	131	166	174	28	120
52	191	116	116	7	191
49	179	10	49	186	186
52	52	26	26	48	174
39	98	125	63	165	66
98	176	108	50	114	162
171	144	85	123	103	59
76	22	165	86	86	22
175	22	181	96	196	32
166	123	100	128	123	195
127	116	26	19	71	31
35	92	26	35	68	68
187	149	30	30	146	187
27	16	16	62	27	67
192	72	67	35	35	35
16	158	16	38	14	14
39	84	84	84	64	84
75	116	75	97	97	130
5	38	38	38	78	78
44	113	171	186	113	173
180	153	106	40	106	52
184	154	184	112	22	110
40	40	40	49	64	194
8	45	45	8	8	22
75	110	144	36	165	170
12	16	16	17	76	16
59	50	32	50	59	69
92	114	64	64	29	29
50	99	78	118	99	99
56	59	59	44	43	56
35	100	70	59	51	162
18	18	54	31	18	18
112	89	35	128	35	89
167	99	50	114	167	38
17	85	26	85	85	51
28	55	20	20	18	84
134	80	76	68	68	76
22	87	31	31	22	104
63	73	73	65	81	63
66	91	111	52	66	111
66	92	25	66	80	25
45	12	52	130	45	45
174	174	105	91	183	183
110	195	11	194	51	23
140	110	17	81	21	33
79	62	62	62	51	64
16	174	156	156	155	155
76	76	37	49	49	195
63	76	63	76	64	177
121	152	99	200	14	99
28	26	28	13	26	13
131	41	139	168	60	82
177	77	36	49	45	36
37	67	114	67	67	110
50	31	31	22	156	50
185	29	64	29	77	64
15	15	99	20	99	175
84	196	32	84	32	13
63	57	36	36	71	71
123	68	68	46	66	46
126	16	57	39	126	72
94	78	54	54	78	46
31	25	70	31	70	31
98	83	38	83	81	83
41	41	193	47	72	132
79	99	52	52	53	99
89	58	58	89	11	89
150	126	95	152	31	63
14	44	78	112	54	73
21	21	185	52	38	189
97	18	18	97	18	5
17	27	27	183	34	27
97	110	97	187	111	191
178	48	151	42	47	105
80	20	85	106	20	80
93	172	93	38	110	110
86	43	86	46	86	43
40	40	39	65	40	31
61	177	177	19	61	93
54	83	75	156	75	83
75	82	75	16	15	16
104	87	145	44	87	127
145	158	120	85	108	178
82	169	82	190	169	87
31	7	7	76	31	31
153	30	115	106	30	112
48	99	85	85	99	85
37	37	88	34	37	27
44	189	177	31	177	189
87	33	117	69	44	18
63	67	63	63	63	67
195	161	116	101	190	16
111	43	58	86	58	58
101	101	180	147	8	135
24	99	112	99	74	24
106	124	39	30	124	178
29	90	90	125	137	125
22	41	34	22	41	50
94	155	147	42	147	88
178	83	103	83	103	5
88	33	33	88	71	33
26	41	41	189	41	60
117	174	30	39	87	125
184	70	116	157	151	46
20	178	100	15	88	83
89	10	89	80	89	80
176	116	26	26	29	29
77	94	171	20	52	94
190	173	10	179	81	114
135	131	15	20	21	64
72	15	15	49	15	72
61	50	50	19	19	170
55	72	12	12	63	55
44	72	44	99	99	99
43	43	52	40	156	101
23	93	86	93	93	23
95	85	52	81	150	141
144	19	71	19	86	86
48	48	106	35	35	113
81	81	25	10	26	25
80	94	46	46	37	94
143	66	66	143	194	62
159	177	40	159	40	105
74	141	82	27	146	74
80	170	20	200	170	91
192	192	131	11	106	131
47	6	93	6	47	184
23	58	58	116	57	23
56	11	11	56	18	56
25	73	77	25	25	86
16	16	35	29	16	41
78	78	29	78	86	64
51	96	84	96	96	7
104	80	78	78	86	80
51	89	10	10	51	170
9	79	40	40	9	40
178	106	21	50	50	21
63	56	60	143	60	56
51	89	73	73	28	143
90	65	149	113	39	13
60	47	60	38	60	60
163	168	125	18	144	103
79	22	79	22	22	6
28	90	45	63	45	90
50	30	50	50	28	30
26	188	167	79	10	148
170	72	122	163	168	58
25	44	142	33	25	142
37	80	63	37	80	37
140	69	114	69	24	24
26	78	26	34	34	28
81	81	95	95	190	35
128	65	65	50	65	103
59	40	78	59	59	182
56	86	176	125	91	93
59	85	172	59	85	117
19	48	14	87	19	48
54	79	71	63	172	24
101	183	22	183	22	99
78	78	78	78	88	79
59	60	60	60	69	181
93	84	100	11	172	45
7	33	7	7	81	7
18	73	50	51	73	18
9	9	9	22	36	84
35	168	76	76	156	168
33	78	33	33	18	33
102	113	137	17	113	137
115	81	173	82	34	173
99	164	94	164	131	131
54	69	54	35	54	37
77	77	54	97	50	54
69	84	58	84	84	135
80	5	118	5	43	5
15	84	54	39	142	59
44	114	44	19	44	49
75	48	48	69	134	48
51	102	51	40	23	51
141	20	86	162	101	86
95	125	56	42	154	156
118	7	7	7	16	83
149	32	91	91	27	32
39	52	52	39	20	49
38	60	24	60	60	8
62	58	40	40	8	40
51	82	103	82	82	7
99	28	189	41	166	130
182	87	51	87	182	111
50	50	50	50	49	69
27	116	27	86	50	50
71	100	11	152	81	100
46	46	64	62	14	14
80	5	50	16	16	16
24	44	24	7	44	119
60	177	80	80	152	177
20	20	26	66	37	20
55	64	64	55	55	60
158	39	69	18	158	75
65	65	93	13	68	13
178	116	178	188	93	106
77	87	57	87	87	7
33	35	33	33	18	100
76	76	76	140	20	78
162	36	137	112	63	89
18	82	194	38	82	18
7	195	15	15	28	7
96	136	143	19	65	154
67	67	78	52	117	78
11	7	7	82	11	71
98	92	39	18	18	18
167	36	122	23	64	99
23	67	70	23	142	23
42	86	144	113	150	144
197	95	90	197	95	66
58	76	76	84	76	93
28	18	28	28	73	73
101	30	30	31	31	30
44	125	72	65	125	105
111	107	185	40	66	185
14	14	42	14	79	14
71	70	193	197	197	188
97	74	74	97	59	191
17	98	73	87	98	73
174	66	65	71	66	42
72	94	125	72	9	94
83	180	94	18	189	118
29	52	52	105	57	57
48	141	112	141	145	9
131	30	129	98	131	129
46	151	117	140	101	27
43	159	157	184	159	40
160	94	167	41	107	21
65	65	31	65	63	5
184	40	77	40	77	12
37	48	37	8	61	37
144	147	120	9	144	124
27	27	7	11	27	27
34	16	112	16	16	54
34	59	37	166	59	34
87	77	87	196	99	99
195	34	123	86	195	123
137	39	114	191	70	183
151	46	144	151	46	183
69	137	141	168	71	149
130	146	92	156	129	63
87	171	73	166	151	67
71	60	11	60	60	60
18	19	109	42	42	18
48	64	64	40	40	20
96	98	96	99	96	36
174	41	34	181	34	174
69	36	36	145	7	7
164	164	123	110	33	123
25	98	25	25	79	98
6	6	122	68	6	90
36	70	60	60	36	60
80	168	28	28	185	185
96	63	151	166	83	187
9	117	39	9	21	9
62	63	198	90	41	13
133	182	17	74	124	79
26	109	69	86	26	86
173	91	24	24	12	173
23	26	26	91	75	91
24	38	24	24	16	30
47	103	103	65	67	67
133	57	190	13	43	64
26	18	27	183	27	26
101	46	94	52	46	94
65	182	58	58	66	58
50	50	23	23	105	56
124	22	13	10	199	43
26	79	128	20	79	157
198	91	60	15	67	18
76	68	52	14	14	52
61	83	45	80	45	45
150	85	73	150	49	67
163	64	90	64	38	38
76	76	76	76	28	73
88	39	39	59	103	39
29	119	29	47	29	55
94	100	100	120	39	120
80	86	17	52	52	52
45	176	48	45	45	89
52	85	136	99	25	74
51	5	51	33	51	51
51	115	54	30	54	54
19	40	47	39	70	47
132	116	24	132	159	116
199	89	80	32	35	124
185	109	63	188	95	70
54	198	54	114	198	173
22	22	44	93	110	44
15	81	196	177	199	16
19	50	84	198	190	49
172	99	172	120	186	132
64	71	93	64	93	93
95	13	95	95	64	43
138	20	168	57	57	138
7	153	7	17	51	7
109	151	67	146	146	164
45	60	59	59	60	59
169	24	106	24	37	97
49	80	191	44	80	49
70	83	39	84	83	39
74	76	13	13	18	18
26	90	5	5	5	5
86	145	64	79	115	87
55	11	53	152	53	152
173	61	19	76	61	85
176	87	124	10	186	51
58	95	42	95	95	58
27	23	148	155	68	28
22	98	22	34	22	41
109	162	87	120	109	109
37	41	49	63	49	41
80	88	106	88	80	88
63	89	38	63	63	63
41	98	44	44	178	44
62	41	43	43	74	62
171	72	149	96	116	136
111	178	126	147	21	71
196	151	69	112	69	200
126	36	36	91	90	91
12	107	53	12	53	53
62	81	52	119	62	62
167	187	55	14	187	97
89	50	50	50	50	77
30	21	21	109	10	30
69	28	119	23	109	144
162	67	196	67	165	165
68	154	93	132	149	100
103	23	81	77	23	77
8	8	8	29	199	63
10	129	153	129	112	39
135	34	91	34	59	97
65	183	172	105	172	148
16	14	92	14	11	36
85	63	140	63	111	85
28	83	28	39	191	28
56	10	83	83	56	23
156	114	120	132	75	126
32	89	32	89	89	65
124	11	65	193	193	124
73	68	68	85	68	106
60	72	72	89	49	72
16	16	8	46	46	46
67	102	102	15	83	144
68	10	8	167	10	8
27	127	27	181	181	67
19	50	22	50	35	35
199	69	85	73	199	69
70	70	5	80	77	80
80	26	10	10	10	80
190	12	76	27	153	161
64	60	73	80	64	60
117	131	51	51	99	99
163	27	56	148	148	56
7	13	51	7	25	25
115	74	181	74	50	74
54	35	17	115	51	191
165	89	81	89	83	81
63	187	26	180	119	90
147	35	161	61	67	34
81	9	6	81	9	9
64	64	26	132	65	65
79	79	32	7	7	183
24	82	108	24	59	82
173	73	41	173	78	73
57	35	35	12	35	35
81	48	48	110	81	91
86	152	97	18	145	124
84	84	28	96	96	18
115	40	40	30	31	30
87	35	172	35	35	93
39	97	39	50	193	50
14	73	40	9	9	73
154	143	188	188	72	97
48	25	48	76	76	76
16	61	115	61	61	27
137	19	124	74	151	186
40	119	37	142	37	142
62	197	92	92	43	197
51	26	26	51	26	111
115	81	95	183	152	46
194	194	125	125	110	87
76	115	122	86	40	10
70	80	53	80	53	80
21	57	21	57	21	97
15	55	55	25	44	55
25	82	28	117	26	117
23	73	39	39	178	23
58	24	191	194	93	146
183	38	51	28	17	18
176	115	189	76	176	46
153	32	153	53	32	15
50	50	50	34	96	15
188	176	183	8	21	21
74	129	168	46	50	46
80	91	16	91	80	93
124	80	132	184	112	171
18	45	18	38	115	45
77	77	200	95	6	95
27	27	27	69	162	17
88	34	88	69	55	69
178	89	185	89	82	112
51	140	18	60	18	51
100	36	57	77	84	143
109	109	97	97	125	13
48	5	15	102	15	15
51	62	160	62	62	41
81	151	186	160	137	108
34	179	14	15	23	95
19	13	13	171	66	66
59	51	22	22	51	51
45	114	46	46	46	100
56	82	82	82	18	82
10	14	103	148	50	50
46	13	68	46	68	187
51	29	60	60	29	130
23	23	80	22	21	23
47	70	70	7	70	70
70	70	13	98	70	24
22	118	119	65	65	65
89	35	172	35	43	89
80	132	14	153	161	52
41	36	101	50	36	36
46	46	77	57	46	34
109	59	21	59	18	21
21	21	41	100	169	41
49	69	49	69	69	140
160	160	75	182	21	143
27	27	13	44	44	167
5	98	92	5	98	189
107	187	41	187	107	98
53	42	53	69	16	53
50	9	37	61	61	61
29	29	35	36	35	64
81	80	81	67	188	121
36	54	18	169	51	129
55	194	55	80	109	55
83	26	87	83	197	26
181	184	84	181	79	60
61	141	148	122	136	83
32	10	10	17	53	17
170	166	178	109	140	86
30	73	184	77	73	77
24	24	24	7	7	59
43	40	43	32	32	118
109	27	141	161	11	102
155	114	9	137	90	70
31	29	48	12	173	164
68	64	65	155	189	14
199	53	71	97	93	133
82	69	156	29	82	82
187	188	188	162	102	134
170	63	77	46	170	189
92	84	92	92	84	112
14	47	33	33	48	47
136	64	118	136	100	184
192	192	43	191	112	37
11	65	65	85	34	85
147	97	28	147	77	178
193	30	30	39	67	39
51	66	117	91	66	66
66	40	160	49	72	142
89	73	89	25	73	17
87	87	43	16	122	135
22	59	59	22	65	59
158	154	10	182	88	177
65	62	70	101	62	70
79	165	32	141	43	13
29	43	28	29	29	29
119	64	78	97	113	46
80	79	85	10	80	80
77	77	26	26	54	26
46	46	93	93	46	106
57	110	150	146	146	30
25	25	49	64	25	64
117	62	15	78	15	15
8	99	117	99	42	42
128	128	63	178	44	178
86	62	200	98	75	40
55	72	55	72	72	60
12	13	113	67	113	195
51	51	42	42	103	17
89	93	89	55	63	55
59	59	62	82	59	135
70	8	178	92	85	75
31	31	31	31	45	31
58	48	96	89	74	48
20	20	139	81	114	115
7	37	132	7	110	37
89	15	152	193	197	193
91	97	94	172	97	91
142	116	116	60	24	27
86	97	27	97	86	97
146	88	62	146	88	112
91	23	91	53	53	111
104	46	46	59	25	25
185	25	20	20	25	25
117	118	72	66	96	88
176	11	108	78	11	78
106	91	44	16	44	44
89	182	89	117	29	98
98	132	106	141	89	10
160	21	26	68	166	100
118	193	101	193	30	101
63	18	63	63	63	63
72	96	87	32	87	72
83	169	95	48	83	95
135	27	31	125	18	24
104	74	16	74	166	16
154	92	154	38	137	137
144	14	172	195	14	25
131	89	108	131	89	85
96	37	96	48	48	155
108	37	172	111	199	138
82	23	23	54	23	164
175	90	62	35	90	88
23	33	71	23	23	23
66	105	74	66	116	66
87	87	87	87	48	82
38	151	190	20	136	82
65	45	45	47	65	57
111	111	105	87	38	38
128	128	92	137	92	35
9	42	154	20	20	9
47	7	10	7	7	5
39	31	84	39	29	84
78	78	62	95	62	88
35	177	35	72	60	60
139	52	37	54	192	78
140	117	109	117	140	155
75	60	60	7	60	7
35	63	35	20	26	26
197	15	60	124	44	197
199	199	49	154	134	134
175	59	14	45	175	59
198	50	21	115	21	50
41	48	48	82	171	48
53	48	53	53	9	53
148	79	57	76	79	79
48	151	151	191	111	149
15	29	40	200	112	153
69	42	113	141	185	8
33	58	194	22	47	106
25	25	78	25	20	20
103	110	39	84	39	60
102	25	25	89	95	25
25	152	15	105	44	197
183	183	186	37	188	28
70	83	38	83	83	61
177	164	87	192	113	148
116	27	42	42	27	27
92	138	139	79	138	155
73	60	73	76	60	73
112	99	91	99	99	120
95	95	104	52	104	27
189	189	43	43	192	31
88	49	83	83	49	148
86	13	42	91	42	42
63	63	77	80	57	57
76	76	90	76	40	76
54	103	20	162	162	128
169	46	97	74	24	75
13	53	167	68	58	58
30	30	30	28	35	58
52	33	161	167	85	42
93	175	77	162	84	71
78	78	61	78	78	12
83	50	45	83	83	81
26	108	108	26	25	50
77	62	77	107	62	14
19	19	16	23	19	87
18	191	97	97	18	72
20	170	26	47	181	159
165	137	6	21	21	94
28	161	122	195	161	104
9	167	95	152	196	76
198	170	166	81	74	9
161	109	42	161	109	114
111	20	111	200	111	40
107	97	46	142	200	142
133	133	139	104	192	192
20	21	53	53	128	53
113	62	19	28	136	113
39	38	20	132	135	132
36	89	36	36	6	36
92	35	75	92	35	35
100	151	176	111	84	151
93	93	81	102	93	156
103	133	46	9	87	79
96	96	85	70	69	85
46	44	44	22	67	67
111	122	22	69	106	137
176	167	45	176	82	167
130	178	97	9	130	22
90	9	192	185	36	185
32	82	32	55	55	55
75	75	96	92	92	92
35	184	79	50	184	113
45	81	59	75	119	59
43	89	43	59	55	55
98	98	36	54	26	54
14	31	17	108	14	17
25	75	75	88	118	88
47	47	62	62	82	47
61	172	51	119	51	61
66	61	161	176	165	66
77	167	113	167	80	167
200	200	40	69	151	20
147	81	106	81	131	20
188	64	188	59	188	64
43	43	80	33	80	117
46	179	179	15	59	46
192	72	77	12	12	72
78	78	71	33	47	33
87	7	89	7	7	89
82	33	42	65	82	82
67	67	67	89	41	67
83	7	83	83	16	83
195	195	30	30	37	135
95	95	72	105	34	72
61	79	115	18	91	59
9	59	75	89	89	9
92	73	73	92	101	169
64	80	64	32	64	50
41	42	88	88	41	110
77	45	151	14	39	133
84	76	33	200	84	84
82	76	13	82	76	131
126	69	69	47	41	41
195	34	115	46	115	46
44	87	61	196	196	61
68	68	77	68	24	68
30	102	142	20	105	161
33	22	33	109	158	67
119	15	22	22	15	82
124	88	75	75	75	97
165	198	96	198	13	85
78	94	78	122	107	78
120	58	78	58	58	78
52	135	16	62	28	71
125	28	195	28	105	41
88	76	76	43	88	74
89	52	68	89	43	43
84	37	37	84	100	59
121	184	123	121	62	63
24	187	149	109	153	187
128	86	156	193	34	90
51	51	133	133	106	145
11	37	31	37	81	81
91	56	111	91	56	186
58	71	71	10	71	71
59	51	8	51	8	51
165	50	33	130	50	128
55	101	55	22	52	199
97	40	51	97	88	51
126	62	154	154	88	126
70	116	26	83	83	70
61	61	136	198	63	136
46	35	194	98	46	194
13	14	14	138	108	13
66	8	78	78	66	66
41	17	77	187	17	77
52	68	12	94	52	52
203	173	19	66	85	203
92	93	85	85	85	40
139	88	38	108	185	60
22	71	8	8	169	8
119	25	31	25	31	31
173	116	16	153	160	36
85	51	51	159	124	98
25	70	7	31	7	7
24	24	43	108	43	73
91	91	34	23	95	91
137	137	22	99	22	184
34	61	61	61	12	12
86	53	86	149	46	53
33	134	53	130	105	94
26	161	16	29	140	70
96	186	139	121	166	86
8	8	20	63	8	8
166	18	87	10	18	10
40	40	13	38	40	38
75	73	20	20	20	20
185	117	18	190	176	144
187	75	88	88	32	75
32	32	54	21	21	151
172	56	25	197	70	80
124	86	26	105	43	14
68	76	68	15	76	76
127	22	132	97	175	132
33	23	193	109	160	13
13	142	59	59	59	88
171	10	77	73	84	50
53	79	119	86	86	53
55	178	35	147	160	19
98	136	199	108	56	106
7	146	55	68	68	68
5	34	5	155	34	31
92	85	85	155	85	75
78	78	23	78	30	78
45	85	45	92	92	184
42	73	73	92	92	8
7	61	71	14	61	7
78	92	83	83	60	83
73	97	40	47	81	181
13	13	41	102	71	13
54	9	9	54	13	80
95	95	37	65	52	52
110	110	99	177	177	46
69	93	81	81	61	81
84	165	75	51	12	24
161	180	44	53	189	113
59	85	88	88	91	88
120	120	105	133	147	147
32	67	45	32	64	67
35	22	22	22	41	22
112	84	174	112	174	151
65	76	76	31	31	17
194	88	149	119	149	51
42	66	59	61	42	42
110	49	19	87	64	13
179	103	154	29	179	154
93	100	93	83	83	9
43	72	72	72	142	26
70	86	19	19	177	70
56	69	190	53	190	34
31	31	71	84	179	31
5	5	99	105	99	195
110	186	61	186	61	30
23	27	27	92	23	175
73	73	73	65	32	99
21	21	181	37	37	11
28	47	22	75	46	141
83	76	22	18	40	18
76	98	9	98	9	179
18	14	14	18	66	14
91	37	91	62	62	49
58	76	44	95	74	106
96	96	56	96	89	89
11	15	12	12	173	11
117	74	74	192	70	74
98	50	91	91	91	27
65	167	82	54	82	54
10	35	91	91	92	35
197	97	184	144	45	17
60	60	60	90	106	42
110	74	179	76	30	164
116	24	17	17	116	78
89	181	50	50	29	197
136	21	108	104	136	162
47	117	67	173	47	47
44	74	74	62	74	32
195	20	163	37	77	108
160	68	36	189	135	160
48	47	47	23	47	23
40	17	103	91	91	17
82	82	92	19	19	32
196	31	31	124	33	117
21	21	28	21	21	13
148	200	16	34	200	87
172	43	128	136	28	157
136	135	135	40	157	157
18	75	116	116	32	18
177	5	139	143	174	177
101	9	94	101	167	52
191	77	74	191	8	74
112	62	82	82	15	82
17	17	72	17	91	83
29	200	108	29	29	29
90	32	90	185	83	90
20	20	88	13	20	99
148	95	50	114	95	148
70	114	114	79	126	126
166	182	41	113	197	59
93	5	5	15	15	133
79	117	6	120	79	6
155	92	82	82	139	12
128	16	128	34	161	101
76	22	68	68	130	110
94	20	63	76	94	94
62	44	67	44	67	118
71	71	22	22	119	6
143	92	54	191	29	26
108	36	42	22	91	55
174	55	110	68	68	55
63	94	75	81	63	63
24	81	24	13	25	13
159	190	104	190	129	129
37	37	160	11	46	180
98	24	98	55	200	24
93	118	73	73	96	96
12	31	31	82	12	155
70	70	27	51	90	27
97	8	64	29	8	8
11	19	110	19	41	54
19	101	93	111	54	70
45	163	86	86	73	150
28	66	28	73	28	107
80	27	80	80	27	109
158	158	52	47	169	169
173	110	173	156	72	160
194	31	194	31	32	159
85	101	50	86	86	15
85	49	62	85	85	49
27	92	35	35	87	92
112	35	101	92	92	35
10	56	56	198	178	44
139	64	94	120	66	76
104	190	16	16	104	33
26	76	86	70	26	86
177	140	177	81	115	140
67	67	104	53	67	21
16	89	16	77	77	58
40	120	24	120	162	30
63	63	74	74	60	191
64	143	110	39	149	116
12	79	79	104	108	134
71	37	5	71	122	71
11	7	114	98	7	11
26	20	83	83	83	54
16	16	25	120	25	25
13	104	104	14	13	116
72	75	158	111	72	72
32	87	32	194	87	74
30	71	153	82	61	153
190	49	190	76	63	49
13	60	13	36	36	82
25	36	127	152	37	39
35	128	191	51	51	197
51	51	51	86	51	63
12	12	122	71	9	12
95	37	89	18	89	37
109	61	102	43	102	110
190	143	20	156	85	191
61	173	189	49	61	189
63	81	92	63	136	92
11	118	88	50	118	11
50	103	103	30	180	168
24	40	24	34	66	66
102	15	15	5	43	43
138	23	194	194	23	166
22	176	22	97	97	64
6	6	70	40	40	6
104	97	22	28	25	25
27	32	50	133	32	27
123	87	81	81	64	65
33	64	168	120	72	31
70	11	59	70	70	70
34	67	34	62	128	67
8	76	86	31	86	8
6	157	6	6	69	18
19	63	16	55	16	63
169	64	88	175	97	10
21	20	188	53	13	152
47	150	123	157	123	112
15	12	184	171	171	15
108	185	185	162	87	185
26	26	10	121	10	77
24	24	46	84	24	24
90	24	90	46	24	24
75	54	21	21	89	21
44	44	23	114	23	95
93	116	68	93	68	29
169	83	169	187	153	187
74	65	74	53	74	38
64	68	77	52	40	77
62	40	29	117	117	113
69	80	5	69	69	80
179	23	26	26	49	68
74	14	96	14	119	96
110	93	51	51	58	51
184	79	104	120	44	179
19	19	19	20	5	76
82	59	59	22	59	16
23	51	99	99	200	23
28	198	184	184	45	198
31	129	9	175	175	31
80	89	89	80	100	78
85	85	26	26	115	63
95	76	76	16	16	130
52	126	174	182	68	164
195	5	5	108	18	5
62	31	77	77	104	77
83	83	115	47	42	83
117	96	44	96	44	44
99	31	99	184	31	80
80	196	113	44	194	168
88	32	35	32	35	35
104	95	12	95	12	84
132	27	36	36	132	112
59	151	139	55	142	181
133	74	46	133	196	16
42	134	134	140	140	187
14	29	72	14	14	14
68	23	72	23	72	110
32	32	71	44	41	41
25	13	192	65	144	116
65	71	100	65	71	138
84	84	69	68	113	84
78	177	194	37	77	122
148	86	166	104	166	148
43	49	49	62	25	25
44	88	88	34	88	63
90	85	88	88	88	48
193	35	84	35	84	72
99	35	35	39	95	95
87	100	125	145	151	198
96	58	66	123	95	30
10	7	7	7	105	10
45	16	16	16	57	57
116	79	20	129	41	116
81	55	72	55	72	148
33	33	33	40	89	33
90	15	98	90	90	182
95	46	33	60	157	42
41	32	32	32	65	65
86	45	44	85	85	119
21	54	190	54	21	98
189	198	177	74	177	22
30	82	62	30	62	61
115	70	132	70	20	20
175	59	76	24	96	124
17	67	17	17	6	75
158	123	73	106	123	30
43	43	43	43	14	10
78	90	67	88	78	90
84	5	58	5	170	5
129	19	109	186	152	87
61	78	191	191	19	33
179	102	113	84	115	52
82	87	28	182	142	161
60	87	60	59	60	19
47	113	54	101	47	47
99	34	91	69	69	91
59	24	59	91	86	24
160	160	140	21	140	43
33	74	33	34	33	111
96	21	117	96	31	96
51	18	70	51	29	18
181	131	79	92	79	79
65	11	187	93	65	93
17	84	25	17	17	17
38	30	135	36	132	96
41	41	41	5	53	5
49	17	147	138	55	83
17	178	118	84	74	17
78	65	65	84	13	78
33	12	29	33	29	160
63	77	77	77	77	38
61	61	53	61	133	61
175	21	67	78	128	145
78	99	110	78	17	78
102	80	159	76	131	80
139	83	65	104	83	65
109	162	109	153	35	24
162	15	179	40	66	66
52	106	52	44	87	52
47	69	47	54	85	85
28	28	66	62	88	28
167	18	28	76	105	18
44	5	42	119	44	44
66	11	66	66	64	121
13	181	16	137	102	63
102	20	35	102	20	13
86	54	194	104	11	54
46	49	11	11	70	49
36	17	38	26	17	17
41	160	96	137	46	140
149	195	152	195	23	18
114	144	35	64	170	117
82	45	91	45	46	41
69	12	23	23	23	23
89	37	134	89	92	92
30	21	97	119	97	21
63	63	67	11	11	134
79	43	28	79	43	79
73	188	140	131	97	103
82	164	192	170	55	12
141	86	103	103	86	98
68	80	125	36	20	104
115	15	15	145	42	85
179	73	73	22	22	81
129	177	94	177	35	54
37	28	28	193	37	28
39	43	142	43	39	36
66	67	51	66	66	66
158	72	158	61	136	136
112	48	48	48	193	22
32	98	53	32	98	52
39	180	121	39	54	52
36	98	65	98	65	98
70	70	169	65	34	34
134	64	141	49	49	101
87	160	148	56	96	13
13	95	95	13	105	76
20	117	22	22	20	20
66	102	66	15	66	62
118	198	25	25	102	198
177	122	138	153	20	177
93	62	20	20	156	20
5	25	60	5	56	5
61	26	36	61	26	191
22	40	22	182	40	10
86	75	170	15	86	86
131	25	102	172	149	45
125	13	191	87	125	13
49	49	72	72	133	55
37	169	83	96	169	172
70	55	70	27	70	27
5	86	71	104	5	71
34	33	157	24	181	60
18	116	18	29	18	98
167	77	102	77	74	153
68	34	68	118	68	34
125	158	185	193	122	75
50	109	145	87	87	50
22	97	65	65	17	65
37	30	30	90	155	30
44	35	165	44	28	28
98	59	65	98	65	124
76	76	105	76	153	67
195	103	53	103	147	195
80	47	14	44	14	14
25	47	59	47	47	47
79	66	19	137	86	81
95	114	95	114	101	185
8	8	10	10	90	8
22	120	123	59	123	22
83	55	194	46	154	85
101	70	70	70	35	96
24	129	42	42	24	49
7	58	58	58	164	58
48	50	48	48	92	149
35	16	188	188	36	11
66	16	154	134	60	47
43	19	102	182	105	102
20	67	35	35	35	35
30	115	30	30	77	25
15	70	11	15	15	36
111	60	32	76	143	111
41	73	73	73	73	82
13	20	13	13	32	13
56	108	77	77	137	56
94	116	74	33	33	94
178	90	38	43	38	43
60	157	32	158	184	101
97	97	67	67	48	112
23	23	27	40	40	23
27	38	48	27	12	27
171	17	151	171	159	187
22	84	16	16	84	110
197	104	197	141	28	120
58	31	58	58	120	62
142	20	33	33	23	23
19	19	19	71	31	19
25	66	171	132	125	28
84	16	16	129	111	59
104	11	11	152	11	48
71	171	76	174	104	182
66	25	85	66	85	122
45	117	95	45	95	45
11	59	69	11	59	59
37	67	67	37	113	52
84	197	146	121	33	135
91	175	46	91	101	46
56	56	56	56	41	97
76	57	76	76	40	76
28	46	46	130	48	48
87	58	73	48	58	24
80	80	97	97	97	33
69	69	70	43	69	25
40	40	37	40	84	40
63	88	14	52	20	14
46	82	137	162	137	130
158	44	118	20	147	124
72	7	7	72	111	7
74	34	44	141	44	44
59	200	59	11	91	73
49	35	35	173	49	96
88	160	182	104	104	160
10	76	17	96	51	71
127	23	113	92	127	23
87	82	90	11	11	11
26	30	95	146	164	95
28	96	28	19	92	19
176	176	103	19	60	103
122	112	189	70	112	122
190	102	110	67	190	138
12	17	19	19	12	82
76	6	51	6	85	51
88	115	94	94	88	88
63	8	54	8	8	63
196	184	133	184	35	196
92	177	107	107	177	66
101	34	34	101	187	61
117	29	29	13	85	130
41	41	140	38	41	103
188	91	188	197	119	197
22	31	172	64	127	111
36	26	38	36	36	36
117	138	16	108	16	80
51	15	55	51	22	51
30	183	182	183	182	147
13	28	13	90	90	90
181	105	148	118	58	54
42	42	90	42	60	110
117	16	117	16	30	166
32	31	148	98	76	98
117	185	142	11	117	11
72	173	14	106	176	109
68	42	42	63	68	101
15	30	90	15	15	90
196	58	75	23	22	23
91	77	99	77	68	77
184	79	170	37	165	28
19	98	45	19	47	47
87	39	87	49	39	49
7	26	111	163	37	37
65	7	65	7	111	48
11	149	13	52	13	13
14	59	17	43	17	43
111	14	17	113	14	17
24	24	87	33	33	54
64	71	64	27	71	47
23	39	55	39	23	87
31	147	81	44	67	75
79	47	47	47	6	47
80	14	14	64	113	80
61	191	173	115	38	17
88	78	71	78	78	78
63	19	17	17	82	17
34	48	13	13	82	82
22	34	13	150	144	145
9	9	9	43	76	33
143	12	109	83	83	197
92	92	197	88	98	98
133	32	5	5	46	46
24	46	46	24	31	197
103	11	11	108	84	180
8	171	8	43	89	8
173	129	46	31	43	43
96	43	105	182	96	68
65	52	40	36	65	52
146	163	20	11	186	98
44	44	44	50	44	81
106	6	67	195	19	195
34	142	87	119	162	96
53	53	53	107	53	144
15	175	54	25	31	69
172	130	114	183	114	172
44	8	77	44	77	77
39	34	39	39	107	54
101	12	14	77	174	70
55	199	60	159	71	77
49	32	76	76	85	85
93	48	25	96	96	25
72	97	47	104	148	111
95	184	24	123	81	192
53	33	66	183	165	183
36	7	73	7	22	7
91	64	91	43	14	69
41	31	70	31	31	41
128	163	94	150	64	163
99	99	6	99	42	42
8	61	51	8	61	166
92	46	90	92	55	47
131	109	106	139	137	109
41	41	60	64	64	64
151	66	22	75	22	75
81	72	68	81	81	68
101	101	134	31	44	185
75	75	71	75	90	12
91	31	98	98	82	82
181	83	97	27	181	27
189	9	19	44	167	90
43	16	43	82	16	47
51	50	98	51	51	98
120	51	67	59	33	25
185	151	34	39	100	11
18	189	113	77	67	25
10	23	108	90	90	90
90	63	90	51	90	90
119	19	22	22	119	20
97	184	64	54	54	54
14	71	22	71	22	19
107	179	19	118	185	185
82	16	84	184	13	82
37	100	37	36	36	71
22	76	189	192	39	172
9	67	9	99	149	67
25	40	25	25	47	25
90	143	90	13	102	13
18	75	18	23	18	18
37	11	37	40	71	37
180	56	189	94	137	24
37	95	37	37	95	115
76	57	76	76	44	76
87	109	135	187	109	17
181	181	95	89	95	110
86	18	86	52	52	47
45	54	54	134	52	52
179	179	19	117	164	34
87	174	96	87	87	27
41	55	55	64	64	64
119	5	5	17	30	5
44	44	44	46	65	65
106	109	115	169	163	64
163	163	114	179	67	179
126	69	86	64	36	150
29	7	29	31	29	29
87	144	125	103	158	144
52	37	58	151	58	32
162	63	178	76	45	156
15	15	43	44	117	112
198	127	127	74	16	24
43	132	76	43	76	101
165	16	69	183	69	165
92	146	76	102	92	70
45	16	91	102	128	16
147	52	17	52	62	62
47	47	48	36	48	48
157	51	159	20	188	138
11	68	68	67	68	81
69	114	161	35	195	62
76	130	52	178	160	160
123	131	107	33	33	125
69	80	69	69	105	71
101	40	119	74	50	40
81	60	50	50	81	81
81	72	72	72	49	72
152	152	27	182	49	182
200	67	67	20	67	50
34	17	169	39	131	128
70	5	70	27	27	92
16	167	14	58	123	123
111	184	36	195	195	184
55	55	57	29	57	42
75	96	96	53	82	96
181	95	84	181	45	143
114	127	124	47	192	99
6	174	6	28	28	35
96	37	88	41	37	88
120	99	99	144	71	99
53	5	5	80	80	83
45	54	16	29	193	88
112	53	59	59	59	58
26	59	56	26	175	143
66	75	24	126	75	66
29	15	15	29	28	29
154	22	117	22	117	5
117	148	117	25	78	148
61	61	61	191	44	90
23	54	54	22	54	54
111	37	166	106	103	56
53	12	175	116	12	12
76	87	87	54	20	54
168	98	165	45	85	23
59	59	148	68	70	68
100	47	77	77	100	55
177	66	30	27	77	60
105	129	65	100	95	105
64	171	184	11	90	141
29	29	20	11	81	20
131	72	44	53	199	133
73	84	73	74	160	32
115	91	162	107	107	154
84	89	84	101	8	89
39	50	50	76	91	91
109	62	62	67	191	67
182	36	182	120	16	15
90	90	27	189	189	61
99	90	92	158	67	94
24	59	59	124	59	69
98	98	98	157	12	85
185	70	99	169	185	99
96	33	143	116	137	143
70	70	74	107	74	70
103	103	179	186	74	186
74	31	47	101	138	31
5	132	37	99	99	5
77	7	11	11	11	11
26	26	8	142	43	43
88	88	106	73	29	29
26	95	26	95	8	27
44	96	96	19	60	60
108	104	70	104	64	104
82	12	82	47	91	91
185	15	114	155	33	54
114	95	159	159	96	142
83	29	29	29	104	197
17	34	166	34	34	112
93	47	93	198	32	32
177	6	152	125	26	152
195	195	155	110	42	42
17	17	10	17	17	15
82	94	94	82	78	123
79	38	38	38	145	25
195	195	80	77	135	30
34	34	12	12	72	131
36	23	36	36	32	36
90	89	77	90	90	90
36	36	44	36	58	36
127	127	42	183	146	12
64	15	161	161	44	15
189	136	137	118	61	97
65	75	95	43	93	65
17	87	17	117	31	17
17	188	10	68	133	10
124	93	93	11	77	93
34	83	114	145	168	68
15	81	118	81	73	73
49	16	49	49	24	49
8	8	15	111	89	15
88	88	88	46	11	46
100	116	83	83	137	114
5	82	30	28	28	82
19	98	62	19	19	24
120	82	120	113	168	168
56	19	54	112	54	56
62	115	141	72	21	66
163	27	140	163	54	19
51	170	184	170	149	42
136	136	60	141	141	18
152	98	32	32	17	152
196	200	84	107	51	168
73	152	200	164	135	166
167	76	102	159	14	159
56	18	18	71	18	56
6	6	86	6	6	53
79	72	15	22	79	22
43	43	95	95	48	43
153	13	92	131	58	60
118	41	145	31	118	132
130	33	130	33	117	199
33	7	7	13	143	13
173	22	51	166	129	68
14	151	67	57	67	67
47	74	73	143	189	90
32	88	51	88	48	32
124	66	122	152	55	152
24	83	72	83	34	34
126	17	126	27	83	111
26	26	56	28	86	26
85	16	67	85	95	85
40	47	20	44	20	149
114	179	65	71	71	65
50	58	58	13	58	50
177	177	139	54	177	139
94	39	104	100	106	96
72	72	72	44	23	72
117	41	29	41	182	113
65	54	109	54	53	53
152	24	142	12	142	45
87	189	96	87	96	71
103	130	190	103	139	58
52	52	41	44	74	20
32	5	66	66	149	5
191	77	196	66	66	196
146	90	63	103	63	90
21	21	184	63	47	63
93	20	116	104	116	116
28	29	159	158	74	35
76	98	98	175	98	78
67	48	190	67	109	48
91	84	63	55	163	15
158	132	177	103	163	146
66	66	59	66	66	50
148	133	17	19	32	167
163	135	81	180	134	75
64	46	49	64	64	49
81	132	55	55	30	55
174	70	73	87	50	190
11	158	158	43	55	117
96	27	96	82	82	36
177	12	187	89	133	148
69	19	26	19	19	19
119	190	99	11	11	11
50	160	164	156	168	164
90	104	45	115	195	119
19	58	58	28	58	76
36	47	47	23	18	47
84	67	84	26	124	26
19	189	102	74	167	168
13	106	56	13	44	19
12	64	8	130	77	70
112	31	40	44	40	40
134	59	98	98	59	105
15	30	15	82	15	93
85	79	85	29	84	85
104	78	39	54	159	120
50	150	41	55	41	125
54	66	32	54	66	53
55	55	72	55	72	36
9	68	48	9	117	68
43	115	155	109	84	189
91	49	57	91	49	115
121	182	155	39	111	111
76	22	76	110	76	22
82	79	82	83	87	87
83	45	45	83	115	121
51	174	51	75	192	174
96	73	47	17	124	34
55	55	58	9	55	56
55	55	55	37	82	13
99	53	30	30	49	53
89	128	14	77	128	14
49	49	34	34	49	83
54	170	54	105	20	20
157	28	58	28	19	109
77	58	58	15	29	77
59	151	92	53	145	59
79	24	79	117	119	24
74	14	74	74	66	74
47	47	47	89	47	25
93	119	48	93	74	74
33	57	57	37	33	57
80	80	89	80	95	89
37	64	64	7	107	64
15	58	97	97	58	97
86	14	200	99	184	27
74	114	19	58	58	58
183	74	41	63	41	74
197	198	197	35	131	56
133	133	173	62	98	173
185	83	9	151	45	117
63	139	41	26	139	13
183	79	86	5	183	135
81	93	88	93	173	93
58	52	105	34	25	105
17	18	18	157	17	110
38	38	48	32	32	131
74	34	29	89	67	108
99	99	71	7	186	186
156	50	43	116	88	67
34	120	34	34	24	132
11	34	34	128	61	34
76	81	70	70	70	94
27	44	44	27	22	105
51	23	197	66	171	35
24	184	11	156	141	53
42	42	184	184	131	12
53	98	88	194	47	98
18	79	11	23	79	11
8	8	37	8	8	71
109	184	115	49	108	74
5	35	15	174	15	5
65	65	71	156	5	15
96	106	173	167	119	197
85	76	85	54	85	85
92	84	84	97	92	99
161	116	165	169	80	169
25	95	161	25	54	88
40	184	123	27	27	184
14	17	196	14	20	17
153	35	175	143	91	153
115	95	108	64	91	197
25	77	25	50	77	26
188	89	117	63	114	176
32	34	93	189	80	32
85	69	85	69	107	105
175	140	132	132	88	140
145	145	64	95	24	116
22	54	123	198	127	89
39	39	149	149	37	70
41	41	172	158	49	79
126	186	186	35	121	18
144	156	144	69	130	65
31	88	96	26	31	31
58	14	94	177	58	14
15	93	40	155	82	114
19	10	170	19	107	10
68	8	8	8	21	8
86	107	12	86	12	86
42	49	93	129	49	49
36	87	47	65	47	47
27	43	27	17	101	17
20	150	30	98	157	126
39	39	115	39	9	142
76	74	76	149	91	91
123	13	59	163	163	48
71	14	22	48	48	48
79	113	102	154	15	86
77	85	153	77	25	25
128	184	79	79	50	53
40	50	50	50	44	160
47	12	12	68	47	175
84	171	176	101	150	13
116	17	62	62	17	21
38	105	28	163	98	49
9	167	79	55	55	79
124	100	84	124	100	142
127	88	192	73	111	192
30	23	43	23	48	23
133	184	133	92	61	82
160	112	11	36	10	36
70	126	56	33	164	56
59	171	173	92	61	171
131	90	167	25	23	72
157	61	32	131	18	84
66	66	10	66	34	156
144	55	98	144	49	49
77	77	49	49	116	50
38	195	52	193	17	177
54	84	85	43	167	132
46	89	89	89	72	89
41	73	47	54	47	54
110	110	129	40	40	20
175	77	89	175	99	71
102	168	58	168	184	32
32	124	124	38	38	113
83	83	117	89	89	37
30	155	53	53	63	63
120	196	135	107	110	95
30	90	90	30	26	90
50	27	27	104	50	25
99	62	91	62	62	99
118	43	122	19	97	59
68	68	68	76	79	79
13	92	57	185	13	13
49	21	21	56	56	56
30	135	56	102	102	111
10	71	104	17	44	104
86	7	86	7	90	7
78	78	74	188	188	137
70	93	49	70	39	39
74	45	45	45	99	99
89	89	27	116	27	190
13	119	101	130	189	8
83	199	151	144	199	144
90	49	49	12	5	49
94	27	32	32	94	176
25	5	5	95	172	95
78	78	118	41	16	78
199	54	99	54	99	26
54	29	19	55	29	54
22	22	22	59	9	197
179	89	179	89	82	5
159	55	67	38	55	67
92	151	90	55	90	103
52	114	11	30	30	30
113	152	23	113	152	26
184	58	58	130	85	184
78	100	170	31	78	170
12	83	83	83	99	73
183	5	140	57	183	57
11	83	11	57	14	83
11	155	82	36	36	11
74	21	21	36	36	21
77	32	65	32	113	65
166	37	107	166	188	45
23	36	86	86	36	56
67	29	90	81	67	67
161	167	168	91	88	88
123	131	62	46	77	124
109	110	64	118	45	154
115	22	137	115	58	137
46	15	95	121	117	42
61	51	61	61	41	61
136	17	7	132	155	160
65	105	99	56	182	65
57	46	30	106	190	41
86	70	8	8	70	8
80	99	58	30	144	153
94	70	94	67	94	80
43	154	155	155	156	156
85	107	91	91	85	85
35	75	23	35	188	95
200	86	72	32	97	120
150	42	46	66	46	42
44	53	64	64	44	21
63	17	55	17	55	152
50	106	50	84	84	50
14	105	8	59	14	8
65	34	65	34	109	34
25	85	46	25	44	85
43	43	41	90	11	41
51	98	98	96	51	98
108	106	197	197	18	95
156	98	106	93	156	156
30	59	63	63	120	63
89	147	146	57	59	147
174	41	174	17	174	57
7	60	191	69	191	69
99	99	72	72	122	68
25	21	13	49	25	49
89	89	30	54	89	54
44	95	50	50	95	99
62	103	24	62	48	62
33	200	48	62	48	200
10	28	28	109	175	10
50	91	7	91	177	50
99	85	32	118	32	99
72	80	80	173	161	131
106	106	25	154	154	43
69	11	25	13	69	13
15	103	87	87	15	73
107	67	67	188	107	37
43	43	84	106	59	84
150	151	100	45	114	53
17	54	64	36	68	102
82	66	12	12	12	82
29	29	63	66	165	63
35	143	196	196	189	70
35	79	65	79	79	79
18	18	18	18	60	86
18	17	17	17	80	17
28	97	97	28	54	184
64	91	84	91	64	91
42	36	29	29	50	50
92	9	92	53	97	9
106	115	18	18	103	43
29	29	13	13	77	29
15	15	15	16	16	120
71	110	132	11	45	98
15	42	15	15	42	95
49	49	165	6	107	165
40	83	40	83	40	40
14	58	88	54	54	14
13	13	13	37	75	13
176	167	29	64	144	196
185	177	103	103	78	90
43	34	58	58	55	58
63	42	63	63	14	199
54	107	100	42	110	107
182	146	36	172	80	194
19	78	19	78	59	141
114	163	70	113	83	114
169	22	118	106	118	169
172	177	177	101	57	172
30	132	199	47	70	45
47	184	47	59	17	17
64	64	88	66	124	66
103	30	23	24	181	50
181	72	124	77	11	173
79	89	12	89	12	12
151	189	189	156	41	33
21	60	102	60	194	50
24	24	68	51	81	24
43	43	26	43	29	26
159	43	18	159	10	18
28	181	181	28	109	40
159	188	196	53	10	162
66	31	74	48	84	84
117	148	31	116	81	119
102	174	21	182	88	12
177	26	110	199	177	199
11	30	14	171	64	64
159	184	192	150	95	51
151	145	21	54	145	151
99	55	176	68	55	68
124	35	10	78	131	89
49	161	161	119	49	79
134	92	92	173	113	97
97	97	54	97	85	31
135	66	191	135	63	191
76	20	20	16	76	76
114	92	23	114	23	14
44	44	117	38	44	75
78	68	16	16	16	16
132	54	97	198	132	132
70	11	70	117	15	96
151	17	28	48	17	48
85	48	87	48	48	85
70	196	176	83	196	176
87	87	23	79	71	23
18	79	74	51	74	74
90	12	90	90	90	85
14	14	14	68	25	14
142	172	108	167	136	59
199	184	104	108	104	37
191	124	25	191	25	5
75	42	38	38	42	182
110	114	13	10	99	28
152	70	82	64	102	26
196	97	123	165	63	79
94	17	17	48	48	57
92	86	179	200	112	86
83	110	60	200	83	60
91	72	46	72	91	97
170	17	99	169	173	169
79	110	66	48	31	39
73	192	73	22	22	10
193	34	34	75	34	34
185	73	185	149	96	154
147	172	147	60	26	72
57	57	39	39	119	87
89	45	151	45	120	93
94	99	16	94	57	57
44	45	90	87	90	90
179	68	185	182	56	124
80	29	54	73	29	80
103	141	179	65	149	75
89	35	91	35	89	89
129	66	196	157	83	151
131	91	167	88	160	185
143	147	46	151	21	151
10	10	68	55	10	10
18	38	69	83	10	18
38	20	137	60	60	38
62	136	69	51	97	62
127	179	127	184	161	18
36	124	110	43	124	110
19	39	68	39	110	19
75	69	75	69	70	87
10	93	10	13	47	93
9	9	47	57	9	9
136	188	70	71	70	193
31	57	57	31	57	116
70	65	101	98	67	70
188	89	185	47	188	80
78	132	80	78	80	52
111	119	111	142	183	88
46	69	37	37	37	99
96	79	65	78	155	38
96	78	96	59	199	78
107	180	62	86	107	86
108	140	105	193	124	105
69	150	10	56	143	163
185	14	104	168	177	85
90	90	176	47	176	70
38	42	46	73	102	46
70	17	17	40	165	40
70	96	94	96	96	70
36	36	22	22	18	36
50	45	21	177	10	98
21	28	52	21	21	21
91	44	135	49	82	91
29	149	33	35	35	29
96	88	26	97	26	96
122	69	121	122	28	135
132	24	61	61	24	64
28	81	81	51	17	28
38	66	94	12	38	66
74	74	17	17	74	67
182	43	107	82	82	105
67	67	22	41	72	22
78	78	36	36	78	76
84	190	190	84	73	29
31	14	173	14	61	61
75	75	75	75	6	29
54	56	57	56	56	54
180	51	103	50	51	50
47	81	81	47	92	180
75	73	73	27	73	73
104	20	122	89	95	132
60	60	60	104	83	9
46	123	46	46	53	91
5	12	12	5	198	91
49	177	111	64	36	36
136	110	199	94	62	168
67	24	119	58	24	24
26	59	94	26	118	59
82	150	74	74	83	83
144	111	115	40	24	144
17	17	12	67	28	67
22	74	101	74	54	54
189	177	150	53	71	179
176	71	162	200	63	94
131	47	31	192	62	163
52	24	24	64	24	64
85	96	46	43	85	46
68	83	83	194	83	30
25	25	25	117	94	117
138	57	17	90	138	84
5	5	5	62	75	43
79	16	111	16	16	78
9	9	9	85	197	29
52	6	116	51	133	116
39	39	42	42	48	42
10	12	105	10	11	11
139	172	78	28	184	19
108	199	55	105	16	154
75	90	120	90	76	90
25	20	22	84	26	150
111	166	138	121	162	128
147	117	136	13	32	50
59	18	59	17	161	17
36	159	192	192	50	36
102	35	35	10	26	10
60	128	65	105	60	65
79	79	64	48	11	11
181	96	185	58	84	58
104	165	169	188	61	192
56	56	90	56	56	27
75	10	69	75	10	10
30	30	30	30	44	20
64	10	64	71	71	178
101	88	65	44	186	186
33	88	88	33	33	91
43	62	18	62	18	62
40	40	40	40	76	30
77	54	68	77	45	45
107	59	169	53	53	138
94	94	59	17	69	94
47	129	11	118	58	52
27	66	116	66	27	139
83	8	79	79	8	119
43	171	173	50	28	172
28	54	99	70	170	12
161	112	83	29	134	29
32	48	48	7	7	87
13	40	107	90	107	13
98	72	127	98	89	72
32	40	40	40	118	31
33	27	27	27	14	27
94	15	96	96	58	96
78	23	15	15	15	15
160	97	37	44	37	107
92	109	12	24	24	12
14	142	105	108	50	101
54	99	80	66	99	142
49	51	85	85	181	49
90	90	90	85	52	52
93	37	103	113	25	199
34	47	193	50	65	157
116	57	57	58	58	103
97	80	57	54	68	98
5	5	76	5	44	44
17	52	171	70	152	42
118	198	173	198	141	32
12	91	91	63	91	28
99	79	105	99	20	79
51	70	31	81	49	38
10	89	90	10	10	10
33	163	77	114	193	163
150	30	14	119	51	47
27	76	98	106	98	98
193	24	49	195	104	122
35	35	115	31	31	31
194	172	100	45	172	194
144	170	144	43	73	53
63	119	143	103	63	117
36	36	106	74	74	74
28	16	23	108	28	28
26	156	21	21	27	26
17	19	17	75	197	19
156	128	69	69	76	156
23	134	194	114	32	95
86	109	118	86	96	96
116	73	90	73	90	168
28	68	163	138	147	147
70	31	31	31	11	94
13	159	133	133	99	96
54	7	47	54	47	54
50	174	64	92	174	139
51	51	161	65	49	65
111	111	116	109	48	118
32	7	49	25	32	41
84	111	84	95	84	117
34	70	82	105	34	34
65	82	77	86	65	82
154	17	67	67	138	20
11	166	10	43	144	11
156	177	96	46	101	130
49	13	126	120	120	20
74	140	64	64	117	74
28	48	42	48	42	156
14	64	14	62	14	64
41	182	108	108	176	176
111	47	81	84	116	17
46	112	116	185	14	71
56	14	56	97	56	57
87	172	44	114	116	119
169	169	84	195	54	122
98	98	92	86	98	28
85	47	62	47	62	194
70	157	113	193	113	193
25	163	107	25	84	103
9	48	13	48	48	30
65	144	38	80	129	73
46	94	73	99	97	94
93	93	127	38	37	37
86	86	22	175	40	147
90	65	156	90	41	90
115	14	87	87	14	38
92	90	52	105	142	52
62	18	87	87	87	87
26	184	26	26	128	30
108	61	30	23	23	61
50	154	64	70	126	92
186	186	189	82	117	25
140	195	105	135	140	107
187	193	61	34	118	34
65	76	92	88	191	191
57	98	19	98	114	98
87	87	101	137	102	137
60	64	91	60	11	60
50	50	94	19	63	19
195	97	115	195	115	117
75	52	31	75	52	107
80	8	74	30	80	74
44	58	58	16	86	58
45	105	34	193	71	64
109	16	23	70	23	70
101	105	28	124	178	111
178	77	98	98	77	63
114	17	48	74	114	74
86	26	26	36	120	36
70	6	80	6	26	6
68	68	118	27	27	50
81	24	81	18	104	81
37	11	11	120	11	41
44	15	44	100	64	44
117	120	16	18	180	116
116	106	65	60	159	100
54	71	187	45	54	187
93	56	72	97	56	56
29	11	193	12	33	70
57	86	85	25	85	85
29	134	172	18	99	109
21	22	71	195	21	71
190	102	64	141	93	141
109	111	123	109	75	18
36	106	106	109	109	32
47	38	93	47	101	38
170	74	176	93	94	34
5	58	117	25	58	5
126	73	73	42	18	73
77	100	74	74	149	74
23	44	102	23	44	102
54	95	65	57	23	132
24	106	135	168	133	67
181	111	21	57	181	57
83	46	46	49	197	83
70	34	158	34	56	51
80	33	33	80	126	99
30	85	169	85	48	30
59	50	57	57	162	57
174	29	54	174	18	29
76	156	55	18	49	53
200	94	182	182	72	148
85	81	157	81	101	85
66	198	146	167	28	40
62	88	14	88	88	88
6	65	65	81	71	81
195	158	37	155	73	41
113	56	56	33	33	85
68	85	119	17	17	41
10	92	103	16	92	64
60	34	34	34	34	16
172	85	46	75	190	56
191	69	26	191	15	61
48	185	48	101	164	10
7	44	87	87	56	87
67	137	161	137	61	55
75	176	25	75	8	25
29	29	70	70	70	37
42	68	69	67	69	42
194	91	171	78	104	93
30	11	57	30	57	30
25	25	61	25	61	120
75	132	111	89	109	132
63	63	24	29	63	96
139	75	18	85	82	131
68	6	148	89	89	6
56	14	14	14	89	89
185	47	121	55	65	54
127	108	162	76	108	127
24	24	24	51	24	36
48	48	48	120	82	82
31	97	169	35	11	189
7	61	61	179	19	19
160	54	54	103	153	153
57	73	21	178	105	178
32	100	49	159	32	49
38	89	126	126	69	112
108	40	190	51	65	88
114	75	27	23	32	11
71	63	36	63	30	30
87	80	87	43	90	80
144	103	10	156	103	156
8	8	41	8	8	60
40	17	17	40	42	38
63	77	43	28	28	77
71	68	148	91	64	174
86	124	79	135	105	124
53	53	53	42	25	83
41	36	71	132	160	98
68	55	68	68	55	11
163	163	95	175	67	135
121	24	19	121	24	19
59	46	68	119	59	59
89	41	36	23	116	118
154	9	154	45	45	41
12	51	32	12	19	88
70	22	113	70	113	70
80	99	99	99	89	97
170	167	196	56	196	170
35	46	46	184	46	190
6	6	16	6	6	8
18	18	37	70	190	198
19	158	76	75	76	75
40	69	62	69	62	166
57	106	78	57	138	196
41	65	15	65	65	65
115	52	87	129	129	38
40	54	115	54	77	40
51	71	8	71	51	51
191	116	24	116	191	61
70	59	70	19	14	59
103	53	91	48	48	110
22	31	81	161	114	92
69	94	94	107	12	12
126	80	170	92	104	25
135	107	167	135	94	43
171	88	51	51	27	199
53	53	17	53	89	45
30	72	90	97	30	97
115	38	71	71	76	115
57	29	96	96	29	96
68	81	75	81	134	75
107	26	124	61	171	107
96	137	53	34	12	115
12	99	158	105	101	46
95	60	23	60	23	23
70	13	70	70	70	40
171	137	74	193	155	92
98	15	98	47	15	55
44	87	48	87	87	87
40	18	5	5	5	36
14	75	158	63	117	39
90	95	81	76	95	76
104	140	141	118	118	141
24	56	56	42	43	43
87	87	93	52	148	52
33	139	57	177	151	66
139	21	42	65	65	42
18	47	177	161	154	154
71	64	71	86	64	86
90	64	83	64	90	82
10	25	25	96	59	96
48	9	12	121	48	24
74	26	51	74	26	26
151	46	68	79	108	198
83	57	49	62	49	83
20	20	91	40	40	119
91	67	91	75	75	159
9	5	39	39	39	5
50	40	149	50	40	118
30	147	120	147	18	18
40	40	103	83	58	58
57	51	133	51	34	28
122	29	199	148	199	49
47	35	58	35	47	35
27	199	98	98	26	27
93	24	57	57	93	57
179	56	100	25	8	56
87	176	146	140	197	47
161	68	38	68	68	14
123	75	169	94	75	68
88	112	88	88	51	14
148	62	141	56	56	148
72	22	79	79	79	79
54	200	37	24	37	37
30	47	20	47	20	47
29	143	174	14	90	56
44	86	44	94	86	86
64	64	22	22	94	101
46	40	50	50	66	40
144	80	176	176	95	126
9	102	9	9	93	13
57	17	57	98	75	57
120	25	82	25	88	88
16	49	85	85	85	174
68	61	68	46	61	121
6	6	6	6	12	19
65	58	15	58	157	58
52	193	26	123	193	26
10	28	28	148	46	10
43	76	131	108	90	131
47	47	70	70	74	47
162	5	29	29	29	63
93	156	44	23	180	180
167	78	167	160	64	92
12	24	24	194	56	56
79	79	5	5	120	15
75	84	151	15	39	19
73	63	24	103	63	63
111	173	107	186	107	22
103	193	25	103	25	120
113	116	35	105	93	127
59	31	91	70	59	91
95	48	48	25	95	147
89	106	91	106	89	97
32	29	51	29	92	92
192	50	102	18	50	18
41	49	41	49	64	10
65	40	111	10	72	75
46	190	117	46	98	76
27	177	17	27	16	149
110	77	55	111	139	13
195	75	198	18	127	195
92	196	97	19	85	63
23	64	46	98	123	158
33	88	97	97	33	141
107	65	10	65	65	30
117	134	117	88	136	97
59	73	94	94	66	94
168	116	116	52	123	28
62	17	166	11	62	62
39	18	86	74	39	39
35	60	63	13	39	165
125	46	7	72	7	7
31	33	40	44	33	31
44	28	44	28	33	44
172	105	62	185	172	31
11	11	14	139	35	160
199	67	64	61	58	61
105	70	19	70	19	33
31	51	107	19	51	107
76	43	43	43	67	76
77	77	38	97	38	183
89	36	54	54	36	66
87	5	73	5	5	5
114	55	114	197	161	161
34	27	34	27	27	8
25	25	88	25	88	76
16	37	33	27	27	27
166	33	118	48	166	33
58	58	23	23	58	74
71	99	12	71	89	99
69	24	169	24	24	106
190	174	22	190	55	178
145	145	55	55	66	72
68	160	67	160	81	122
44	59	41	41	41	41
74	164	109	109	164	137
54	54	73	114	73	85
157	198	114	31	157	198
103	73	73	35	160	105
122	123	198	142	24	37
40	165	62	175	125	86
122	99	89	99	122	109
78	67	67	53	53	67
47	185	22	195	180	43
115	135	115	104	200	200
73	67	125	73	68	73
77	82	82	114	72	77
59	188	68	59	193	188
72	52	72	28	52	52
120	92	92	15	92	15
50	50	10	82	62	10
31	28	28	31	31	68
109	73	73	109	69	12
65	41	47	6	41	111
53	197	144	53	48	28
54	50	54	87	87	119
108	162	34	173	108	171
123	17	183	104	86	42
31	52	41	16	52	31
82	132	81	68	126	188
83	16	83	49	49	83
72	161	23	154	134	134
13	72	42	14	14	72
190	105	30	105	157	30
167	31	31	107	90	107
87	39	67	87	67	67
93	36	87	189	93	16
8	8	152	8	8	102
77	77	22	77	75	75
81	111	81	42	42	42
115	37	85	37	89	89
85	191	37	63	30	147
35	62	123	49	62	62
60	60	81	81	26	185
52	130	78	55	29	115
79	39	58	24	79	79
110	172	54	69	177	79
49	144	35	35	18	18
50	100	193	123	112	50
10	199	115	82	17	74
137	6	49	61	6	49
72	58	57	57	91	72
72	41	62	67	72	41
94	104	94	37	41	41
76	85	107	187	107	161
47	38	108	38	47	191
37	152	31	95	117	37
7	7	34	19	16	7
33	95	94	95	72	109
24	40	93	20	93	93
28	21	21	49	28	21
173	173	104	110	110	61
67	62	18	18	62	18
13	70	73	182	142	200
75	27	91	36	27	27
79	48	79	79	38	87
137	54	9	45	44	71
19	19	103	16	96	19
47	149	87	143	73	116
62	20	29	61	62	62
52	57	57	94	34	94
53	46	46	46	63	46
56	14	139	14	14	21
37	52	85	85	75	85
59	113	46	32	59	93
64	193	69	189	189	196
47	47	47	68	68	15
141	29	42	41	28	28
85	172	85	27	85	87
94	190	74	41	190	128
66	65	20	66	66	66
86	86	148	89	71	71
195	144	47	181	181	27
17	50	19	19	41	19
53	133	112	68	170	170
40	69	40	91	53	53
65	39	84	104	39	39
21	82	43	17	30	21
7	21	21	7	150	49
83	83	33	42	11	158
64	78	156	21	142	134
41	41	59	54	41	109
39	73	73	133	184	27
118	136	164	21	136	118
145	145	181	107	107	68
90	160	160	57	57	52
68	68	35	142	7	35
6	11	47	6	6	6
115	112	8	45	112	115
92	71	22	21	22	183
193	163	68	77	142	116
191	25	25	74	115	74
83	82	82	82	82	57
170	30	91	170	30	9
33	89	182	7	83	26
106	32	106	45	105	32
31	31	14	192	102	14
59	192	80	96	192	96
63	45	45	45	8	45
156	114	43	86	174	30
90	90	75	51	186	51
17	17	42	172	90	42
116	149	141	85	141	116
66	46	66	5	192	46
76	91	17	17	91	11
114	42	42	89	37	37
176	94	185	185	28	50
98	51	47	91	91	91
5	96	96	96	43	193
14	99	44	31	90	165
178	21	21	193	21	45
68	57	159	74	96	159
60	56	48	134	32	34
81	77	81	70	52	153
170	88	36	55	16	88
14	98	87	68	13	72
83	58	58	70	82	83
71	71	51	71	73	71
51	173	51	51	37	40
41	10	41	41	36	98
74	29	29	52	74	74
51	52	40	199	93	153
10	10	116	170	21	170
89	146	146	169	118	169
54	151	54	15	15	8
65	97	65	75	75	65
78	66	147	70	26	78
19	21	71	28	114	197
63	163	46	116	46	163
50	41	116	139	86	195
107	82	137	93	109	188
73	73	80	115	73	12
54	38	38	171	54	25
13	57	161	166	52	45
70	104	14	99	121	90
17	39	39	155	155	73
92	11	104	11	95	95
74	74	21	21	125	21
19	12	8	8	8	8
19	137	141	196	189	73
73	25	6	25	25	11
84	59	171	78	59	59
11	33	33	11	11	48
24	73	88	24	88	21
94	102	7	76	94	7
88	70	70	67	23	23
146	52	71	126	185	192
71	24	27	27	109	109
40	116	18	18	10	114
78	128	64	114	51	128
34	90	34	23	34	34
39	46	46	88	39	46
146	79	199	142	61	78
18	107	37	40	113	40
40	28	21	28	195	40
7	27	27	6	27	27
27	168	178	85	167	71
90	93	89	90	115	115
117	28	123	5	102	53
103	61	95	135	145	47
57	96	51	62	62	57
33	33	90	43	43	143
175	172	116	126	10	84
88	77	81	129	88	77
67	93	106	185	93	67
82	12	106	188	82	93
85	62	32	32	32	32
80	186	162	162	60	60
95	15	96	73	73	95
111	80	72	80	67	72
87	87	90	87	62	91
106	182	99	72	199	72
70	19	143	70	19	83
124	88	52	52	71	88
120	95	95	32	16	95
10	103	103	99	84	99
24	70	88	101	88	70
12	12	59	120	12	59
60	32	57	57	64	57
138	41	37	58	39	57
129	71	103	129	195	43
82	86	82	99	7	99
108	135	73	166	200	135
177	20	146	66	174	90
90	90	69	90	32	90
164	193	114	140	41	51
24	96	25	83	24	96
177	81	47	114	187	32
80	18	23	23	56	80
95	95	95	95	101	123
13	14	14	14	21	66
11	12	182	102	12	11
17	50	92	17	174	17
74	74	95	95	74	36
31	44	31	44	11	44
87	94	87	94	11	92
91	131	76	77	133	125
64	30	63	64	74	63
156	65	65	9	65	102
83	98	156	51	120	83
69	69	62	62	62	80
21	21	21	91	80	135
107	43	43	18	18	27
50	87	52	187	124	173
30	89	30	30	83	83
139	176	106	43	102	72
75	155	84	84	55	84
52	165	125	44	196	117
40	69	90	70	37	50
190	31	190	114	175	40
184	132	137	118	195	51
35	20	70	72	23	28
134	129	146	110	158	14
172	57	53	191	86	90
152	50	50	21	53	53
83	78	109	20	20	78
64	58	71	58	64	165
20	98	148	20	148	127
30	48	48	48	86	18
68	107	68	68	18	18
196	76	113	158	158	99
167	193	167	7	44	178
104	94	65	43	137	27
99	45	32	84	32	99
5	5	66	66	99	102
34	66	66	30	95	95
59	59	17	29	17	18
136	170	70	180	17	170
43	83	190	190	43	83
106	143	73	53	53	53
16	56	91	91	16	181
80	64	39	23	39	39
49	49	37	124	88	91
41	124	163	124	163	177
30	103	26	30	26	26
30	103	44	30	44	44
75	186	36	63	75	63
37	183	37	120	29	183
136	57	88	60	88	82
49	19	19	82	117	19
174	198	117	162	19	176
173	113	114	113	52	166
86	54	26	86	26	68
139	28	88	84	28	84
27	119	94	155	158	72
161	27	51	27	51	12
32	45	32	32	88	88
64	9	6	6	64	6
199	169	154	42	38	12
65	36	164	66	65	66
168	152	64	113	181	152
67	5	53	67	55	67
79	79	79	71	32	11
9	27	78	196	102	30
24	19	94	94	24	94
48	14	48	48	79	14
20	25	95	95	20	174
42	44	96	42	179	96
51	96	46	101	51	51
48	81	50	50	50	81
71	159	160	61	134	82
20	78	97	45	121	86
67	41	41	41	92	45
51	199	147	10	141	39
19	15	24	142	14	24
88	21	88	178	139	177
67	81	88	67	81	197
151	34	65	151	110	110
69	69	8	69	18	178
99	19	16	19	119	16
95	95	49	49	82	92
47	14	83	72	168	30
58	125	173	112	31	112
88	87	87	88	116	88
70	51	70	96	96	56
147	94	160	110	28	137
99	127	44	119	127	45
83	54	30	61	131	174
15	20	15	80	15	175
25	61	96	81	172	190
55	102	144	200	109	20
34	155	34	34	27	82
37	13	37	12	67	67
37	74	22	22	110	42
50	57	178	32	57	57
162	144	162	173	173	112
145	69	87	17	75	103
81	81	83	43	81	81
74	97	22	74	22	74
118	36	108	29	118	59
199	11	109	199	11	91
98	73	73	41	134	98
80	145	10	74	175	45
200	32	26	139	30	114
30	57	57	54	54	19
15	56	15	66	51	51
81	117	25	81	81	178
77	123	179	79	19	133
96	5	96	88	88	5
82	168	53	9	53	9
56	199	99	99	166	166
48	87	79	124	48	87
22	18	71	77	126	167
54	15	49	43	43	15
178	42	21	127	59	178
60	60	94	31	94	94
48	55	59	62	92	40
43	46	40	43	143	34
59	183	183	106	164	144
67	67	96	96	21	96
79	50	50	79	18	50
82	87	50	82	62	82
97	97	115	25	147	97
59	46	46	87	46	188
103	44	44	171	10	171
68	68	86	68	109	23
59	59	120	52	52	167
95	94	64	64	84	64
27	27	69	98	27	88
12	102	70	70	12	70
103	126	33	33	149	98
109	88	168	11	169	34
37	190	14	24	55	157
64	86	64	69	32	17
55	66	29	55	13	29
77	116	96	75	75	77
49	5	93	5	49	49
74	74	73	21	74	74
102	137	175	175	110	137
52	90	52	52	52	84
111	6	6	48	48	155
58	5	79	35	58	5
15	70	15	15	56	15
84	45	84	84	63	84
10	189	10	83	11	83
40	100	166	19	40	19
55	84	50	50	79	20
190	108	116	102	152	152
28	31	71	92	71	73
72	59	59	53	72	98
194	155	194	92	139	118
164	27	27	15	24	141
84	66	143	84	146	23
36	173	176	125	65	60
109	24	60	60	36	24
110	82	82	31	82	193
82	82	45	92	21	82
117	12	12	59	59	12
160	166	176	84	153	77
11	11	62	47	11	36
91	28	92	44	91	92
81	59	165	176	29	16
75	75	78	75	78	23
27	179	96	96	43	27
94	27	27	70	57	94
53	12	176	54	28	28
87	49	72	93	128	62
169	106	182	182	85	121
16	74	60	74	95	95
117	33	95	95	33	51
48	131	122	48	12	122
117	145	69	162	140	23
87	109	20	61	87	87
153	182	182	158	125	109
149	143	66	149	54	103
135	41	18	30	185	172
119	52	155	52	122	79
161	73	161	181	44	73
54	54	12	88	54	12
63	65	54	63	65	85
47	12	29	47	96	47
129	49	41	41	86	41
86	163	110	16	112	69
60	87	88	88	87	60
99	30	30	30	30	99
79	128	79	11	79	42
39	90	77	90	90	39
66	128	66	55	55	51
45	39	45	101	85	45
149	108	122	122	149	94
93	56	35	28	93	93
95	95	95	8	119	70
90	99	70	90	37	70
167	47	61	43	41	107
14	42	42	104	42	14
35	58	61	42	106	30
68	164	88	68	88	93
51	38	48	40	38	38
84	51	75	24	24	75
104	79	75	115	161	172
37	35	35	35	35	83
72	126	50	108	50	102
72	174	84	190	181	23
26	26	26	89	55	55
70	54	76	54	92	54
34	79	34	34	70	174
18	57	75	57	57	115
24	78	60	47	141	91
8	8	8	143	55	78
66	120	69	69	91	69
21	21	15	32	69	69
86	90	158	103	90	86
165	116	107	107	34	80
68	11	92	11	52	68
29	47	47	47	77	47
110	28	200	80	43	79
120	43	58	120	43	86
182	117	21	20	101	50
44	39	176	7	44	7
106	65	65	68	13	68
70	170	23	70	71	71
78	78	55	87	87	78
57	34	189	81	34	57
43	55	55	156	55	7
38	87	89	89	89	66
82	196	78	38	38	38
50	51	70	51	70	46
45	102	115	102	149	115
100	35	30	30	179	35
65	158	89	53	105	16
57	41	80	69	57	41
39	39	51	39	39	39
149	16	102	149	149	23
103	31	125	113	45	97
57	30	57	169	64	57
33	33	33	42	71	33
200	62	36	87	180	18
177	96	27	96	27	65
99	99	16	7	7	26
73	73	84	73	93	73
76	43	152	143	93	98
106	78	72	78	72	11
94	104	89	89	105	89
66	37	34	66	66	66
182	163	181	56	108	142
156	110	74	110	74	101
93	135	97	132	97	132
14	68	68	84	76	76
105	19	19	182	19	47
10	57	69	57	69	185
51	29	182	51	51	6
64	44	192	42	44	44
83	112	34	80	83	83
87	148	148	162	148	24
109	80	38	6	38	38
62	89	118	160	118	155
59	93	70	59	93	82
90	32	32	90	57	32
19	67	50	67	19	19
74	186	52	74	74	21
56	90	193	193	192	34
118	188	200	33	60	120
61	123	105	110	157	56
15	75	95	75	75	15
187	88	187	190	147	34
70	94	90	124	118	149
55	95	89	98	89	98
18	18	55	85	55	18
132	93	102	106	104	23
77	66	49	151	150	145
85	85	54	123	85	55
150	55	55	45	55	65
64	144	139	144	155	92
103	139	71	71	105	98
15	33	44	33	39	39
109	26	91	59	109	26
7	7	72	7	65	98
86	128	86	76	128	78
8	8	28	51	29	51
49	120	71	71	147	71
91	7	27	27	160	160
97	176	176	175	175	48
28	38	28	72	22	22
110	42	139	42	55	55
70	70	49	70	39	77
62	23	74	74	74	50
89	92	77	89	21	77
187	171	190	24	90	171
26	115	30	26	131	30
10	51	23	112	23	23
97	102	97	82	157	8
10	26	10	10	57	57
97	42	34	66	42	42
190	106	137	123	95	105
51	120	63	51	75	51
85	74	74	47	104	74
100	49	10	36	146	79
51	51	8	51	33	8
56	20	56	29	29	68
54	15	25	54	54	54
22	105	106	109	30	124
126	129	141	134	174	110
59	27	27	85	94	27
138	81	10	111	10	13
42	45	148	21	59	49
30	21	193	17	17	21
126	140	35	140	76	76
96	11	87	76	11	76
17	154	44	17	17	118
166	65	99	65	65	65
195	183	87	116	19	109
37	64	39	81	64	64
22	144	22	22	73	73
27	27	111	73	76	76
33	92	71	92	71	18
18	18	128	95	18	9
82	61	92	92	61	92
100	55	161	16	170	16
26	154	82	82	25	26
94	48	166	21	48	94
16	87	16	166	87	97
178	157	112	55	120	137
80	80	29	131	23	23
25	94	25	69	69	196
46	199	39	41	115	17
185	81	167	41	192	73
109	127	26	43	117	48
18	165	147	127	147	12
163	164	151	164	171	69
72	72	72	15	14	72
87	95	51	51	95	71
65	118	93	55	55	55
148	138	92	18	18	148
72	106	156	147	55	191
83	179	71	83	93	179
84	78	39	104	100	98
20	58	20	113	34	20
66	28	38	81	28	38
153	52	80	56	153	56
82	82	83	13	77	82
73	36	5	5	73	47
63	75	90	90	75	196
38	92	183	137	109	51
16	75	93	86	141	25
137	186	59	117	137	72
84	46	44	13	44	46
17	28	187	15	106	28
108	53	154	97	160	23
122	17	134	53	134	57
92	78	13	78	78	13
75	61	85	117	100	65
96	7	125	7	89	96
13	42	42	45	80	42
111	30	110	110	188	188
128	37	134	163	183	42
144	16	167	183	25	183
101	42	164	42	164	181
67	20	35	20	20	20
40	89	40	9	77	9
20	31	48	126	11	174
83	12	92	116	129	12
74	181	104	106	110	169
33	80	33	68	158	68
55	174	77	55	13	77
35	6	6	86	47	6
54	101	54	46	46	54
183	166	86	141	43	107
151	171	151	162	117	144
24	17	84	24	17	17
126	126	152	16	152	23
21	58	21	171	58	94
84	84	84	25	73	84
66	184	18	90	91	184
14	96	96	161	96	19
23	118	23	23	47	31
108	51	49	52	168	176
16	16	80	112	16	49
143	102	88	18	18	88
14	142	178	75	161	153
29	47	24	87	87	47
90	25	91	25	25	90
85	29	85	167	96	29
46	102	40	46	40	178
186	16	186	110	171	189
115	41	26	41	99	41
47	129	47	47	54	45
42	75	151	42	78	41
106	179	174	30	106	130
67	7	92	67	97	97
109	50	42	57	50	50
148	118	54	106	136	122
65	119	193	193	119	53
80	6	183	6	48	80
67	130	85	43	67	37
32	134	32	83	83	65
53	53	6	6	73	116
36	185	170	185	185	20
81	91	81	11	79	81
19	76	19	158	118	44
19	162	131	15	19	162
182	10	155	57	59	127
85	85	149	63	25	63
39	53	139	9	53	9
30	30	58	77	127	30
7	113	56	7	7	70
22	59	145	16	59	16
16	10	74	75	51	30
119	52	67	77	52	77
8	8	52	8	77	121
39	104	31	39	51	39
194	168	106	194	59	194
68	116	50	9	50	50
157	190	172	57	172	105
20	53	68	51	153	78
98	97	178	136	136	22
87	72	178	29	29	72
73	37	73	106	37	73
90	29	29	80	46	29
25	136	189	11	149	20
78	55	89	130	89	89
85	85	62	93	24	85
82	45	45	45	57	91
20	59	91	46	116	71
64	64	64	56	58	64
30	176	135	17	60	155
31	20	98	20	20	18
66	56	77	66	60	77
43	177	31	26	95	77
173	70	85	13	70	19
174	149	89	187	162	162
69	99	69	92	69	30
34	9	9	18	9	7
196	49	112	86	38	29
54	37	188	54	54	84
96	38	42	42	175	96
165	47	47	47	60	31
95	7	95	7	32	137
49	149	70	61	49	70
177	71	151	81	12	82
6	5	6	68	5	5
23	47	29	23	27	27
5	41	31	5	31	5
72	46	72	66	66	121
176	25	17	90	17	17
89	57	89	89	30	89
83	37	68	42	82	109
23	26	23	23	100	77
166	100	100	49	166	17
13	85	85	96	85	13
83	146	83	37	94	37
185	47	47	14	47	16
186	79	39	79	156	25
110	92	48	54	163	150
101	164	128	63	101	145
18	95	18	140	71	18
72	99	67	72	17	72
122	70	47	29	70	38
22	46	98	10	98	98
81	81	6	51	51	51
70	31	83	46	83	31
73	30	86	192	86	20
23	15	105	101	119	17
47	47	84	47	54	47
186	57	40	14	200	166
70	90	84	84	70	84
111	100	194	180	52	133
41	43	127	97	134	43
196	85	154	60	196	95
42	42	111	33	22	33
100	13	43	86	86	86
69	175	48	133	83	102
73	11	11	11	90	84
70	31	66	31	66	72
36	109	178	36	178	79
16	18	42	16	16	42
113	72	24	70	70	116
42	15	42	192	21	21
68	180	75	26	68	68
99	86	86	86	32	32
106	152	15	22	113	62
162	79	190	38	42	191
75	91	91	91	27	75
153	69	15	67	67	67
194	107	155	100	102	25
89	89	118	182	21	198
58	119	29	113	145	88
31	50	31	50	50	50
78	109	77	58	36	91
170	101	71	28	95	62
32	26	173	189	136	160
183	54	103	184	183	161
28	28	28	49	56	26
60	22	196	133	45	86
17	21	17	17	56	17
77	77	77	21	32	77
98	96	98	73	162	141
157	185	190	90	185	105
141	119	157	157	72	89
41	48	41	89	14	14
51	37	133	34	124	79
14	16	70	14	140	14
64	81	81	81	76	118
46	17	46	46	83	17
63	57	63	63	63	39
113	94	93	93	195	94
28	28	21	169	16	28
32	56	56	56	88	13
53	53	51	20	20	136
31	18	183	49	31	31
6	195	28	6	28	30
114	179	179	185	48	114
100	73	144	47	181	148
111	37	37	45	17	17
130	130	88	71	16	130
36	134	38	33	42	190
21	112	150	186	169	157
142	163	175	86	65	142
169	119	19	50	29	50
78	162	78	54	12	120
27	126	76	52	52	137
108	161	122	122	161	38
66	93	75	75	66	189
17	11	11	11	11	27
162	18	22	48	22	48
17	55	55	61	23	55
110	108	135	109	108	85
60	152	34	60	74	74
9	93	9	93	88	31
28	181	75	88	62	62
72	9	58	72	54	72
85	133	66	141	39	194
30	30	170	24	24	35
57	57	57	88	57	36
67	29	99	124	29	67
89	89	106	71	106	122
60	36	188	60	36	85
107	66	66	66	84	83
72	73	73	23	23	73
85	143	143	51	176	51
77	57	77	36	33	77
162	57	79	79	81	57
16	13	15	16	16	83
124	123	33	154	167	108
80	82	26	82	151	82
37	182	182	103	85	37
105	195	80	80	14	80
20	78	54	20	78	78
79	48	48	67	79	48
99	80	99	101	80	99
112	5	15	15	15	5
55	92	55	194	92	16
174	196	100	145	67	12
14	13	20	14	14	42
48	18	47	18	69	18
193	62	39	73	145	110
83	83	83	87	83	25
186	24	69	69	61	24
127	11	185	180	127	50
25	97	97	25	29	107
71	16	71	108	71	16
95	35	88	88	48	48
185	57	89	18	185	85
180	191	93	93	183	61
176	152	48	136	136	112
20	56	13	56	56	188
37	27	27	8	27	27
51	10	76	51	10	124
29	61	61	29	19	48
124	124	41	83	56	28
164	16	16	114	28	199
18	40	81	81	28	28
60	145	77	86	84	41
49	13	114	23	13	13
82	23	157	188	111	188
35	140	150	19	88	88
57	57	57	152	24	74
189	67	167	188	182	58
83	34	24	143	73	170
149	193	31	91	60	31
48	29	48	89	96	96
5	5	134	5	102	64
151	134	129	61	110	32
41	77	41	111	111	94
67	67	189	136	189	89
70	70	70	53	10	53
43	75	109	43	185	75
115	148	83	68	47	157
83	119	82	133	119	84
54	6	54	6	176	32
169	169	189	189	51	50
138	104	82	82	138	67
98	31	31	66	69	31
30	84	92	10	92	92
72	55	191	178	180	180
92	92	52	92	52	102
158	86	159	199	122	196
99	99	20	91	115	99
183	169	90	8	73	89
116	20	86	196	196	190
142	195	179	68	75	19
34	48	72	61	72	48
112	104	111	111	104	15
21	23	76	50	50	23
86	86	60	86	100	60
98	98	90	90	48	111
91	118	64	18	91	18
15	23	23	16	194	15
15	74	77	77	24	74
50	50	39	50	31	39
187	65	197	133	67	81
39	83	83	106	147	83
38	32	46	87	46	87
19	19	25	45	142	34
31	32	30	31	14	30
89	89	156	84	36	89
7	182	42	80	42	7
11	28	5	11	94	5
37	72	72	131	72	77
38	34	7	72	7	38
144	124	64	98	115	69
61	93	142	93	54	93
16	120	163	40	127	40
153	43	48	81	48	138
35	41	55	104	55	55
11	80	11	11	24	7
11	144	73	11	112	11
97	74	199	20	81	20
140	140	34	181	196	27
37	40	119	95	40	37
96	119	99	99	96	96
13	30	23	69	69	30
76	76	50	50	171	56
113	25	113	161	166	166
195	88	85	85	16	88
34	34	51	34	39	73
185	19	19	70	70	64
89	89	156	14	89	106
30	152	30	103	94	94
30	45	41	96	96	41
49	75	75	102	75	62
10	76	10	40	10	9
20	85	73	90	90	20
187	199	78	146	73	79
63	80	80	52	80	63
58	55	92	71	58	107
79	79	79	8	21	72
82	90	82	108	108	90
120	58	58	90	58	157
72	182	133	148	148	133
34	75	57	89	57	34
87	87	43	146	21	21
183	142	72	30	60	17
108	173	173	51	152	190
15	87	199	39	15	36
112	130	57	160	86	130
14	75	147	85	65	157
160	194	191	82	84	115
111	146	8	63	8	63
16	89	23	173	23	23
200	200	13	14	195	114
78	78	27	78	104	13
88	88	80	88	16	16
83	83	8	116	24	8
97	183	157	166	183	39
10	36	10	36	32	187
114	161	111	161	115	40
64	187	18	18	88	64
31	47	178	47	76	31
5	5	5	5	60	15
127	14	140	27	27	43
199	166	199	169	140	58
89	97	89	67	67	67
178	67	140	145	167	14
118	109	129	79	169	85
40	72	83	104	58	58
189	93	44	34	44	78
38	79	79	38	66	118
24	157	157	51	51	99
184	197	42	192	69	56
119	28	40	32	119	32
39	39	25	39	106	152
85	79	91	32	91	32
117	114	120	92	44	70
78	10	64	105	64	10
96	108	32	32	128	37
62	45	62	107	62	32
15	140	80	43	80	80
83	95	102	34	95	34
145	187	114	19	31	17
90	90	66	55	55	90
42	87	198	88	140	16
44	11	11	11	24	11
8	30	126	55	31	55
141	44	26	141	18	18
80	6	80	16	6	122
51	51	89	63	51	63
76	54	54	91	76	92
147	12	147	108	47	75
88	21	74	88	72	143
120	98	24	90	23	120
143	186	100	19	20	198
52	32	78	32	32	23
61	18	61	80	61	61
120	43	63	63	18	18
23	23	23	23	23	88
185	136	98	189	107	94
149	114	56	40	56	149
72	171	92	115	92	92
174	78	160	100	28	100
64	64	57	52	64	52
76	90	90	90	76	81
40	61	40	40	40	26
8	92	138	92	82	82
10	68	68	195	82	10
17	42	17	70	42	35
98	84	84	21	81	98
63	94	182	117	182	55
26	26	107	79	42	79
111	41	59	41	59	119
93	93	102	25	200	25
18	74	66	95	74	18
27	60	27	82	60	27
108	88	186	104	108	35
181	65	31	176	100	95
97	19	165	172	116	165
10	9	187	10	47	10
20	73	20	17	59	73
87	43	135	164	62	87
103	22	199	50	177	91
47	47	59	47	47	84
20	33	12	74	33	12
101	33	45	33	53	33
57	33	167	73	130	25
118	81	52	18	158	81
27	33	148	27	33	25
98	72	53	53	178	72
35	71	71	125	71	86
66	64	64	76	100	76
26	36	26	26	69	26
64	34	34	64	98	114
24	55	95	55	24	86
16	16	89	24	16	24
65	5	5	88	49	65
50	82	76	76	82	82
139	141	55	44	39	128
37	27	37	10	189	61
61	61	95	77	108	95
65	78	65	65	73	73
62	40	28	12	28	28
36	54	35	30	110	152
31	40	31	160	20	40
99	28	96	66	66	28
120	122	122	90	90	147
40	75	66	66	71	85
189	128	184	189	67	53
92	6	21	178	21	21
58	157	59	58	196	165
184	102	73	184	75	83
56	104	28	56	37	56
48	192	142	192	133	87
53	152	22	15	15	53
104	64	54	167	161	18
179	179	117	49	42	122
154	157	31	22	52	87
51	182	38	40	190	188
54	186	38	120	132	38
48	109	14	34	14	14
61	63	197	73	61	61
11	59	12	88	13	88
124	196	166	86	196	137
99	79	99	140	64	99
98	106	121	122	111	106
63	19	12	181	12	197
91	115	60	60	91	91
57	98	155	84	186	192
156	15	85	26	85	15
83	47	83	63	83	82
79	131	37	37	63	37
6	20	90	6	90	90
181	12	12	66	188	152
95	95	30	38	7	7
43	45	45	117	45	43
72	110	72	91	59	93
91	120	91	60	70	60
120	47	47	140	70	70
58	10	10	58	82	10
151	80	61	95	67	102
74	73	23	73	106	130
78	82	82	74	28	74
95	107	9	95	95	73
29	86	90	90	29	82
111	22	97	32	32	47
27	34	15	15	34	111
85	42	42	16	53	53
96	142	25	92	166	52
179	54	195	124	73	61
18	69	51	18	51	51
67	179	64	70	23	179
91	53	87	53	87	68
85	8	8	45	45	13
67	36	58	67	48	67
52	76	52	167	18	76
81	98	200	55	98	98
44	149	44	58	122	77
53	41	50	27	42	120
113	65	41	18	132	131
27	27	138	94	27	70
186	165	86	115	121	20
27	41	48	41	27	27
36	76	39	36	39	39
27	60	60	169	60	93
81	72	72	64	142	64
80	72	72	85	80	72
108	90	86	8	86	8
67	62	67	62	31	177
80	108	98	98	98	80
66	66	66	90	22	66
41	121	41	62	5	57
48	100	37	30	37	48
42	43	99	99	43	99
8	83	83	8	46	8
76	21	5	13	76	76
60	160	160	92	144	148
21	93	21	21	33	174
47	187	13	188	117	62
109	133	70	117	170	32
41	41	23	83	23	55
51	83	136	176	187	154
99	52	36	113	99	99
34	34	62	34	51	34
77	65	65	128	128	31
64	64	70	64	70	97
88	37	80	68	37	88
186	134	186	137	137	75
153	69	8	69	51	8
84	37	125	62	70	10
156	170	93	19	93	198
109	83	187	119	84	27
69	58	20	79	20	58
80	59	113	38	38	59
18	6	88	6	186	18
172	23	172	199	52	172
57	100	57	87	87	52
27	158	71	150	158	92
80	187	5	80	18	18
5	22	22	5	11	43
103	93	131	76	76	15
62	21	62	62	62	62
52	52	52	15	45	52
54	11	83	128	83	54
26	58	32	58	58	26
36	36	15	36	52	52
85	57	89	147	116	23
81	193	84	169	126	169
119	52	107	63	51	52
39	89	58	89	89	11
38	61	31	166	87	14
189	59	139	86	159	95
43	79	38	43	95	79
52	100	66	99	99	66
25	11	11	81	81	32
5	5	45	92	45	39
44	158	107	96	63	75
106	186	104	61	66	61
118	163	46	163	178	6
50	161	50	115	50	50
11	60	138	181	90	89
34	33	74	33	25	34
34	195	41	70	96	147
28	40	169	67	49	49
32	130	32	74	130	39
10	142	10	67	102	10
57	84	57	5	5	197
20	51	23	68	51	68
35	111	108	83	138	14
27	61	175	63	44	66
45	133	198	198	45	28
151	152	86	122	119	119
61	90	9	61	61	61
18	184	129	111	105	23
91	91	89	56	27	53
58	58	36	58	33	36
31	69	69	32	99	99
28	28	126	79	28	56
105	156	64	82	117	41
167	196	109	187	196	167
96	101	90	77	77	96
48	48	65	65	22	168
11	16	58	58	91	175
9	42	9	80	9	9
56	138	41	29	26	87
35	83	99	106	83	35
39	51	51	55	67	55
162	60	80	57	17	42
53	173	53	80	111	111
33	142	33	33	142	75
110	81	64	161	108	91
62	111	62	65	136	65
43	45	28	43	35	43
112	111	188	11	111	92
6	100	6	89	89	6
83	53	21	53	53	148
25	10	42	172	25	31
89	89	17	119	118	152
26	32	162	127	200	116
39	79	90	79	90	79
98	98	37	112	37	98
24	53	94	191	112	90
20	41	39	59	59	39
101	194	167	96	42	11
20	31	20	20	85	20
57	65	164	74	57	74
64	36	64	64	36	67
27	181	27	79	79	63
51	88	51	50	50	51
15	135	63	63	63	69
72	79	166	12	78	180
50	50	141	50	95	41
47	134	86	85	103	195
23	88	14	92	92	23
18	145	58	18	101	58
188	21	169	188	128	102
189	88	77	97	99	38
69	12	12	173	69	119
10	97	70	43	70	97
72	177	111	120	71	39
81	56	56	168	78	81
57	99	170	44	24	166
198	169	168	198	169	89
150	97	191	150	55	57
70	138	168	19	50	117
61	36	25	25	25	102
76	76	76	76	47	76
127	22	159	66	169	144
157	94	46	46	157	40
103	72	127	39	186	106
90	123	90	84	29	90
66	167	66	78	66	78
47	6	6	6	76	173
36	82	82	51	82	51
143	72	54	9	54	9
22	22	44	22	28	156
8	152	99	8	8	63
88	60	31	31	60	60
84	40	40	74	74	40
200	131	200	96	16	200
49	68	113	34	159	63
158	27	110	102	158	59
91	196	52	98	35	74
40	99	40	137	45	99
21	17	53	55	17	53
76	92	25	6	189	151
189	189	135	5	62	128
22	89	89	22	32	98
136	136	126	117	89	89
58	58	84	32	140	32
36	70	36	36	70	58
131	170	170	127	127	48
57	19	109	60	19	60
45	16	16	45	16	59
20	20	150	43	76	76
77	122	27	77	77	122
71	45	23	23	23	23
11	43	11	83	83	68
94	192	10	32	94	10
129	56	148	81	87	50
48	48	36	48	84	11
137	21	40	79	40	79
11	180	23	23	103	23
44	109	93	93	44	93
137	40	14	14	40	94
181	80	12	36	80	36
64	86	193	191	34	26
60	74	19	60	40	60
36	94	183	85	78	181
92	38	92	92	117	38
117	33	156	37	117	183
73	151	104	104	64	14
43	103	43	79	79	105
89	77	132	98	89	92
17	17	17	80	17	6
156	24	24	24	20	38
74	33	89	53	53	74
180	84	30	145	76	180
55	39	11	55	55	68
73	109	170	73	92	73
101	69	37	83	51	106
12	12	180	194	182	6
66	171	172	45	117	183
57	98	26	33	26	26
21	60	99	99	121	5
34	79	34	34	105	29
89	83	89	83	48	52
115	115	140	35	119	115
162	116	117	134	57	134
29	41	17	80	121	118
11	55	78	11	11	78
180	33	141	146	28	184
118	10	178	63	31	34
105	73	88	26	73	26
104	168	12	117	125	125
35	23	35	35	99	64
15	16	22	15	16	163
75	59	75	91	75	39
44	72	97	152	97	97
191	66	66	14	33	155
46	56	46	96	46	96
90	199	22	90	34	90
53	54	48	48	53	53
26	26	30	49	49	54
156	56	93	52	156	56
61	61	189	45	61	9
37	37	69	37	181	55
172	109	46	34	141	109
97	190	97	40	21	21
14	14	14	14	62	35
172	184	146	63	64	36
134	134	190	190	61	102
60	60	60	22	60	63
13	81	73	81	13	95
135	44	27	84	135	175
31	69	69	69	19	69
70	161	197	161	161	15
58	156	134	101	83	190
30	5	50	50	50	137
98	98	95	98	101	179
99	63	100	63	140	99
93	114	94	94	93	80
166	88	166	81	143	143
198	14	188	14	24	39
40	67	179	43	179	73
195	103	25	167	129	57
67	20	46	159	67	46
23	137	189	189	164	28
191	86	29	29	39	191
50	130	28	135	135	130
48	48	34	61	48	34
119	192	116	91	167	123
42	84	42	23	23	82
74	74	95	21	104	21
161	26	10	83	161	10
21	21	59	52	21	146
88	52	115	52	73	52
58	56	68	56	68	56
61	80	97	98	98	61
104	176	157	48	45	147
12	49	140	79	79	124
61	18	75	46	75	18
55	7	106	55	151	7
40	16	171	25	89	187
10	38	38	10	89	38
178	77	46	85	170	195
92	78	78	89	84	92
84	42	20	128	20	20
181	156	190	8	124	86
24	24	36	93	73	179
159	86	178	171	130	57
48	38	179	38	26	48
21	55	24	21	54	21
145	45	6	6	45	106
133	130	168	150	95	170
39	39	39	19	19	19
85	94	30	85	85	56
39	58	166	14	14	81
37	33	37	33	16	37
103	147	140	12	57	183
55	55	83	23	83	95
32	171	45	45	45	12
11	88	18	69	18	18
56	31	168	40	40	40
120	132	186	155	43	155
158	19	29	50	19	19
23	170	170	154	148	36
56	20	20	20	83	20
85	5	85	191	51	85
39	174	16	189	88	152
91	91	31	15	166	31
92	159	21	150	150	92
53	40	90	53	90	116
74	46	72	72	74	25
61	66	61	43	32	61
35	35	67	93	115	93
127	172	141	87	89	129
186	176	61	119	157	191
116	36	36	190	15	116
50	17	48	48	71	71
16	77	16	86	86	16
98	82	82	98	37	146
98	28	28	28	52	52
141	75	109	155	141	48
60	120	127	90	62	157
26	26	95	95	81	167
29	80	151	61	129	164
77	80	82	82	71	82
72	8	72	8	72	26
163	61	87	87	61	46
54	33	42	40	42	33
174	49	116	49	49	49
83	83	144	8	83	45
134	56	124	32	95	171
10	98	160	110	154	33
27	27	27	32	38	27
12	66	60	57	116	118
185	97	97	27	97	41
46	79	76	76	76	76
51	59	51	51	23	51
34	16	60	60	18	18
49	39	63	148	49	49
5	81	5	40	81	110
8	49	40	49	8	22
169	34	41	80	57	39
42	9	183	17	23	170
137	22	136	22	136	43
182	41	181	196	69	78
126	127	13	136	138	138
88	77	191	191	77	143
97	97	95	95	59	95
64	115	39	189	39	64
44	96	41	96	44	44
31	35	39	47	31	39
198	182	108	108	8	182
194	92	110	120	127	87
32	32	32	17	19	187
49	37	51	45	73	78
63	56	29	56	15	119
102	149	147	102	19	67
39	99	107	110	70	14
68	68	68	81	46	34
15	89	154	110	176	184
86	62	29	86	29	156
45	88	80	80	88	29
99	99	85	91	85	157
38	8	38	38	38	38
86	155	98	147	147	108
50	28	102	50	84	84
96	37	96	72	37	37
45	36	36	45	36	92
51	33	33	115	51	82
16	70	23	16	59	70
13	44	44	33	65	44
101	27	109	21	107	27
183	85	110	99	99	99
20	115	78	20	31	20
31	27	53	31	166	27
11	124	20	40	136	136
149	15	49	22	168	22
20	46	46	96	46	96
125	32	39	39	39	23
80	145	179	190	62	123
94	61	88	130	61	88
184	29	17	29	51	17
134	19	10	45	101	101
66	34	40	66	96	94
57	57	76	65	65	131
82	96	30	82	108	96
37	134	27	99	24	114
138	17	33	86	98	80
134	95	67	67	13	67
84	99	89	135	40	135
85	80	155	23	80	23
86	86	69	86	69	96
73	198	70	126	126	38
67	99	63	66	99	99
16	126	84	102	16	109
58	103	58	158	58	40
73	118	22	25	158	118
196	63	193	134	153	32
94	147	102	96	78	80
15	149	60	151	50	36
73	117	73	73	86	9
43	161	43	96	43	161
69	43	27	69	69	43
69	139	69	136	149	29
165	126	134	13	144	144
163	188	163	34	71	188
49	125	34	34	136	136
91	159	85	118	196	97
28	117	28	116	68	96
63	88	20	106	125	21
65	162	67	67	86	65
45	82	81	81	81	95
11	106	11	11	58	81
109	12	23	109	109	38
13	63	172	123	115	112
102	70	28	96	70	96
66	51	149	66	51	74
39	62	39	60	39	62
117	8	8	62	50	8
94	143	80	25	80	94
82	90	90	91	65	65
35	119	83	35	35	15
188	176	38	85	176	85
192	148	49	72	71	118
39	64	170	39	54	64
56	56	57	151	57	27
67	67	67	82	9	67
83	66	27	83	27	35
56	163	10	10	43	178
157	192	68	76	35	53
137	46	46	65	56	65
30	40	76	30	30	30
23	192	40	40	25	23
28	196	31	28	28	52
73	59	40	40	82	59
79	48	102	48	11	11
5	61	105	119	38	199
92	119	44	73	44	92
190	78	103	59	126	179
63	28	49	28	28	28
56	91	10	7	10	91
130	153	185	61	185	69
92	58	58	58	60	92
22	75	75	43	43	75
50	78	67	57	67	117
40	40	40	34	78	115
19	71	18	19	19	71
24	24	12	24	45	24
15	58	58	74	15	15
60	60	41	13	165	48
120	18	194	108	70	120
68	15	24	68	54	15
93	32	93	119	87	87
73	30	30	46	46	10
85	8	31	31	31	47
56	183	67	196	134	28
96	82	145	12	14	94
67	18	79	17	67	18
68	60	85	6	6	85
48	39	69	84	39	69
75	91	30	95	95	95
84	67	20	6	6	67
39	74	33	182	33	33
6	116	6	6	84	84
108	156	58	134	86	74
58	91	10	91	92	91
66	53	109	66	132	127
37	5	8	161	8	5
20	78	16	67	16	67
59	111	180	73	116	176
147	96	116	185	116	185
10	55	10	67	10	11
54	113	48	82	64	15
21	62	146	23	163	137
145	33	33	36	36	107
65	18	87	18	194	87
98	74	98	85	98	47
32	24	28	32	61	61
61	61	72	72	34	44
53	53	53	81	53	75
44	121	9	18	44	9
22	76	55	76	174	55
93	44	93	120	63	44
13	13	13	54	13	22
177	153	58	31	197	112
141	40	103	177	170	89
43	96	96	104	61	96
194	102	59	135	135	194
132	77	180	82	60	61
109	83	83	75	13	169
77	75	44	77	75	62
8	8	8	30	107	57
93	170	29	46	93	29
12	37	37	12	69	138
73	58	33	73	18	73
97	97	94	17	109	53
80	68	44	106	80	44
67	35	67	43	189	90
39	23	17	39	17	128
13	117	86	88	87	38
107	40	40	84	84	159
100	149	169	100	149	35
52	52	34	34	25	75
102	40	40	36	40	50
31	59	16	166	51	85
20	5	56	5	20	5
142	54	44	52	189	174
77	115	119	18	40	37
34	169	16	94	34	16
40	197	22	112	183	33
97	181	181	77	93	93
80	46	95	95	90	46
162	14	14	14	26	74
10	11	10	78	11	10
99	99	5	5	99	77
5	85	85	107	171	5
41	41	82	82	71	83
170	55	86	86	86	107
137	133	99	66	90	153
56	35	56	32	11	32
47	16	144	68	97	108
66	106	60	43	66	66
160	88	197	17	118	160
61	188	31	58	31	58
49	49	26	26	49	43
7	7	7	7	39	84
87	93	87	87	51	46
73	119	16	16	73	73
126	104	81	75	81	88
7	7	7	84	62	93
19	74	74	159	178	159
95	71	95	200	95	54
43	142	81	109	27	68
34	173	58	162	176	111
45	45	44	44	120	87
5	200	10	200	169	172
99	60	190	46	123	157
125	20	34	11	74	107
52	50	41	35	50	50
50	86	50	15	51	15
146	146	52	199	146	23
45	93	93	93	35	35
124	97	51	64	51	187
111	74	58	74	79	58
7	82	160	82	35	35
48	65	48	25	115	25
174	113	73	174	113	90
120	190	107	106	116	106
100	77	77	16	82	77
128	110	87	166	89	158
9	74	9	63	9	63
15	42	15	50	50	50
68	71	115	67	67	68
70	166	144	162	80	61
39	155	155	50	119	58
118	160	75	75	17	17
69	94	94	18	69	104
74	24	36	24	90	36
123	168	97	91	78	116
190	116	72	70	18	37
159	59	59	55	59	94
71	71	84	99	51	51
32	32	54	32	97	66
179	166	65	43	190	152
98	28	57	175	175	98
87	76	170	87	91	76
93	24	23	24	93	76
22	22	196	8	20	22
160	17	43	39	192	81
16	16	16	16	30	67
193	137	100	9	193	59
102	74	74	39	39	130
96	97	67	67	97	18
150	31	86	22	31	31
64	23	64	94	23	102
122	122	102	16	143	188
174	174	91	67	91	64
94	94	41	94	75	77
40	200	31	40	83	200
36	70	95	70	36	103
49	20	49	20	6	49
55	38	128	38	55	111
22	102	97	178	185	185
63	163	61	13	36	44
81	81	45	181	77	45
94	59	166	59	94	13
80	80	165	125	82	33
64	19	18	7	64	64
22	24	109	24	22	24
84	190	56	118	140	148
19	82	82	19	19	60
143	110	42	118	14	16
175	37	152	135	43	181
33	191	29	143	119	39
185	50	185	70	50	196
92	147	6	92	84	6
34	29	196	109	34	34
78	50	78	78	44	44
56	31	31	56	113	31
98	61	123	11	11	98
55	86	66	15	75	66
7	7	29	7	116	41
118	120	105	11	103	120
68	68	68	68	21	68
184	43	93	95	43	93
151	160	194	16	196	186
33	33	93	31	33	77
196	40	196	45	82	83
86	8	49	42	181	49
104	42	155	27	82	156
48	48	33	48	67	48
55	44	117	44	87	55
32	75	104	75	75	108
30	24	68	175	136	64
112	99	99	99	85	142
152	77	91	72	154	161
89	67	67	41	41	145
92	43	155	22	22	139
117	85	51	106	51	85
24	51	24	42	24	95
103	88	88	146	88	39
53	70	27	70	29	27
141	77	61	104	61	141
80	80	67	67	99	23
54	54	54	56	54	26
32	18	32	32	10	32
89	55	123	43	140	44
104	37	37	38	75	38
25	57	25	55	25	124
67	78	87	87	78	87
50	98	116	174	60	166
56	114	31	108	35	56
148	124	194	169	33	125
69	86	162	42	38	102
160	32	43	47	43	47
152	110	70	72	152	123
116	15	15	81	110	15
177	28	113	35	163	126
190	82	190	49	66	57
24	78	76	24	54	170
23	39	23	49	49	17
39	48	21	49	48	48
140	106	135	106	140	46
59	86	59	7	86	86
35	45	41	45	45	35
168	119	107	138	107	138
121	121	16	134	127	134
58	18	18	177	120	120
22	104	113	113	43	32
62	86	56	62	20	62
58	160	73	55	36	156
65	183	28	115	97	117
117	77	77	84	132	64
70	146	146	90	118	193
55	13	108	108	133	183
100	17	85	70	85	70
61	83	83	69	25	25
144	73	132	85	25	85
96	79	28	22	28	22
96	77	30	30	42	30
59	18	41	18	18	61
113	105	76	158	92	75
142	193	30	186	23	118
35	185	144	185	17	10
12	66	12	74	55	74
74	74	97	14	30	44
31	96	96	31	71	96
32	95	86	75	142	152
56	19	19	19	118	104
86	86	86	48	86	28
82	65	177	93	8	143
196	82	57	57	17	17
46	9	96	46	96	46
173	177	177	141	173	60
80	35	22	22	114	114
118	94	94	90	90	129
110	161	110	161	18	118
50	64	65	64	50	82
76	45	16	126	157	79
71	50	71	99	25	71
109	115	196	163	196	42
140	168	27	144	195	111
173	28	73	33	99	159
27	30	97	30	30	15
22	46	22	47	46	188
171	75	75	150	167	7
97	97	55	101	124	97
80	144	80	36	125	125
54	15	13	54	15	117
40	40	40	23	27	82
146	92	95	19	126	36
33	78	81	27	78	78
174	35	174	56	43	84
108	124	33	124	33	117
40	40	138	18	40	37
83	35	163	173	74	35
79	74	79	129	119	130
89	71	148	39	71	67
150	116	103	113	117	141
13	146	81	173	102	81
100	17	73	28	36	41
82	82	105	8	18	8
90	127	19	19	81	19
40	44	113	40	177	40
73	174	17	117	70	188
67	163	168	158	168	158
72	51	51	72	93	72
140	53	56	25	67	67
99	21	21	65	21	112
51	61	51	61	75	51
174	72	6	72	6	57
182	196	106	112	196	58
15	15	90	64	106	15
119	53	22	120	126	22
124	57	125	124	113	79
88	61	76	41	61	76
134	194	56	82	134	105
87	78	78	78	64	78
112	169	15	169	90	102
165	126	34	27	150	113
82	69	118	78	149	78
173	136	164	136	53	164
80	72	80	42	132	72
138	83	113	59	59	113
101	149	197	197	97	97
42	86	86	74	86	74
49	138	184	91	27	151
200	139	124	124	71	179
16	132	90	20	86	77
110	178	109	172	178	37
62	153	96	62	74	62
130	11	87	88	119	177
53	53	57	57	36	57
116	26	26	44	26	30
49	180	87	49	49	92
130	98	82	77	98	98
94	68	94	24	94	32
46	60	60	60	60	64
35	191	59	126	104	158
95	64	95	95	64	64
148	114	58	58	148	195
50	14	17	50	33	17
27	103	84	27	27	84
157	99	23	114	114	157
74	81	74	74	63	74
84	196	73	73	49	49
30	67	90	90	90	55
28	44	28	44	44	8
94	74	94	89	34	82
78	104	31	16	100	65
6	27	117	6	27	29
5	87	91	49	91	49
30	193	30	85	30	30
35	106	35	152	36	36
81	37	20	75	146	37
12	89	178	17	30	17
45	62	161	62	57	62
82	21	168	108	42	168
47	116	175	175	161	64
54	59	59	54	81	24
86	77	86	115	86	156
39	44	33	39	33	33
92	190	55	120	190	120
98	98	157	98	54	92
13	13	62	84	13	18
132	183	183	113	58	58
91	78	60	32	91	32
192	165	195	42	114	55
184	52	52	50	82	82
171	183	84	111	47	60
13	137	81	90	132	132
43	76	76	14	177	43
34	112	52	101	199	34
94	70	70	70	69	94
73	14	89	14	14	73
70	37	70	165	35	143
94	29	73	70	73	70
80	69	82	153	69	134
69	72	72	71	72	85
52	23	39	39	95	95
14	14	42	14	34	193
103	134	79	103	176	190
130	84	130	12	134	134
27	27	106	27	29	79
193	174	129	121	113	15
26	72	92	6	72	92
12	12	25	95	32	12
64	185	125	128	56	64
36	75	96	67	67	96
85	25	25	25	68	85
50	91	100	91	76	50
108	16	33	189	115	111
34	34	64	32	43	127
19	52	52	19	24	173
119	109	13	60	189	83
79	78	59	59	78	78
90	185	103	58	185	109
29	147	29	68	29	27
109	175	109	101	163	24
73	72	119	59	142	25
99	96	96	15	44	99
89	89	51	27	51	60
56	28	28	28	27	153
134	8	71	167	167	71
78	116	99	192	192	78
44	44	96	44	11	96
36	16	65	16	36	16
19	74	172	74	94	73
93	51	88	55	117	55
97	58	158	102	158	25
19	110	36	21	163	180
159	159	126	194	75	77
159	21	166	166	21	59
15	64	164	164	23	15
192	192	94	93	47	147
89	11	70	22	89	11
106	195	98	50	87	77
83	42	83	30	99	42
69	115	75	69	69	87
123	86	123	128	128	74
9	52	52	52	36	139
58	76	28	46	58	58
110	52	88	52	171	88
52	20	20	20	20	86
46	27	25	46	46	46
67	54	134	144	67	191
143	37	49	120	49	197
102	190	46	190	156	156
179	20	89	45	18	142
27	74	46	74	27	92
44	34	18	12	18	18
30	41	87	180	30	162
14	38	70	200	70	14
109	106	144	90	10	194
22	66	22	103	11	167
65	83	68	68	143	83
85	40	66	66	66	47
129	181	18	103	103	50
49	131	75	108	62	72
19	19	65	19	40	39
42	75	62	62	91	75
62	62	62	7	31	31
59	24	98	95	98	24
5	5	34	34	5	27
11	11	147	34	120	198
24	65	144	65	51	24
32	123	192	47	192	78
98	168	53	53	168	62
57	66	7	74	66	74
151	68	174	104	99	96
132	133	157	157	118	119
115	115	28	28	104	133
195	65	109	180	65	180
25	47	42	47	47	42
67	17	67	178	25	17
111	40	40	31	72	40
66	78	78	78	184	54
51	121	51	121	35	73
39	39	101	39	39	39
35	61	61	56	61	96
45	78	78	45	79	45
74	74	188	51	8	40
189	88	109	30	184	107
199	187	132	10	90	104
14	67	98	98	98	36
92	22	92	40	92	22
149	25	42	117	94	195
30	30	30	19	30	38
191	175	78	191	54	54
93	173	73	173	93	43
18	38	18	18	9	181
59	30	59	49	167	49
97	84	179	22	84	119
143	73	172	180	84	58
68	17	68	65	17	68
169	124	159	159	49	169
22	50	50	50	41	71
37	114	121	37	88	37
28	98	98	98	90	42
132	117	184	31	73	40
96	156	96	96	87	183
75	89	75	171	37	89
75	35	75	62	35	75
129	96	125	158	199	129
11	67	17	17	11	52
81	81	59	34	59	59
153	200	130	200	91	153
15	96	34	152	110	30
47	34	47	47	84	47
11	11	69	69	69	112
54	13	153	114	42	100
41	40	81	51	51	40
64	106	120	106	142	140
117	88	168	137	183	96
34	57	34	27	57	166
31	31	31	31	72	26
16	16	134	32	32	56
25	78	32	78	32	20
92	139	22	38	92	22
27	197	52	52	35	52
137	137	58	29	133	130
42	154	42	99	35	99
9	88	9	88	61	56
94	35	190	8	8	8
176	44	186	85	77	138
117	156	115	194	115	52
184	64	40	89	40	89
71	14	94	94	14	14
49	49	99	8	8	8
44	26	88	78	78	78
55	89	92	92	92	55
97	165	37	97	53	53
86	86	86	83	67	83
56	124	76	124	199	76
155	36	19	36	19	64
39	27	138	19	113	53
194	151	74	151	117	57
159	87	74	74	74	119
171	49	150	21	187	89
144	142	16	20	135	144
125	146	170	76	94	41
13	150	76	83	81	88
80	91	85	77	135	85
89	89	36	70	73	89
91	130	191	130	59	45
39	69	20	20	20	89
64	38	64	64	64	65
38	181	199	158	158	148
59	179	122	18	95	10
49	62	55	49	49	49
74	44	39	75	30	109
73	158	73	73	17	103
86	178	178	26	60	26
54	128	82	128	195	82
93	71	65	60	65	65
182	91	67	125	125	110
99	99	99	90	59	114
77	66	56	13	66	77
30	103	173	88	148	148
57	145	100	100	136	53
199	113	120	199	94	103
80	24	80	111	80	51
95	28	95	100	21	95
84	44	183	33	165	170
51	51	63	76	12	195
55	15	29	107	167	66
12	51	74	167	51	129
149	171	154	149	64	154
12	98	42	95	12	12
93	36	53	17	39	38
41	43	48	188	188	16
188	171	170	92	170	188
65	171	171	41	199	41
122	183	90	183	35	195
106	21	184	21	131	149
39	84	162	84	27	192
17	123	168	30	59	168
10	64	167	124	91	77
87	46	29	46	29	42
197	65	65	33	135	92
92	131	134	43	134	131
44	50	95	44	53	50
41	120	51	41	159	41
198	54	52	54	11	198
131	131	120	182	141	32
48	48	48	18	40	18
161	76	68	76	68	6
55	76	130	112	60	36
48	118	10	48	48	135
9	82	93	82	9	32
30	74	65	65	65	168
18	122	16	18	191	191
167	61	70	195	196	71
63	63	63	97	93	93
89	118	175	110	118	175
162	162	87	26	16	29
36	95	40	187	49	189
197	197	153	40	97	33
131	46	101	91	84	160
15	58	15	35	137	118
100	62	51	62	62	51
118	64	87	87	52	52
133	64	8	74	176	26
19	80	80	15	95	95
38	64	73	105	64	64
97	11	11	171	76	76
184	31	97	123	116	144
25	91	36	25	25	135
80	38	80	80	38	17
60	60	109	40	60	62
79	39	79	39	118	39
132	104	49	79	87	132
68	23	76	68	76	68
100	93	63	18	18	18
32	101	139	95	85	181
46	46	46	86	119	82
193	44	128	44	70	87
169	127	24	135	71	27
57	57	7	33	57	57
57	45	6	45	57	45
15	52	52	23	129	15
21	22	19	19	16	19
130	82	199	20	99	164
128	80	150	20	150	182
135	83	71	50	59	25
155	51	105	40	40	155
165	11	200	53	137	71
19	64	62	113	64	62
199	13	16	156	64	155
150	58	55	105	99	23
99	104	33	33	181	99
166	99	99	92	87	99
32	40	102	69	40	69
14	32	14	42	118	14
9	12	23	23	138	9
76	111	76	113	91	91
38	63	33	115	33	63
148	93	148	94	116	70
117	182	64	75	101	128
24	62	10	22	62	22
126	126	126	193	106	44
76	111	33	111	150	150
103	42	141	102	161	166
122	111	102	75	70	75
199	126	29	9	199	126
76	149	24	137	141	98
67	67	67	67	70	53
98	27	6	53	98	6
44	7	86	86	56	7
69	69	52	69	69	34
40	27	27	91	69	69
147	91	47	136	97	86
133	122	114	56	121	93
66	88	32	32	66	77
7	86	7	16	16	140
42	13	75	75	13	182
122	75	129	146	87	82
16	128	124	17	124	193
194	147	155	106	147	89
67	148	25	150	150	188
79	23	79	102	42	114
36	69	33	77	77	33
64	42	64	42	91	14
80	96	96	96	96	85
127	137	48	20	127	137
29	117	68	107	112	153
85	85	63	115	85	69
86	114	86	99	66	168
76	164	76	76	81	9
50	34	40	34	40	158
101	91	78	78	41	91
29	75	75	75	53	75
25	10	10	99	10	90
114	114	51	22	49	49
61	61	61	61	17	45
82	122	70	19	45	51
146	198	25	106	20	198
18	160	173	18	88	173
65	192	65	192	38	181
100	98	6	6	6	154
173	136	98	8	122	77
34	34	93	34	74	189
19	68	81	19	47	19
53	70	34	186	109	109
54	91	6	91	91	72
57	27	66	20	142	34
37	37	37	37	111	26
67	150	150	56	111	67
20	48	180	48	48	15
30	90	90	194	110	196
90	192	184	120	190	151
14	34	83	67	34	67
83	76	83	63	76	76
9	114	85	9	9	85
41	41	84	70	113	70
138	105	175	179	106	75
154	79	167	18	68	48
185	96	86	185	75	80
153	30	30	71	84	71
24	32	32	32	23	32
34	71	40	16	16	40
56	154	98	97	56	56
73	70	29	29	29	73
21	106	21	65	65	65
6	97	41	86	41	41
68	86	63	68	32	32
131	106	19	96	42	47
18	12	94	83	31	46
83	89	83	89	89	90
22	22	22	44	86	22
98	174	34	84	55	90
9	126	102	102	181	106
178	200	200	102	118	61
159	12	41	12	77	77
83	7	88	5	7	5
92	57	57	54	54	18
46	46	156	81	13	13
32	8	98	98	8	158
80	80	14	45	23	80
22	29	88	88	87	29
54	86	108	108	104	108
93	136	75	93	75	94
29	29	99	41	24	29
113	72	144	74	151	113
99	13	53	73	13	99
75	25	112	120	197	25
200	143	178	114	200	109
91	7	7	91	65	91
42	50	154	35	42	50
7	63	7	24	7	200
31	56	31	96	96	80
133	33	27	35	27	35
68	71	71	71	94	57
26	73	73	23	23	73
113	182	37	193	78	42
80	80	75	37	80	37
30	116	30	116	30	16
101	28	28	67	67	67
10	150	138	153	139	151
52	59	171	123	114	108
35	39	39	54	68	68
60	64	13	13	60	60
47	75	143	113	75	169
100	149	72	72	188	159
8	66	30	10	8	8
18	59	18	22	87	59
80	17	93	17	48	17
62	34	34	28	28	34
119	71	54	71	54	57
6	73	73	6	177	73
109	12	147	96	66	115
60	137	85	200	22	22
48	26	77	77	48	22
32	37	155	37	75	65
60	95	36	24	24	95
85	55	20	52	85	55
57	45	57	134	55	195
24	63	98	24	24	63
45	107	62	99	99	107
78	78	25	26	78	74
108	108	148	148	63	188
119	119	89	138	121	121
92	92	103	92	139	84
74	92	173	74	92	82
141	53	98	45	143	54
135	27	80	29	27	27
65	27	42	65	65	65
158	102	68	158	131	131
111	56	56	111	90	133
72	178	191	178	68	189
40	22	25	41	40	25
114	26	26	114	52	33
99	66	41	99	99	41
44	116	149	149	31	44
75	49	119	49	94	94
75	35	33	35	75	75
92	102	175	92	74	102
116	10	147	116	7	10
62	17	17	62	114	46
65	156	72	61	65	61
17	67	188	188	168	188
55	55	48	48	156	101
84	12	150	150	13	12
67	16	113	44	31	116
12	67	31	168	31	31
87	92	40	40	154	92
9	71	60	71	9	9
36	52	79	42	36	36
59	115	97	82	178	76
69	175	60	60	15	15
41	149	41	69	41	41
141	139	27	77	8	139
168	74	18	136	74	39
27	37	83	163	37	27
180	175	93	175	53	91
30	135	183	183	135	14
22	38	22	68	38	38
90	150	61	98	61	90
7	31	81	24	7	31
31	100	31	171	16	31
21	45	22	22	45	45
106	97	72	15	85	94
10	59	93	128	33	169
60	81	60	81	33	81
176	168	184	176	104	168
63	63	32	32	63	15
35	35	28	25	25	113
63	32	41	101	41	34
173	59	21	21	173	89
14	39	120	14	14	70
95	5	96	42	96	116
57	96	24	114	57	96
103	35	36	52	161	46
102	145	145	33	144	35
38	107	47	189	94	94
70	95	95	95	9	100
51	103	69	44	51	44
134	199	99	27	171	100
116	23	23	81	81	23
74	12	104	54	54	79
127	64	93	96	64	64
72	126	84	120	72	96
76	48	51	5	48	48
108	53	53	39	19	53
48	75	81	79	81	81
140	69	72	72	101	25
114	13	119	135	114	147
77	112	60	60	77	60
88	92	88	92	92	50
84	121	199	68	72	160
99	178	60	45	64	45
140	37	55	71	118	178
70	70	28	68	169	70
155	90	90	192	63	101
74	92	30	74	168	74
168	29	181	198	40	168
25	80	25	71	172	71
59	13	59	6	36	36
127	102	105	122	125	81
139	139	187	103	113	156
98	33	33	108	33	98
41	8	40	21	8	41
99	99	27	91	103	27
52	158	33	158	130	130
52	52	99	41	41	41
41	20	118	109	157	41
28	17	28	20	20	112
136	40	81	10	81	81
196	83	125	54	181	87
24	92	47	47	33	43
97	29	72	21	97	72
93	150	86	62	121	93
44	110	59	141	78	141
13	13	9	93	98	98
67	80	80	43	165	67
109	24	92	111	197	47
66	45	56	65	157	132
28	73	97	97	25	118
177	116	41	107	12	116
12	159	58	58	12	97
196	116	135	115	196	135
30	30	30	20	20	69
43	68	68	76	68	68
37	15	37	37	24	37
70	70	41	70	70	39
49	70	110	55	127	144
90	190	103	77	68	103
60	43	140	106	9	62
48	80	40	40	41	41
75	90	83	185	185	90
74	98	82	180	139	188
92	35	58	92	13	92
48	73	38	48	97	73
33	33	127	127	53	109
178	124	149	138	72	161
128	145	123	70	45	70
120	27	34	34	34	27
129	13	37	66	94	180
109	77	97	60	30	159
108	138	175	115	37	182
60	36	42	57	57	36
188	190	72	33	57	195
9	9	29	49	29	121
92	187	16	104	152	71
49	81	155	155	197	59
16	88	16	106	103	106
93	82	87	82	87	87
47	69	69	72	133	43
89	89	38	39	89	15
77	9	180	77	22	9
83	150	83	83	86	104
40	111	146	159	170	118
56	56	56	19	173	38
185	66	79	148	122	130
38	71	38	62	38	38
66	65	66	83	65	134
83	146	67	137	85	101
179	38	57	122	94	47
74	59	52	59	104	74
133	143	133	93	52	177
40	95	40	87	40	95
92	72	92	109	95	72
184	30	188	184	48	30
37	144	88	86	37	88
85	131	135	39	39	186
181	10	156	45	88	156
97	58	193	143	169	193
29	30	17	17	163	146
42	54	42	5	54	54
24	58	24	164	118	58
15	38	40	74	74	15
81	98	38	81	190	38
49	56	29	29	49	79
180	31	67	67	67	87
51	51	45	27	22	27
82	170	82	41	82	9
15	25	128	80	152	22
87	14	94	94	38	38
88	88	23	5	200	5
13	13	13	98	30	70
8	8	40	57	8	10
191	50	154	185	47	185
13	133	38	60	13	38
41	43	43	15	43	54
75	44	75	20	20	192
56	12	56	8	158	12
78	123	136	123	138	138
31	69	31	169	71	31
80	28	6	20	14	84
176	26	36	19	19	33
90	117	29	90	65	182
15	15	155	88	15	63
87	33	31	48	31	48
68	163	132	44	67	199
95	32	32	32	101	109
82	21	53	53	21	11
12	124	12	53	18	12
91	83	66	170	66	91
30	79	92	92	160	189
152	89	43	64	43	89
164	143	111	12	178	99
88	130	28	97	76	96
152	199	88	95	128	79
88	88	69	41	76	88
72	118	68	39	68	68
55	63	14	198	55	63
18	164	176	138	110	32
134	17	36	60	32	136
49	70	70	70	26	49
69	13	50	77	69	77
9	96	13	13	13	82
39	96	50	95	95	95
12	12	12	63	51	119
92	55	73	55	33	92
111	81	81	95	81	70
34	77	132	77	29	114
77	77	77	19	77	28
114	27	27	59	59	99
41	67	67	127	67	120
137	180	85	85	78	137
82	161	76	57	28	65
82	45	67	45	45	74
13	54	13	49	54	43
16	38	83	38	114	150
16	16	81	59	81	109
164	93	141	97	112	25
65	81	105	81	22	22
13	21	35	77	47	47
126	38	38	171	171	6
164	164	78	172	135	39
35	11	14	11	30	142
83	55	83	55	34	18
10	95	10	123	189	68
65	20	85	122	65	171
46	46	46	16	41	179
15	82	170	82	82	69
59	15	71	71	15	15
53	77	121	87	73	89
191	109	75	191	32	81
49	83	49	83	19	113
88	95	95	116	95	33
43	43	6	18	43	6
87	82	87	136	82	51
54	20	66	95	64	158
49	131	20	94	20	94
83	83	64	51	83	199
15	90	58	68	90	90
84	37	31	31	84	84
36	36	36	27	18	27
134	69	149	109	161	41
62	16	30	16	16	16
133	95	35	33	36	133
126	103	103	27	192	192
126	122	177	33	96	45
144	112	144	191	151	191
152	28	32	32	32	10
101	28	49	151	151	122
197	49	37	12	77	123
187	64	153	62	74	174
105	151	152	98	115	152
72	37	143	143	20	20
8	8	57	43	43	108
122	35	20	99	71	85
39	9	9	9	31	96
107	153	104	67	170	36
178	43	152	88	115	65
42	65	42	165	37	165
67	28	80	67	84	67
85	9	9	181	85	113
84	186	23	31	84	84
84	93	25	181	84	186
25	60	25	28	28	28
13	40	60	29	60	60
105	26	70	70	26	107
198	40	170	170	89	40
40	144	65	68	68	40
88	78	78	67	78	142
49	180	138	102	139	34
68	149	51	106	146	124
116	32	49	22	22	49
53	59	59	59	19	59
66	19	117	179	117	179
64	156	37	96	96	183
47	34	34	87	87	123
115	28	79	57	66	37
74	68	74	78	78	113
29	17	61	29	17	17
28	67	73	28	48	48
110	91	110	60	84	60
29	7	84	160	29	29
68	41	92	41	92	74
195	195	55	195	36	16
37	140	180	34	55	122
37	111	37	117	88	88
158	62	18	18	62	101
29	29	74	57	74	74
45	143	23	193	163	185
50	50	20	58	118	20
84	80	24	117	84	80
200	41	108	41	163	80
54	43	54	52	54	96
12	165	82	78	99	74
33	25	59	22	59	25
16	89	89	89	25	7
16	67	45	200	17	67
90	111	6	35	35	90
36	186	7	7	48	7
98	35	38	98	110	38
98	42	98	42	35	15
171	35	63	63	63	63
51	63	51	161	161	57
66	28	42	28	42	34
109	132	133	9	128	27
53	128	41	41	184	120
74	197	18	18	18	32
60	177	60	74	148	148
62	16	62	98	16	62
40	69	107	69	73	40
53	53	52	52	66	52
45	51	45	113	51	45
67	48	98	67	98	105
40	184	95	48	92	154
28	96	87	22	96	87
78	79	79	79	79	18
75	57	27	75	57	75
56	38	87	38	92	92
162	53	7	162	174	174
86	21	179	197	114	86
92	125	66	117	10	66
89	89	30	30	59	124
65	71	65	90	65	65
63	38	31	63	45	63
155	176	68	175	95	24
38	114	38	81	81	38
92	133	79	52	80	79
81	81	74	81	81	107
113	160	140	138	58	142
159	156	189	52	142	15
117	97	112	47	67	23
16	125	135	103	125	16
47	30	50	127	17	178
189	101	7	135	185	185
73	93	93	93	180	99
164	197	183	120	118	197
55	50	50	50	8	50
14	14	149	17	21	14
82	82	55	55	25	82
197	172	61	183	110	185
116	35	35	82	162	82
173	52	193	32	119	119
187	167	71	71	94	187
23	42	43	37	22	103
103	87	73	15	120	163
30	30	5	6	30	5
54	57	54	11	23	23
138	112	112	176	23	176
79	79	81	100	81	79
14	15	68	68	88	68
161	13	177	59	177	161
78	43	168	52	52	43
73	52	81	146	48	63
24	63	24	43	43	183
73	86	104	73	40	100
71	85	20	20	20	20
6	27	97	93	6	93
31	31	31	42	59	59
99	43	43	95	95	95
72	16	76	76	16	76
30	155	61	90	183	148
128	26	26	26	99	26
36	36	36	147	73	94
57	41	47	57	41	197
11	74	18	198	188	139
29	29	54	53	29	53
64	74	29	171	74	64
39	79	36	64	64	39
101	20	81	20	104	81
54	34	143	34	143	63
20	20	50	16	176	16
40	40	40	108	10	10
75	16	73	16	108	16
8	61	61	61	47	61
51	51	100	133	133	51
95	92	197	197	69	30
183	15	20	59	20	15
58	58	42	52	58	58
62	43	62	57	41	62
79	41	86	41	23	135
96	38	38	8	8	142
151	119	151	15	74	183
75	38	59	75	75	59
28	28	26	87	87	23
88	86	67	88	95	95
24	17	156	91	160	182
51	51	51	64	51	52
42	70	155	11	11	11
32	23	46	32	80	23
55	86	86	150	86	55
139	99	23	99	99	22
147	17	96	80	65	59
10	165	10	106	10	10
73	86	24	86	45	86
162	146	61	191	39	129
62	62	32	62	90	12
96	98	95	96	108	95
100	74	86	168	24	97
58	40	8	40	87	8
79	79	62	84	156	79
87	116	58	133	116	87
68	28	28	33	28	28
36	88	29	84	29	88
194	182	24	194	29	117
67	117	151	33	37	167
92	193	141	49	177	42
55	22	13	30	90	30
140	105	89	140	159	8
130	120	135	40	60	63
143	34	18	18	105	34
12	81	12	84	12	12
38	38	26	38	61	61
104	194	194	61	17	104
128	32	68	95	95	68
164	17	17	112	55	17
20	47	47	47	47	41
16	170	189	164	132	70
102	87	163	85	30	131
38	38	94	151	27	54
185	64	95	89	156	34
83	83	83	83	32	117
28	179	123	100	123	28
94	101	124	98	34	20
138	166	166	74	77	84
93	16	106	95	94	26
141	33	25	25	20	33
67	67	116	75	67	77
39	31	39	6	6	39
104	21	88	150	73	48
67	61	54	43	61	61
36	15	85	37	85	36
117	116	114	17	114	48
84	162	84	36	50	36
45	67	27	166	67	21
33	33	93	13	93	93
86	83	166	161	184	161
96	192	137	85	83	48
70	11	11	11	37	11
125	104	144	16	200	87
10	80	80	122	80	9
18	102	92	119	174	56
57	65	65	66	66	109
40	56	36	168	83	142
112	135	81	45	123	150
25	25	53	53	25	65
33	69	150	101	81	84
6	6	154	91	67	67
36	64	64	64	64	64
75	106	104	176	64	109
36	16	16	86	16	48
126	6	33	75	129	36
53	109	23	156	87	109
149	29	134	149	134	60
128	20	172	20	16	23
46	31	78	194	179	48
36	10	194	148	10	194
63	93	82	36	36	63
129	75	60	66	186	101
14	14	136	106	136	66
98	70	17	98	70	45
44	62	62	44	62	77
18	45	45	45	48	152
61	118	26	61	26	118
29	140	15	44	29	44
9	19	48	48	75	48
173	173	71	167	50	167
50	102	19	19	102	150
144	5	15	50	5	15
150	75	52	92	75	52
121	33	192	117	127	11
181	105	105	200	54	66
140	10	185	185	183	140
17	96	42	96	17	96
13	107	170	75	162	39
81	81	120	63	63	157
54	71	63	26	63	63
158	158	159	29	159	195
7	65	10	39	65	10
35	35	35	70	115	8
26	66	32	43	32	41
95	21	46	95	95	46
88	88	132	120	22	186
61	14	61	189	20	14
80	68	119	106	162	162
50	28	82	28	15	28
161	76	161	76	34	38
68	68	37	140	99	37
43	59	40	34	86	178
190	45	178	75	178	190
55	80	78	78	55	55
96	106	23	189	96	23
109	55	55	103	32	55
64	60	42	14	57	79
39	147	89	61	79	117
93	20	79	79	81	81
95	58	95	48	95	30
96	61	61	7	61	102
79	20	91	198	198	200
17	21	17	17	43	21
79	96	79	79	162	11
81	47	94	94	49	81
53	82	81	162	46	49
58	130	200	136	99	99
161	114	77	69	175	146
100	119	100	104	126	119
94	59	72	94	115	59
182	80	130	171	129	130
73	106	197	106	143	143
35	118	36	35	195	36
30	87	109	30	87	142
36	54	189	189	36	195
172	50	10	97	171	130
140	96	66	161	140	96
195	37	57	168	148	72
61	89	122	28	73	164
27	31	69	31	69	69
18	12	18	51	18	51
168	31	82	111	124	144
94	69	69	92	94	91
45	45	189	114	189	185
102	104	36	36	186	15
46	161	89	44	197	196
42	178	178	50	102	50
92	92	61	92	5	5
70	70	78	191	82	78
79	27	79	79	51	87
95	79	79	35	44	35
54	94	94	23	23	96
91	38	91	85	91	74
87	6	87	26	87	87
58	82	15	20	15	15
57	142	56	56	93	56
63	63	55	73	20	63
128	190	128	29	56	20
29	56	179	184	179	29
128	85	176	172	127	176
67	39	67	53	168	67
44	44	35	75	35	52
103	66	66	79	84	79
90	157	118	162	157	200
26	26	60	86	79	26
104	131	127	181	40	29
56	79	79	79	83	96
47	99	47	99	65	151
15	50	21	50	31	21
41	19	75	75	19	89
12	12	103	10	12	10
46	61	183	95	52	175
172	50	71	147	123	172
164	175	115	115	158	32
13	34	136	117	160	149
11	11	5	103	5	85
156	38	12	12	43	27
179	115	170	136	140	7
58	69	119	69	87	87
43	47	47	138	107	107
89	112	13	95	89	13
74	20	91	74	91	74
62	70	7	7	70	191
85	60	85	85	86	85
18	18	18	39	39	110
34	34	7	34	7	31
46	7	46	46	53	46
173	176	176	173	93	35
40	38	38	92	149	38
159	196	180	196	159	95
28	15	28	66	15	15
69	94	69	183	94	22
152	44	109	111	198	109
44	87	87	38	87	87
8	182	25	109	8	25
113	42	27	53	42	53
53	53	24	65	15	24
133	165	114	173	154	133
41	186	41	55	95	95
24	111	96	77	176	16
37	37	77	49	77	18
36	179	179	35	77	36
46	67	95	168	63	124
67	92	94	37	92	67
40	96	169	139	139	96
46	41	46	41	40	32
97	120	92	197	18	93
44	44	70	93	43	43
7	7	66	7	52	73
53	22	53	53	53	65
87	10	42	10	10	42
64	120	38	120	65	97
26	122	165	173	122	187
56	13	35	111	163	112
28	93	45	193	66	66
182	200	200	43	200	32
9	174	9	12	31	31
39	183	113	190	141	160
76	136	192	193	101	82
30	19	112	78	30	30
179	151	104	104	185	98
57	14	123	186	91	92
155	19	21	155	155	57
114	29	92	29	165	92
90	81	98	147	147	81
67	71	119	44	71	44
71	71	91	91	71	9
9	56	56	73	9	56
97	49	38	44	79	67
44	72	56	28	72	72
32	32	89	93	89	10
19	76	129	149	99	99
163	32	22	25	42	27
77	35	35	194	76	76
96	200	89	154	136	118
36	36	39	45	36	36
194	38	28	109	139	194
145	197	93	117	59	35
11	37	11	92	100	11
124	38	14	40	40	40
112	95	95	78	95	195
80	97	80	56	56	80
137	147	24	56	156	111
170	170	16	108	16	47
161	200	65	110	196	196
63	12	63	12	26	36
30	154	96	96	96	61
91	91	47	87	87	87
77	77	120	77	11	82
24	55	52	111	24	56
132	71	110	59	106	16
167	95	25	87	95	25
131	128	175	66	155	92
76	37	76	76	51	114
34	82	156	176	144	69
60	60	161	89	80	89
37	183	28	89	89	28
41	41	134	41	25	29
55	20	55	55	128	39
187	57	19	15	57	15
43	181	79	174	79	174
82	18	18	7	82	82
19	19	19	48	19	70
86	91	128	34	34	34
97	90	56	110	56	56
15	11	94	11	177	15
186	62	147	154	147	101
132	139	199	114	83	132
46	110	38	124	38	38
67	142	54	7	7	67
53	191	198	182	80	59
70	36	122	70	59	59
92	85	92	69	104	69
31	18	107	31	8	8
17	17	17	115	140	90
24	67	46	67	67	85
97	48	120	97	97	43
131	98	98	106	27	14
48	48	124	18	85	18
87	76	87	32	82	76
7	190	12	7	7	105
48	37	48	37	37	75
10	10	184	7	48	48
44	37	14	14	77	44
27	46	35	144	170	23
197	105	148	60	105	6
28	162	28	162	116	116
23	148	7	7	7	70
108	55	21	92	108	12
99	142	142	197	53	193
106	145	55	68	145	185
65	70	70	84	65	65
98	83	7	98	109	7
83	57	116	65	57	192
183	41	15	183	117	15
133	62	10	10	77	62
73	14	73	68	14	52
134	78	86	60	200	23
42	42	51	40	40	183
88	15	80	60	88	15
95	95	95	95	12	168
163	137	174	136	163	13
100	14	179	50	67	79
137	40	40	9	76	76
160	163	68	44	29	160
160	112	11	145	199	105
27	43	27	27	69	40
67	31	31	119	76	76
69	69	68	138	52	18
61	112	38	28	112	89
182	20	30	53	189	79
77	107	107	107	29	77
96	182	37	11	181	78
76	96	180	65	180	120
76	10	55	10	76	20
94	62	142	123	158	149
118	5	32	32	53	53
32	32	22	32	17	58
79	186	79	145	53	195
42	44	115	149	85	149
60	60	60	25	14	14
102	31	78	68	189	78
148	69	85	88	85	69
98	70	33	6	70	33
106	21	21	21	122	49
54	112	75	75	41	112
140	117	17	175	175	140
177	40	92	94	162	101
36	81	81	42	81	81
91	31	70	141	28	166
36	60	60	45	93	93
117	13	74	17	105	193
100	93	136	196	196	136
83	83	118	88	82	88
197	128	97	44	72	36
37	146	71	66	66	66
86	40	86	41	41	41
79	11	11	72	11	72
28	79	89	89	89	89
62	62	108	62	189	93
110	113	166	104	33	183
58	52	58	58	52	97
92	69	71	22	92	92
169	120	196	96	127	75
36	22	200	183	194	113
80	101	66	66	80	29
21	17	103	21	34	34
81	101	166	15	19	17
153	178	47	176	188	139
101	41	78	49	78	78
9	9	23	77	13	9
115	96	46	96	96	46
65	45	96	11	97	97
69	130	54	54	28	158
169	97	86	86	169	85
76	39	57	49	57	57
78	182	28	58	78	58
29	29	29	29	77	15
103	85	26	85	27	85
53	80	15	149	161	53
12	73	123	32	12	32
87	57	12	57	57	57
117	111	89	82	200	89
32	73	148	72	73	32
40	55	55	63	18	178
71	73	16	16	16	139
91	26	17	152	17	91
81	81	73	81	107	73
112	157	153	41	41	153
71	77	8	8	24	8
57	57	34	190	132	132
33	179	179	186	59	33
90	14	90	31	31	23
81	81	63	81	97	63
38	6	6	11	38	189
65	45	48	86	65	45
31	59	148	119	39	188
63	53	34	34	63	110
34	65	34	34	17	83
180	19	104	19	145	145
83	64	79	64	64	64
29	36	193	36	38	36
70	21	70	18	18	174
16	16	93	93	49	42
150	53	56	56	37	56
190	65	109	109	37	37
17	131	131	17	140	65
70	59	98	151	30	17
61	61	61	61	163	87
17	64	64	163	163	48
58	6	43	58	58	6
105	107	34	34	48	34
143	35	132	122	84	132
75	25	65	25	25	152
14	14	20	100	116	14
47	43	47	43	70	43
93	88	88	6	93	96
45	54	54	23	132	99
97	97	42	33	97	172
190	5	24	5	5	77
38	81	25	25	25	110
82	50	98	65	140	161
13	195	21	21	13	71
64	117	169	43	60	60
87	139	66	34	66	66
167	140	188	115	119	26
8	14	72	14	160	160
67	59	25	22	67	67
60	83	83	135	32	83
173	99	85	99	99	100
107	193	33	175	193	113
153	128	128	83	43	83
95	16	28	72	107	75
99	127	199	115	117	117
59	39	39	59	106	58
45	97	45	45	17	17
40	61	97	21	183	111
163	130	177	163	60	81
105	109	157	190	109	84
120	10	91	10	10	75
61	23	199	100	101	43
55	55	52	54	54	54
116	32	13	95	111	116
28	137	49	14	28	49
29	33	198	46	29	46
45	85	53	45	45	84
50	18	18	69	50	50
199	121	15	110	200	200
104	67	52	52	70	67
47	19	19	33	37	33
28	62	173	175	86	50
77	154	7	7	8	7
76	76	76	54	76	31
172	139	12	192	104	93
64	108	129	19	64	64
49	49	164	76	67	76
96	41	103	41	96	190
100	99	180	71	57	180
123	16	147	80	56	38
118	97	63	63	63	152
48	93	48	92	92	60
101	96	68	50	77	101
120	27	91	66	32	30
132	103	20	20	191	191
138	138	138	33	93	106
21	21	35	74	21	21
88	194	65	140	99	131
20	25	140	65	120	59
117	144	51	128	93	108
55	98	71	32	32	55
26	72	13	69	13	72
14	14	14	11	14	10
119	71	160	190	119	17
111	86	75	75	75	145
176	56	183	196	183	179
69	70	77	60	35	165
140	35	18	18	55	35
84	84	84	12	40	162
94	104	46	94	46	46
61	61	140	35	18	150
56	82	56	23	56	40
13	27	47	49	49	49
52	97	34	84	110	29
193	66	100	13	100	193
65	30	36	65	152	65
60	94	30	66	30	60
17	190	53	17	57	17
24	38	38	38	13	13
37	22	57	37	37	37
95	23	39	38	60	40
120	95	77	95	63	95
39	177	64	88	180	177
76	76	41	59	59	101
65	65	11	11	18	18
76	67	140	67	150	35
38	38	38	53	30	38
23	132	14	46	132	89
54	104	108	104	15	98
56	23	23	66	36	66
38	96	72	72	54	54
25	37	25	87	25	118
70	22	5	25	70	70
13	107	37	154	13	154
6	27	98	6	27	61
134	84	110	84	93	93
94	55	55	55	103	94
59	97	97	59	97	60
82	16	36	109	82	16
76	76	76	50	53	50
119	41	48	80	159	56
79	20	163	58	20	20
60	60	60	55	60	60
35	124	35	25	25	103
106	32	42	151	11	115
188	72	17	17	43	17
69	75	25	69	200	75
28	54	54	54	54	53
91	9	20	167	91	91
96	124	80	57	80	96
143	112	164	82	109	121
24	31	31	24	51	67
40	34	109	34	34	28
113	169	106	164	175	157
181	65	13	181	13	77
60	53	53	7	88	7
67	37	84	60	48	157
22	72	191	200	65	110
44	185	178	124	177	90
110	110	186	47	32	104
116	115	122	31	122	115
97	97	38	10	31	38
42	29	127	84	127	42
9	43	9	80	9	9
45	132	40	39	40	45
88	88	33	14	187	88
56	104	56	56	44	72
76	46	28	76	28	34
21	29	29	29	59	29
87	87	87	9	77	77
61	119	142	130	89	119
6	40	19	13	114	17
95	51	88	71	192	132
23	53	193	80	80	80
30	137	90	30	21	90
44	63	11	73	63	44
78	136	177	187	90	69
55	100	186	120	55	55
11	199	23	52	11	11
28	176	20	35	141	49
162	56	122	31	91	166
45	59	7	13	7	13
93	142	157	46	161	46
29	67	62	62	67	67
114	95	78	78	173	95
115	97	22	115	102	115
99	95	109	33	37	30
54	98	72	72	54	54
101	37	44	44	161	37
16	10	41	10	10	74
78	86	78	78	21	143
99	39	50	39	99	22
83	180	100	163	187	106
79	79	176	35	176	120
57	51	57	35	35	57
147	200	147	154	76	154
16	119	200	36	166	103
52	88	66	28	52	52
159	143	192	164	113	30
200	183	122	200	122	57
18	43	99	43	74	18
42	64	133	21	42	42
159	95	54	188	166	69
70	70	20	189	104	55
80	170	48	42	162	31
66	17	83	109	17	17
16	50	6	16	16	156
174	174	86	174	193	178
96	96	54	54	79	99
165	25	77	93	10	10
66	49	83	83	66	49
43	43	43	158	85	75
97	193	70	197	53	174
79	48	32	21	63	139
57	74	115	78	57	74
54	98	54	54	20	69
101	50	95	93	95	50
40	40	14	73	40	105
145	175	86	181	128	191
69	69	30	30	33	96
185	76	65	135	96	65
50	199	50	11	50	85
85	97	110	118	11	166
34	60	47	93	62	34
98	98	98	125	30	90
74	53	59	53	53	5
113	54	22	82	46	29
76	107	184	108	198	76
101	137	142	61	101	101
75	40	19	40	40	40
121	46	49	56	125	46
200	175	58	59	42	19
46	38	61	38	92	61
109	65	54	93	65	54
191	138	35	77	84	138
195	128	97	195	20	58
8	89	89	105	8	162
57	51	83	51	83	59
12	8	12	31	94	8
54	32	57	169	54	32
39	50	39	16	39	39
115	24	50	29	122	115
50	15	132	156	11	187
94	36	36	8	19	8
165	85	85	16	18	16
86	90	38	86	38	91
105	94	196	125	109	125
10	25	27	10	19	10
75	189	65	98	75	65
51	143	51	90	103	51
154	12	45	45	180	104
70	98	164	70	137	146
106	106	146	168	59	119
80	48	80	178	48	59
10	10	56	56	14	56
20	69	44	28	127	145
39	117	94	141	134	31
159	159	155	194	16	155
75	107	75	74	94	75
76	90	181	76	181	142
54	159	94	9	54	54
20	24	64	20	70	20
31	50	37	50	24	95
41	151	41	78	160	30
116	197	188	108	40	193
53	111	55	53	109	53
95	37	95	200	95	45
106	126	175	175	29	126
41	142	142	32	12	71
100	76	169	169	156	76
73	31	14	14	14	50
22	22	22	48	48	54
13	49	59	49	49	50
23	84	84	163	114	84
77	57	111	111	18	98
86	61	162	78	61	61
29	29	90	93	90	110
37	37	90	197	34	90
6	6	115	36	51	36
147	31	56	36	36	56
159	110	46	22	11	50
141	77	31	13	35	115
38	14	14	38	45	55
62	92	62	13	92	45
20	86	181	179	168	163
75	22	75	121	121	194
54	94	94	102	54	54
16	76	76	93	76	93
37	59	37	184	11	59
73	62	84	62	62	17
95	49	76	92	130	144
117	110	69	134	127	117
26	89	26	26	89	67
23	37	37	191	30	23
157	197	191	117	71	197
150	47	144	144	175	150
200	183	200	156	200	13
111	111	7	111	36	170
80	150	34	34	80	25
41	8	72	72	72	165
49	55	49	49	194	42
43	52	62	52	52	39
80	57	181	80	80	89
27	94	92	94	56	56
30	144	46	76	46	46
45	95	94	37	37	45
68	41	68	68	81	40
132	151	90	169	169	83
41	154	161	33	83	41
44	18	44	7	13	44
59	27	15	67	117	23
113	75	23	88	23	102
93	83	25	25	93	109
78	78	78	153	77	53
189	46	97	189	63	13
159	19	173	68	143	143
29	9	120	29	29	196
88	88	20	124	43	20
109	60	82	48	48	82
24	104	27	97	27	27
91	192	169	85	115	153
98	56	98	56	98	21
101	22	154	200	35	22
51	43	40	62	177	40
47	42	8	47	42	93
74	74	85	85	85	102
56	56	14	28	56	28
165	163	165	22	80	80
109	109	200	109	94	20
54	26	27	54	54	46
70	69	70	56	62	70
22	126	22	22	70	19
104	155	140	40	28	56
117	61	60	60	60	178
24	24	13	99	65	65
70	11	94	11	95	94
150	155	69	114	36	38
46	53	46	120	43	46
19	112	139	195	112	195
77	57	57	12	57	12
183	183	32	103	96	32
19	148	38	19	38	47
157	43	49	154	190	38
131	84	56	56	84	90
22	40	21	19	40	19
22	23	171	74	152	48
51	79	167	93	93	194
64	46	55	110	55	46
167	167	29	55	83	52
15	50	52	52	45	15
57	57	95	112	95	152
23	8	20	20	130	8
122	122	32	77	84	84
12	101	100	200	15	121
51	190	126	160	126	50
17	18	40	32	197	37
40	78	82	78	11	78
24	12	12	102	12	120
31	56	98	31	18	18
106	45	177	80	31	95
63	10	76	194	31	194
177	194	95	193	122	111
86	36	67	67	67	170
61	123	61	6	13	104
56	46	46	46	46	41
42	23	15	16	16	42
18	19	19	19	19	19
39	200	49	59	200	41
126	85	47	37	47	37
25	199	88	115	88	88
197	33	108	18	181	65
144	51	51	74	44	44
52	114	80	165	34	25
89	109	89	89	41	70
19	57	186	85	19	57
138	97	25	138	97	163
36	36	55	104	55	30
135	99	169	27	169	36
31	14	14	18	14	66
94	38	51	98	94	98
162	26	164	137	48	94
11	11	40	151	50	11
111	78	135	118	20	86
23	23	181	112	47	23
138	30	70	43	174	42
50	144	73	73	79	50
81	20	24	20	24	92
126	157	126	42	157	18
183	33	18	182	42	108
50	55	88	50	50	78
117	62	62	200	90	90
199	199	109	124	124	55
26	26	7	26	135	135
149	195	130	130	67	40
62	191	68	18	18	68
35	10	57	57	55	57
95	62	66	46	110	95
116	73	73	73	26	85
120	93	163	47	95	136
149	49	49	28	52	49
195	181	116	55	138	75
197	43	75	130	135	102
76	76	48	116	65	65
23	200	182	81	28	182
171	103	67	160	171	157
28	128	154	120	43	87
75	158	169	84	127	130
82	77	33	104	33	82
41	112	41	41	95	8
12	58	120	134	190	108
93	93	63	118	7	93
86	89	25	25	25	181
46	130	46	15	46	89
196	56	28	56	88	196
20	87	87	20	25	20
23	44	23	69	23	23
105	64	20	20	20	9
27	86	83	146	146	86
15	15	129	11	61	11
85	85	85	85	15	84
192	67	107	34	192	5
73	73	73	10	73	37
26	23	71	26	26	26
91	6	6	38	91	109
67	55	67	67	61	58
80	148	127	44	148	44
81	81	56	92	56	12
119	107	119	40	29	107
37	37	37	42	73	51
134	55	134	151	103	196
13	90	73	150	163	17
109	164	58	23	23	48
118	41	127	89	113	25
10	91	10	91	30	60
99	110	52	94	113	99
107	16	164	39	180	161
19	130	19	171	62	33
69	56	121	45	45	56
23	121	72	76	23	63
186	161	120	120	186	79
70	93	9	93	9	85
131	72	103	53	156	95
46	46	49	77	77	106
16	118	31	104	70	70
84	84	19	19	96	48
15	26	26	8	37	148
35	22	83	22	22	45
8	8	28	81	28	179
196	9	153	52	138	193
158	105	11	115	11	105
173	86	99	99	53	99
166	160	176	160	166	106
125	61	20	61	77	75
166	27	68	88	33	151
10	42	10	115	42	10
20	73	73	73	73	46
160	192	94	102	59	47
75	79	40	59	59	40
67	80	46	80	67	67
180	74	121	118	180	39
55	149	122	82	108	149
42	12	12	28	12	12
47	96	73	96	73	73
90	43	98	98	43	43
78	41	19	29	78	78
92	159	102	174	92	102
102	31	100	31	171	100
182	112	176	182	176	87
69	128	69	10	85	91
115	37	50	50	34	37
6	74	179	40	40	179
39	34	39	100	100	172
77	24	191	77	77	85
46	46	90	90	20	40
196	119	38	155	162	81
157	49	49	116	157	37
139	70	75	25	70	70
108	98	171	89	53	89
33	33	37	67	84	67
50	71	71	71	89	80
76	19	94	76	94	11
90	57	102	115	90	57
141	122	14	29	14	141
184	173	44	173	86	184
84	52	190	44	84	52
194	165	77	108	108	165
19	45	23	41	19	23
32	7	44	32	32	44
146	111	50	58	116	50
53	199	31	70	53	31
31	79	79	105	31	79
25	71	89	165	71	89
81	199	67	70	70	67
76	141	193	59	141	193
27	12	12	12	6	114
176	92	111	55	104	53
11	37	33	153	44	69
113	150	85	83	62	24
90	17	17	55	118	90
22	125	29	24	121	30
83	7	83	58	164	58
5	110	58	5	63	63
73	36	101	73	36	156
24	98	11	11	98	148
94	19	44	39	190	190
138	138	138	95	170	55
42	149	149	67	11	11
157	60	64	35	170	157
20	99	15	99	15	77
172	66	64	108	189	68
97	113	156	156	82	40
29	199	90	148	189	27
57	160	122	196	48	122
82	76	76	76	69	76
74	10	74	21	76	76
152	71	74	143	192	9
64	63	64	63	100	108
28	64	64	64	120	22
118	89	148	69	18	17
89	41	41	71	51	41
100	100	48	125	84	48
183	64	128	159	140	103
180	105	84	98	168	103
10	71	71	10	108	48
13	176	17	52	131	85
167	20	126	7	135	31
12	30	51	32	126	126
70	80	82	27	82	70
54	65	176	111	176	200
13	97	17	13	105	13
61	7	38	38	38	7
62	93	26	58	62	58
195	17	34	14	82	102
61	68	58	48	58	58
82	190	33	14	33	33
68	134	97	38	97	97
24	113	138	24	138	153
53	54	25	45	25	45
14	56	76	56	56	14
5	138	44	140	101	138
65	65	65	85	199	36
73	52	5	5	73	131
88	16	110	195	29	152
42	143	50	147	50	143
38	20	14	10	14	38
170	33	33	33	55	36
120	25	167	120	44	72
55	72	72	72	67	86
79	34	86	139	196	139
65	65	80	147	80	12
188	107	185	89	103	41
131	93	103	109	45	57
66	123	8	123	83	63
25	113	83	167	167	25
77	39	22	117	68	45
21	128	103	62	21	61
21	142	111	142	111	56
32	127	77	127	32	161
46	16	55	46	16	46
96	19	90	77	115	69
34	35	61	37	37	35
9	38	36	38	38	50
123	98	158	117	52	144
10	89	89	162	36	89
116	61	61	61	77	77
169	14	72	72	50	144
89	100	89	73	73	89
15	109	196	9	160	106
152	12	57	152	152	57
57	45	45	72	127	114
93	191	93	136	99	191
13	98	22	22	43	182
129	40	12	40	70	40
114	42	77	197	42	132
89	89	48	51	89	89
119	157	119	130	44	23
103	106	80	76	103	187
102	114	102	193	12	84
45	67	151	132	159	141
125	125	18	70	195	70
154	68	18	103	70	164
32	15	30	15	197	15
45	45	140	44	82	172
59	50	59	190	50	34
122	129	122	166	66	96
89	57	52	52	52	61
67	102	130	115	116	130
127	130	130	29	54	13
63	102	165	162	117	165
33	27	17	17	27	17
32	9	82	9	16	16
77	77	76	77	14	14
152	53	100	53	37	53
92	23	68	89	89	124
65	198	97	97	61	97
129	57	57	87	56	87
58	37	58	105	171	37
198	28	60	56	114	180
12	18	87	91	12	91
58	58	58	54	58	50
34	58	49	101	17	165
116	43	127	95	117	95
25	84	84	84	60	86
82	18	97	62	36	82
63	63	127	38	152	60
25	25	25	82	17	25
63	27	49	80	49	49
47	20	41	20	47	71
86	150	86	20	32	86
116	135	91	120	141	98
76	76	80	111	76	80
189	189	30	90	132	10
172	55	174	126	110	27
198	43	57	12	99	37
16	16	75	51	47	51
186	35	64	64	113	35
33	118	185	118	47	196
43	92	78	30	78	43
55	125	127	121	11	90
51	78	176	81	12	197
44	44	38	38	115	195
19	19	73	20	162	73
88	194	58	200	51	187
93	44	37	70	71	136
168	91	76	11	76	91
38	64	17	64	17	64
43	40	43	8	62	62
38	38	10	56	58	56
81	81	95	40	81	23
49	136	167	196	40	118
68	68	13	68	7	13
30	144	90	168	65	10
50	185	80	50	73	11
20	55	20	20	20	77
67	67	67	82	23	82
96	45	34	34	47	45
30	44	100	46	30	30
11	31	11	118	131	31
32	69	41	192	32	41
95	45	25	95	55	55
81	69	14	47	12	93
69	18	51	152	69	18
113	66	140	188	124	45
87	72	18	18	134	18
181	26	26	26	40	109
15	82	17	17	147	15
21	113	135	21	79	21
107	101	105	101	79	79
70	70	31	118	118	195
96	32	116	105	96	96
46	103	136	26	108	161
88	18	88	125	173	19
87	87	15	40	47	15
77	77	37	77	56	77
14	14	14	25	14	60
132	142	147	67	47	161
58	58	58	9	37	66
84	67	131	67	84	97
185	130	20	97	44	20
108	14	174	174	11	140
71	54	63	65	63	71
72	43	143	26	167	113
39	53	31	31	53	67
99	197	46	31	109	194
119	7	23	23	7	148
35	173	37	37	37	35
19	85	85	85	13	85
165	165	152	48	142	77
15	126	15	68	47	68
97	140	26	97	27	26
95	15	75	47	153	15
34	155	20	142	142	112
125	146	105	20	105	146
16	82	46	174	46	16
70	14	12	39	42	70
11	88	88	11	11	77
183	57	116	183	27	98
68	176	96	19	176	132
113	44	59	34	34	87
159	133	25	189	68	92
60	122	28	78	60	28
33	40	143	74	17	73
92	65	71	20	92	92
87	182	98	87	66	98
87	59	59	34	34	109
88	85	88	85	150	93
20	113	14	20	14	14
18	18	61	28	22	22
45	41	41	94	9	9
95	90	121	25	57	121
21	33	21	12	28	12
43	43	43	15	58	75
81	97	26	36	52	97
25	65	42	42	25	42
163	24	79	79	47	79
31	51	51	82	51	31
54	102	78	78	71	71
36	141	165	114	124	141
53	14	166	95	49	6
180	54	50	180	84	61
48	58	48	62	132	62
91	66	95	198	94	95
183	66	5	96	114	183
59	155	85	20	23	137
22	167	58	22	113	167
44	88	44	114	44	88
59	44	80	18	59	103
114	36	98	22	21	144
36	29	20	22	36	36
47	71	71	30	30	30
67	33	33	67	69	195
76	48	96	76	76	48
107	107	64	148	67	99
75	40	40	75	185	67
49	38	63	75	49	75
87	25	65	61	97	87
29	46	29	6	46	29
12	109	32	115	43	115
93	31	158	104	156	126
52	70	70	47	47	15
93	38	93	35	10	93
103	92	34	34	66	34
44	154	153	154	80	44
99	68	68	189	99	26
66	66	66	39	34	39
73	200	73	73	17	118
180	36	39	8	36	195
154	35	17	103	120	154
55	60	55	55	55	83
68	41	68	41	103	80
55	44	55	12	44	69
135	86	114	189	196	102
149	35	146	161	89	40
78	96	78	168	37	96
104	71	66	66	118	118
121	158	129	192	25	129
35	116	35	11	80	129
52	39	52	85	52	148
60	45	23	23	15	60
85	27	150	66	66	85
52	83	142	87	83	52
123	106	142	175	177	93
86	168	102	63	5	190
104	92	126	92	191	142
118	36	56	56	156	36
75	75	22	28	28	48
142	9	64	46	64	46
17	29	171	120	88	119
126	126	163	69	82	82
33	18	18	121	52	33
88	149	10	149	88	44
81	92	92	116	92	80
79	103	30	79	158	158
23	85	23	23	110	196
26	26	52	62	61	62
114	153	175	32	188	130
60	24	193	58	24	60
23	23	61	61	52	52
20	20	20	37	67	62
46	32	46	46	37	43
133	187	162	121	127	81
97	159	159	10	150	150
96	85	92	154	85	85
29	89	29	85	169	29
62	115	62	115	126	110
77	49	118	118	68	54
93	29	93	109	154	29
19	9	19	19	51	9
50	50	111	173	18	50
32	189	58	49	124	124
117	139	170	139	170	81
50	176	50	118	102	152
75	48	195	75	46	75
89	7	7	7	26	17
60	21	21	21	39	60
46	64	15	45	64	64
9	72	9	178	96	96
132	56	56	40	58	28
40	70	109	40	40	70
50	50	50	29	50	9
38	10	39	38	39	85
179	178	141	195	193	15
191	109	191	27	57	57
8	92	100	8	8	92
71	6	21	63	63	71
13	84	171	171	120	13
11	85	17	17	85	13
19	30	136	109	19	30
57	99	57	57	32	99
37	42	135	56	37	42
30	142	30	65	74	74
10	151	68	10	151	14
76	171	18	171	76	86
53	53	53	46	37	53
96	96	16	97	9	96
64	140	93	147	44	166
90	50	69	50	90	59
60	60	114	183	105	57
62	19	135	79	130	79
8	195	8	96	14	8
115	153	150	138	135	8
141	163	33	6	140	163
80	92	40	80	40	37
98	160	16	60	112	86
41	99	76	157	157	76
29	96	29	96	23	23
118	44	169	105	118	168
164	57	29	44	145	122
63	58	126	58	63	115
85	79	85	37	85	85
56	134	101	38	108	38
85	85	29	29	27	85
108	90	90	38	90	165
110	156	157	84	84	73
65	7	65	84	65	191
95	95	83	63	87	87
6	87	6	28	6	6
37	50	37	73	73	10
58	72	72	92	72	58
103	42	84	84	17	42
151	151	167	117	167	19
165	134	200	165	135	74
69	69	69	79	140	62
27	64	53	64	119	53
56	19	112	56	74	11
30	43	7	7	43	7
88	86	86	39	39	28
43	43	43	35	26	35
9	92	9	41	92	9
81	71	69	57	57	71
16	198	62	181	124	24
93	49	95	130	186	177
118	17	17	17	80	80
91	140	36	115	107	36
50	69	69	43	43	200
14	161	34	53	14	53
141	48	70	132	169	48
30	18	58	11	18	11
126	53	97	97	53	40
57	62	137	57	151	117
42	42	120	120	42	34
49	43	80	49	43	48
16	19	19	86	7	16
83	65	103	13	12	65
179	92	187	187	179	67
84	76	76	92	54	84
41	61	34	41	41	41
39	128	52	128	39	109
17	17	97	200	11	11
5	28	5	76	5	5
28	86	28	18	36	28
63	63	82	195	63	95
109	78	58	109	116	92
146	97	22	52	54	52
58	125	16	192	10	63
23	5	5	89	165	5
95	93	79	95	194	95
68	60	60	60	32	60
30	74	74	30	146	110
68	93	41	86	68	68
88	100	117	86	87	65
174	14	161	9	14	174
98	133	68	111	98	68
94	46	72	94	72	137
16	157	59	157	48	40
74	7	31	28	31	7
71	71	13	60	71	71
68	55	55	170	55	36
173	150	174	67	139	180
49	81	81	168	49	75
65	88	84	159	169	74
173	24	76	144	130	82
55	152	115	108	106	34
29	72	96	96	38	72
199	59	68	182	78	199
8	8	58	8	29	58
21	177	63	104	177	104
124	141	69	143	108	77
64	102	20	103	20	64
16	75	16	168	75	17
149	118	178	13	149	48
21	109	112	166	166	21
153	14	14	59	54	59
11	87	39	11	182	87
72	72	81	117	117	42
27	187	105	27	27	57
62	93	62	93	24	62
125	85	58	58	31	31
47	84	166	65	153	19
26	13	26	30	13	115
41	25	116	59	41	59
102	186	191	187	191	186
89	54	89	98	89	152
12	65	12	20	12	12
58	180	196	69	69	57
65	53	134	53	92	65
102	106	25	64	64	25
192	91	192	130	91	72
49	74	123	44	49	74
93	34	93	86	34	40
30	92	29	52	30	92
52	52	63	41	52	41
24	102	161	72	157	146
40	113	29	178	178	79
97	84	97	102	124	97
28	12	50	125	93	12
15	121	25	53	53	15
181	149	120	78	149	175
159	21	163	163	159	181
45	126	178	73	44	68
102	44	44	16	80	31
173	177	164	31	173	76
34	34	20	165	26	34
53	63	63	94	63	53
79	198	8	9	79	9
28	28	28	141	95	33
147	10	101	36	10	36
74	124	92	74	92	25
106	178	134	178	175	134
8	50	50	73	80	8
27	27	50	67	97	27
29	124	79	56	112	36
122	46	31	154	154	10
188	81	81	101	66	40
60	60	73	60	60	20
108	56	27	27	27	161
103	91	75	91	72	75
138	80	61	80	53	80
15	123	95	140	183	10
106	106	143	33	183	106
166	72	57	72	56	72
26	161	26	36	75	28
47	145	61	73	73	73
75	20	75	74	164	191
134	39	77	41	55	112
20	23	20	23	61	178
50	42	74	91	74	74
154	55	11	55	11	42
86	29	89	86	86	86
160	19	38	58	38	58
85	32	131	131	169	169
41	138	138	52	52	82
190	190	146	111	146	48
31	158	106	27	31	194
35	21	55	64	21	35
144	5	31	5	101	5
20	180	20	56	69	56
74	64	64	64	28	64
184	71	115	84	71	71
76	111	10	175	175	12
80	170	57	80	80	28
127	128	64	75	188	120
35	93	93	30	86	30
18	155	155	82	29	18
82	75	82	119	44	45
197	133	7	135	133	135
96	87	87	96	82	74
41	158	91	114	158	41
115	68	123	59	17	172
9	80	80	80	53	82
45	45	43	128	28	71
136	55	50	50	78	55
135	173	173	90	86	79
20	110	26	11	20	20
30	25	84	71	54	45
38	42	42	19	19	42
125	199	90	175	30	70
15	42	58	15	15	12
85	200	50	50	63	180
33	33	33	42	48	27
27	24	24	27	24	74
119	125	125	28	30	36
64	122	17	200	155	156
46	46	24	46	92	163
60	86	80	86	80	54
32	140	58	13	111	113
25	110	25	40	40	87
91	172	123	30	172	29
93	12	79	23	79	12
131	40	54	93	93	54
161	136	161	103	184	184
23	125	23	10	10	21
7	7	65	65	82	21
132	177	84	137	159	39
8	8	8	17	74	81
39	17	160	39	102	17
63	63	166	48	29	36
81	76	195	157	157	81
90	139	83	24	24	24
10	13	25	25	70	70
63	63	41	63	41	71
39	39	101	63	63	149
50	90	90	50	50	111
111	76	76	51	185	8
61	105	105	61	53	64
150	70	13	13	70	67
78	45	45	61	45	45
119	86	16	16	5	86
70	58	165	58	179	44
53	18	178	38	38	18
25	76	76	93	59	76
117	151	113	190	151	117
117	149	101	138	93	111
72	72	45	72	127	28
88	58	88	28	88	88
73	186	167	132	120	167
132	194	88	184	102	132
103	34	75	120	99	34
91	94	91	196	91	91
52	41	9	9	41	121
95	124	142	195	83	124
14	14	127	56	76	14
24	24	46	46	108	119
152	40	97	62	97	40
57	43	75	105	106	43
95	85	115	65	106	107
111	110	76	95	102	110
79	53	89	62	79	79
47	119	47	143	30	30
78	37	125	151	192	135
14	10	14	41	70	41
160	160	83	199	24	103
11	11	19	185	13	140
30	42	68	42	30	104
115	115	54	160	175	40
53	38	100	38	20	53
100	143	100	58	115	136
22	22	101	114	28	32
18	58	58	58	58	80
75	137	29	75	15	29
33	21	33	106	93	93
100	123	100	49	49	86
14	168	59	59	69	50
169	59	123	177	103	12
93	93	9	72	9	72
54	49	99	16	54	16
89	89	135	67	90	89
29	79	12	136	12	12
121	144	152	95	114	167
9	95	9	72	95	29
21	83	21	10	92	83
84	67	165	147	84	147
51	94	30	103	85	41
96	76	96	76	10	33
48	94	149	63	79	69
51	177	51	86	51	50
33	33	98	33	47	47
54	13	53	131	191	34
94	98	94	79	60	60
160	57	113	66	133	51
44	69	73	44	73	73
104	71	75	173	181	154
62	100	14	27	167	154
39	109	144	143	47	85
172	45	45	185	75	45
118	177	30	37	37	30
28	63	37	28	28	37
54	91	91	85	92	54
22	24	22	42	71	42
32	52	118	130	32	118
133	105	154	133	85	40
126	35	86	71	35	86
12	85	85	85	70	46
177	104	100	128	64	13
16	92	92	16	32	128
23	18	20	23	20	40
98	126	183	171	183	15
107	16	198	96	41	92
113	48	91	32	32	48
70	70	100	176	143	103
115	90	79	93	183	26
129	59	38	59	48	59
45	45	45	62	18	45
40	16	40	162	16	47
12	63	12	120	92	92
8	49	74	58	58	8
52	18	23	52	23	188
192	38	38	82	82	70
67	12	27	27	67	67
59	152	87	137	53	56
47	87	47	87	47	53
61	61	77	16	16	168
54	117	180	68	36	43
90	93	86	37	90	193
20	20	146	23	146	123
66	132	80	72	77	38
50	70	35	58	82	193
7	114	68	59	59	125
58	89	143	180	89	34
90	29	13	26	13	26
71	94	53	53	111	71
7	25	162	59	59	25
161	142	49	10	112	22
167	64	35	35	15	50
147	168	148	182	20	80
110	43	125	20	26	93
21	80	52	52	21	40
82	82	37	71	82	82
8	170	170	150	170	170
161	87	91	56	87	34
81	73	73	73	73	73
195	115	117	134	195	134
84	66	47	78	82	44
126	74	134	137	185	188
53	52	39	52	183	183
67	35	8	115	67	8
77	47	37	164	61	37
17	76	17	17	17	24
22	47	151	43	75	66
149	101	87	47	42	37
94	198	110	150	71	127
72	21	65	65	72	72
66	66	74	66	85	66
43	43	32	26	32	34
79	51	51	51	59	51
5	81	5	81	89	81
99	16	54	70	54	99
169	5	55	186	98	131
94	169	119	119	169	107
42	178	199	199	102	178
94	104	60	52	22	196
73	73	65	36	65	46
68	68	27	27	27	49
92	77	87	77	87	87
26	51	58	197	58	26
90	35	90	35	165	90
128	40	40	28	86	28
46	46	85	124	43	46
21	54	68	25	21	25
85	85	23	139	92	155
20	71	63	71	71	20
108	10	10	51	51	187
84	105	88	84	88	41
144	31	39	54	60	60
36	45	36	12	45	36
47	47	47	74	47	50
18	130	77	130	51	77
66	47	141	141	119	67
72	69	88	88	72	9
191	24	130	138	61	49
45	70	192	45	68	68
131	14	34	87	25	34
8	164	105	164	89	108
52	52	52	26	7	52
171	35	135	44	159	193
40	40	40	47	40	48
174	46	63	174	129	64
198	84	73	112	70	39
18	193	36	25	193	59
50	50	126	23	92	150
97	30	30	43	43	82
12	200	87	161	42	170
91	123	68	53	109	131
180	58	121	26	58	180
71	44	33	180	33	44
129	39	39	74	39	74
23	85	52	23	23	111
17	17	126	49	49	115
75	36	34	75	75	189
25	28	25	28	28	7
37	135	33	100	100	124
45	173	45	61	31	31
166	195	85	64	195	64
167	154	154	60	132	132
136	95	54	84	162	51
180	75	75	184	184	13
14	61	88	61	88	84
22	189	51	136	26	136
131	124	189	157	101	62
16	11	70	32	123	16
98	158	109	122	109	122
148	51	73	35	113	200
69	71	69	39	39	195
142	72	119	142	83	72
47	68	188	188	39	68
68	68	70	178	68	70
78	99	51	97	99	78
70	102	70	77	124	169
27	194	8	65	8	27
112	91	112	105	105	105
74	33	29	74	74	74
70	35	67	67	67	67
16	89	96	96	89	133
48	103	48	147	64	48
141	94	64	73	94	64
70	74	70	55	55	55
117	15	117	52	15	82
96	77	87	79	123	58
109	99	34	175	63	200
143	76	96	76	12	96
89	40	40	49	89	66
18	32	84	68	48	147
41	69	145	120	170	127
107	16	47	94	16	47
76	76	35	76	69	76
52	84	52	5	170	52
89	89	48	7	7	48
102	174	102	174	64	84
27	28	64	32	190	111
35	95	95	84	67	95
11	11	23	89	95	23
71	53	53	71	40	107
69	73	64	73	69	107
12	71	52	12	116	12
49	72	28	88	81	49
26	112	45	182	26	45
46	46	58	46	46	14
99	99	22	93	99	93
13	17	17	17	164	83
40	99	97	99	98	99
81	97	148	69	165	97
115	95	47	93	47	93
171	126	131	188	38	65
152	85	152	171	146	146
92	107	59	111	155	120
113	32	174	30	30	30
39	95	39	105	78	95
33	36	61	36	108	44
9	9	92	115	92	151
86	171	91	9	21	21
44	44	64	44	123	17
54	8	193	54	54	44
64	58	192	104	64	58
117	75	117	97	178	91
11	87	37	37	81	11
106	160	29	160	29	66
74	37	37	37	15	128
199	106	89	199	88	10
21	25	117	117	21	23
92	94	58	58	34	77
43	158	158	154	31	187
70	68	177	194	177	70
87	110	127	176	159	40
92	92	23	190	57	23
11	97	99	99	99	97
171	93	173	93	171	67
173	90	90	87	141	45
101	128	120	155	24	177
111	102	111	51	5	51
94	94	27	31	54	94
19	75	41	75	19	48
94	96	94	56	96	187
87	92	82	87	196	92
113	22	40	93	29	22
97	97	97	8	36	121
189	112	185	109	29	189
78	77	78	182	78	78
44	60	125	142	125	142
27	92	95	180	27	92
171	190	83	159	9	83
20	20	40	5	5	5
92	107	101	23	147	101
62	90	48	69	69	128
40	77	103	62	117	57
26	11	11	11	32	26
149	87	97	62	87	45
70	94	32	72	94	94
14	24	85	14	144	149
122	95	26	46	75	122
57	76	76	76	31	76
198	49	56	172	40	135
103	199	148	164	27	27
26	98	100	62	100	199
12	42	163	42	12	23
60	9	63	60	60	60
19	137	60	102	191	60
53	70	53	53	165	119
37	47	23	79	37	37
129	20	40	20	198	86
80	80	6	133	6	25
50	70	70	50	179	54
172	156	113	94	193	197
31	64	118	114	175	31
89	94	21	94	89	89
184	61	125	54	174	148
15	21	37	37	37	15
15	96	21	91	91	21
66	186	66	52	171	136
102	147	125	113	125	183
56	85	41	41	56	41
142	47	21	109	142	109
8	8	8	12	41	8
158	76	117	131	117	28
199	83	83	65	88	65
34	84	128	128	122	27
58	58	164	164	138	29
46	96	26	11	96	46
50	46	52	52	72	46
39	116	87	58	87	166
94	87	72	94	87	42
24	94	94	189	123	20
37	26	107	51	51	26
15	15	47	47	31	11
96	85	118	12	96	12
145	10	27	193	92	92
28	28	38	38	52	28
167	13	23	90	135	167
115	101	42	77	187	42
52	131	77	77	163	163
163	67	98	93	179	161
44	115	160	47	36	179
175	130	24	104	23	57
26	26	24	24	61	64
44	44	191	88	69	69
188	19	43	19	43	66
88	88	46	46	88	6
6	88	11	11	88	11
130	130	25	36	72	36
74	114	74	71	56	56
64	64	84	84	117	18
56	16	16	56	87	87
13	118	90	27	90	90
79	95	95	147	79	26
119	89	48	48	174	89
25	119	38	38	25	16
151	97	82	78	83	82
41	72	102	156	156	14
70	67	19	70	162	70
6	5	6	5	112	111
164	164	14	68	84	43
65	33	200	51	51	65
11	21	11	21	21	103
73	112	35	149	73	35
83	43	31	119	189	89
34	52	60	34	63	52
13	34	34	34	12	119
58	29	45	59	80	97
10	73	10	73	107	32
27	60	123	47	27	27
65	133	159	45	31	118
113	102	102	80	193	80
66	66	154	62	66	49
11	116	11	32	73	11
18	31	16	16	16	16
161	120	99	150	187	32
14	61	133	14	115	61
68	68	68	48	72	68
58	48	48	58	54	126
78	68	93	93	140	93
73	154	48	133	36	187
29	51	75	88	51	29
53	63	63	53	82	92
94	195	135	85	23	90
15	33	15	33	48	33
61	20	20	61	18	61
88	179	63	63	88	31
10	59	6	63	6	10
155	86	62	64	110	175
5	19	92	60	19	5
40	66	40	66	93	109
119	29	42	110	110	119
24	85	51	24	24	51
56	176	67	63	75	122
101	160	183	134	122	44
26	146	111	126	97	46
88	5	46	46	10	46
136	134	19	25	25	182
100	76	73	97	109	164
33	33	68	75	191	75
101	86	13	56	190	94
35	53	87	65	87	53
79	181	14	190	160	21
62	62	62	98	63	98
71	91	91	91	23	57
86	97	86	183	44	97
185	16	16	195	187	101
22	62	22	103	22	62
118	56	116	80	46	80
145	134	185	134	29	145
188	172	24	90	172	24
41	98	95	98	41	106
181	46	183	181	17	168
195	157	190	36	37	94
50	50	35	50	37	157
58	60	153	171	64	69
30	47	47	30	96	30
82	99	99	82	99	82
5	70	5	88	22	70
37	178	85	193	22	44
169	102	128	123	200	131
48	54	10	162	29	53
151	19	38	5	5	5
14	34	7	34	14	92
136	73	73	73	53	76
43	43	41	43	43	20
83	79	79	79	79	49
69	35	72	18	69	69
166	91	120	166	81	91
195	12	26	60	80	17
150	132	102	131	85	39
97	19	80	97	97	77
12	13	5	13	71	13
23	47	71	74	71	47
21	21	63	119	159	63
155	48	80	155	185	64
138	177	26	70	177	70
65	95	58	89	152	26
29	29	137	29	86	50
28	46	87	20	44	126
101	33	33	138	63	33
68	68	96	96	96	83
71	34	21	144	134	144
26	166	26	26	81	36
118	16	127	13	140	67
63	29	177	132	92	134
159	35	35	74	75	75
106	96	13	84	50	107
98	135	130	98	112	135
78	99	90	99	198	97
134	86	86	32	134	169
197	12	28	12	8	23
33	9	65	9	33	33
11	54	33	61	33	33
140	198	80	159	30	93
70	7	7	63	7	91
61	71	71	80	170	156
82	6	139	139	130	146
73	73	136	62	89	62
170	11	31	185	154	31
76	76	76	76	38	76
112	23	115	61	115	59
19	116	7	7	69	7
35	35	60	182	60	118
37	21	37	48	63	37
40	22	33	22	33	33
60	58	148	58	34	34
184	46	193	184	27	46
121	83	192	38	105	8
102	54	34	34	15	54
88	88	13	82	13	15
77	89	55	55	60	77
14	67	116	26	14	26
27	56	56	53	27	53
13	13	73	13	37	13
70	88	176	39	88	88
25	85	192	65	153	98
15	36	32	7	7	36
170	88	117	93	157	101
79	41	120	79	98	41
10	10	99	103	90	99
76	76	54	54	76	38
22	52	35	22	22	22
21	36	64	169	102	118
140	45	69	117	69	122
145	193	145	193	147	59
182	117	16	15	165	92
96	18	61	96	98	61
22	5	74	22	74	22
161	71	97	54	54	54
141	178	133	141	32	129
56	83	94	83	83	83
66	104	66	66	154	20
91	81	91	81	58	81
63	63	116	60	116	69
16	90	70	90	70	42
170	33	164	170	144	144
95	81	61	61	61	81
88	78	17	88	31	88
105	87	144	105	97	127
39	21	55	21	47	47
77	77	20	20	77	111
72	98	98	113	40	98
95	70	73	73	95	9
62	62	40	34	161	62
58	174	179	89	38	88
52	37	13	37	65	37
34	45	92	65	92	65
93	5	5	5	92	90
54	105	54	141	10	128
75	75	27	120	18	18
48	48	163	48	58	40
21	117	159	146	64	24
73	117	13	13	13	113
55	65	77	17	77	77
91	32	32	44	32	108
172	79	176	78	79	68
165	70	101	60	100	197
9	7	91	91	91	7
33	33	153	72	72	52
70	18	18	72	18	125
186	169	169	99	186	20
19	61	151	13	19	13
67	47	67	105	67	17
162	191	159	106	120	105
21	10	81	81	81	6
79	178	124	124	124	44
89	195	90	89	90	74
75	43	45	63	24	153
164	51	70	40	144	84
77	77	78	77	160	116
86	86	55	49	86	86
96	63	63	190	199	190
81	94	52	94	52	174
82	76	99	92	52	107
36	34	34	108	36	34
56	39	39	90	39	91
11	73	7	11	23	11
89	147	93	89	42	97
183	183	185	115	72	185
184	26	31	115	139	154
16	92	113	19	19	92
192	95	191	45	68	169
24	25	15	186	25	25
14	69	159	146	151	25
23	31	89	31	132	31
152	77	180	65	65	180
11	82	11	82	78	92
106	50	109	84	32	84
37	24	8	24	195	8
82	197	44	52	15	12
35	31	16	9	16	16
109	199	53	67	152	156
73	29	29	196	50	50
28	28	105	42	71	71
12	73	12	90	18	90
190	70	70	23	190	68
155	102	77	155	195	172
174	28	174	187	90	187
54	41	183	150	16	105
16	69	82	82	14	16
78	78	52	59	59	59
94	94	68	57	57	19
73	73	62	94	62	62
41	51	41	130	41	41
167	48	48	48	40	89
8	8	34	34	17	8
78	78	78	78	11	85
63	18	109	50	63	63
172	79	26	26	69	108
55	197	197	173	171	146
7	7	111	96	19	7
43	79	31	79	79	111
115	5	47	47	34	5
12	32	32	32	59	94
32	178	184	66	122	122
28	17	28	77	28	190
57	104	94	168	94	57
86	88	54	143	142	12
22	134	110	178	43	175
36	21	113	86	164	34
170	153	8	55	110	55
32	68	34	34	34	68
140	36	180	47	140	180
51	65	168	79	65	51
63	63	49	52	49	11
51	134	24	33	24	33
144	7	26	9	7	26
32	40	75	37	109	77
105	81	81	68	68	167
69	26	67	112	67	78
86	179	153	144	61	89
27	16	79	16	16	156
19	164	50	64	12	50
184	55	42	91	119	164
70	35	112	167	133	172
43	41	41	41	41	41
105	114	101	114	185	105
16	46	16	117	46	92
98	68	30	30	29	68
35	197	108	114	16	16
64	71	71	56	71	98
34	50	185	72	142	53
106	65	30	65	30	173
166	66	28	10	10	163
51	51	46	140	111	118
8	79	36	8	36	78
41	84	6	130	142	25
53	39	17	166	169	36
137	187	123	64	59	85
51	62	62	62	31	62
140	181	143	41	97	93
9	177	177	27	25	99
44	169	83	172	52	132
190	195	173	190	6	162
67	177	94	46	46	94
47	15	82	15	189	15
18	18	43	43	198	85
81	114	157	116	51	91
117	42	20	89	136	81
71	74	108	71	170	76
92	92	92	122	133	176
59	175	48	48	48	53
98	5	188	98	53	98
24	92	24	92	119	15
59	68	59	68	68	56
10	92	92	10	10	55
180	68	35	68	25	68
40	55	84	84	24	40
52	86	28	40	28	28
92	107	107	134	109	14
27	134	194	79	27	134
32	95	91	11	91	11
80	203	64	180	203	203
21	21	128	21	119	50
92	92	85	126	92	19
120	74	63	74	190	63
19	113	101	77	19	77
158	127	67	124	73	175
159	76	98	148	141	34
14	14	192	14	17	36
114	199	124	65	114	120
77	177	77	88	85	88
71	7	7	63	85	7
77	128	188	189	24	48
94	124	94	27	40	64
60	90	90	90	90	65
62	155	47	52	40	52
56	122	49	50	56	50
138	96	98	41	173	65
162	111	83	73	88	16
67	37	37	69	67	67
67	78	30	67	30	48
61	61	93	61	42	42
26	84	63	26	50	50
75	8	171	163	171	168
28	157	73	28	62	28
193	33	31	31	74	31
135	154	52	154	71	18
162	147	120	82	46	162
44	193	195	178	195	7
10	52	26	14	14	26
54	73	73	26	26	26
85	167	85	94	94	94
28	86	28	19	28	31
167	176	117	82	58	184
33	60	59	84	59	60
20	41	65	41	54	54
76	36	21	8	8	8
73	52	8	52	52	52
30	117	117	30	107	84
32	123	112	186	160	162
29	176	98	176	98	119
9	9	32	9	9	77
54	92	146	12	54	54
120	121	52	121	42	52
87	101	159	87	38	38
45	16	100	160	16	85
35	75	68	35	75	35
19	37	125	102	117	27
178	145	145	178	65	82
18	71	125	121	133	166
40	40	31	39	46	40
139	55	196	196	153	153
46	70	98	46	94	46
110	24	178	24	147	178
28	78	99	143	56	89
61	81	19	184	166	108
120	120	141	99	27	96
193	171	171	120	35	193
40	159	51	40	51	78
136	18	170	87	86	136
19	71	19	36	19	36
67	95	90	90	107	67
103	23	140	44	5	140
121	30	72	19	66	19
62	62	195	74	47	47
20	20	152	124	157	120
51	16	135	86	135	16
39	139	65	108	196	121
54	115	54	16	16	16
36	81	36	17	170	36
66	18	8	66	66	18
43	94	79	94	94	43
26	29	50	26	29	70
153	146	103	75	198	99
60	62	61	60	60	78
75	133	11	115	116	116
69	34	22	69	6	34
74	166	114	157	166	75
117	79	121	99	79	79
30	165	64	142	88	30
83	167	16	161	42	111
28	28	66	28	28	51
100	100	71	71	46	67
83	95	7	7	83	115
89	20	89	89	42	89
97	63	53	37	129	53
14	15	172	163	116	131
74	75	169	135	46	168
190	182	174	84	69	165
68	102	36	56	56	56
115	115	178	193	111	115
99	99	40	14	97	97
185	116	61	68	100	38
62	7	62	62	63	62
33	87	119	62	138	158
153	112	153	91	177	112
132	33	102	132	61	139
83	83	83	87	72	80
42	69	69	69	54	69
27	64	127	165	132	71
85	9	96	96	32	96
18	53	196	148	103	140
91	85	91	23	85	91
69	76	5	69	69	69
28	133	49	49	21	28
189	47	126	95	126	72
108	166	37	104	104	90
27	54	88	88	88	104
168	19	85	56	19	85
81	174	7	7	7	14
69	63	103	53	53	63
76	77	124	63	149	155
63	89	96	63	63	128
83	68	81	116	81	83
78	78	98	42	146	178
25	10	36	59	25	10
59	182	59	38	38	32
198	56	38	156	14	130
35	128	15	53	99	15
48	25	48	111	145	25
35	174	173	60	115	21
158	168	72	16	168	188
123	188	161	123	23	177
149	149	103	65	134	134
75	54	54	6	62	75
194	85	87	195	85	194
38	82	132	118	101	21
152	150	100	54	157	68
73	73	73	86	55	57
5	5	109	5	47	44
36	36	36	90	23	36
137	79	59	62	59	62
70	170	35	124	67	66
63	178	63	138	6	67
135	76	135	177	76	55
98	111	114	128	190	190
155	190	71	100	71	155
54	54	28	54	83	54
33	111	40	90	92	63
39	98	76	54	54	98
172	73	131	117	101	100
151	140	57	140	151	132
22	123	34	87	6	99
80	59	80	61	85	59
50	86	188	163	72	90
106	113	99	83	93	178
15	96	68	64	64	125
28	28	28	79	16	81
45	60	14	91	45	60
39	12	39	12	75	17
161	99	92	60	77	80
29	103	59	29	29	30
75	111	52	54	75	52
36	31	169	124	169	31
37	167	101	167	101	176
64	45	113	64	103	113
57	110	193	46	10	65
78	180	14	25	46	14
92	42	92	159	109	8
77	79	71	77	85	85
9	27	166	27	104	9
78	113	183	142	188	125
73	73	73	86	78	78
35	123	26	79	123	151
15	132	150	15	120	72
67	73	67	72	115	73
112	60	123	45	176	181
89	15	118	15	89	13
75	75	53	195	46	46
46	45	61	107	28	22
97	97	36	97	18	50
174	22	22	174	147	90
47	7	33	46	33	33
94	18	143	68	68	18
145	64	113	64	52	64
54	6	65	6	54	6
42	92	92	81	81	128
128	76	76	128	30	160
33	27	33	11	19	27
61	147	132	158	158	147
47	115	67	67	67	86
21	88	21	102	88	88
9	46	9	105	46	31
123	11	86	46	86	46
31	179	131	181	131	179
13	198	172	54	128	10
140	137	40	139	137	9
12	72	50	50	12	50
128	9	25	59	72	25
94	45	31	31	31	94
9	77	77	55	77	77
95	64	14	27	95	95
199	15	160	15	83	158
74	39	39	27	39	39
10	86	10	86	115	136
77	25	85	29	85	98
37	164	56	37	25	132
98	72	72	72	115	7
71	108	10	122	165	125
27	39	67	55	67	39
36	36	36	29	30	36
155	40	174	155	174	140
34	56	34	26	34	14
53	38	38	38	68	38
83	83	83	83	19	48
46	39	37	39	37	39
40	21	180	20	21	180
23	90	46	90	21	21
92	82	118	106	103	189
77	64	116	39	64	39
76	90	76	76	76	195
59	113	10	10	30	59
9	174	168	157	157	172
34	34	34	87	136	45
15	125	15	68	53	68
32	27	27	32	40	63
38	72	72	95	38	32
60	79	79	35	79	101
145	116	190	96	143	162
112	26	79	73	79	26
74	52	59	74	49	108
6	63	15	6	63	48
7	7	65	11	7	92
150	31	159	18	159	48
114	67	13	11	13	11
80	11	11	151	61	11
120	12	53	33	31	153
154	89	60	67	136	150
90	102	34	58	10	98
88	22	114	172	71	71
43	41	77	77	77	38
57	35	29	57	159	57
109	98	45	105	149	45
90	103	90	188	128	108
58	47	58	58	19	63
51	67	34	15	15	15
37	198	88	75	37	37
106	6	165	6	62	6
32	32	191	65	137	191
113	116	56	112	17	194
141	86	51	109	104	163
189	44	189	91	102	98
110	29	53	53	53	6
48	14	56	14	13	13
123	56	141	141	139	139
63	52	34	125	161	145
23	55	25	23	117	25
88	183	17	115	62	179
60	43	43	43	55	43
84	89	108	108	31	50
91	53	91	53	46	50
58	58	55	55	188	45
30	82	56	30	30	82
143	31	150	185	143	70
108	59	180	55	59	180
51	29	29	105	51	51
13	13	62	13	74	62
5	138	79	101	5	5
70	127	30	71	30	30
37	75	71	26	75	26
97	35	97	35	133	17
123	152	74	74	123	59
64	183	88	183	170	126
133	30	89	95	89	30
42	53	85	85	92	42
124	114	43	200	47	200
50	50	48	189	99	50
35	73	73	124	40	40
157	49	66	66	49	36
20	12	38	97	97	97
33	46	74	46	46	46
28	61	73	153	17	132
196	141	48	15	28	76
76	31	130	23	62	109
25	25	91	61	183	25
42	23	42	40	42	42
16	20	20	62	62	140
120	120	16	101	53	101
112	118	183	81	48	80
81	45	42	42	42	42
126	57	11	56	150	18
40	39	20	40	70	40
200	159	87	8	200	196
174	100	104	79	115	174
27	72	27	131	27	76
181	61	109	120	120	149
106	34	117	23	7	164
107	42	42	42	42	42
31	92	92	31	120	27
5	19	5	18	5	5
151	119	95	200	116	120
97	61	17	17	97	97
26	20	116	170	170	20
51	84	8	54	51	84
54	23	54	90	90	26
54	85	9	9	29	54
182	72	178	82	34	178
65	125	30	65	65	85
116	53	70	34	136	103
195	131	195	199	45	199
55	29	55	42	110	110
193	62	44	44	87	87
46	163	76	156	95	48
64	155	44	51	64	51
45	168	68	80	140	129
50	190	190	152	96	94
80	95	95	75	92	48
82	23	82	25	23	82
76	65	76	29	174	65
49	54	54	111	11	54
75	16	32	16	75	16
8	15	8	36	8	8
67	67	66	63	67	52
22	8	8	54	72	8
75	82	75	75	40	75
101	77	196	90	90	85
23	78	43	78	78	60
34	25	146	135	124	47
43	101	42	42	57	43
65	65	29	29	93	33
8	5	46	46	5	146
94	120	28	94	88	94
55	86	108	129	86	108
65	65	65	61	71	65
180	44	44	100	44	33
71	63	95	89	95	71
116	65	171	68	91	74
39	182	39	41	20	63
57	31	92	57	57	14
91	83	50	13	91	83
148	148	26	146	83	82
124	160	160	124	43	148
54	183	186	142	196	43
93	93	21	93	21	99
61	31	31	140	31	86
31	42	31	17	61	61
56	56	29	193	29	62
69	52	63	52	63	112
157	112	20	93	112	189
181	185	189	100	181	185
23	74	169	16	16	23
35	53	53	33	33	160
39	56	34	16	56	34
66	40	159	66	40	9
38	199	167	25	108	91
172	118	142	11	118	84
28	39	182	46	177	197
117	17	90	152	90	17
53	34	34	154	53	72
75	127	84	164	150	86
136	108	187	13	196	33
116	80	80	90	80	90
93	167	24	109	157	64
44	32	44	32	87	32
23	149	23	134	113	149
73	73	44	73	20	73
52	52	74	169	60	74
158	170	16	132	7	132
19	87	58	87	58	87
76	76	112	112	131	111
154	86	45	86	36	36
62	77	37	56	62	77
63	36	161	75	150	32
53	51	51	176	26	51
108	56	133	83	166	13
92	22	79	51	79	79
100	100	141	47	141	57
23	39	112	150	56	22
42	78	19	78	85	42
93	196	112	140	112	6
88	120	16	7	16	7
164	88	175	154	164	10
57	137	180	180	104	107
18	59	67	67	59	177
41	52	79	79	79	44
71	115	113	15	191	62
129	20	163	6	49	163
64	91	61	64	64	70
67	27	67	81	41	81
97	11	63	11	63	31
78	53	25	78	53	53
148	87	87	98	87	65
61	93	41	61	178	41
195	108	184	151	14	27
83	83	106	83	50	50
38	38	93	93	38	33
5	182	98	5	98	101
34	79	104	80	34	80
105	86	22	22	182	22
42	51	42	30	78	78
71	81	152	34	118	118
90	101	22	14	90	22
46	49	93	114	114	115
50	50	93	99	50	59
185	43	199	46	185	43
78	71	13	60	71	71
93	105	119	172	73	93
147	143	71	66	66	147
159	149	78	48	106	149
105	89	89	116	43	89
99	178	114	133	96	12
33	48	48	33	151	48
16	85	58	27	27	85
61	15	134	33	15	33
157	49	20	143	141	64
61	106	17	73	17	164
28	35	78	105	28	35
176	87	176	87	50	7
45	17	17	45	45	66
96	46	81	90	90	90
64	21	74	137	64	21
30	30	30	79	102	92
168	35	39	54	95	14
56	37	180	87	105	191
102	132	42	165	120	32
133	51	83	131	51	133
66	66	45	23	23	66
11	40	11	40	156	80
52	195	82	153	185	180
162	133	155	194	80	133
109	116	146	14	157	156
25	25	30	25	48	25
41	9	41	60	80	80
144	144	71	71	5	153
77	83	83	178	112	83
77	77	77	72	77	32
77	88	77	56	88	67
181	35	15	35	15	67
53	138	162	138	190	192
36	22	52	52	52	36
59	137	34	153	74	84
10	10	113	50	162	10
66	8	90	8	66	8
100	123	141	152	103	123
88	5	75	5	5	5
108	24	26	94	108	94
73	45	30	69	30	45
86	144	86	12	12	40
90	66	90	194	27	41
65	133	99	194	106	17
43	101	148	140	174	174
179	148	32	170	32	170
173	37	70	37	70	81
171	31	31	66	40	33
73	19	73	173	73	83
15	8	66	60	8	66
41	104	34	26	182	34
50	58	55	58	101	50
78	91	190	37	78	52
61	22	67	22	22	67
159	50	19	26	159	26
122	72	60	28	60	72
128	130	128	63	105	58
39	135	5	39	5	33
15	15	15	6	94	33
47	47	119	86	47	86
95	94	25	38	195	91
133	26	26	94	166	166
93	191	191	32	12	28
46	42	46	46	63	46
53	86	83	22	86	86
42	179	42	94	94	105
75	37	75	75	42	37
84	33	25	84	33	84
8	64	8	8	58	49
53	119	89	34	53	34
23	23	59	112	23	60
191	97	62	13	46	16
9	48	48	48	19	9
73	73	34	86	73	29
72	80	48	72	72	48
188	12	19	188	19	115
15	15	17	25	15	12
78	9	78	43	29	43
40	85	64	85	174	72
11	11	64	18	11	64
61	55	30	61	55	30
46	11	11	46	46	60
14	41	106	57	199	158
72	76	172	72	172	63
88	92	55	55	145	88
118	44	44	107	107	105
11	41	196	196	22	183
188	127	48	107	146	188
8	48	73	48	7	48
75	75	75	35	37	35
110	104	43	75	166	180
89	24	24	98	54	89
51	37	126	93	51	126
115	45	179	164	62	199
22	93	22	48	48	89
146	69	64	51	56	51
26	148	62	73	25	18
38	157	87	87	167	68
115	82	165	93	114	172
85	156	85	171	31	77
183	108	72	180	108	44
42	90	30	42	76	90
79	46	95	46	37	79
30	30	56	92	30	56
64	53	13	49	53	49
131	65	44	53	86	193
83	20	65	20	161	20
62	47	62	62	83	62
64	35	98	127	18	161
54	33	33	99	54	33
83	6	83	35	83	16
120	59	59	33	51	33
67	68	68	12	68	67
82	54	169	54	82	62
151	147	114	15	26	39
26	138	126	34	26	54
72	72	30	44	102	72
28	171	28	123	86	123
8	66	66	93	49	66
12	19	19	12	113	80
77	162	191	127	27	28
12	34	34	34	34	67
34	12	12	34	61	47
29	168	29	8	27	27
145	119	52	119	105	105
36	46	45	45	45	77
38	170	180	5	170	24
131	131	46	195	105	98
21	21	54	92	120	54
38	73	96	73	96	77
147	73	60	147	77	77
47	42	75	46	81	170
23	40	21	93	21	40
62	62	62	83	83	71
20	18	90	102	148	109
9	9	22	9	46	171
74	150	150	18	135	79
193	179	197	71	179	14
32	32	47	57	184	32
18	20	127	119	127	20
171	107	64	175	174	21
23	26	102	17	47	149
64	64	64	65	87	136
190	44	135	33	192	124
106	33	84	13	106	76
77	86	77	77	45	40
140	34	45	22	176	42
143	70	29	29	148	111
39	188	188	66	66	162
12	76	12	93	76	197
179	157	187	12	73	85
177	113	40	177	103	24
25	25	23	14	25	93
192	32	46	101	196	31
198	197	81	198	131	197
59	68	39	14	14	39
130	112	186	13	164	36
43	87	43	43	16	43
35	23	137	27	35	35
72	39	39	77	72	64
63	181	39	187	16	121
112	93	27	63	27	63
121	83	135	160	97	39
58	150	99	99	98	99
15	53	22	22	53	105
27	154	47	154	200	200
78	109	89	154	109	20
51	45	21	51	21	21
110	139	34	18	139	18
101	75	14	14	36	75
40	140	94	40	118	94
21	149	80	21	149	198
63	190	120	25	190	118
82	56	56	30	83	83
40	182	123	123	162	115
117	28	169	28	45	117
10	117	10	70	166	70
155	86	73	104	71	54
129	64	167	131	84	111
97	35	18	97	97	99
51	98	98	86	78	86
70	31	31	31	34	158
25	25	53	53	53	68
74	128	122	189	74	48
99	150	171	171	35	171
108	172	7	7	43	7
27	200	17	191	10	39
153	83	131	128	80	72
57	57	57	53	90	59
149	60	128	128	102	60
99	60	51	60	99	52
94	32	177	11	187	77
26	73	91	73	31	73
167	89	11	11	97	11
31	121	65	121	121	121
64	58	56	56	92	58
111	47	97	72	47	55
61	83	61	61	61	90
25	25	110	40	25	78
9	22	18	18	9	12
66	18	18	45	66	66
167	17	80	124	34	128
36	36	46	79	27	27
45	21	45	27	21	96
35	10	10	126	74	35
187	13	187	77	108	108
29	69	96	96	125	29
42	86	42	76	38	42
48	94	45	171	138	138
151	193	170	49	90	116
15	118	37	15	123	133
194	120	181	181	194	70
63	89	81	81	113	81
124	44	120	121	44	139
41	41	58	81	58	58
28	182	35	120	139	125
47	198	66	66	21	66
163	108	163	37	104	13
75	51	10	98	50	109
127	105	94	148	34	85
23	46	45	46	23	55
70	85	89	89	180	89
74	42	42	74	107	96
176	166	166	71	176	15
5	5	65	5	73	73
37	51	37	11	37	37
50	50	56	56	170	85
90	29	13	26	29	29
28	53	28	72	120	53
101	138	138	138	47	178
88	88	84	88	77	161
79	11	11	26	11	28
74	176	89	163	28	88
22	14	85	14	22	14
86	94	72	34	86	86
47	119	38	47	38	64
36	36	133	32	35	32
11	195	138	23	90	138
5	5	58	90	98	58
53	185	120	185	27	56
184	184	95	29	103	95
135	40	73	61	121	40
64	45	74	45	80	64
183	23	62	62	51	51
161	77	56	56	77	20
61	61	61	61	77	73
142	179	121	142	91	179
56	63	63	93	170	93
53	53	55	53	17	53
35	35	35	35	46	28
126	185	192	126	15	192
55	93	16	55	38	93
93	198	198	104	89	47
167	167	93	84	108	84
66	66	57	180	48	66
14	23	69	44	55	136
17	17	28	115	71	71
68	116	27	63	27	68
19	178	19	57	57	116
22	66	107	66	22	179
7	114	7	58	36	7
11	30	30	11	191	54
163	163	56	110	97	47
85	54	155	109	54	51
24	154	133	78	133	154
103	47	89	47	89	88
33	150	55	82	40	33
139	90	79	34	90	79
92	51	40	92	51	25
89	45	45	154	43	84
122	85	35	85	83	35
84	143	82	55	55	84
167	6	200	87	24	77
91	7	7	89	89	89
53	73	18	18	86	53
81	97	24	52	81	81
117	15	91	91	15	47
40	94	28	24	39	30
179	110	62	62	80	80
16	16	73	21	73	16
137	50	47	117	103	124
63	9	52	9	13	13
172	114	182	152	182	78
156	69	155	49	154	137
95	95	45	52	81	52
50	50	50	48	114	36
149	198	125	148	125	114
54	197	68	54	10	68
122	86	120	17	98	114
76	80	80	91	77	103
105	78	78	17	101	20
52	132	140	162	137	148
66	66	95	66	155	91
96	14	43	32	43	96
6	60	60	27	60	60
52	23	150	52	42	52
157	96	45	105	195	93
169	77	32	77	119	77
63	88	63	7	88	80
75	56	75	167	5	56
41	41	44	100	185	185
17	125	17	40	21	17
167	161	77	30	77	167
196	143	143	35	59	67
96	83	44	129	96	83
66	61	66	161	18	18
64	137	16	16	10	197
29	41	56	38	41	56
175	29	163	67	67	73
131	22	107	82	190	170
80	54	190	61	72	97
74	74	17	74	24	17
20	144	53	53	144	180
39	103	39	39	36	72
34	34	33	34	33	134
90	24	24	24	26	47
6	94	6	31	6	157
150	73	62	22	72	166
128	49	49	114	34	34
86	83	196	100	100	98
139	30	30	172	32	13
7	35	88	7	35	19
65	96	188	96	111	96
36	19	75	36	75	66
10	78	138	10	10	10
64	128	18	34	15	68
31	78	78	108	43	31
106	116	116	61	102	106
97	34	34	97	119	55
91	91	91	67	25	67
119	86	86	71	86	71
15	95	27	15	94	94
81	49	46	193	46	46
113	56	40	40	115	40
54	54	54	53	39	96
66	35	85	182	49	154
140	121	69	140	35	45
154	154	175	93	56	114
52	52	46	56	56	185
196	135	58	26	125	196
41	40	25	40	25	90
78	179	179	78	91	113
44	16	105	44	88	16
36	109	167	36	36	63
60	60	113	15	113	53
52	117	90	52	90	17
149	146	18	80	146	168
40	43	92	134	102	113
110	79	145	33	194	123
62	5	5	53	36	53
50	27	50	161	27	71
199	34	44	177	141	171
135	50	110	147	99	144
50	92	23	8	50	23
177	38	156	110	64	147
65	96	16	130	130	22
50	47	50	40	50	40
75	94	128	75	75	45
81	140	5	81	17	5
169	39	56	39	56	31
193	67	193	67	75	153
182	20	13	13	20	53
24	7	10	10	54	7
49	138	200	94	129	119
67	10	98	87	10	67
90	12	6	90	12	90
56	52	56	90	90	96
36	38	109	132	193	85
91	92	192	192	92	153
62	24	146	191	122	159
163	22	78	67	22	163
60	86	59	86	147	86
68	60	24	24	60	24
22	22	25	18	29	29
75	36	75	115	36	187
16	51	20	51	101	20
86	56	86	60	7	86
73	11	87	110	14	183
15	85	34	168	17	85
69	49	69	156	129	55
18	81	81	73	101	73
70	70	40	70	38	12
186	41	188	82	186	88
191	113	103	142	193	32
19	19	13	172	13	35
62	66	8	8	66	27
159	52	137	170	170	137
178	10	162	184	129	47
162	19	97	90	177	85
19	19	39	19	83	83
20	185	75	20	57	75
40	14	171	98	98	98
11	11	171	37	72	72
149	156	77	44	27	175
114	114	110	151	95	59
56	146	48	56	13	13
125	99	91	27	125	161
89	81	81	81	155	53
100	26	30	116	102	177
17	122	17	45	47	17
13	161	65	10	170	67
88	117	143	29	29	29
174	19	194	6	115	181
72	97	97	12	12	12
13	105	45	45	13	20
23	151	23	49	108	23
96	96	33	83	96	83
108	29	29	29	108	93
142	60	189	136	142	190
19	195	117	119	19	180
23	126	126	44	191	73
62	91	40	89	91	40
38	56	159	111	163	111
24	97	53	53	24	53
154	113	72	154	25	11
83	152	157	77	195	194
19	8	8	85	71	85
176	64	194	33	99	112
57	92	62	62	57	15
49	49	101	43	49	94
39	75	48	75	39	65
71	21	75	71	71	51
184	46	138	69	150	46
94	94	102	83	83	94
46	64	57	46	27	64
48	48	71	17	48	133
100	169	134	134	73	72
84	68	69	79	175	77
164	35	5	198	181	72
176	16	174	149	10	149
50	175	87	83	50	84
31	35	194	67	35	194
7	18	48	48	48	48
69	76	64	69	69	69
63	23	49	146	61	142
23	23	97	182	40	182
60	44	9	9	9	9
42	68	48	68	68	82
26	26	29	66	26	12
142	72	149	52	23	79
169	58	169	43	30	30
24	94	24	139	94	73
76	92	92	92	16	76
166	189	119	89	166	189
58	32	58	32	24	58
188	194	21	77	160	198
84	108	161	112	37	106
16	16	16	94	94	34
156	57	57	49	15	49
94	10	166	94	94	6
38	38	38	33	86	78
20	130	20	107	40	40
95	145	192	17	27	145
47	80	17	80	80	17
12	52	33	33	157	33
79	79	79	95	37	51
80	53	53	65	65	65
24	24	163	55	23	73
71	112	59	59	59	32
82	31	58	62	82	58
58	76	76	76	58	24
119	72	15	152	15	138
136	136	109	43	97	97
165	77	9	53	9	9
133	104	104	43	43	5
24	7	90	128	7	90
78	12	12	108	198	57
55	14	55	18	48	14
60	21	60	20	20	139
73	10	10	89	10	10
90	90	29	165	29	34
105	47	47	133	61	61
70	70	18	95	37	70
29	45	29	106	71	45
103	127	103	103	163	77
53	38	88	184	25	25
34	68	15	22	39	73
72	144	56	56	72	53
12	49	20	90	94	90
9	140	9	30	9	45
128	39	44	17	128	160
56	76	52	52	52	153
138	37	83	37	30	30
82	84	84	82	92	45
93	93	53	19	51	53
136	106	120	173	126	12
159	70	30	75	23	86
44	50	178	178	44	18
61	124	113	61	38	61
6	55	55	139	94	94
108	189	79	56	79	56
74	72	58	90	110	100
116	39	39	91	39	14
75	45	19	19	19	19
41	41	29	29	29	143
84	77	84	18	112	18
140	84	44	84	44	77
15	92	92	57	57	92
15	87	80	87	76	76
73	96	58	80	176	88
37	100	195	94	168	171
82	180	59	136	60	116
82	41	39	64	27	28
60	28	28	28	60	54
144	182	43	144	72	105
144	144	61	133	67	110
155	80	108	155	42	89
54	62	132	54	5	5
49	38	21	21	38	38
96	61	24	113	61	61
28	65	36	28	28	38
78	87	87	78	162	117
51	161	27	20	104	134
86	13	13	13	67	20
64	108	64	178	89	89
137	141	113	141	176	68
113	179	79	57	79	57
52	62	66	17	17	17
32	176	169	108	142	176
94	152	130	59	28	44
39	74	69	63	69	63
5	107	100	106	106	199
116	10	181	181	196	116
84	56	76	103	76	117
10	29	58	39	39	39
42	85	65	46	46	42
47	13	47	142	40	13
34	83	34	34	83	34
18	39	24	24	18	24
36	27	102	36	27	170
93	93	186	65	48	117
69	155	117	98	43	179
56	107	74	74	56	50
92	65	92	65	32	39
27	38	38	29	70	29
39	91	55	103	39	91
58	39	107	166	14	115
197	25	35	144	144	89
85	109	108	23	8	159
47	100	65	181	47	47
147	51	64	41	30	30
181	29	115	41	131	41
33	36	36	33	15	47
40	40	40	23	23	41
14	111	14	86	68	65
8	8	19	166	19	10
84	76	114	76	8	8
97	19	113	125	97	97
85	56	79	12	120	176
167	42	120	79	105	72
105	20	16	82	65	103
33	38	94	35	35	35
194	192	35	23	192	23
95	19	27	18	19	18
46	16	16	55	16	60
20	38	87	126	80	88
36	15	45	121	45	36
63	12	94	102	23	12
196	43	121	87	103	43
62	62	20	81	116	20
36	59	131	92	114	11
70	57	70	159	64	64
29	93	85	85	155	85
112	119	22	54	54	22
74	74	74	111	71	164
112	111	124	31	67	167
24	74	137	30	158	196
76	53	61	11	169	42
18	166	75	166	40	16
79	90	5	5	79	108
130	22	61	130	198	198
37	40	45	45	37	33
66	128	113	137	111	90
125	119	167	115	125	115
184	12	87	105	22	184
99	99	73	10	73	83
158	66	116	29	143	159
31	31	22	66	31	31
88	156	88	84	101	84
168	42	42	42	84	103
185	111	24	41	41	24
96	58	148	99	57	45
74	151	198	149	138	95
73	35	53	35	73	108
26	26	91	52	26	52
46	80	80	167	58	58
164	49	100	181	8	156
36	36	36	36	67	24
71	8	178	40	40	40
107	62	150	167	61	104
86	86	97	86	42	97
142	68	124	23	106	62
132	76	123	75	59	132
144	144	122	35	34	104
28	29	77	77	34	28
98	98	34	80	98	42
180	105	59	59	91	59
15	15	42	64	64	15
10	103	10	85	85	41
84	84	72	16	84	67
89	56	89	56	89	77
53	88	88	32	88	88
42	53	53	53	53	51
171	59	55	15	98	83
145	189	196	189	135	16
78	35	59	180	93	67
135	51	135	111	84	146
82	50	5	5	50	5
171	171	81	32	107	32
87	93	93	86	93	170
55	55	55	55	39	67
83	83	59	147	48	147
29	58	29	29	58	62
139	8	68	8	68	99
126	122	51	21	29	126
150	18	26	85	115	16
91	57	117	114	103	103
193	40	108	41	179	56
14	5	14	82	5	14
63	44	44	195	63	108
76	60	25	60	169	25
133	188	32	126	72	61
14	52	33	14	65	14
13	13	55	13	81	10
95	43	95	196	66	196
20	49	20	169	76	76
16	74	182	9	74	88
113	58	113	25	44	15
35	14	14	35	10	8
94	94	47	166	94	113
42	80	20	86	20	86
103	103	82	63	44	68
7	46	96	46	96	46
124	123	69	188	123	188
57	85	177	143	17	17
23	23	75	60	23	111
43	27	19	47	43	27
115	70	115	178	178	44
80	7	7	80	7	51
23	8	8	72	8	8
29	94	12	12	23	94
164	157	172	116	103	157
78	23	65	29	156	127
14	93	8	66	8	66
155	82	117	65	65	65
54	54	40	54	51	54
86	168	25	158	45	48
40	64	39	161	39	64
101	95	95	79	48	48
74	51	20	177	118	37
174	113	174	172	85	172
188	42	32	42	42	98
79	125	130	125	32	114
99	27	37	92	99	27
16	82	42	82	35	82
62	15	62	98	15	102
79	15	15	99	80	15
76	10	16	76	43	76
22	18	89	95	140	111
22	22	96	96	133	104
46	46	46	88	6	81
76	24	24	55	24	55
33	33	34	33	34	10
16	94	144	94	69	94
180	162	55	138	60	25
45	7	66	7	7	185
191	150	117	140	54	36
54	54	54	88	54	31
88	39	88	6	88	170
74	46	103	197	197	90
156	63	13	9	63	9
160	160	52	20	80	52
17	82	82	82	131	29
82	62	147	82	98	82
84	76	84	53	84	53
67	6	97	67	67	100
75	28	85	75	28	169
54	46	88	54	28	88
58	140	188	161	103	74
163	87	76	124	113	87
118	30	159	154	157	5
103	168	41	168	105	187
21	84	21	10	21	42
28	85	101	28	85	188
16	14	16	14	71	41
87	67	96	96	93	67
83	62	133	133	99	168
35	82	82	72	82	140
29	37	109	147	29	73
116	53	8	8	77	77
64	51	51	10	186	64
187	174	107	43	130	62
80	80	47	80	29	80
94	17	94	67	17	42
55	46	79	46	55	106
22	22	178	11	80	80
145	118	165	163	165	139
139	64	174	83	52	24
66	140	66	70	97	97
138	100	100	26	132	127
58	58	34	24	58	69
38	51	113	99	51	38
59	18	18	18	132	59
51	26	83	83	70	26
63	193	131	193	131	169
60	81	60	65	81	62
60	57	78	191	156	191
14	20	14	71	69	20
67	101	67	29	85	67
62	18	181	185	74	91
50	129	94	50	94	45
95	95	33	32	95	33
84	165	35	113	67	89
106	55	113	146	65	17
134	81	94	94	42	94
77	24	77	131	88	131
172	122	169	137	169	82
13	53	13	17	46	13
16	81	183	29	81	32
23	99	38	38	183	23
25	25	112	25	90	170
80	72	85	80	78	81
63	63	63	30	151	36
91	21	28	91	63	91
14	31	97	97	41	41
137	109	28	132	110	182
29	35	60	60	29	132
72	104	43	92	92	92
167	35	29	145	60	21
90	133	41	47	176	157
71	180	186	186	180	52
24	83	43	24	123	50
39	39	45	14	45	114
83	97	83	83	35	34
47	45	16	16	16	16
186	185	185	28	186	55
18	56	56	80	97	18
35	29	29	106	9	29
152	142	80	152	98	142
52	58	39	65	52	166
27	27	27	51	34	27
37	30	30	37	37	108
86	18	103	95	95	86
192	59	137	36	9	191
63	97	97	97	63	105
49	34	39	49	52	52
70	63	63	72	70	70
100	142	142	69	10	10
78	60	60	74	19	78
5	54	54	20	200	54
60	39	69	39	69	69
83	7	55	83	112	83
14	15	29	168	18	142
161	52	181	86	181	116
62	5	121	71	121	62
7	197	76	16	134	190
95	34	36	95	126	95
131	131	186	152	175	12
79	164	79	175	21	111
98	142	36	98	142	57
94	55	82	55	55	94
42	48	48	130	42	55
35	74	35	62	62	62
5	39	39	32	39	32
106	50	106	44	44	71
96	80	27	80	80	27
20	62	27	27	196	121
36	153	112	119	132	80
124	124	179	174	174	115
85	43	37	85	45	45
11	11	18	18	197	85
78	56	56	78	43	78
50	88	178	88	178	67
68	8	68	37	8	62
79	16	115	16	79	37
52	72	52	52	10	52
86	31	31	86	57	86
34	42	127	42	34	68
44	50	44	44	57	50
55	105	75	75	75	78
195	147	108	37	195	140
39	92	23	115	183	39
120	98	49	49	49	63
37	65	174	37	13	175
20	87	119	72	98	119
150	169	115	17	118	194
91	100	52	28	12	91
51	12	108	51	51	47
61	23	61	72	53	61
115	59	183	147	147	31
147	137	34	147	96	34
132	117	49	197	176	175
57	8	42	57	133	138
13	73	13	23	23	65
38	38	38	36	170	79
73	21	21	20	50	20
72	64	22	174	32	130
64	80	64	27	27	27
93	164	93	36	36	44
58	138	58	7	91	58
179	91	115	51	136	104
120	90	72	90	26	26
90	67	73	90	36	67
29	6	65	7	6	65
116	160	116	93	64	147
8	144	144	111	56	92
77	20	47	65	47	77
56	31	106	56	56	21
132	146	77	27	199	15
56	15	28	15	15	75
87	89	28	79	87	23
16	105	169	133	83	14
25	52	146	10	25	25
48	86	22	13	79	156
65	96	96	184	59	65
7	7	7	142	14	52
50	50	20	20	134	42
153	158	28	157	79	28
65	192	33	156	92	33
161	174	95	157	174	184
10	32	43	153	126	74
16	31	80	16	46	80
13	55	13	122	141	141
39	92	39	31	199	39
73	18	73	18	65	73
70	66	70	82	70	70
71	47	150	165	119	119
58	185	185	129	22	77
70	15	70	110	70	18
162	161	145	171	89	12
56	173	96	113	135	199
92	146	146	155	139	18
60	81	81	58	60	60
61	127	61	25	25	31
53	25	25	53	20	25
79	112	17	17	79	17
86	19	19	167	17	86
19	58	81	58	121	58
51	51	180	81	51	75
16	35	24	35	24	28
67	64	67	67	67	102
115	112	179	130	77	27
22	108	97	69	62	178
105	31	31	85	58	85
100	154	46	54	54	46
49	47	49	49	73	49
71	51	45	71	180	40
82	198	82	11	10	10
101	94	103	129	150	36
155	75	56	50	14	21
23	77	77	59	59	59
74	141	74	26	14	14
11	97	121	51	97	51
37	42	144	42	37	15
171	131	31	90	55	140
54	54	63	15	63	54
24	36	49	129	49	129
67	88	67	106	88	67
62	86	62	132	137	99
65	65	72	65	8	89
23	66	62	52	23	23
197	33	95	79	180	29
34	8	75	8	102	34
51	34	34	22	136	34
197	106	101	42	96	198
27	88	88	65	27	38
50	30	80	30	30	80
24	10	150	10	10	55
40	173	173	33	52	33
59	92	80	62	59	92
9	67	67	177	30	30
6	83	6	30	30	30
24	145	24	140	29	140
50	155	13	126	155	116
112	125	125	188	36	35
146	148	118	13	146	118
101	185	36	121	107	110
47	96	96	96	193	35
22	90	59	90	135	59
190	190	57	101	36	51
124	58	113	74	152	148
158	77	21	26	26	97
46	11	11	114	11	46
84	42	42	57	57	57
31	31	31	16	34	31
173	146	22	80	174	38
92	200	69	139	155	200
95	97	111	95	59	59
12	160	32	52	32	98
152	114	105	27	50	101
24	24	16	86	24	29
192	34	112	36	61	192
133	41	84	48	133	48
68	93	93	105	68	93
23	57	23	77	127	77
123	173	38	66	63	192
79	18	97	79	25	97
62	65	83	83	65	139
52	32	57	32	52	55
65	83	17	17	28	83
195	73	119	13	73	178
22	22	22	140	36	47
103	139	187	122	107	80
89	157	29	76	24	92
151	169	38	119	29	54
98	114	194	108	29	194
91	77	77	22	95	95
41	58	58	78	18	41
159	33	59	39	147	33
24	106	87	24	112	106
75	79	135	67	79	75
73	34	76	76	73	15
77	42	42	47	42	42
27	117	102	171	189	75
48	87	87	87	87	20
85	163	79	79	85	44
38	88	88	38	88	88
82	17	17	17	88	58
67	164	49	125	164	31
16	48	48	14	48	16
163	106	139	75	154	197
36	28	100	36	83	83
115	93	51	87	87	51
10	50	168	50	50	63
46	56	56	46	81	114
81	176	70	49	195	172
95	47	91	108	95	47
131	44	79	24	44	44
109	74	129	19	65	46
155	76	144	126	155	102
75	59	175	26	125	5
179	26	91	102	105	102
177	177	90	33	58	43
51	62	103	40	42	48
6	21	21	50	50	21
90	90	42	160	90	19
136	9	9	9	62	86
103	72	51	167	55	197
143	53	45	53	53	53
111	111	57	17	21	51
48	87	87	87	5	87
199	56	199	118	177	56
83	16	13	16	83	168
135	113	21	91	42	150
155	77	62	73	113	17
19	73	73	108	86	73
38	89	84	38	84	20
125	105	60	160	160	102
50	49	49	49	154	21
139	117	110	156	87	183
57	57	54	24	75	24
58	58	140	77	94	77
51	60	51	51	60	103
160	7	165	186	199	160
61	120	103	120	99	61
41	137	45	125	79	125
189	15	24	50	31	189
166	78	58	82	194	56
98	127	83	127	47	98
31	36	168	31	101	36
60	70	71	71	175	60
65	65	65	46	23	65
15	15	19	25	19	194
63	71	170	33	193	46
14	171	33	180	168	180
56	195	133	30	69	142
98	109	61	98	61	98
68	22	85	77	77	77
9	98	9	98	76	9
11	78	81	114	49	118
56	95	56	56	67	95
181	31	31	10	31	74
156	183	79	104	104	104
119	36	70	149	149	31
37	154	153	76	37	153
184	8	43	184	97	86
121	21	100	131	121	132
79	167	75	75	92	79
33	99	99	99	51	24
17	59	59	73	108	59
84	18	11	18	18	76
30	52	57	57	57	83
138	60	74	187	51	152
150	157	150	157	37	40
91	86	98	86	110	98
19	19	70	59	70	11
78	52	80	78	52	188
77	43	49	49	77	53
60	47	151	60	96	24
80	80	14	148	11	184
62	11	32	32	32	12
48	145	146	177	43	117
25	183	23	23	7	25
82	61	67	124	61	82
163	118	163	97	81	118
37	70	77	77	37	157
160	160	81	110	88	55
59	92	144	27	162	98
125	57	149	98	99	34
86	183	119	112	87	92
75	75	174	82	8	82
60	60	75	31	31	65
84	92	84	84	17	102
68	68	68	83	105	83
52	19	193	194	195	45
47	46	46	47	87	182
35	31	54	24	90	151
32	51	57	65	26	79
69	115	69	51	51	51
16	67	16	16	80	16
92	36	196	62	92	151
13	116	37	42	133	180
62	20	31	62	75	62
34	9	34	9	77	9
99	15	99	8	15	168
189	100	50	50	50	5
42	167	131	131	81	55
129	62	129	28	28	65
83	83	12	83	25	25
30	80	21	175	21	80
116	90	82	90	114	82
86	67	86	58	86	39
76	45	17	45	17	149
85	161	111	45	140	111
53	53	121	53	53	6
140	70	18	25	194	140
98	94	43	64	64	94
140	116	55	55	178	189
68	52	82	68	68	31
148	177	101	188	54	37
28	78	136	115	144	43
142	73	73	67	73	23
52	52	36	116	53	36
22	22	66	87	87	37
61	11	41	41	58	61
38	75	46	94	75	38
97	134	177	134	83	177
17	143	16	39	147	144
57	165	192	149	78	194
120	197	73	9	117	197
97	41	85	106	109	106
58	82	82	58	70	39
95	95	49	119	158	95
76	76	78	80	76	49
78	39	13	31	78	39
121	154	137	137	39	154
191	86	44	193	102	163
95	166	15	49	135	37
10	191	168	29	107	49
92	66	21	21	21	21
149	50	162	50	38	149
30	30	52	30	78	86
62	185	119	57	170	57
198	74	128	182	23	96
91	26	14	91	35	35
21	13	44	96	186	106
6	119	26	74	26	26
51	69	51	51	88	41
160	22	22	46	46	106
138	42	138	54	30	33
65	80	51	80	80	64
90	51	51	160	50	90
77	51	51	77	77	80
15	160	167	49	40	35
85	88	66	108	200	150
95	40	96	40	66	40
17	98	17	110	95	95
71	54	54	71	170	112
56	142	130	85	132	158
168	175	21	112	161	129
22	22	92	92	22	48
10	10	10	166	62	15
41	36	52	161	78	18
156	113	38	14	87	187
40	29	40	64	40	40
31	31	31	44	108	44
61	108	12	79	59	10
63	63	67	63	44	67
13	155	24	55	55	55
94	22	146	141	92	95
47	143	47	47	109	56
19	104	85	104	104	26
20	50	96	10	50	10
46	33	33	33	75	114
92	130	36	115	135	130
90	87	9	9	87	9
59	109	114	77	29	19
51	58	51	83	31	31
61	23	166	194	86	23
170	106	180	164	180	170
108	80	28	150	173	153
131	18	49	92	191	11
147	147	37	57	57	113
98	8	98	103	66	66
92	92	39	45	60	14
97	125	125	75	165	97
101	33	43	16	43	43
52	103	194	97	45	49
31	23	50	23	23	31
75	176	52	52	108	108
79	10	119	72	193	118
166	105	169	25	125	139
75	85	165	75	48	46
114	30	86	76	23	30
94	47	107	47	173	80
40	84	107	84	40	40
14	55	14	51	152	51
43	8	8	19	102	8
26	153	76	87	70	56
55	85	10	169	55	10
90	144	33	144	120	111
44	52	44	129	44	52
160	36	117	144	153	117
157	199	59	19	157	59
192	196	192	196	182	110
72	33	118	33	59	59
80	80	53	37	105	53
173	26	85	26	26	84
73	83	83	73	113	138
25	25	25	31	40	31
78	78	14	14	88	30
179	53	82	53	68	145
40	40	40	51	33	19
76	76	112	76	29	97
74	88	168	125	24	168
36	53	13	129	129	36
172	54	156	172	159	42
62	18	62	107	103	18
19	19	44	44	92	9
136	111	119	126	115	191
9	33	60	9	15	15
18	18	94	94	8	18
19	166	63	196	114	114
40	72	82	40	40	72
68	90	168	42	168	167
79	79	98	98	40	79
77	77	77	27	77	82
101	45	28	131	45	184
79	86	60	60	60	79
11	168	125	89	159	63
82	82	8	87	20	82
18	183	194	119	174	67
129	96	11	11	11	91
50	32	32	86	28	101
10	118	70	193	10	70
118	159	191	170	69	15
193	193	103	66	66	145
133	93	117	131	131	176
63	52	52	48	45	52
15	54	41	15	15	54
52	91	12	67	12	52
31	120	46	122	125	96
15	23	147	31	15	23
146	59	69	24	59	59
105	162	142	63	85	162
86	30	12	12	12	173
92	73	77	92	42	42
65	91	91	29	91	102
12	45	45	14	14	78
29	27	7	174	7	27
176	92	58	92	92	10
100	137	130	21	76	79
78	65	65	60	65	94
41	59	14	67	67	67
130	60	60	74	60	84
94	62	69	69	44	62
77	51	60	7	68	125
46	46	32	46	61	46
84	78	28	183	78	78
147	64	106	116	30	188
46	37	41	41	23	41
70	200	110	167	39	17
31	139	18	96	31	96
64	64	50	63	99	50
29	92	157	187	90	167
28	9	82	82	198	28
71	25	87	120	71	87
126	22	10	36	22	36
150	82	82	30	89	82
53	175	175	139	185	139
92	30	55	93	55	55
144	58	51	58	45	51
133	82	129	119	6	120
127	136	76	136	84	84
22	119	129	170	81	144
15	111	145	15	88	88
6	74	35	74	74	35
75	43	8	43	8	43
8	8	8	102	20	59
77	45	105	77	45	18
171	171	110	28	55	38
148	71	89	148	41	76
45	40	115	14	14	45
163	70	134	172	109	163
85	80	85	21	85	21
139	26	116	139	82	82
34	34	76	76	71	163
179	29	179	29	66	185
30	116	50	30	56	50
39	39	87	39	39	118
82	176	82	82	40	116
146	173	105	82	111	75
45	126	10	55	164	128
102	138	142	67	5	142
51	74	129	61	195	171
25	18	40	25	25	116
71	35	154	42	49	154
197	168	73	176	176	168
77	173	85	147	147	147
50	67	67	84	84	41
194	141	155	177	199	56
104	132	72	72	132	16
40	40	40	40	14	22
81	51	81	81	32	81
69	178	69	185	118	27
70	125	127	125	190	119
174	87	174	27	96	27
174	76	106	26	25	74
91	95	24	71	91	95
78	54	54	57	124	78
93	200	188	200	115	106
76	11	76	76	92	11
54	120	120	62	191	62
15	15	15	15	31	8
35	127	104	139	57	104
85	182	103	28	119	25
195	110	99	53	144	110
128	75	29	29	91	75
37	41	41	38	37	24
183	13	16	81	11	11
27	97	95	97	95	97
38	38	62	55	38	155
81	26	26	195	30	73
54	132	8	78	71	169
62	89	62	62	62	67
99	99	14	9	113	9
29	85	29	130	49	49
23	92	23	12	27	92
197	35	132	175	175	113
146	102	102	146	18	118
68	200	68	94	55	94
27	78	126	27	90	78
32	39	44	90	90	32
79	140	177	40	110	138
42	175	73	106	194	84
58	58	31	31	63	54
64	96	105	49	60	96
94	99	81	160	81	83
97	80	80	97	24	80
196	74	11	58	98	107
51	65	51	51	63	143
151	73	76	73	26	26
36	36	120	41	36	36
33	33	5	5	5	24
89	140	41	105	61	194
93	85	21	21	23	21
82	21	170	61	82	50
107	103	165	68	52	127
24	186	186	15	89	24
198	166	22	127	88	75
88	28	183	115	167	86
91	66	81	84	84	91
82	82	49	49	82	116
36	73	31	36	193	36
19	61	19	83	68	26
22	85	85	49	85	85
33	64	33	70	28	64
23	23	92	113	82	82
126	20	9	126	155	50
168	168	96	10	129	90
94	112	51	51	51	16
154	58	58	131	131	42
194	83	83	53	86	53
115	28	52	113	16	106
8	81	8	10	87	81
26	95	95	95	99	152
78	78	69	68	78	78
92	27	27	198	55	55
142	142	46	29	110	197
46	178	84	40	179	84
112	43	106	61	106	163
148	148	12	37	198	198
196	68	43	70	43	68
81	67	72	135	97	135
56	170	41	89	141	115
174	194	6	30	194	174
57	117	79	57	57	79
126	131	84	196	77	131
7	29	29	7	52	92
45	23	12	23	12	164
151	22	35	119	45	44
66	88	11	66	88	66
35	92	35	35	86	92
38	58	90	58	58	58
27	84	71	108	67	67
28	76	115	84	119	28
89	89	13	89	61	61
60	21	139	60	41	41
98	55	55	5	5	5
91	169	134	67	37	191
60	31	60	96	31	33
84	84	130	32	44	32
112	199	194	40	144	79
68	26	26	69	69	26
169	106	15	56	93	58
164	17	90	177	164	195
17	55	83	20	55	83
58	172	131	72	172	175
27	109	109	95	109	27
68	125	10	10	190	190
111	36	46	36	63	46
23	156	38	23	23	39
183	61	89	89	61	61
90	88	174	88	13	183
85	85	6	151	85	83
75	75	75	21	21	139
56	68	48	68	101	124
62	62	61	71	61	61
67	32	108	165	75	24
31	31	5	73	5	21
19	38	19	82	19	19
62	38	38	64	64	38
18	94	18	92	14	14
90	90	41	105	107	41
172	48	39	74	162	69
32	85	24	111	24	85
98	95	76	76	186	186
58	61	87	87	74	74
21	55	50	50	55	50
156	183	88	34	121	121
69	31	19	19	79	79
61	30	61	14	14	11
59	74	97	97	132	132
154	31	31	154	41	107
21	52	158	28	52	28
160	166	29	63	63	60
14	106	96	68	14	14
162	63	95	17	95	95
52	31	31	11	52	31
141	65	141	7	65	36
10	85	85	25	99	10
100	40	177	112	40	138
44	61	46	136	195	172
80	80	80	33	80	18
47	90	32	32	181	32
117	153	80	16	72	16
48	113	31	48	33	33
115	130	83	18	18	83
66	110	66	71	39	71
81	84	139	51	105	121
160	68	68	70	55	81
13	76	101	101	61	76
30	85	91	85	30	75
75	47	105	75	8	75
54	72	44	44	86	44
162	64	129	162	72	72
74	135	180	99	135	99
90	31	11	69	62	54
44	197	114	192	141	103
83	43	83	7	7	83
70	95	81	49	30	183
58	162	203	203	87	180
83	69	34	66	185	121
51	195	77	195	51	106
148	148	16	38	91	164
154	116	10	124	176	24
80	66	80	111	109	111
94	93	94	107	42	42
42	97	53	42	53	27
150	40	40	16	16	32
134	79	35	79	41	195
110	145	165	26	135	198
188	89	41	107	188	107
44	90	20	62	90	44
58	71	71	10	114	71
84	83	84	173	13	84
110	59	16	83	194	111
49	13	13	21	49	13
188	145	21	77	63	76
59	13	134	5	53	168
195	163	114	163	19	19
85	52	85	115	85	24
172	96	96	94	114	114
165	39	7	39	39	70
6	6	24	96	96	6
21	138	181	21	106	99
116	27	52	52	27	67
80	146	46	46	7	7
177	68	10	10	68	114
133	84	48	87	87	133
84	93	93	75	75	73
116	105	99	84	146	77
190	31	40	185	160	79
23	156	6	40	6	40
164	189	138	125	52	21
72	13	95	95	111	13
160	59	44	160	44	60
55	55	79	46	23	23
65	59	87	59	174	87
29	29	37	29	29	30
68	78	68	68	68	77
25	94	18	94	83	18
12	28	6	28	12	12
92	155	102	102	102	48
93	86	88	93	88	18
65	8	65	8	86	34
30	186	190	87	84	59
120	27	186	111	118	36
165	21	33	21	129	68
95	37	37	49	25	25
158	119	35	33	112	10
104	15	194	111	93	50
54	55	54	55	116	25
28	31	49	26	26	49
82	82	174	174	75	61
111	13	111	116	93	13
32	148	70	163	118	153
57	77	187	74	127	76
120	38	143	151	143	171
8	12	166	70	70	12
88	36	88	54	54	54
51	83	85	83	83	83
14	34	7	60	14	14
74	110	82	112	88	125
101	88	36	164	76	129
19	19	19	19	19	81
72	46	72	95	72	25
177	16	144	163	104	163
89	100	175	19	175	156
143	15	169	115	16	78
112	105	65	176	97	176
30	30	37	30	69	30
12	139	60	33	12	12
163	87	58	16	58	163
36	35	194	24	153	76
190	129	59	151	21	50
152	72	111	92	152	129
48	48	68	46	23	46
24	94	70	32	32	32
194	104	67	194	194	86
93	93	93	93	21	69
81	42	84	42	42	63
111	15	15	89	15	38
120	47	58	44	44	47
20	31	83	31	83	31
151	112	112	95	47	47
37	32	90	32	32	11
140	191	191	126	82	39
44	15	48	44	58	58
185	62	15	43	43	43
122	185	27	27	123	144
65	65	87	87	185	45
149	124	50	147	124	195
98	98	85	85	14	85
64	34	64	72	156	199
87	54	154	36	139	11
80	16	27	27	80	27
64	14	104	174	99	181
55	15	67	67	30	55
41	56	168	176	83	182
163	83	110	35	40	138
64	100	29	74	100	64
21	188	19	19	19	19
165	93	24	76	90	121
65	163	5	111	12	61
51	112	172	138	146	151
174	112	143	49	197	191
149	26	22	143	146	47
24	98	24	93	98	24
86	63	42	161	42	86
17	52	54	52	54	54
54	190	140	190	147	147
52	52	92	79	139	155
165	143	143	49	78	49
35	49	35	99	49	102
58	46	46	168	134	168
19	98	19	97	97	19
60	152	111	175	12	16
53	158	158	53	60	49
38	41	116	38	45	41
97	73	62	97	97	110
101	167	167	104	167	199
50	173	13	173	187	83
16	13	79	82	36	80
56	53	95	134	134	28
102	86	86	66	119	66
74	74	74	16	74	32
16	51	103	114	42	138
17	182	190	153	101	101
125	125	30	43	96	30
175	174	102	92	54	23
41	81	38	113	107	160
90	61	54	67	51	67
117	28	47	47	54	47
50	50	17	98	98	50
79	59	138	79	13	79
78	8	46	8	78	174
196	97	114	64	41	114
184	37	108	85	80	24
103	165	165	42	22	62
65	92	180	82	101	27
20	12	12	20	97	193
49	49	20	144	66	20
187	20	150	54	14	162
89	172	163	71	71	163
52	26	98	98	98	98
74	74	154	77	172	177
13	51	45	81	165	159
110	67	67	41	157	67
121	146	177	116	83	125
99	79	79	99	79	22
111	132	188	156	188	132
91	41	73	10	10	150
79	131	108	116	116	131
64	27	31	27	82	64
101	38	97	73	38	38
157	45	92	17	90	92
179	141	41	41	15	141
76	18	37	37	34	34
79	79	14	27	27	127
177	8	8	10	8	53
65	123	17	43	43	43
190	44	100	104	190	104
177	97	55	200	17	139
29	69	29	29	16	21
184	99	146	141	28	184
178	124	96	146	31	58
99	39	126	99	18	18
110	151	43	5	5	43
99	117	21	80	21	21
123	107	171	81	54	113
92	191	37	89	96	178
76	79	37	76	80	76
92	92	184	90	155	155
27	65	45	17	12	45
46	46	46	52	88	46
184	90	90	44	22	22
24	19	19	52	126	126
66	66	56	44	44	66
27	27	188	188	63	72
51	16	24	22	22	51
197	180	66	186	67	87
68	68	68	159	47	97
10	177	24	139	161	20
88	111	69	69	88	173
94	7	7	95	94	94
99	69	120	42	42	42
33	33	116	33	67	50
184	136	48	133	116	134
98	8	56	8	56	89
40	76	29	40	40	40
178	68	68	68	47	68
89	89	188	89	84	93
162	23	11	11	25	23
58	14	41	6	6	41
11	97	11	11	6	97
75	14	54	75	54	37
10	10	10	77	96	96
36	68	68	43	68	43
51	183	14	131	72	132
46	28	93	93	93	33
48	48	14	145	100	146
11	178	40	40	106	11
68	198	68	79	69	79
73	89	89	110	114	73
155	135	31	150	100	108
7	14	44	7	32	14
9	23	9	28	23	153
164	85	198	179	49	111
77	59	59	59	65	95
43	70	70	43	56	16
117	46	167	117	186	186
47	14	47	14	103	184
51	58	101	176	176	101
114	26	42	189	26	108
78	182	102	28	103	162
78	78	104	81	105	81
78	74	11	45	78	177
91	134	82	19	19	91
100	150	100	94	191	44
45	20	45	14	45	93
113	191	76	53	139	78
58	154	31	169	58	169
14	147	14	14	10	87
19	167	56	59	19	19
26	82	122	42	26	26
128	68	68	13	26	13
29	78	29	29	193	5
77	43	43	77	93	77
45	139	45	56	41	41
26	79	26	86	26	26
114	126	104	118	114	137
163	22	180	22	100	69
85	57	57	117	108	85
10	85	136	131	131	31
90	191	28	74	90	28
63	25	172	172	72	144
99	71	99	103	71	87
74	98	21	95	78	141
156	5	10	147	182	62
172	145	124	124	73	172
49	16	16	16	49	81
12	125	37	42	37	42
34	95	109	141	141	95
52	49	52	77	52	53
17	49	74	22	18	28
148	93	141	96	178	133
108	129	51	38	62	42
58	94	13	65	94	58
73	87	73	14	67	67
57	192	57	32	192	73
8	8	13	40	48	48
32	48	48	106	95	109
176	89	182	119	125	125
33	177	199	164	43	49
16	76	87	76	76	66
76	113	76	50	76	50
38	38	49	139	89	89
115	95	38	94	38	188
82	134	65	65	98	12
62	114	44	62	62	83
55	153	23	55	41	153
162	108	30	83	30	30
12	61	80	115	61	12
13	96	66	66	96	168
8	8	145	45	107	45
160	22	47	182	74	187
114	8	13	13	8	13
11	11	11	69	14	11
67	173	54	173	167	73
90	114	55	28	176	90
170	161	26	170	106	186
40	16	75	75	40	85
14	71	199	161	127	193
192	49	176	187	165	78
113	85	43	13	158	44
40	67	7	40	40	40
78	136	136	110	34	185
15	21	65	126	22	119
28	41	11	41	53	41
166	113	87	87	166	56
54	162	80	80	161	167
54	49	142	110	110	54
113	91	91	21	113	84
64	64	148	104	41	64
84	47	52	84	84	84
183	175	53	169	28	17
70	70	64	70	70	75
48	24	48	24	48	99
25	111	169	158	169	110
14	165	24	24	14	49
26	77	26	24	26	26
74	93	97	74	116	97
153	81	37	133	58	153
182	92	72	48	180	171
15	183	183	155	75	125
44	32	96	62	96	32
47	78	120	120	135	108
73	97	22	22	97	126
62	131	184	184	39	149
115	23	79	23	115	67
163	115	160	115	41	74
8	8	43	6	8	6
101	121	31	51	101	52
182	76	116	116	117	116
172	51	67	51	51	90
172	168	81	138	54	54
69	15	15	47	101	15
32	62	69	32	126	69
193	134	74	98	27	74
121	90	90	50	90	85
41	41	104	10	41	21
8	22	8	22	39	141
65	21	75	65	65	48
45	45	68	45	18	45
96	63	61	96	84	96
47	47	109	39	39	147
74	18	18	74	51	18
10	10	46	10	10	32
54	69	37	37	146	54
84	46	25	57	84	84
47	21	47	116	46	40
93	13	68	93	73	13
87	83	87	83	83	91
116	169	12	174	81	124
21	46	112	186	105	25
85	85	20	65	14	20
106	174	106	116	90	69
98	98	14	98	71	96
87	87	102	87	54	54
148	148	104	140	148	35
199	104	115	199	45	122
112	145	20	178	106	143
73	73	43	97	97	50
176	165	59	143	133	45
178	39	39	112	178	93
83	32	189	111	129	92
77	58	77	77	91	58
155	54	92	139	146	146
117	19	6	54	125	169
188	62	63	7	7	63
17	29	47	176	150	48
114	194	79	89	132	36
50	50	102	74	100	50
152	137	100	36	137	20
75	141	52	72	110	168
57	57	57	103	25	81
16	145	105	109	43	107
58	74	93	103	99	66
28	28	165	77	11	28
49	49	21	65	21	49
156	33	50	163	35	60
25	6	48	159	25	25
91	91	185	91	10	34
99	15	100	167	80	26
65	35	27	65	148	65
77	38	60	38	38	40
14	164	57	164	20	91
34	55	194	151	11	118
69	24	24	172	35	35
57	121	5	14	5	57
52	44	52	66	52	52
51	34	34	96	27	34
63	13	77	13	74	13
92	72	92	11	128	10
83	181	189	189	181	47
74	86	86	131	55	55
178	38	104	103	104	87
105	24	88	134	24	199
134	97	191	64	143	143
73	99	80	99	147	99
30	15	12	80	80	12
73	95	95	30	70	83
31	49	118	36	173	76
88	134	66	66	42	42
61	122	94	46	115	145
94	6	111	75	94	6
199	72	84	140	175	140
89	89	6	36	89	89
33	9	33	33	9	192
104	63	63	108	76	75
71	54	77	5	77	54
90	41	83	83	90	46
23	173	18	31	31	18
35	106	106	188	106	106
127	70	192	15	127	70
79	33	33	33	28	47
31	40	100	31	31	60
11	142	14	11	47	11
87	95	116	67	87	55
141	79	159	48	22	159
180	17	192	163	162	37
84	84	92	89	84	89
21	24	64	77	143	64
55	62	49	62	62	37
122	80	89	40	80	89
10	15	15	41	125	10
86	103	165	200	36	120
107	138	83	83	89	138
25	165	86	25	15	25
6	6	37	63	116	63
29	47	47	53	53	24
27	86	86	86	24	24
114	170	186	106	192	100
26	187	103	75	82	88
75	75	128	128	20	14
57	21	21	49	57	57
33	61	170	74	104	97
60	7	60	60	13	10
53	53	60	26	72	53
31	124	31	144	81	94
85	121	47	139	144	64
117	117	126	196	115	112
97	85	97	168	17	97
59	148	30	13	59	13
62	62	183	183	53	73
181	163	121	15	82	121
97	75	73	75	75	72
145	54	96	42	42	145
33	97	36	36	97	107
80	95	25	95	73	25
43	196	11	143	23	101
14	8	8	14	109	8
71	71	86	147	68	68
199	23	164	75	182	176
93	12	55	12	141	55
80	110	159	80	110	65
89	98	89	98	44	173
84	112	51	51	76	84
182	165	186	79	114	108
58	11	8	112	136	130
95	45	76	91	76	76
197	41	73	73	73	23
194	85	65	45	55	177
44	118	42	64	42	42
95	39	67	39	39	154
28	81	81	38	81	48
152	32	15	90	32	48
48	71	48	145	50	48
92	92	56	24	92	24
133	37	81	37	81	81
33	20	37	107	33	37
11	81	81	81	81	25
174	66	66	83	174	60
45	45	36	64	112	64
35	129	39	91	126	53
43	44	53	7	43	43
102	36	36	78	38	36
71	31	88	31	71	31
190	169	190	142	54	56
73	67	73	85	39	85
54	73	98	71	72	152
54	191	54	98	62	58
82	67	178	67	67	93
124	29	34	124	124	17
34	73	50	73	109	73
21	21	21	21	85	51
37	118	7	108	108	118
9	60	71	60	60	60
93	63	28	93	120	28
161	50	9	9	74	50
108	60	27	60	82	82
6	10	66	66	10	24
72	72	62	62	33	72
53	53	53	35	71	84
138	126	79	105	126	105
40	33	33	96	33	40
104	92	93	99	99	93
15	78	78	28	95	78
64	159	110	26	91	177
108	79	89	89	33	33
67	155	66	67	96	96
18	18	18	52	18	28
88	22	88	34	22	50
149	162	131	117	170	57
48	24	48	48	98	60
34	58	58	58	6	58
128	56	55	56	56	50
150	166	164	97	85	56
78	40	167	167	178	54
37	150	37	58	34	73
141	28	77	141	69	69
119	57	119	177	59	57
165	113	198	113	19	198
25	162	19	25	19	100
59	52	25	52	85	52
49	140	98	13	155	75
184	43	116	50	103	113
72	149	89	17	168	183
196	89	106	103	13	13
31	62	31	105	40	31
99	101	16	101	16	154
64	9	193	64	9	10
25	93	55	93	200	93
28	84	78	41	84	84
75	75	75	86	8	18
70	70	25	15	34	25
193	193	10	147	10	33
11	153	60	68	44	197
78	5	20	5	20	150
68	197	155	197	157	56
75	65	65	65	42	65
42	42	51	51	96	17
182	57	12	57	12	84
41	30	30	125	41	49
198	107	87	81	123	81
18	14	53	14	68	14
67	11	42	63	63	67
76	59	76	124	76	76
45	129	7	31	7	7
34	48	181	34	5	48
96	57	29	126	174	23
64	97	134	154	94	115
156	21	18	21	23	21
103	136	194	157	75	194
19	37	36	37	19	37
91	74	74	74	74	123
182	115	142	110	40	110
18	12	12	81	12	10
178	186	47	39	52	102
175	137	38	44	27	111
100	55	79	53	100	188
5	47	129	40	56	56
101	58	68	58	68	68
64	64	102	185	176	185
96	25	59	97	97	59
175	175	127	116	45	25
71	42	43	65	77	77
29	29	48	48	26	69
74	155	68	116	124	149
178	65	74	96	74	65
154	25	161	173	64	161
59	125	99	184	132	44
72	19	122	72	72	17
66	79	123	72	28	108
95	5	5	94	197	95
109	39	151	128	80	151
93	21	168	139	97	190
77	40	77	77	77	27
37	39	70	157	102	134
46	6	38	40	6	38
49	49	162	197	92	197
83	75	46	46	41	41
110	30	30	133	89	30
75	75	53	198	11	75
70	75	88	75	88	75
51	89	101	89	75	75
154	10	14	143	167	70
38	42	42	18	27	27
195	28	81	11	11	81
23	100	91	54	105	54
68	68	49	49	54	86
52	89	52	52	54	54
35	118	38	20	151	55
86	44	44	25	29	25
18	12	12	65	27	65
127	31	136	11	136	198
81	81	25	103	25	166
89	139	48	185	20	115
18	21	18	10	18	133
61	61	119	45	31	61
78	78	171	79	79	50
70	70	89	70	101	86
60	50	60	23	50	60
199	35	73	56	56	56
10	34	110	99	99	34
48	189	50	50	63	159
27	67	144	62	67	67
58	67	164	67	27	58
36	191	70	36	36	70
97	50	94	82	26	72
60	34	120	166	66	166
92	103	92	16	73	73
68	44	35	44	44	68
69	73	83	42	73	69
17	74	74	17	81	69
128	146	69	154	164	12
91	180	160	116	180	116
21	93	43	34	93	93
59	79	188	177	150	45
48	48	15	48	48	59
57	95	57	95	95	23
77	19	42	77	78	77
53	75	15	75	75	15
100	31	39	32	31	31
10	121	10	82	10	94
83	147	19	147	19	96
8	65	71	8	8	65
124	12	124	157	109	12
8	81	34	81	81	8
46	65	55	65	123	123
194	96	14	65	16	194
13	5	27	79	5	5
6	46	144	165	129	165
79	185	110	185	79	114
110	91	165	78	165	110
175	129	32	61	58	129
159	38	157	95	159	157
189	134	21	26	40	62
18	160	111	157	12	76
73	78	73	78	59	135
81	81	79	90	169	81
41	63	59	162	124	113
133	148	100	14	99	102
8	8	8	81	39	39
178	178	35	33	199	199
93	43	93	68	99	68
15	15	15	41	26	15
26	42	42	42	108	154
95	95	28	40	26	40
22	171	142	142	50	126
44	180	81	15	180	81
199	32	27	77	32	32
8	109	8	59	59	150
12	43	12	12	108	76
14	29	29	14	93	104
161	158	53	30	70	172
64	64	64	47	16	47
25	29	122	29	29	70
113	33	20	81	81	20
88	22	88	75	98	75
103	42	42	123	80	80
26	26	26	27	43	158
37	17	110	120	176	22
68	81	48	68	81	68
55	179	12	55	72	12
74	44	74	44	34	116
99	96	115	96	99	50
179	40	40	33	40	92
18	91	18	44	18	73
60	83	28	28	28	116
46	46	46	63	200	103
58	13	58	87	13	79
116	80	138	143	109	102
28	172	66	78	142	36
154	9	93	71	9	9
200	116	90	200	10	144
123	184	88	123	10	27
192	82	192	193	193	26
180	89	170	162	170	87
6	109	85	24	6	85
57	92	198	57	92	45
143	108	26	80	60	133
70	11	186	49	70	70
18	18	60	50	28	50
28	144	51	28	47	47
31	198	40	31	67	31
112	50	83	15	101	117
34	34	39	173	20	39
58	58	170	152	32	16
16	192	192	16	131	92
150	150	120	193	12	193
38	24	162	103	166	112
189	58	184	160	160	189
145	155	65	18	33	37
170	77	69	23	77	23
17	64	67	64	64	64
68	68	29	29	85	29
13	63	24	13	65	24
159	12	178	159	66	156
160	30	75	160	14	22
92	92	92	97	56	166
28	79	144	22	62	54
16	90	81	90	104	16
104	136	53	29	22	85
34	16	26	34	76	34
146	133	95	45	122	63
15	41	41	80	41	41
58	16	166	58	16	111
107	20	86	52	52	52
78	47	144	78	74	74
177	139	139	129	83	177
156	113	36	30	30	30
132	87	75	92	81	51
7	78	78	78	83	78
12	15	139	12	15	19
116	85	163	29	85	85
18	52	151	18	16	16
28	158	174	28	183	113
174	136	19	122	143	122
83	58	198	83	83	65
148	53	170	47	19	71
53	95	88	53	53	150
53	86	80	86	86	84
98	35	36	80	98	80
13	57	11	57	13	57
101	156	143	156	176	176
121	31	31	117	62	68
68	40	97	68	79	79
5	78	78	38	38	75
43	21	43	70	43	55
44	25	25	124	20	41
65	68	68	189	9	65
8	16	16	166	87	87
42	42	32	52	54	42
17	17	20	24	91	24
46	46	13	46	13	104
70	70	26	52	158	52
196	69	187	141	14	31
85	93	85	68	20	85
139	55	139	159	134	134
14	150	14	185	33	85
51	72	97	97	78	97
181	72	82	133	82	43
16	16	75	187	69	69
194	146	146	106	175	194
16	21	143	21	25	21
51	77	30	59	59	30
21	181	30	42	30	42
55	55	55	65	76	45
107	127	145	60	129	38
125	49	25	70	125	111
68	88	68	68	18	59
131	200	74	24	41	185
44	79	29	63	63	79
12	29	73	12	12	190
60	56	56	79	30	56
14	126	14	80	40	14
85	81	85	50	85	58
89	95	16	43	77	161
11	11	64	41	41	110
139	79	139	52	11	77
176	103	168	176	108	103
60	39	180	39	13	13
23	178	60	53	60	134
122	176	110	58	65	58
25	15	36	11	11	81
27	13	78	78	78	78
42	54	42	54	42	74
168	110	32	20	52	41
193	155	193	144	6	160
81	81	83	119	83	83
82	20	117	82	27	104
166	84	80	34	34	80
82	79	82	82	109	163
15	69	49	21	69	21
22	80	84	84	22	84
42	189	30	96	96	42
42	55	42	51	42	198
47	111	47	79	28	28
75	94	129	143	53	96
84	43	52	43	43	61
20	156	59	42	29	183
39	81	102	8	39	8
97	44	157	44	44	114
67	17	67	67	196	18
187	48	83	37	95	112
15	63	15	11	15	30
87	180	147	101	151	48
22	70	71	102	156	114
92	64	88	102	161	109
64	23	90	25	80	198
184	184	121	114	71	121
38	101	32	158	38	38
152	141	98	68	186	87
101	100	137	95	137	100
37	8	25	20	25	37
83	83	16	83	24	97
84	77	163	200	26	83
74	11	14	96	96	96
152	99	54	43	94	99
86	93	22	164	93	22
93	28	153	85	153	93
73	73	73	106	56	98
88	92	92	67	92	71
48	12	12	12	12	12
81	64	32	154	64	32
20	119	104	40	103	146
30	141	95	76	30	76
73	6	73	79	73	79
75	108	92	75	75	92
86	86	42	74	86	86
15	21	70	21	58	130
76	35	174	64	35	64
111	156	187	64	156	75
65	95	186	112	57	52
166	64	102	64	166	28
80	109	124	109	167	108
5	71	5	109	131	71
110	148	101	116	99	43
87	39	87	98	87	98
191	38	11	14	39	38
130	34	70	70	163	163
82	43	191	137	53	43
38	85	105	187	149	182
90	70	90	72	92	90
98	106	98	59	106	192
10	10	34	34	73	10
77	51	52	52	95	51
5	22	52	22	5	60
9	43	43	9	146	118
94	24	147	188	152	20
71	73	101	37	158	76
95	192	172	82	58	68
22	22	39	39	20	39
91	198	198	81	73	91
57	46	57	90	35	90
28	28	42	42	24	174
60	159	142	159	93	142
78	16	160	16	83	83
34	55	34	55	58	18
83	77	122	198	17	58
34	27	178	140	38	38
51	51	9	51	9	10
32	54	32	32	76	101
68	95	180	95	68	44
144	116	37	52	114	131
94	91	156	122	89	156
49	49	48	39	49	48
56	17	79	101	79	56
16	29	16	98	29	29
9	9	9	42	105	42
65	59	112	166	169	47
93	28	28	25	28	93
155	110	85	116	78	116
46	18	12	12	12	58
90	105	22	13	136	7
29	93	30	29	93	107
90	8	8	8	12	118
19	19	21	19	42	69
39	30	81	39	81	69
53	53	21	59	60	53
6	45	6	37	85	6
60	60	108	15	15	60
68	98	72	23	21	128
83	48	148	80	48	148
52	148	163	119	64	148
9	68	11	150	76	190
70	14	116	184	69	182
67	15	67	55	114	15
54	55	77	77	159	54
95	20	20	66	66	66
43	119	71	119	71	195
136	131	15	83	136	83
66	58	58	46	119	58
92	149	107	116	125	189
82	82	34	71	80	82
187	50	136	132	193	168
11	84	65	114	114	11
62	86	185	12	12	65
56	56	182	87	56	15
62	76	83	143	35	12
9	77	125	9	102	77
160	160	10	80	33	89
66	66	116	34	154	39
86	157	122	19	65	23
32	10	18	119	18	18
24	95	24	128	104	24
43	12	12	176	102	43
79	73	64	53	143	79
15	8	9	11	8	8
13	56	94	194	13	25
71	14	50	14	14	50
7	36	148	176	176	148
28	107	33	89	32	89
108	108	52	35	51	200
34	34	85	85	85	98
75	172	20	55	172	16
67	67	67	187	50	6
53	72	157	118	53	72
77	77	42	65	83	42
63	85	63	51	86	51
75	7	41	75	75	75
188	109	66	66	10	188
35	35	64	59	35	69
16	66	56	140	67	19
106	171	20	77	20	77
130	137	130	24	32	167
180	120	41	41	70	41
31	24	31	31	31	77
50	142	41	115	41	200
44	44	44	44	69	73
76	35	35	81	151	81
22	163	117	16	163	16
88	32	164	32	63	32
95	15	95	15	129	31
47	13	113	50	179	160
10	21	10	43	76	10
63	17	193	193	175	133
84	84	84	79	84	79
85	93	85	93	96	36
85	74	29	110	85	74
6	131	131	106	23	51
150	69	188	190	20	125
57	107	187	57	29	29
73	82	82	107	144	73
91	91	189	93	93	24
73	158	126	85	42	158
92	115	100	15	139	86
16	90	200	16	46	104
103	100	71	69	160	100
9	7	45	9	9	149
91	18	14	30	52	169
47	116	61	169	61	116
140	19	140	36	131	36
196	172	163	25	105	172
84	8	48	8	8	139
82	101	30	89	134	89
94	85	94	79	117	94
45	41	59	59	99	99
102	178	84	54	18	146
182	97	158	97	51	158
88	11	62	62	62	62
109	6	28	92	28	6
47	43	66	52	175	172
59	79	10	112	79	10
87	153	57	10	40	36
103	13	49	98	98	13
180	9	16	9	54	9
33	55	33	106	55	55
44	44	72	21	139	21
160	45	45	89	37	117
76	131	58	67	102	83
68	68	120	129	197	102
20	20	120	20	50	79
172	36	172	55	170	68
63	92	94	63	94	63
183	72	50	50	72	59
21	54	54	54	17	68
73	22	41	32	60	28
38	38	39	36	19	19
24	166	49	24	24	93
53	42	53	53	61	120
157	41	174	178	170	88
34	81	81	81	52	66
57	176	118	200	68	116
20	129	63	72	30	98
188	19	12	158	43	89
27	74	108	49	43	43
50	88	63	191	135	74
76	12	76	76	55	55
33	78	78	145	78	69
60	30	99	13	30	60
59	66	69	69	69	51
18	35	41	41	38	18
166	168	75	193	137	137
70	18	109	70	70	70
26	197	87	26	88	88
196	192	90	63	99	169
27	37	27	27	36	27
76	45	47	68	45	68
42	25	102	67	122	20
96	38	61	61	61	38
10	39	124	80	80	10
23	24	153	153	136	193
40	29	29	38	29	29
110	42	57	42	76	76
70	64	113	105	56	63
32	25	25	56	56	68
19	84	91	84	19	84
31	31	159	110	188	84
73	94	61	107	29	61
94	43	66	7	7	66
176	73	92	73	112	92
21	87	64	200	158	82
42	115	8	8	103	42
18	189	31	150	21	126
90	136	61	11	61	61
56	56	56	56	76	22
42	42	74	74	81	31
18	18	34	48	59	18
5	5	5	5	145	71
8	47	161	53	8	8
153	59	59	93	93	59
11	11	94	7	94	45
23	23	59	50	20	59
143	96	21	143	21	5
35	35	42	54	95	95
80	102	92	92	92	98
51	200	92	97	42	161
22	134	140	127	108	119
84	8	84	57	8	97
21	70	70	36	157	21
25	56	54	77	56	77
32	32	77	109	85	77
113	200	109	91	91	121
113	52	40	38	48	88
40	40	83	83	102	40
192	46	46	61	133	192
168	31	22	95	171	78
86	171	87	87	87	45
95	162	34	162	39	107
70	170	14	70	70	20
17	24	17	62	68	59
23	28	84	28	84	28
93	180	85	124	55	129
9	48	15	15	24	9
29	52	105	62	29	52
62	36	113	185	119	115
65	65	44	25	118	65
76	179	102	155	65	163
82	41	38	82	41	41
56	64	72	72	56	24
55	80	80	170	80	73
16	16	7	16	70	7
85	36	167	36	85	5
53	156	36	73	77	40
44	29	165	29	37	44
127	101	68	80	68	80
26	42	26	26	26	78
27	97	64	97	195	64
50	55	55	55	111	50
63	34	99	63	34	160
52	85	173	85	107	52
113	61	61	48	42	61
76	15	10	76	28	10
29	68	116	116	131	116
125	36	32	182	112	112
18	36	108	62	105	148
89	80	72	72	68	80
117	75	75	73	75	58
69	52	97	97	64	97
6	58	80	58	80	58
167	42	12	6	42	6
117	117	85	78	173	117
75	151	75	97	190	110
41	143	109	41	67	109
125	116	97	101	193	101
30	168	30	90	69	194
39	96	58	5	39	5
112	197	87	126	121	40
116	37	194	194	182	66
28	28	141	190	50	33
72	72	72	35	35	44
159	46	46	9	112	159
20	82	166	58	41	111
94	39	94	123	106	39
180	23	90	94	90	90
48	59	61	59	48	34
30	99	55	167	177	188
140	104	96	140	94	96
62	68	68	73	62	62
157	123	18	145	64	60
144	138	85	138	76	144
33	77	77	77	77	81
32	32	30	103	19	30
65	30	101	11	138	149
188	58	139	96	93	27
89	89	84	45	89	45
17	48	132	79	122	46
81	46	70	72	72	81
44	58	24	9	24	58
56	56	175	19	19	81
48	47	48	80	91	47
102	156	111	197	150	101
52	168	35	183	168	108
87	80	87	187	21	80
132	21	128	128	29	132
27	76	76	27	76	34
81	129	81	64	35	35
194	45	119	194	44	40
27	10	93	93	27	27
43	104	165	98	120	54
168	71	168	176	68	71
177	177	21	99	62	192
58	81	124	90	88	54
53	200	200	87	53	80
85	77	111	77	85	134
129	62	73	40	39	114
44	69	82	44	69	118
198	99	62	83	62	83
62	9	90	62	62	90
10	55	58	64	10	10
114	133	81	81	19	154
65	18	90	18	65	65
139	108	96	108	155	108
71	23	23	71	120	16
37	94	12	173	173	37
120	129	172	20	19	29
11	45	45	193	45	69
31	73	73	73	31	48
82	86	69	88	144	102
88	198	88	170	97	93
53	55	18	174	55	53
77	99	66	99	66	99
7	7	63	58	23	58
47	167	112	117	130	128
131	114	31	31	23	131
69	69	84	69	69	83
26	106	106	168	34	106
30	91	107	91	91	193
87	105	18	153	28	35
94	52	52	94	94	118
16	156	132	68	137	163
58	57	57	57	57	32
79	61	59	79	59	39
93	29	15	93	93	15
68	16	68	171	16	80
130	68	70	130	68	132
85	42	85	152	96	42
74	74	19	29	149	74
88	35	44	13	35	88
104	57	54	57	17	17
84	98	98	49	49	119
55	39	73	39	39	42
65	90	71	7	7	71
83	24	88	158	195	187
64	32	49	32	64	116
107	69	72	17	69	72
64	94	48	62	28	83
74	93	185	61	116	124
117	76	105	160	50	121
153	44	18	39	44	44
80	80	80	80	79	58
115	81	69	69	69	197
66	33	77	98	77	77
6	6	94	67	67	16
37	68	45	68	40	68
35	179	52	179	183	183
59	59	70	41	132	41
136	98	189	98	136	79
161	118	121	114	169	161
102	92	115	192	53	153
199	199	10	91	115	187
66	74	40	40	62	40
28	28	40	28	28	17
37	28	59	59	28	59
49	162	85	67	85	41
52	49	42	70	70	70
55	55	48	48	55	55
26	95	88	147	26	88
20	141	20	20	26	47
49	99	33	99	99	40
198	59	59	53	59	43
24	103	82	104	24	82
29	29	29	56	52	52
53	53	53	84	87	79
142	29	170	136	91	127
109	46	50	50	162	46
13	48	13	145	48	68
93	17	66	66	73	57
28	119	28	16	16	47
57	111	105	105	89	89
74	198	58	110	58	74
153	70	25	75	176	167
34	34	34	10	82	119
61	30	61	81	119	81
94	18	76	23	18	76
6	8	87	87	87	87
120	175	112	126	124	12
150	77	156	132	73	95
75	75	75	81	67	154
92	191	57	92	45	191
84	66	66	66	84	15
64	96	14	96	5	5
132	9	9	9	9	9
82	59	194	19	19	59
198	49	59	149	29	62
24	55	61	61	104	24
98	38	92	40	40	71
32	62	32	5	62	27
141	141	16	188	188	46
19	116	147	110	35	87
66	66	66	66	78	39
23	60	62	62	23	140
200	86	86	41	200	173
47	121	18	121	50	18
38	84	81	74	84	38
46	70	189	102	115	131
8	14	8	29	110	8
44	190	44	71	113	71
177	161	154	85	131	114
111	50	23	53	127	127
42	11	70	42	70	42
94	94	32	28	28	28
66	21	66	16	160	66
56	112	167	112	167	44
129	50	89	160	180	147
76	93	35	35	101	93
55	42	55	55	60	17
43	135	36	86	36	43
144	143	113	56	108	200
105	36	169	105	150	169
80	105	89	89	26	26
58	61	83	98	132	6
57	26	26	57	21	20
47	197	30	140	186	154
40	40	63	63	119	34
101	149	53	30	197	106
35	36	38	11	38	16
38	67	37	67	67	120
16	86	31	8	58	58
14	36	66	49	66	66
69	45	80	109	158	173
90	39	45	76	76	186
121	99	26	79	99	99
39	55	184	39	73	55
45	45	41	17	163	41
11	159	15	15	48	48
54	105	101	54	195	108
18	44	18	75	75	119
49	11	145	69	167	145
121	110	43	43	89	149
50	78	78	78	82	78
63	180	54	86	105	41
28	61	61	28	65	184
81	81	81	26	48	11
113	197	94	182	185	94
33	33	44	144	143	77
140	66	119	50	19	127
34	34	69	69	69	66
56	136	82	56	126	5
139	84	139	50	95	146
18	35	18	98	35	21
20	34	6	20	34	34
88	36	129	129	187	88
18	22	22	18	18	64
35	17	99	99	140	99
20	12	178	178	53	20
57	67	38	10	57	10
178	93	75	26	108	157
28	166	28	101	166	105
31	186	74	98	31	31
12	12	95	103	110	103
56	62	119	62	56	62
86	102	86	61	86	86
80	32	32	80	158	117
6	6	49	31	31	31
192	26	89	192	26	110
53	53	53	53	69	71
11	84	110	137	154	80
168	40	75	132	47	132
167	32	154	127	128	167
52	49	192	40	49	144
85	42	95	85	17	42
58	191	97	39	196	58
124	124	71	21	13	165
16	64	102	89	89	191
16	75	104	159	144	174
31	90	50	90	31	26
16	46	16	200	46	91
35	35	65	65	153	117
32	27	27	32	49	91
61	68	75	162	195	175
62	85	93	93	62	62
83	177	142	70	65	66
99	135	96	19	139	28
40	113	29	149	71	149
50	97	194	153	194	43
104	133	180	21	84	115
96	55	58	108	58	96
68	80	111	35	104	42
107	73	73	6	6	139
172	172	194	184	105	85
192	38	79	155	79	134
103	182	82	138	199	82
43	89	148	64	148	89
70	33	22	70	33	68
68	114	68	96	74	68
23	23	7	14	23	14
54	12	36	12	36	55
48	67	33	170	162	169
143	72	30	193	193	72
14	14	8	8	47	86
65	126	195	42	52	179
12	26	64	65	12	26
80	80	109	124	162	124
64	166	120	7	7	7
136	151	37	106	37	189
108	85	85	98	47	98
92	81	52	92	80	52
68	61	13	61	13	120
148	65	129	140	132	44
20	75	120	19	117	189
131	189	30	164	20	20
63	26	26	36	63	63
104	90	33	20	86	90
147	68	68	54	70	68
184	133	184	133	104	149
16	26	26	94	113	94
110	12	86	188	101	110
11	88	19	107	19	49
57	57	57	37	28	37
9	76	54	76	54	165
166	118	149	122	74	166
6	6	37	103	68	6
59	96	42	189	46	126
123	64	71	181	80	82
65	15	81	161	26	79
25	25	37	35	37	37
150	66	66	117	89	66
63	46	26	26	24	63
115	163	170	163	174	70
183	19	40	82	104	98
20	188	92	96	96	77
160	56	107	107	47	13
97	102	198	30	48	182
169	192	170	106	19	79
47	110	29	121	187	47
97	84	97	11	11	97
103	195	167	148	68	77
171	5	138	171	169	138
20	40	122	130	68	85
90	96	118	26	133	23
32	128	54	120	54	7
166	23	143	84	25	103
49	175	175	10	142	142
59	164	157	117	157	164
34	76	76	85	34	76
57	78	78	93	83	93
75	16	16	50	56	75
85	80	95	80	187	80
65	37	44	117	11	65
153	153	169	78	65	78
20	21	152	20	63	21
31	189	189	29	117	182
52	93	94	84	94	84
94	79	173	77	193	73
60	182	9	9	60	71
17	135	65	135	70	106
77	49	49	66	77	59
12	12	91	98	12	91
60	38	60	57	38	85
72	54	86	109	86	72
69	41	54	56	69	41
101	124	119	101	122	144
24	200	96	45	93	179
70	127	93	50	70	50
112	31	92	95	160	90
34	34	180	17	96	180
107	136	133	65	47	65
33	49	9	49	49	49
168	42	69	31	95	168
175	10	34	34	32	10
98	50	25	17	17	77
111	137	156	161	184	110
11	11	109	16	16	16
132	132	55	86	73	73
96	89	34	89	79	79
21	122	20	7	20	20
145	44	190	190	17	146
102	168	173	29	93	106
139	46	170	139	63	35
9	24	9	48	48	48
44	44	89	44	56	89
91	162	94	94	32	91
48	70	28	122	156	200
192	71	44	44	44	44
8	29	29	8	17	8
40	49	44	9	49	49
28	177	22	175	199	112
178	38	199	59	115	115
82	20	155	20	57	20
82	82	79	167	79	96
8	82	8	82	64	82
162	75	103	162	103	105
84	15	172	74	84	107
48	95	103	176	95	48
114	25	25	91	135	25
49	179	185	38	179	120
28	161	60	110	134	7
26	88	26	26	57	62
21	82	74	21	82	77
96	70	70	70	118	96
72	67	105	134	72	31
177	167	27	51	37	17
150	166	123	92	171	6
32	178	29	32	11	29
113	47	75	47	75	188
165	90	122	152	154	118
136	115	43	183	17	76
92	10	67	100	79	162
46	72	45	182	110	34
11	11	28	77	11	11
50	122	191	179	24	101
15	5	15	50	50	108
21	96	150	171	150	160
197	88	15	82	104	15
83	175	17	58	58	17
93	99	21	21	93	105
27	35	60	61	110	28
133	114	25	35	25	114
39	39	58	55	55	136
21	17	90	17	21	21
10	86	42	10	10	84
131	172	69	23	28	69
60	116	49	73	87	87
14	200	24	89	200	12
88	90	90	90	90	12
113	78	84	186	186	42
87	101	87	53	53	50
30	43	30	33	88	30
63	178	23	148	188	148
119	188	77	77	119	8
82	27	82	77	27	27
31	31	47	47	42	31
75	77	181	39	10	16
82	60	157	82	91	82
64	64	64	16	65	83
165	10	165	10	199	101
195	146	194	194	118	142
44	73	44	73	115	44
31	31	20	20	31	32
85	85	102	85	17	46
9	114	46	46	9	69
79	87	87	62	62	14
192	115	121	20	88	108
148	58	50	58	64	58
41	41	41	41	47	22
142	112	11	97	67	178
23	24	24	194	91	23
196	143	196	107	109	143
97	50	29	29	121	97
60	57	197	78	87	55
53	53	80	52	53	53
123	131	27	165	19	118
91	10	82	10	116	91
30	140	47	35	150	47
5	72	96	5	178	96
91	34	186	34	36	91
32	158	91	196	174	57
195	6	24	63	6	6
187	170	190	92	70	130
7	95	7	162	95	113
170	17	97	145	179	86
17	60	20	25	17	17
88	88	126	72	159	92
163	63	163	96	26	69
36	70	14	58	70	58
84	16	69	84	152	84
194	43	194	105	182	83
179	83	83	190	76	179
31	31	9	9	62	31
199	92	36	45	36	193
13	13	62	21	200	13
17	47	164	164	52	47
41	41	135	61	58	41
27	35	46	42	35	35
40	13	17	80	159	13
145	100	86	86	145	84
108	25	118	48	29	151
93	39	69	69	166	58
182	28	82	100	162	50
42	88	71	42	88	144
36	77	53	53	80	77
54	178	47	103	178	103
20	134	106	11	11	134
106	172	189	127	127	36
25	44	24	41	41	41
21	115	176	84	154	72
11	117	39	11	79	11
98	158	130	20	130	30
62	73	69	98	62	73
11	69	94	5	5	94
130	68	187	130	38	154
68	12	68	12	12	56
98	98	90	146	98	11
74	25	168	11	117	50
78	50	78	44	50	78
166	93	67	161	93	37
90	44	69	67	44	90
177	22	48	75	75	75
87	119	118	126	65	131
84	38	38	33	119	33
15	15	77	33	15	15
10	107	42	170	13	13
20	11	41	20	41	84
106	113	178	162	133	110
34	20	21	20	30	21
84	50	12	21	199	63
15	41	63	63	63	15
84	24	84	24	67	69
48	92	179	197	42	88
64	160	105	23	32	118
15	15	15	100	40	60
56	135	87	136	95	176
178	43	166	57	22	107
33	52	33	60	43	60
50	66	127	9	66	50
125	105	96	149	39	19
165	31	169	32	143	107
125	129	99	100	11	60
61	29	29	83	61	29
155	138	188	149	11	86
144	60	118	84	34	70
40	45	187	130	73	30
178	159	80	159	56	51
120	32	155	155	90	22
166	80	36	38	80	36
8	60	60	80	8	8
139	79	30	17	46	7
84	105	10	89	105	44
153	89	42	153	65	161
53	192	34	114	114	45
84	39	39	12	196	39
14	161	13	108	182	78
10	40	10	97	50	97
42	84	57	84	84	84
112	177	40	40	40	79
56	153	171	171	15	82
43	178	120	61	34	22
63	175	116	98	63	23
63	87	69	143	143	69
13	42	53	13	42	11
155	114	78	47	106	111
109	17	113	177	63	127
32	32	56	106	91	32
45	45	93	45	23	59
87	85	75	125	60	21
33	40	133	95	105	105
70	30	194	70	98	98
19	163	12	104	19	12
25	25	104	89	25	76
72	114	72	38	194	109
184	163	184	163	45	191
6	31	31	111	111	46
18	38	12	57	8	176
107	37	37	78	36	98
89	89	25	70	25	25
96	94	94	96	80	71
92	90	92	93	93	92
107	42	132	20	87	144
12	12	40	32	12	12
69	75	54	54	54	54
160	81	51	9	181	181
7	81	111	7	7	81
61	41	55	111	41	41
93	174	51	121	139	81
62	102	116	55	132	67
90	62	62	62	62	55
180	11	23	137	38	137
156	180	156	99	180	114
6	76	76	76	120	41
72	45	72	72	98	45
165	95	38	165	77	38
59	45	178	45	59	31
33	36	96	96	33	5
167	171	102	64	122	22
117	17	39	39	66	66
76	161	126	40	52	76
21	22	69	104	18	178
33	60	60	33	14	33
39	93	15	39	15	61
143	16	136	16	136	65
72	72	109	65	121	65
106	54	73	22	73	106
37	137	47	144	169	130
58	35	113	58	35	119
139	93	91	93	99	91
68	117	117	46	115	115
37	39	74	74	74	114
37	77	151	37	37	12
63	45	84	84	84	63
92	92	60	92	60	117
9	9	7	199	9	72
171	59	64	59	64	113
118	20	20	61	20	24
79	35	23	187	140	78
42	78	42	78	192	78
164	115	76	164	95	69
24	24	31	87	87	181
53	113	53	18	73	73
165	91	105	131	147	161
25	25	75	25	85	183
192	43	75	64	106	18
135	69	92	149	50	149
172	148	86	97	165	78
113	156	59	156	40	156
191	105	81	81	47	30
90	30	90	9	30	90
191	52	47	27	27	52
12	11	11	12	111	12
80	48	108	80	48	160
8	44	8	196	44	65
124	43	142	124	188	145
77	6	77	6	6	96
68	15	15	15	71	71
28	28	5	80	80	144
34	128	34	28	155	63
91	149	91	64	24	64
64	34	87	54	34	54
117	151	151	119	119	95
49	171	11	47	49	49
35	77	20	77	77	77
52	168	168	98	52	60
142	26	118	18	140	135
187	84	84	120	23	46
76	76	39	76	76	76
28	125	28	125	159	34
10	103	176	68	154	115
78	196	78	7	196	145
49	49	49	18	64	49
108	55	29	136	29	127
173	40	158	47	23	167
121	135	24	134	134	49
190	27	107	190	107	156
89	70	176	72	152	94
196	175	20	18	175	18
80	192	130	116	198	167
84	27	12	16	16	35
85	81	188	85	63	85
51	51	8	8	120	51
67	76	72	67	67	21
65	18	60	18	60	128
82	26	82	169	169	180
89	68	112	68	61	89
84	18	18	18	118	178
77	99	99	77	77	79
38	38	16	76	16	175
173	70	23	22	91	124
97	97	12	56	12	97
151	130	172	6	122	101
50	50	32	50	50	84
17	66	7	17	66	45
80	30	89	41	137	80
78	158	91	69	78	69
113	43	33	43	43	33
82	82	73	50	166	50
90	198	43	110	39	39
92	117	49	92	170	170
153	193	193	103	41	92
188	171	80	80	171	80
23	13	37	23	37	23
80	118	71	164	155	78
83	83	83	42	6	83
65	140	75	191	122	120
84	197	172	21	64	36
21	69	14	14	48	21
38	44	175	54	54	44
82	43	31	36	155	102
72	57	60	60	180	57
84	19	21	17	84	19
88	77	62	62	79	79
72	76	72	72	15	29
37	32	43	32	89	37
178	193	103	103	56	103
20	56	92	92	92	68
188	176	188	55	176	48
143	118	101	9	118	33
144	107	129	123	38	68
65	38	45	45	65	84
140	26	66	81	54	178
84	97	95	97	75	97
5	5	52	131	52	93
14	14	38	61	61	84
20	45	48	45	45	20
199	30	30	79	79	12
73	147	147	91	108	147
60	87	31	62	129	157
34	34	18	34	34	27
44	92	44	44	32	99
26	17	81	26	81	81
109	107	153	178	78	11
94	39	39	31	94	104
89	47	47	89	21	75
53	143	45	10	45	45
119	62	103	42	121	43
155	9	25	140	131	62
64	194	64	123	194	102
24	45	24	45	36	24
69	20	20	20	20	62
63	63	94	94	15	93
76	84	76	84	53	76
149	78	153	40	121	29
127	28	67	94	80	127
146	191	68	146	111	68
135	24	38	164	17	65
53	116	38	114	114	106
37	23	57	57	23	57
29	5	155	58	57	108
100	91	109	100	14	91
110	59	57	22	97	22
37	50	6	37	50	24
110	43	57	151	163	41
61	61	61	58	61	23
65	75	110	75	65	49
14	14	14	50	135	79
143	10	125	178	152	55
60	141	119	84	60	42
17	13	13	17	106	48
134	23	192	134	150	47
65	65	59	17	65	65
18	18	62	61	73	73
169	61	32	169	44	136
95	200	10	162	146	36
74	63	74	111	74	137
80	80	80	80	54	30
20	90	20	23	12	90
182	137	132	60	96	137
71	25	60	25	25	25
53	37	58	108	151	58
47	172	47	15	82	103
121	46	132	22	132	121
106	113	76	76	40	193
115	98	101	12	99	128
26	107	197	26	79	79
63	189	42	63	73	42
51	99	51	117	99	99
96	100	85	85	169	157
92	152	197	118	107	92
63	29	35	19	35	35
22	98	98	72	72	72
46	72	101	116	64	48
36	36	67	171	36	98
10	56	61	22	10	10
123	33	136	114	141	154
93	41	41	79	135	41
173	105	142	43	173	11
69	48	57	135	48	69
121	148	152	121	27	70
107	69	69	33	69	134
39	124	68	175	104	95
128	29	29	65	29	16
91	153	138	153	27	138
59	35	35	31	41	164
23	136	91	88	136	136
196	64	196	181	181	159
74	70	177	74	174	177
117	186	115	104	195	117
22	13	66	66	66	66
66	66	31	66	66	43
41	90	19	90	90	41
23	47	28	47	60	60
9	78	167	119	78	9
198	164	101	53	91	73
108	121	102	79	103	97
58	166	150	182	150	166
75	98	79	98	109	75
176	133	149	176	116	177
108	11	146	175	108	66
97	104	55	57	112	98
77	76	82	87	87	87
62	63	48	62	62	137
109	99	99	49	99	71
95	50	165	95	15	95
105	168	168	171	116	105
11	68	18	68	18	53
52	71	82	125	52	82
56	114	87	154	163	114
70	70	40	96	32	96
88	6	50	117	50	6
196	107	12	115	16	23
14	132	110	59	132	165
54	44	44	88	44	43
89	31	31	77	135	77
33	188	6	96	161	45
31	50	31	109	50	50
87	92	87	98	87	33
129	149	83	141	25	166
53	75	120	75	73	165
74	12	13	154	154	119
59	83	126	126	59	35
162	29	159	155	113	133
24	33	81	81	24	81
55	79	186	88	79	88
34	153	34	117	96	73
23	68	67	23	122	23
58	44	10	102	44	58
145	135	93	118	84	125
33	180	20	18	178	91
81	98	40	77	77	81
64	93	15	93	15	26
79	57	77	77	31	77
93	142	93	53	53	96
163	197	113	194	176	110
25	103	95	130	95	25
11	11	34	11	99	86
88	191	122	18	18	69
117	109	124	109	10	10
51	190	23	9	9	9
52	7	65	52	65	123
90	63	63	82	29	90
96	51	51	36	36	82
187	193	41	87	187	110
38	156	12	12	77	77
197	108	111	151	93	148
86	86	86	103	91	10
57	10	10	10	10	86
56	110	65	56	65	200
149	82	84	85	82	85
7	116	7	25	58	25
140	22	140	133	58	77
39	47	39	85	85	103
155	80	13	80	52	13
105	34	94	94	73	73
193	133	133	127	193	56
82	116	82	40	40	121
38	70	134	37	38	37
13	101	107	45	53	137
149	32	166	17	185	22
64	64	64	67	164	31
150	122	132	187	119	168
177	93	166	104	177	166
51	51	52	52	77	64
75	87	87	75	57	173
92	89	92	97	89	92
69	55	111	187	134	111
18	128	64	64	63	128
104	196	14	162	199	27
200	45	126	99	187	126
192	162	162	82	182	192
159	123	95	33	37	65
54	54	54	14	46	46
55	98	45	15	45	55
102	72	28	88	153	162
72	72	87	87	91	104
80	61	13	22	13	13
25	25	119	25	13	90
192	111	48	81	55	58
77	82	82	82	82	90
33	127	46	55	33	46
168	80	198	114	115	118
83	83	93	64	103	64
84	51	17	17	17	5
69	94	18	44	44	18
121	10	10	77	77	32
68	181	114	98	98	181
57	59	57	57	77	59
63	22	31	43	31	63
65	58	16	16	178	178
40	169	169	56	66	19
31	42	42	83	9	83
160	142	53	133	133	160
120	59	93	93	93	75
40	199	113	188	183	113
11	36	36	11	36	62
90	189	122	101	66	131
115	54	173	105	185	200
42	32	144	129	119	46
174	80	142	111	122	30
116	83	70	198	37	70
23	23	67	58	23	67
14	14	66	40	14	34
83	73	39	39	52	73
13	85	110	179	81	93
73	50	39	112	158	177
13	178	10	161	39	116
144	58	193	57	87	31
16	19	102	66	19	66
56	70	70	64	56	70
84	64	25	84	84	86
118	87	70	136	87	136
180	41	163	189	63	123
163	172	87	55	164	85
194	194	111	89	89	10
37	37	144	85	54	37
87	131	118	144	145	179
31	31	138	53	125	125
34	65	186	111	65	34
92	34	56	67	92	92
195	195	22	195	86	135
21	73	73	73	73	53
14	105	51	14	14	51
89	44	89	89	96	35
139	114	129	123	120	36
127	42	189	189	15	133
86	176	136	134	89	155
120	63	63	22	22	89
81	82	47	90	50	98
64	64	42	10	64	80
45	5	39	120	45	5
77	103	94	94	98	94
41	46	100	46	41	16
128	59	52	61	94	163
100	95	59	56	100	56
129	194	182	23	74	148
79	125	80	80	72	72
9	9	21	9	24	9
145	68	62	114	169	169
90	96	42	90	42	21
165	21	152	117	21	152
58	66	33	195	134	59
147	95	41	95	58	41
82	28	64	104	28	64
200	31	114	31	199	199
57	66	82	66	66	133
42	90	90	15	42	90
73	50	78	64	73	73
69	69	69	32	69	46
106	36	30	67	67	106
100	67	139	20	29	142
174	53	148	110	49	28
48	82	94	48	48	173
158	156	108	128	42	20
80	82	68	82	56	68
60	54	81	71	60	71
21	126	54	100	50	182
27	117	16	16	20	20
31	98	98	107	31	112
27	21	50	50	21	43
44	24	15	72	100	200
101	30	46	46	199	52
38	60	38	64	78	38
48	48	78	178	80	80
10	170	27	82	27	27
21	77	21	21	48	48
168	185	185	94	151	46
177	99	34	99	94	177
82	16	35	16	16	16
92	173	52	10	47	82
46	66	46	46	17	79
102	39	21	53	75	102
20	29	28	32	197	29
63	125	153	86	64	119
90	20	97	97	97	13
56	77	128	38	120	45
23	7	6	7	7	6
43	43	92	33	92	111
37	8	85	85	156	85
180	82	22	22	12	22
69	42	42	80	80	72
18	182	126	186	63	123
107	107	64	107	155	139
79	80	79	79	33	118
49	92	92	50	50	57
31	35	110	110	31	107
88	133	88	102	102	49
149	77	69	144	77	149
23	22	157	52	110	198
62	84	38	137	84	38
190	46	134	65	57	57
93	139	115	188	139	188
163	5	40	18	5	40
181	79	119	82	22	70
87	31	75	87	87	87
87	123	69	11	87	69
9	49	6	9	24	24
71	35	152	97	20	106
158	101	120	189	41	101
115	70	183	182	65	191
80	25	74	47	80	47
167	84	35	84	91	57
155	67	173	137	155	151
144	25	95	52	25	52
126	86	86	56	120	56
26	99	28	26	107	28
184	88	169	44	112	81
66	66	20	98	20	166
20	26	138	138	156	26
178	82	82	56	17	17
118	146	119	161	174	151
35	35	21	46	35	6
106	83	115	132	115	106
138	185	161	198	56	198
51	51	51	51	24	72
128	50	28	38	195	105
31	71	71	87	20	31
55	55	70	81	14	70
47	121	111	115	115	47
56	94	149	77	77	94
85	100	52	52	200	200
47	93	93	193	114	7
31	33	31	31	19	31
182	167	167	115	103	182
40	32	105	141	150	56
43	79	107	79	79	196
25	12	25	31	195	25
117	41	39	166	41	41
9	9	50	9	39	9
195	31	20	77	25	177
101	119	10	10	23	23
89	101	55	36	168	93
47	63	23	23	71	47
38	163	189	49	153	70
89	6	36	36	36	36
19	127	29	173	39	101
14	24	135	62	102	60
163	34	94	48	94	48
64	134	94	170	112	67
37	139	37	98	184	139
71	166	103	16	54	16
37	23	71	71	37	37
33	52	33	52	52	77
121	91	45	105	175	127
52	118	126	15	179	70
111	177	52	35	169	50
16	76	24	76	24	81
57	57	34	12	45	12
22	43	67	43	67	27
76	93	169	27	185	12
28	28	30	70	7	7
119	138	138	51	45	44
25	173	173	173	184	53
34	70	50	70	150	34
80	163	43	43	152	163
58	6	6	81	104	58
161	45	83	45	45	74
196	196	109	30	70	70
91	91	45	91	119	118
78	96	92	96	186	78
43	43	62	43	22	62
10	25	178	131	178	91
32	41	41	32	41	55
27	152	152	90	105	86
190	193	92	195	163	24
9	100	141	65	9	9
154	197	59	197	59	77
76	33	76	41	76	18
27	99	91	143	43	182
70	48	45	45	48	91
5	37	65	65	65	193
143	163	100	23	79	85
25	53	29	124	73	93
133	49	20	16	62	53
80	10	99	99	99	194
97	30	30	113	97	5
78	23	23	68	68	23
32	74	88	88	186	88
154	200	84	154	112	199
26	49	26	26	7	46
172	19	162	43	124	51
100	194	100	111	61	194
124	87	68	108	68	87
60	29	60	29	8	29
13	22	112	13	22	101
117	163	88	95	139	40
95	95	179	43	55	43
197	197	173	51	125	173
86	26	43	167	167	171
12	195	32	50	32	195
103	28	104	116	88	117
84	92	35	135	160	135
198	30	89	30	89	85
150	170	170	35	44	170
19	49	69	49	67	67
92	82	9	140	82	92
99	47	180	180	153	180
20	83	137	134	160	38
21	27	101	158	153	34
29	181	157	62	63	36
89	85	11	46	11	46
59	83	65	59	83	64
145	187	68	52	189	52
51	59	75	143	75	75
176	119	62	61	137	83
35	147	51	106	197	40
41	76	109	41	41	87
199	8	51	51	138	106
85	29	16	189	60	77
82	82	82	50	82	63
85	18	11	61	149	85
78	139	77	85	136	110
147	10	10	10	79	90
28	20	31	198	55	122
154	12	17	153	12	153
43	33	31	96	33	43
85	85	142	25	93	25
11	58	33	107	124	107
133	47	92	178	62	118
46	61	61	94	46	46
68	51	87	51	51	68
99	9	37	9	105	37
149	80	65	200	64	44
75	85	193	28	28	22
111	55	82	55	55	82
29	101	33	83	29	83
175	175	78	71	132	78
77	57	24	57	25	24
35	6	9	48	6	6
78	78	155	7	7	38
116	64	104	86	116	20
126	122	155	82	83	51
71	79	86	79	79	79
87	97	140	41	19	117
41	8	85	85	99	85
14	101	14	92	101	14
134	134	12	19	68	101
70	60	33	70	172	60
106	72	48	113	32	172
6	5	6	80	75	6
126	37	20	126	41	98
117	29	114	52	52	182
65	20	70	91	61	107
25	195	22	12	58	81
162	43	32	43	32	109
23	144	50	27	27	23
78	7	57	78	57	171
46	51	91	174	11	174
172	105	181	177	63	105
71	190	65	65	71	58
56	39	18	39	91	56
70	100	22	114	100	155
70	199	36	25	14	36
64	76	76	53	23	76
29	38	29	74	8	29
15	15	99	15	99	12
105	147	167	65	108	15
58	112	93	73	48	60
183	14	85	127	118	174
21	27	87	87	87	87
34	176	161	176	20	73
162	91	47	192	188	133
83	63	63	22	22	92
145	51	145	73	73	117
105	15	75	15	15	75
191	161	112	153	34	34
12	71	12	60	12	12
34	46	29	46	91	91
21	11	21	100	95	21
113	152	113	112	123	123
8	99	137	8	8	95
28	55	14	106	18	128
132	103	59	10	175	90
77	152	55	5	77	58
89	6	6	6	39	6
35	91	91	12	35	120
84	96	47	83	23	105
27	59	55	59	27	59
96	200	45	107	107	117
90	90	53	165	90	19
33	117	143	160	12	59
194	180	50	64	194	70
126	126	57	17	31	21
45	54	11	54	11	11
74	74	8	188	74	38
131	93	5	5	63	63
165	103	26	100	18	165
79	139	139	75	79	145
55	55	64	160	30	66
59	57	11	59	29	59
16	103	93	93	148	16
32	16	16	16	16	96
120	65	61	61	14	14
44	98	67	67	15	67
15	58	198	89	91	200
10	138	111	111	163	130
51	78	62	51	197	78
27	120	76	27	98	76
186	186	150	111	95	150
84	85	85	82	85	109
75	116	83	42	83	42
122	46	122	46	13	158
51	68	11	12	79	36
52	111	142	90	52	90
46	96	96	185	185	107
67	93	67	79	178	178
67	86	86	56	71	86
10	10	88	37	10	106
88	56	108	67	175	193
26	23	26	26	73	85
5	95	95	95	99	5
197	14	14	22	14	77
89	37	146	191	35	96
22	110	173	22	135	173
91	86	12	86	12	89
95	52	70	52	52	52
78	56	157	78	83	78
60	22	98	60	99	22
99	92	92	144	79	99
81	96	61	96	61	96
44	95	60	95	9	95
104	68	184	132	69	35
77	59	59	184	59	8
9	91	91	17	198	17
55	55	62	117	18	62
64	9	97	17	17	97
62	17	77	77	62	62
129	88	137	88	119	129
58	58	58	58	42	53
174	28	45	25	33	7
164	110	170	134	81	52
43	52	52	88	33	52
155	180	79	79	180	58
80	80	51	26	55	26
42	28	181	86	111	28
46	66	46	137	66	68
15	81	139	167	77	15
7	59	59	69	59	7
5	17	5	148	62	5
112	71	61	71	43	43
99	32	34	61	99	99
176	7	7	67	11	7
35	35	39	35	85	52
48	132	21	133	165	70
157	101	136	7	65	136
43	12	77	192	131	57
100	192	192	92	95	38
86	158	89	21	21	21
142	75	31	132	31	24
115	36	36	94	94	128
141	127	182	127	61	182
29	83	29	29	29	39
83	162	140	156	25	75
77	99	99	46	106	77
28	79	166	35	164	124
32	118	84	84	32	32
51	110	111	39	39	51
61	49	190	120	120	42
172	50	50	96	50	64
84	152	187	56	36	43
26	89	43	26	89	61
137	193	137	135	87	165
11	118	144	141	141	183
45	139	129	129	38	38
10	61	47	47	44	47
88	47	10	88	26	88
172	95	103	104	172	104
44	60	100	26	70	44
48	8	8	8	72	35
91	95	95	38	95	38
88	23	17	17	88	193
94	54	175	13	94	94
36	97	97	97	67	16
36	110	94	36	94	100
25	16	121	92	25	92
69	69	69	31	190	99
97	97	108	88	97	30
88	55	88	78	57	32
106	89	172	52	19	169
91	93	161	93	91	58
98	83	83	79	137	98
146	118	174	104	120	110
28	129	129	187	187	132
107	90	107	118	19	14
46	152	76	191	192	42
25	60	90	107	60	60
23	70	72	40	23	72
86	148	83	37	126	188
68	67	68	68	182	37
36	36	100	168	36	22
48	13	92	48	48	92
115	65	52	52	65	57
41	125	120	37	41	37
48	29	35	72	35	29
99	54	54	54	134	46
48	40	48	26	21	26
31	58	97	31	85	85
173	104	135	88	88	173
24	125	101	73	73	24
49	49	187	107	81	122
88	203	203	10	203	16
49	49	49	19	49	51
106	39	173	17	199	199
200	43	186	107	150	108
40	40	40	63	97	97
117	104	104	37	31	31
50	40	50	13	104	40
166	106	166	51	143	91
197	86	180	58	124	106
89	32	33	145	32	89
85	85	125	113	34	103
87	162	47	180	47	62
126	42	42	31	96	31
170	25	79	197	182	104
90	67	67	79	24	67
98	30	30	30	64	20
92	92	95	13	95	81
121	18	57	18	125	125
82	33	79	21	200	10
64	51	64	89	28	64
18	113	18	78	78	19
45	45	45	45	69	38
22	25	92	117	22	92
84	40	77	56	84	84
76	135	159	42	159	135
144	22	183	144	83	28
5	99	5	71	49	5
128	15	136	128	176	136
28	39	50	50	22	39
175	52	45	45	6	124
85	114	157	12	156	49
68	154	51	120	126	95
8	11	68	8	8	48
57	57	39	27	138	39
137	159	106	162	28	20
98	86	9	152	9	98
91	130	182	47	143	182
52	48	55	27	52	153
108	143	54	6	54	54
90	90	93	8	38	38
56	78	51	78	87	56
163	104	24	24	7	24
26	69	73	69	26	97
117	169	169	186	74	74
10	92	45	89	71	23
168	87	87	6	51	87
45	5	56	161	45	45
129	83	197	51	129	167
54	54	54	70	15	23
95	64	113	64	95	61
182	184	23	184	156	105
79	79	102	67	67	78
94	156	42	42	82	94
49	94	94	49	94	8
16	16	25	186	73	108
195	97	99	97	66	99
44	44	119	45	88	67
42	62	42	42	56	42
11	11	78	54	78	183
48	9	179	48	179	198
56	41	113	152	69	69
73	62	81	150	45	45
66	96	119	66	96	96
33	47	57	77	57	57
161	74	49	49	97	97
45	53	45	40	40	32
147	111	40	182	157	186
169	46	99	127	193	46
42	48	13	48	48	48
130	184	107	73	29	156
79	172	63	79	172	20
82	21	47	47	47	21
76	115	76	76	21	35
98	140	98	119	98	90
26	90	53	53	53	59
181	7	52	52	165	181
70	25	25	122	94	144
106	117	77	60	77	60
145	148	83	158	26	82
24	32	32	45	26	24
84	34	34	46	46	46
45	25	25	25	45	119
74	154	154	49	87	49
14	103	57	131	57	27
51	41	45	119	41	41
16	8	78	128	128	78
91	99	161	91	99	63
189	109	95	192	77	192
48	33	33	48	33	37
18	108	111	188	81	88
187	65	72	72	40	40
66	66	70	79	66	66
64	138	124	147	147	138
15	23	15	163	102	23
126	134	119	64	57	192
90	90	42	42	37	90
80	116	7	59	59	59
166	116	177	145	13	35
34	74	34	34	147	32
199	195	135	135	195	15
86	151	167	56	106	192
17	93	90	37	17	55
65	71	37	166	62	171
84	65	17	65	24	84
65	14	26	150	14	26
80	32	32	103	32	48
183	41	75	21	41	21
86	82	75	82	76	75
24	45	34	11	24	24
24	24	59	24	80	15
32	88	32	83	83	27
168	75	75	173	173	55
116	61	116	116	93	106
45	40	40	63	40	40
99	99	76	99	85	159
63	49	63	95	49	49
13	37	13	50	50	153
90	20	114	186	90	20
193	83	83	14	184	57
51	51	69	51	38	190
54	122	136	135	82	144
41	10	13	10	10	10
97	92	64	97	97	53
33	74	75	184	166	176
34	83	141	163	34	98
14	178	44	190	44	75
62	94	71	11	11	166
89	89	89	67	117	67
195	127	195	73	127	140
6	44	169	194	117	75
59	17	16	16	86	16
92	29	78	92	29	65
78	33	33	83	83	168
57	23	23	29	29	117
76	117	117	15	131	42
122	181	15	65	178	178
198	164	23	58	27	130
107	179	96	96	157	46
140	87	140	99	95	45
69	21	100	21	100	72
70	92	17	124	70	156
37	20	32	82	82	82
93	20	93	74	74	48
36	26	195	32	32	195
52	75	67	58	58	52
37	62	62	62	62	87
194	194	38	200	38	117
93	32	104	93	59	59
62	8	66	95	66	95
66	169	197	80	72	87
118	109	37	118	118	118
69	79	69	69	10	77
138	186	138	120	107	138
98	98	40	12	68	98
139	170	162	12	87	40
27	26	26	81	81	200
183	90	86	40	104	40
8	87	29	44	29	8
66	45	16	39	45	45
74	74	74	30	136	74
12	37	37	112	71	88
83	81	76	76	89	83
48	86	86	48	86	33
91	68	115	156	115	156
51	40	89	89	89	47
29	26	26	21	26	26
26	176	185	110	110	55
75	157	139	18	93	19
133	134	60	60	77	52
29	179	64	81	95	141
113	30	175	96	121	96
47	10	10	116	47	70
120	159	16	89	88	51
87	65	87	65	82	47
192	192	108	32	97	56
63	33	33	69	15	33
101	80	91	91	38	38
62	62	26	96	62	191
97	132	16	14	147	147
146	107	179	40	41	98
115	38	23	60	72	63
137	137	99	81	96	81
10	53	128	25	128	53
72	121	170	95	170	131
50	28	43	17	17	28
186	172	73	37	143	180
81	63	65	81	5	81
122	122	42	80	42	141
49	36	49	57	134	49
52	159	52	76	85	85
27	123	28	27	83	20
162	47	23	162	23	195
179	127	11	97	127	164
31	57	31	72	31	18
137	137	43	199	128	149
87	40	109	178	30	175
72	112	52	121	52	72
151	17	79	108	108	142
74	74	28	82	74	74
94	31	16	94	21	16
167	35	35	35	103	27
41	41	8	8	97	41
98	86	46	86	64	98
167	112	112	81	29	29
16	12	71	16	16	16
198	41	142	102	70	186
25	8	92	92	25	92
83	186	87	76	76	24
181	173	177	31	69	46
61	7	61	132	40	145
102	24	79	57	62	47
150	62	45	14	92	97
116	15	119	94	15	150
73	67	98	73	67	67
120	45	154	71	114	86
55	28	28	30	28	55
121	116	27	116	110	141
79	79	79	8	79	90
81	81	7	69	69	191
9	18	28	9	9	9
40	18	27	18	18	122
79	139	79	92	155	37
32	152	58	163	58	163
39	75	39	39	39	20
87	118	183	90	17	22
153	161	84	147	98	98
17	17	17	108	69	57
73	30	125	63	47	47
57	57	27	18	57	57
132	86	186	68	86	86
71	170	90	71	31	31
63	15	132	132	17	65
44	44	44	21	114	177
129	84	179	17	19	71
168	12	63	66	136	143
120	13	90	149	120	45
55	28	55	55	12	146
69	75	91	112	91	91
91	97	123	123	160	131
61	61	15	61	7	7
80	88	79	79	80	41
12	69	14	112	37	30
142	87	87	48	94	35
59	63	38	36	63	59
35	80	51	51	35	51
29	29	29	118	18	96
49	49	49	36	9	9
12	71	85	12	85	85
88	79	78	88	88	78
81	57	81	81	96	57
119	120	50	50	71	40
25	64	64	25	20	64
36	36	75	118	36	75
27	49	63	34	63	34
123	40	180	180	40	29
30	60	60	148	18	25
126	167	95	74	56	95
73	73	73	73	85	26
127	127	97	44	133	51
173	62	154	51	27	145
54	186	14	14	15	14
112	78	57	139	116	112
101	193	87	87	78	87
195	55	46	46	118	46
158	30	30	77	159	106
87	94	94	149	24	87
29	109	82	31	79	88
36	16	8	8	8	8
87	98	42	20	87	20
46	46	14	14	157	107
189	66	75	75	116	66
72	63	80	106	80	80
121	97	159	177	59	97
22	137	42	109	107	199
53	44	70	53	53	41
42	94	189	94	12	40
14	99	25	41	99	99
69	131	56	107	178	34
188	124	86	160	51	169
38	86	32	86	49	38
10	87	10	10	10	42
27	114	25	95	27	25
148	28	147	27	147	28
67	84	67	55	87	167
73	98	98	118	73	71
155	82	82	103	82	44
92	46	41	92	41	172
77	5	5	99	99	88
124	45	136	20	83	78
99	36	159	118	128	159
174	63	96	56	63	56
87	87	96	18	147	87
31	63	63	15	27	31
21	19	19	170	21	62
42	74	115	42	39	80
15	26	15	21	15	15
68	166	157	191	35	166
149	149	12	62	48	48
87	57	19	87	57	41
43	54	107	43	47	43
56	44	43	65	130	100
21	15	74	74	21	64
15	54	104	120	120	101
97	97	135	79	97	82
78	78	39	78	78	72
41	188	119	79	125	51
106	29	85	106	40	106
103	58	48	48	58	57
151	59	10	18	62	99
21	93	71	16	71	71
15	48	187	15	59	90
101	15	52	157	72	72
147	124	114	147	31	33
104	124	104	105	64	124
74	68	121	171	77	91
64	83	48	83	83	91
20	91	20	20	12	12
131	131	54	196	108	108
51	112	58	28	51	49
64	51	64	171	64	135
138	158	85	170	138	199
175	10	86	87	86	10
74	38	120	83	74	83
90	76	134	182	63	56
61	76	10	76	76	76
107	165	22	148	70	89
23	38	23	23	46	46
100	69	26	36	174	88
90	155	24	90	123	123
30	69	69	69	163	40
26	113	16	26	177	192
20	86	78	78	171	171
103	105	172	119	28	40
184	109	184	114	114	139
40	72	103	81	6	106
31	12	131	90	31	12
193	72	16	16	16	170
168	130	24	20	111	137
62	81	56	81	138	101
58	108	108	39	108	43
46	46	77	72	62	61
92	57	92	92	10	57
12	111	148	25	60	33
159	168	104	56	168	56
100	63	23	76	63	76
121	134	134	44	51	100
28	17	57	57	57	156
28	67	67	50	67	67
6	58	195	6	6	28
81	80	14	14	80	70
56	56	56	85	56	34
174	78	122	113	24	81
90	131	52	62	58	90
72	72	34	72	42	72
46	86	94	163	99	56
78	85	41	41	41	59
23	68	34	34	70	23
56	10	97	10	56	32
57	54	57	91	117	54
64	65	64	64	71	64
152	77	77	95	95	66
197	63	63	197	14	116
198	27	49	49	20	20
53	55	12	171	55	152
76	169	70	182	181	35
90	17	90	17	84	49
53	44	44	44	53	31
92	83	14	83	83	10
171	98	72	16	13	13
81	33	73	73	33	57
98	83	83	113	34	83
103	65	162	65	8	8
62	68	35	164	68	35
131	108	129	33	33	129
36	86	94	130	24	126
66	104	71	35	71	35
68	57	49	118	68	49
15	54	28	28	12	153
84	34	90	90	90	145
116	116	27	27	41	42
25	16	25	69	24	16
100	119	59	24	59	119
108	165	80	165	181	17
40	34	105	34	40	40
72	72	13	48	69	72
75	87	178	56	87	56
67	155	50	175	67	139
85	109	97	163	36	70
95	114	114	194	32	39
169	20	20	57	57	5
13	13	36	46	147	162
105	43	38	51	38	38
30	32	11	32	11	92
147	63	42	83	42	83
22	93	181	42	93	42
62	65	152	111	169	140
140	16	15	16	94	16
27	7	117	194	27	7
95	44	161	95	98	32
45	80	72	80	63	63
36	21	21	36	70	140
26	82	82	88	26	70
61	34	34	34	61	11
36	20	20	65	36	20
109	56	132	198	56	119
150	7	110	10	83	83
96	96	73	118	34	34
29	81	10	93	19	75
53	70	53	40	40	78
11	11	38	73	10	73
69	95	77	69	77	69
100	65	84	187	50	40
188	163	111	13	142	86
131	110	127	127	34	26
67	159	65	41	198	41
19	22	19	39	39	180
149	147	93	64	63	79
141	102	107	45	45	168
94	94	94	77	195	10
9	9	33	87	42	33
91	21	91	44	21	21
150	107	120	32	78	103
21	111	171	19	171	85
90	90	90	49	51	90
144	166	184	144	85	166
72	58	37	72	72	72
23	55	47	190	91	20
47	187	45	200	130	91
111	23	23	125	55	111
139	139	77	143	148	143
25	15	59	197	15	59
164	79	164	76	79	49
115	155	198	143	67	143
15	163	84	160	84	84
60	23	81	46	46	23
18	10	10	60	18	48
70	70	73	73	112	8
198	31	14	10	31	31
60	34	34	34	34	42
55	78	65	55	65	71
32	84	5	97	32	5
47	98	92	178	99	193
47	32	70	32	93	47
93	45	151	120	61	103
39	9	162	89	39	89
190	57	64	158	89	30
37	102	110	84	102	110
95	10	185	119	185	77
170	67	41	79	67	41
28	143	11	11	94	28
40	40	43	43	184	37
84	81	155	188	100	113
69	42	24	69	69	97
190	198	28	89	52	141
90	90	90	10	83	10
70	82	82	82	41	70
78	197	37	92	92	92
100	121	33	100	57	33
149	92	49	23	92	18
9	17	41	167	133	116
113	6	23	30	72	23
39	71	116	110	104	39
25	66	50	150	24	34
80	36	17	90	17	36
147	30	104	67	75	33
61	168	7	7	61	43
122	96	96	9	96	96
65	32	42	105	41	114
26	99	38	38	38	75
93	6	128	85	6	93
93	8	8	24	93	30
55	109	151	109	13	151
130	34	81	130	36	81
99	193	46	82	82	46
5	15	11	5	5	58
161	114	114	68	85	128
33	88	44	48	155	48
177	174	94	110	79	72
91	33	50	33	50	50
189	176	176	25	12	189
15	53	15	41	15	13
79	23	12	79	101	151
60	31	60	60	56	60
170	144	149	142	93	161
6	6	6	93	42	14
118	27	57	96	147	57
65	139	58	184	53	36
135	176	117	135	92	89
178	86	165	104	53	105
67	15	67	15	25	94
63	101	101	79	174	12
45	50	50	45	131	66
30	73	128	113	30	30
17	53	73	167	108	23
33	33	18	18	18	48
57	57	102	39	37	91
36	63	137	122	56	30
35	197	36	35	119	36
62	62	138	62	53	19
95	95	42	150	42	42
9	23	69	69	9	69
76	26	159	15	26	76
176	20	32	45	46	101
91	150	103	74	91	74
96	35	35	56	15	35
146	130	130	108	21	146
159	172	109	172	156	156
89	89	30	89	11	89
53	168	53	190	48	113
88	23	117	117	88	117
31	13	18	133	126	133
168	84	130	117	98	52
90	18	18	76	76	76
57	116	10	60	57	10
60	197	60	29	9	60
142	148	196	54	54	58
35	86	161	66	66	35
26	26	26	74	64	60
53	53	53	27	53	86
125	99	99	86	97	86
27	97	115	69	27	69
86	12	12	167	83	86
42	44	32	32	32	32
166	166	71	168	168	64
87	161	104	11	87	87
111	91	81	46	81	81
97	92	11	137	90	19
44	44	18	44	83	18
63	41	104	20	41	41
78	61	78	60	78	78
38	86	186	38	184	186
141	130	162	200	172	98
76	185	200	76	76	31
110	107	76	57	33	88
126	71	18	71	120	161
54	45	54	108	45	8
140	180	34	140	180	186
53	97	118	53	53	73
40	73	36	176	112	137
56	56	49	100	78	78
13	106	19	122	172	69
61	61	101	29	29	23
67	141	160	156	181	176
67	106	67	75	32	32
180	53	33	33	26	163
86	85	66	86	58	58
12	41	41	96	41	83
131	78	56	33	29	10
64	6	64	96	52	64
33	99	71	26	185	155
92	79	79	64	79	25
86	12	73	12	88	80
84	83	18	83	84	84
20	49	29	139	20	29
190	92	76	44	92	44
40	51	24	69	56	152
44	49	107	49	44	49
133	77	77	97	133	59
59	13	164	108	13	59
41	100	38	41	37	41
68	68	19	24	45	19
63	31	89	31	63	89
198	116	25	151	74	74
37	37	92	37	109	28
8	155	164	134	155	164
69	69	69	15	69	28
29	21	29	68	68	34
47	47	9	52	47	47
15	62	15	29	77	15
99	55	99	42	55	94
83	100	117	120	169	169
111	114	124	21	162	176
11	72	197	78	49	11
10	37	50	35	37	37
80	16	16	81	81	134
21	103	135	85	103	105
49	75	47	47	47	49
110	187	78	121	187	121
53	59	109	53	32	53
25	39	25	20	21	20
63	62	63	191	63	45
104	83	83	37	149	37
19	183	19	80	19	37
70	70	12	149	23	70
104	174	45	24	43	115
95	48	95	93	69	95
54	54	54	64	74	54
62	93	14	123	40	158
56	56	56	37	132	96
102	190	144	29	47	108
76	14	76	14	65	76
182	117	26	76	26	26
92	16	139	96	7	155
164	57	53	15	109	117
25	52	66	56	25	56
86	29	19	90	194	194
100	43	11	11	43	53
6	129	112	6	83	6
59	30	85	77	59	30
47	90	90	90	94	35
159	34	65	80	159	89
29	75	17	165	17	17
12	12	56	56	22	12
54	41	46	68	41	56
52	79	170	72	62	190
96	131	42	47	47	107
73	27	151	175	112	169
58	59	120	58	49	58
22	112	102	41	25	32
180	79	180	29	63	149
196	44	165	53	34	98
56	147	119	89	153	172
76	76	65	73	73	25
29	29	87	186	29	23
182	76	171	110	135	167
110	178	195	195	18	134
49	35	102	56	102	32
28	135	114	28	79	79
178	114	41	178	41	8
96	58	47	58	92	47
79	76	57	25	69	76
64	115	91	193	24	64
67	67	105	96	157	67
15	176	24	6	24	6
61	27	97	97	20	97
179	182	153	50	182	179
13	42	173	58	13	42
19	112	197	143	96	41
26	12	26	96	191	83
91	13	91	13	13	21
17	14	28	122	123	122
177	44	126	177	46	126
23	67	67	67	67	67
40	34	62	40	34	118
99	99	22	99	99	22
27	6	6	6	47	6
59	59	59	25	111	57
60	60	76	21	21	55
47	41	24	41	24	143
82	76	9	76	76	76
97	97	32	128	20	128
31	31	98	31	55	27
97	177	154	143	143	154
28	138	28	41	41	67
68	131	131	14	96	14
94	115	94	7	89	7
53	30	176	17	30	53
18	38	54	18	38	39
74	74	74	49	74	38
6	69	12	69	6	86
38	38	38	58	112	85
103	95	76	95	37	76
105	185	185	27	67	105
66	156	20	10	20	10
54	166	126	15	106	54
121	186	170	127	72	176
28	99	67	62	28	62
14	8	8	87	8	14
94	17	17	178	101	94
66	66	58	66	14	58
100	78	188	164	188	69
36	34	118	34	25	80
40	119	143	19	19	81
62	56	62	62	22	12
185	177	142	86	55	99
160	64	10	117	10	64
88	85	88	88	88	62
174	69	98	136	63	58
172	74	94	123	74	72
46	19	46	38	46	46
77	6	61	65	77	61
27	27	70	70	70	52
113	130	34	14	76	24
31	121	42	31	42	73
42	49	53	98	98	53
156	43	59	77	70	135
67	118	127	133	133	152
60	64	60	107	33	60
11	181	25	30	135	147
97	69	52	100	172	40
104	44	16	104	96	65
127	146	23	49	127	49
26	113	172	132	168	185
184	74	169	74	62	70
165	66	66	80	194	79
53	67	151	151	53	8
34	140	30	52	30	140
18	152	18	152	60	61
13	28	28	13	91	12
145	65	9	101	159	159
19	63	19	19	19	45
94	114	94	94	60	114
115	20	21	20	42	21
22	85	23	69	69	23
48	48	5	48	12	48
100	25	71	81	25	25
71	40	27	91	156	40
57	48	73	48	57	57
24	25	62	59	40	12
21	93	9	93	93	72
30	15	16	16	15	184
23	133	23	119	92	92
64	88	88	115	64	64
7	18	7	46	7	7
98	76	70	102	70	69
23	23	16	23	85	109
105	43	38	43	105	18
38	91	25	36	36	25
33	37	37	130	37	65
30	30	30	67	30	30
69	52	52	10	69	70
85	182	114	193	39	182
39	38	173	125	98	155
126	44	17	44	61	17
144	139	44	105	96	104
36	36	36	111	6	198
7	7	65	7	17	22
50	51	118	16	81	118
61	138	19	111	133	111
46	46	42	76	5	46
96	46	46	132	46	117
47	184	141	121	111	141
45	20	45	45	85	85
35	76	8	8	53	8
84	133	73	113	84	84
45	22	81	81	45	81
40	13	40	40	7	7
43	84	43	84	81	56
148	60	96	128	175	104
72	37	37	63	63	37
17	109	120	119	132	122
44	140	91	82	82	44
28	109	109	180	25	25
71	154	177	30	12	190
12	97	12	97	107	173
160	108	165	165	11	160
29	16	29	20	16	29
162	57	27	89	161	66
22	22	22	49	119	43
46	102	87	46	68	68
126	73	59	197	197	75
16	157	76	39	76	16
96	12	103	103	51	112
117	108	123	61	168	14
59	66	66	66	11	11
179	173	131	197	173	79
180	31	97	49	180	31
63	54	198	181	181	65
125	109	195	199	195	125
111	38	83	33	40	48
90	54	41	90	54	10
39	76	169	169	39	130
154	132	33	14	35	132
199	42	68	68	14	91
29	44	56	36	135	44
46	31	82	82	11	31
95	95	39	39	93	9
56	46	46	17	46	56
88	88	62	62	62	77
94	89	58	94	94	89
31	195	121	185	185	195
183	41	57	41	57	31
53	49	117	53	63	53
7	7	36	88	7	88
51	45	197	163	157	136
6	56	35	6	6	6
13	119	146	142	180	26
9	90	69	69	9	87
195	70	49	97	89	123
19	91	19	10	95	19
57	57	190	87	53	53
83	15	83	83	7	103
81	81	88	81	81	74
48	32	32	65	14	32
113	39	104	169	83	193
75	196	175	81	79	191
52	16	48	75	16	48
181	147	181	43	57	147
64	19	108	45	45	64
56	56	41	80	56	80
76	23	39	39	178	23
66	158	10	190	102	197
199	71	180	78	199	180
199	137	176	46	60	176
11	30	30	30	89	53
49	125	10	39	74	28
13	29	114	71	13	71
38	39	78	38	39	28
90	99	99	169	90	47
154	160	156	41	156	160
85	170	187	30	155	194
199	199	197	100	142	97
45	66	44	137	123	123
84	64	64	65	12	84
198	75	182	27	198	30
48	89	190	33	48	33
28	28	87	62	28	28
24	45	45	32	45	45
147	194	194	43	140	147
176	59	81	176	117	74
44	14	28	172	174	87
136	25	116	59	18	45
22	22	5	52	44	22
178	126	166	178	126	75
121	90	191	90	96	191
72	107	42	29	177	42
21	30	30	57	30	57
63	63	63	23	63	35
66	66	24	87	69	66
67	123	97	196	196	95
34	10	37	34	10	34
15	162	159	15	75	159
47	5	138	125	109	59
137	26	102	52	52	26
58	62	90	62	16	58
135	156	36	25	138	59
50	37	35	50	50	35
27	171	43	43	43	36
33	29	68	29	29	55
37	34	71	37	37	121
200	197	92	81	180	200
99	59	185	91	148	58
196	14	66	108	196	100
49	52	171	140	154	50
10	33	8	45	10	8
170	118	89	118	87	91
91	125	197	72	72	97
90	15	52	52	15	136
64	67	17	67	64	64
125	140	56	153	96	30
54	97	39	39	50	97
174	174	174	52	199	42
87	93	93	43	44	44
42	85	48	20	48	85
183	113	103	183	18	103
180	55	55	190	69	149
186	101	186	109	107	108
5	5	44	42	44	42
143	31	123	74	123	143
88	189	86	41	88	86
97	56	56	121	108	108
44	103	41	41	149	41
194	120	120	123	79	191
78	26	28	37	26	78
99	100	141	128	145	81
19	51	153	120	40	140
10	137	41	51	133	112
188	111	164	188	164	18
69	159	190	73	27	115
10	156	8	10	10	66
184	41	99	30	167	67
97	185	54	16	16	97
78	80	78	56	78	78
48	12	12	12	93	87
54	166	128	195	120	90
51	63	63	63	65	35
93	70	94	11	94	11
38	21	21	188	21	22
86	35	86	60	68	60
60	60	52	137	60	60
134	109	109	156	41	176
27	40	50	56	40	40
39	23	55	55	55	23
67	106	112	112	136	43
199	169	113	148	29	113
12	25	165	76	39	140
49	68	110	68	68	45
25	25	25	6	25	53
84	90	30	22	61	62
86	96	86	18	67	18
48	148	48	47	7	7
200	95	83	120	83	95
118	75	79	75	79	65
83	16	83	36	36	55
74	184	39	184	39	166
119	45	100	60	119	45
112	41	71	61	41	71
58	47	45	163	155	156
28	99	28	19	28	99
99	99	7	99	110	30
93	166	166	36	140	140
132	21	21	59	21	44
102	122	43	35	43	11
98	98	156	93	157	112
59	23	23	54	183	59
49	65	49	38	42	42
30	81	86	15	135	120
25	94	119	26	25	26
48	15	198	134	134	15
52	86	52	100	67	67
75	95	95	95	187	68
55	55	51	50	80	55
53	41	41	53	98	61
116	45	40	191	45	40
31	36	31	31	21	5
60	91	60	12	12	104
55	113	18	190	18	55
133	82	188	106	79	35
36	62	139	66	55	178
8	13	8	80	17	17
85	137	77	5	137	47
45	5	64	162	69	135
27	22	27	27	49	27
32	15	87	37	15	15
67	12	80	124	12	67
11	62	44	102	168	182
150	44	16	9	44	16
52	52	93	93	93	27
85	43	95	85	95	85
115	71	112	112	66	71
31	17	80	17	17	115
13	106	18	106	97	97
85	111	70	149	70	31
190	145	17	77	45	90
199	140	53	62	15	131
23	43	43	86	65	43
36	55	11	95	11	175
110	30	90	90	200	200
177	113	177	14	28	152
39	22	175	22	109	175
88	42	17	17	88	59
91	198	99	53	53	57
79	79	103	38	38	38
52	58	113	127	30	103
22	22	22	23	22	23
59	91	91	91	77	124
22	34	22	135	72	72
44	44	153	106	45	193
43	8	89	43	43	43
99	15	122	40	57	14
46	87	10	87	10	163
107	181	84	92	107	10
39	89	89	107	39	39
110	194	72	189	34	13
15	75	133	91	133	46
9	64	64	9	9	66
125	142	55	54	25	151
151	95	65	182	65	163
109	47	64	64	64	57
95	120	20	67	67	67
118	146	118	179	179	25
45	14	63	45	45	14
29	180	5	17	29	17
16	16	30	60	96	60
27	91	11	11	91	187
9	104	176	144	33	196
20	64	64	64	27	64
88	17	17	104	17	47
64	79	158	175	102	98
68	8	68	68	22	74
57	50	99	99	67	57
183	162	98	156	31	31
132	132	7	199	167	193
42	50	158	42	182	156
28	151	114	164	125	101
102	60	152	86	185	182
6	6	79	6	79	66
15	24	108	90	24	24
148	70	133	148	14	169
167	127	193	99	77	67
98	98	48	83	75	48
72	72	16	16	35	72
157	106	100	157	100	52
74	74	35	46	88	46
180	71	83	71	25	83
97	97	74	88	86	97
67	67	68	67	166	7
152	93	93	7	115	93
44	110	44	174	46	46
176	42	35	39	35	35
71	169	167	96	60	100
61	88	42	42	42	88
30	71	30	48	159	48
100	64	64	82	82	64
58	7	58	58	7	7
14	44	41	86	41	44
78	98	153	91	152	72
62	62	9	62	62	73
55	7	55	55	45	55
81	9	13	81	81	81
51	9	62	62	9	72
109	19	176	13	176	143
86	87	75	75	43	43
143	190	90	77	173	102
22	5	22	29	22	22
13	113	36	18	53	122
91	75	16	16	101	75
56	21	34	170	136	28
89	75	89	89	30	73
94	94	196	23	150	110
30	30	160	30	26	63
25	31	64	64	64	31
82	55	82	55	72	171
71	71	86	84	73	86
94	189	199	94	35	189
119	73	128	114	17	148
33	33	75	194	75	34
167	42	121	86	71	86
102	152	119	50	130	50
163	84	84	56	56	110
97	50	14	50	31	50
35	124	93	124	93	28
5	74	74	9	70	74
12	26	26	26	26	52
32	77	187	61	197	113
46	162	91	120	176	86
68	68	75	75	68	16
131	78	106	91	91	91
40	161	161	98	44	171
37	45	97	127	199	165
94	85	94	94	96	98
14	14	24	143	39	39
122	54	68	54	100	68
72	29	13	136	13	29
27	62	62	15	175	62
200	71	71	63	121	121
182	55	23	73	15	48
83	83	38	14	95	38
33	22	33	33	67	33
54	178	54	89	178	137
35	35	58	82	58	156
187	42	189	62	187	42
81	21	83	57	81	81
35	146	74	91	139	120
156	11	125	125	50	156
178	137	77	193	193	193
114	119	26	26	31	31
135	98	98	77	67	11
90	104	10	66	145	180
41	41	41	150	41	43
23	103	37	67	116	69
46	13	85	70	13	85
52	199	101	86	86	26
132	80	80	75	109	80
18	83	199	146	14	14
106	96	85	96	96	188
89	179	89	42	21	42
45	8	95	45	64	64
65	78	89	52	89	65
60	45	130	130	87	87
48	67	38	67	38	97
41	18	39	41	39	178
78	116	92	78	163	78
14	14	14	58	14	11
25	107	101	45	95	150
198	9	34	34	9	88
35	48	12	48	12	172
38	14	164	115	38	14
72	72	136	98	85	98
56	125	56	99	99	118
83	30	83	104	30	120
55	55	81	66	66	75
93	93	106	93	56	168
96	59	94	85	59	155
55	42	42	55	115	196
80	91	20	20	58	80
44	16	86	86	86	86
12	22	45	12	12	22
39	175	15	130	157	17
13	51	51	114	99	13
104	145	26	21	192	132
25	77	48	20	77	77
138	26	106	175	115	151
200	200	90	200	45	119
71	51	49	71	51	96
76	106	58	58	76	55
26	60	30	60	40	40
23	23	80	49	49	23
21	21	8	26	26	26
13	52	36	52	13	66
109	53	42	20	53	20
40	9	74	40	74	196
144	117	80	19	19	144
160	100	50	113	115	149
97	125	37	173	127	60
159	169	88	7	77	69
184	73	194	194	25	184
134	19	185	132	24	120
74	64	13	13	13	13
116	70	117	70	70	116
171	146	77	86	119	15
10	90	25	90	90	111
195	42	73	69	44	44
35	37	37	35	69	35
94	94	34	7	101	7
92	80	92	18	92	24
95	97	95	117	97	95
111	50	116	118	152	21
168	25	65	167	116	54
132	176	108	108	110	132
186	101	101	186	28	164
29	119	54	54	119	159
119	161	58	161	101	119
30	95	31	95	66	30
43	12	93	43	79	12
34	39	9	161	39	9
105	179	31	92	43	174
44	39	157	80	80	103
67	12	182	67	75	166
91	177	89	7	91	89
8	8	79	9	8	8
71	54	54	26	54	54
165	22	22	74	66	74
62	60	60	62	35	174
30	141	127	127	39	113
80	40	79	80	77	79
39	158	97	68	113	90
19	98	19	92	61	19
30	10	86	87	86	86
181	85	181	85	56	105
94	16	94	104	104	41
45	45	102	63	89	45
79	99	56	32	56	99
113	85	112	113	27	80
81	81	81	29	43	38
76	35	35	81	92	35
43	43	71	117	43	71
24	24	24	24	72	24
52	18	59	59	32	32
106	84	104	57	57	106
88	88	46	117	117	46
11	194	43	11	14	43
31	42	61	42	42	31
101	41	39	41	39	19
63	104	192	104	49	90
30	61	96	96	61	61
21	63	32	63	92	21
82	92	65	77	92	92
54	146	44	34	73	73
82	120	79	82	82	30
15	50	15	114	59	17
70	179	179	93	109	184
164	58	16	189	64	64
64	64	12	64	196	43
48	141	56	48	85	85
178	32	36	72	108	135
17	17	161	61	161	45
38	200	91	46	20	115
73	27	27	55	79	27
146	146	138	139	27	27
47	99	99	56	99	47
84	16	11	172	101	55
40	192	198	183	196	192
13	39	100	7	39	7
21	122	82	83	82	104
162	56	89	162	134	90
90	49	93	107	58	149
100	75	180	75	11	180
70	70	15	70	49	56
111	42	17	111	63	110
79	29	79	79	83	79
58	33	102	63	63	33
23	143	14	81	131	102
99	12	181	199	55	12
118	191	200	82	200	191
29	87	87	87	20	29
10	79	25	25	68	68
89	68	41	68	89	78
74	131	91	94	56	124
143	56	32	104	56	104
132	177	174	112	158	116
147	83	83	28	28	30
108	70	88	84	110	100
80	200	55	155	127	143
120	120	62	33	98	98
87	5	5	87	18	17
11	62	70	50	11	70
25	55	139	25	7	7
170	90	109	21	28	160
30	37	58	58	58	58
98	88	114	88	88	153
20	71	20	14	160	20
58	61	196	9	134	180
79	71	8	44	8	44
41	57	147	196	147	178
75	178	86	86	200	130
105	66	182	59	167	88
8	41	41	20	41	41
104	190	16	104	51	116
94	92	86	92	86	92
40	40	40	14	44	47
149	58	191	149	113	113
77	82	82	82	78	82
170	37	75	25	47	190
80	88	129	129	175	192
54	97	53	76	53	54
22	22	175	28	22	95
39	93	93	120	143	120
38	182	14	41	88	38
74	123	84	57	92	5
70	30	30	70	32	99
20	24	24	27	140	167
152	79	67	41	154	44
29	57	53	75	29	53
146	141	5	63	68	153
47	152	26	97	113	67
174	37	12	12	36	36
22	22	85	22	44	22
87	96	176	176	87	118
99	159	40	49	99	87
12	84	71	25	69	169
62	62	69	69	176	74
117	161	161	134	192	192
89	148	178	148	148	97
114	39	39	82	39	57
43	19	132	11	130	92
37	16	34	82	82	82
180	160	140	120	71	59
103	91	19	142	156	160
82	93	93	82	181	101
38	5	24	24	5	80
21	53	26	26	26	53
70	113	159	153	95	24
98	27	181	27	44	54
63	16	16	53	63	93
118	32	68	68	84	84
46	11	31	154	165	188
100	20	10	10	20	20
45	100	76	30	76	45
38	114	110	96	189	189
16	46	64	46	119	64
12	48	12	79	12	19
39	103	85	39	170	85
109	190	54	75	109	80
19	43	31	177	159	185
121	62	164	172	104	160
137	157	60	18	112	40
94	53	190	97	94	94
194	83	15	102	161	78
58	34	58	58	98	92
180	79	79	20	20	41
78	95	43	43	43	114
6	117	6	89	89	169
49	62	62	183	62	38
91	9	81	91	9	155
78	44	138	39	138	156
44	70	69	198	44	69
92	64	64	64	36	22
90	28	92	16	70	144
72	11	59	11	149	72
20	162	32	32	66	66
69	91	91	91	65	36
59	37	26	20	37	37
65	7	120	7	65	102
74	198	13	92	74	92
38	38	55	55	55	83
117	51	157	117	52	56
132	160	87	71	26	26
103	78	86	19	64	62
89	89	89	114	46	18
80	31	181	35	31	159
66	34	81	34	26	34
67	155	58	113	48	37
29	84	105	105	105	29
80	80	80	80	64	33
165	6	139	41	41	136
121	73	93	61	112	114
63	134	134	175	169	169
27	80	140	127	42	61
124	97	73	124	73	66
97	123	106	78	26	106
27	27	76	11	27	27
174	17	174	70	187	152
66	66	49	24	24	76
89	68	93	141	77	29
193	85	95	85	16	16
17	46	46	34	34	48
24	45	59	28	28	24
124	80	86	124	77	135
28	47	47	23	47	83
23	97	153	23	97	74
118	41	41	83	49	41
8	13	100	13	13	112
48	137	108	16	180	137
55	55	7	73	7	18
154	53	98	68	53	53
164	46	40	170	200	164
77	77	71	71	23	25
106	85	65	43	43	65
12	31	192	114	129	111
119	59	25	68	68	25
69	15	15	54	15	57
199	58	106	112	60	188
28	63	31	28	28	28
123	83	31	44	10	101
6	25	25	85	6	62
57	57	29	120	12	57
48	110	91	80	48	91
36	111	19	36	19	19
70	83	26	70	14	14
149	70	67	70	43	67
67	88	88	67	67	17
111	92	8	92	163	8
79	38	90	79	79	90
89	60	108	150	108	150
5	77	77	117	5	197
147	147	117	171	65	31
102	188	93	36	102	106
94	188	48	101	155	135
40	44	12	12	10	12
66	40	66	66	51	40
60	92	60	92	98	52
105	13	10	13	10	81
22	149	71	141	33	42
22	36	22	29	85	22
7	86	48	36	48	48
13	21	13	125	125	108
105	192	74	105	51	194
31	193	42	16	100	159
106	37	169	15	15	37
85	85	10	10	6	191
79	192	73	73	102	79
199	117	106	36	106	36
21	27	7	29	16	20
31	97	52	165	58	26
86	85	15	86	21	21
31	24	106	183	99	175
95	63	19	127	79	13
117	194	130	101	9	134
66	114	149	136	70	18
78	87	70	96	87	96
197	87	63	143	187	42
17	161	12	161	82	54
95	160	137	155	95	59
53	34	34	53	115	44
86	39	61	95	95	61
94	68	63	185	135	68
52	52	11	169	19	11
103	72	38	173	19	19
25	17	28	64	17	28
52	86	126	126	30	60
96	61	96	53	58	96
86	149	86	104	39	39
53	56	53	117	183	53
54	16	16	38	16	16
94	41	91	91	75	75
31	71	31	31	11	99
30	82	82	82	73	82
139	50	14	156	180	180
115	115	78	190	115	157
143	32	92	97	75	35
25	55	172	55	92	25
122	47	47	113	113	10
47	60	193	188	56	47
50	52	52	62	56	56
47	178	11	161	153	60
21	200	89	14	104	117
15	15	35	35	58	159
168	198	100	137	24	10
75	46	75	75	35	90
53	26	12	53	26	71
41	66	111	20	41	20
56	32	149	32	149	9
14	84	79	14	91	14
120	52	161	13	174	137
94	94	35	199	95	94
38	18	24	107	79	135
164	97	27	126	126	70
175	123	175	123	123	28
69	19	85	85	85	85
199	152	88	192	192	152
78	114	114	185	100	185
197	82	91	82	15	27
162	39	90	162	90	63
74	152	173	143	12	154
90	42	62	83	90	83
40	36	89	36	78	78
25	41	25	41	67	41
99	144	63	27	132	67
16	188	84	89	16	41
112	182	182	25	80	60
5	46	46	46	5	5
70	123	153	123	23	157
33	13	33	13	33	115
112	134	145	106	67	72
95	118	40	95	15	15
37	94	28	28	43	94
69	65	65	69	65	111
116	124	13	171	177	188
193	176	83	62	121	63
66	41	97	64	97	41
72	66	11	146	179	131
170	117	22	117	30	171
136	53	80	80	145	143
100	58	20	58	58	20
44	57	63	63	44	34
76	67	5	76	76	5
157	73	132	101	10	67
21	21	21	21	197	47
185	185	170	78	170	105
127	101	191	37	49	101
113	14	107	187	83	47
165	156	165	132	8	23
116	12	176	34	37	7
116	58	174	174	74	74
104	180	44	100	29	61
24	24	26	26	117	24
29	32	89	197	76	78
89	143	143	51	139	18
7	7	56	48	77	48
101	43	43	116	118	147
36	36	36	66	36	63
80	170	173	62	173	80
147	152	19	134	10	147
55	99	55	55	8	62
35	41	133	92	21	51
8	62	65	62	8	8
30	74	10	83	83	10
177	76	69	121	69	145
35	77	109	50	77	35
100	96	72	174	72	72
66	35	66	43	35	30
78	79	108	94	79	33
143	67	32	118	109	20
36	80	47	47	47	128
74	74	111	112	13	13
79	26	141	199	79	95
50	62	95	119	62	147
49	23	52	23	59	23
23	23	177	24	57	24
95	105	58	58	58	66
30	81	54	30	54	53
79	79	19	46	19	36
52	76	52	96	96	90
39	187	195	7	186	73
103	167	91	81	81	91
160	30	90	91	97	188
58	122	61	79	122	191
21	82	21	21	21	62
157	98	66	26	102	17
37	87	83	83	12	12
16	84	41	152	41	16
79	20	14	20	144	106
10	22	26	6	6	10
68	30	68	75	68	30
95	16	14	126	14	22
49	49	49	130	57	61
32	32	74	77	77	77
39	20	105	20	39	82
105	57	57	19	19	76
63	63	31	31	130	67
94	49	98	51	135	79
166	112	39	58	189	189
21	58	159	30	24	66
96	39	72	96	72	72
49	94	17	94	49	94
174	51	96	88	53	53
44	72	137	32	32	44
33	41	180	33	172	183
86	31	34	77	34	34
67	46	190	46	46	52
33	45	16	102	16	16
47	112	47	52	47	19
41	48	23	48	21	21
170	114	175	98	112	38
33	99	39	69	84	39
34	97	97	97	87	52
106	78	56	75	111	78
66	27	24	144	66	66
133	25	25	19	123	47
147	30	23	23	23	5
169	118	146	133	85	92
77	178	27	55	55	23
5	6	5	184	74	6
67	51	67	88	81	30
25	85	69	69	23	23
56	156	156	61	21	21
33	6	6	33	86	96
158	112	112	118	158	112
115	85	64	53	85	64
35	61	31	70	19	73
155	139	32	116	92	116
135	63	63	74	63	55
96	70	70	70	54	54
104	18	122	9	104	18
39	39	92	199	61	39
53	59	53	9	59	199
31	195	28	110	125	28
84	85	35	81	85	81
71	59	59	167	167	195
10	84	44	168	44	84
80	93	72	80	72	171
35	40	147	41	35	41
59	59	58	70	71	58
64	109	64	68	70	64
61	24	61	24	88	24
101	161	87	56	23	56
18	18	23	53	53	21
94	25	98	10	98	94
50	119	136	119	168	72
27	99	99	42	27	27
16	16	80	16	16	81
81	81	64	81	76	76
75	65	51	65	10	65
70	78	163	87	87	78
124	116	124	63	120	111
70	8	53	70	8	70
113	83	36	83	113	162
138	153	28	153	93	112
50	140	54	54	49	50
36	37	37	36	85	34
19	56	49	103	105	56
45	9	59	45	194	59
64	104	54	47	148	25
73	91	98	73	76	44
80	119	46	47	47	46
67	26	67	26	160	89
37	159	65	65	65	70
74	74	86	24	23	24
140	137	114	59	22	27
16	65	16	111	10	65
100	89	82	157	82	89
133	74	84	74	84	99
65	98	124	60	55	149
8	18	8	18	18	54
44	44	49	80	44	72
96	171	167	171	167	69
30	158	15	64	15	15
56	15	48	15	129	56
59	53	66	80	141	127
106	50	42	42	50	132
52	131	70	44	131	44
84	84	84	40	84	21
95	75	113	65	12	47
16	16	55	67	55	27
173	93	33	93	93	41
61	10	109	186	109	76
76	118	139	23	64	14
9	81	81	161	74	154
77	89	77	67	30	77
70	6	70	70	172	41
138	138	41	68	128	192
34	27	57	46	97	167
63	13	190	13	63	63
27	27	62	189	189	15
92	92	54	10	54	91
130	191	176	130	130	76
43	54	49	54	54	92
57	114	18	107	13	25
149	149	81	136	72	72
34	34	17	17	25	34
105	60	157	138	138	138
63	181	81	178	50	86
78	87	184	160	55	114
133	95	34	98	133	56
175	94	89	94	29	29
33	99	54	33	33	99
94	61	75	200	181	31
21	126	40	195	184	20
151	89	79	114	37	129
28	135	135	26	97	179
8	8	36	77	77	5
52	101	84	94	83	126
96	185	105	9	96	9
12	51	51	29	51	29
189	60	53	189	158	160
145	36	57	80	36	57
170	13	68	165	70	159
27	112	83	27	6	6
83	83	15	135	15	96
97	88	82	95	20	20
56	56	86	96	97	97
48	98	48	46	78	98
18	56	192	151	134	151
67	59	12	31	59	31
127	127	91	182	170	24
8	197	8	91	68	91
84	62	72	92	40	62
60	60	25	185	14	25
73	73	83	73	73	45
38	124	98	48	38	48
12	40	86	12	40	176
171	50	32	97	171	32
61	89	6	6	6	118
94	120	125	62	51	125
12	89	94	89	83	179
72	55	120	72	55	174
130	74	198	53	165	198
109	25	68	181	198	181
104	50	9	9	50	30
34	84	84	82	82	99
152	95	93	151	181	151
28	26	123	28	26	93
113	58	94	94	163	58
53	100	85	175	107	107
94	98	61	98	97	97
9	18	9	75	75	75
60	27	27	119	60	54
41	60	42	41	197	41
19	118	19	78	25	78
48	99	53	37	158	162
28	27	84	28	27	28
68	21	21	59	109	123
98	125	95	63	32	19
103	65	56	178	56	56
27	49	30	23	23	27
93	11	17	70	93	17
103	17	57	103	103	11
69	62	151	121	64	171
39	42	21	42	121	42
60	9	41	60	9	9
47	144	47	29	47	63
27	76	76	23	6	23
140	140	47	32	47	90
52	57	52	100	52	95
125	60	51	178	66	66
167	147	25	163	26	194
129	50	66	49	181	49
38	189	159	148	114	27
188	102	188	143	143	12
23	12	116	188	116	114
167	24	24	43	47	24
65	53	65	53	53	84
100	65	18	137	39	39
66	52	52	52	113	66
75	110	71	93	71	81
103	155	107	94	94	103
97	97	87	87	27	97
59	86	86	86	86	57
63	11	167	11	55	11
74	74	12	43	43	16
91	91	22	99	22	35
9	156	9	28	57	28
82	32	15	77	32	6
159	111	93	61	79	88
58	74	73	74	74	58
89	89	54	54	108	129
55	161	55	78	161	50
98	65	98	98	180	23
74	100	49	180	20	77
128	134	13	172	128	106
165	196	165	119	31	196
98	44	29	29	44	61
54	32	56	54	54	24
24	69	97	24	178	97
79	19	179	157	168	19
159	104	53	175	25	59
34	42	34	93	92	80
65	83	125	104	19	176
96	47	86	96	47	96
91	91	58	40	32	198
115	8	26	31	26	31
118	66	32	103	106	81
90	136	68	68	136	167
27	30	40	13	102	187
99	99	68	142	68	10
93	77	9	9	77	6
48	126	144	15	192	38
71	91	58	89	58	91
10	116	180	157	116	157
27	75	27	165	93	75
110	72	61	67	193	13
68	68	68	94	117	78
122	73	73	73	69	90
61	51	51	85	51	61
53	53	55	79	55	90
5	15	36	15	112	15
11	88	25	74	25	11
175	184	175	190	80	84
80	80	34	34	34	63
15	181	10	88	143	81
10	80	103	10	80	80
86	37	86	44	86	44
172	7	38	34	139	45
159	180	65	177	119	57
66	72	72	72	20	132
118	106	135	106	80	106
75	13	21	75	21	75
126	64	13	73	170	164
51	176	55	41	167	176
54	99	89	99	47	89
155	85	85	107	94	85
38	32	108	176	187	95
73	6	121	19	73	6
7	28	40	160	172	135
130	87	100	189	120	45
95	95	161	6	47	144
109	104	93	128	109	26
119	88	94	74	70	101
74	82	92	35	74	35
105	84	22	33	22	84
195	12	54	120	11	94
200	107	67	200	107	65
91	60	91	78	84	84
39	39	195	23	39	48
37	153	69	69	69	69
165	76	146	148	165	190
13	14	16	135	147	110
175	43	138	27	83	76
117	95	26	26	72	26
167	128	197	44	55	167
91	72	72	134	61	91
113	127	170	191	25	35
95	37	79	89	95	79
11	125	148	11	145	103
91	98	23	48	185	23
168	178	103	152	78	153
23	107	6	117	23	23
10	46	82	82	46	46
172	32	33	152	124	152
57	57	83	57	57	69
51	51	147	61	45	43
114	178	113	71	71	113
131	136	77	97	73	6
91	104	86	171	26	26
14	53	56	172	187	145
86	75	11	75	31	11
63	86	141	83	141	83
57	44	57	69	180	57
78	115	121	45	115	173
48	83	83	83	83	58
95	37	9	9	9	78
21	98	76	92	76	21
23	45	12	38	38	45
84	6	84	86	111	6
34	54	69	84	115	50
52	52	31	52	23	26
17	25	25	72	25	58
77	77	157	10	77	7
40	113	16	40	40	16
28	28	58	135	96	96
100	106	52	106	126	38
20	20	72	91	91	91
81	164	89	45	164	89
44	44	40	105	40	44
161	97	170	97	34	138
87	165	180	110	42	48
29	46	68	46	68	82
168	30	124	42	168	124
33	193	174	41	30	192
66	66	162	70	184	70
73	73	73	73	82	46
112	32	31	31	31	189
51	142	24	143	25	105
84	126	87	116	196	62
58	58	41	21	41	65
45	44	118	107	107	107
50	96	25	25	96	96
108	25	88	88	88	93
77	77	57	61	57	61
27	27	27	85	23	27
23	129	94	23	52	23
27	85	92	109	173	19
147	133	72	180	175	120
175	132	60	165	62	175
79	64	55	64	80	80
170	27	181	181	107	177
198	11	11	100	92	92
152	68	80	152	104	104
76	38	38	99	186	76
44	91	118	91	44	41
49	72	98	72	98	98
59	74	14	74	74	95
20	41	104	98	24	104
37	37	93	46	46	38
197	119	73	119	73	181
112	28	175	159	115	115
73	179	108	46	73	46
54	90	23	74	99	9
66	56	56	5	5	162
157	101	58	71	44	119
6	35	35	35	43	35
57	86	59	86	57	57
22	97	97	65	139	22
177	71	20	55	161	65
60	88	57	11	11	11
47	114	47	35	97	97
107	121	131	6	53	165
63	55	63	70	55	63
93	93	15	93	15	68
57	78	78	102	37	78
91	81	26	5	81	91
85	93	26	77	93	85
39	115	23	23	147	39
33	67	74	74	73	74
158	99	157	92	109	183
101	9	51	9	9	51
20	35	179	179	20	100
98	14	80	49	98	98
78	78	171	22	72	72
27	41	53	110	22	172
93	112	9	9	165	9
183	69	40	33	69	33
67	24	24	6	6	6
98	104	98	95	95	11
30	21	33	140	30	33
137	199	105	74	108	138
55	26	27	27	27	55
42	162	119	51	30	30
185	51	148	31	12	17
19	10	10	19	61	10
142	38	142	199	146	164
49	117	49	49	54	37
75	34	159	41	109	133
83	16	16	16	83	95
93	68	52	52	68	47
41	10	12	62	10	41
61	125	19	164	39	164
7	58	58	7	109	7
81	195	80	26	80	81
28	180	61	42	42	113
27	110	23	23	27	23
24	94	56	24	24	56
88	87	88	88	88	11
52	158	52	176	45	176
119	119	75	121	121	115
75	19	19	75	19	21
91	195	72	195	72	100
62	104	87	74	87	74
89	35	89	174	124	121
95	144	34	89	89	34
28	167	99	67	67	99
76	92	45	45	92	81
79	98	188	188	20	20
37	110	32	49	192	118
76	64	32	32	76	76
87	108	87	19	165	19
37	117	94	94	61	11
103	91	109	91	87	87
74	84	71	23	41	23
72	72	119	52	52	19
59	39	66	39	66	150
55	55	54	55	93	134
92	57	8	8	78	78
47	18	47	188	47	57
147	191	169	169	192	11
57	41	103	41	57	57
48	200	15	161	124	25
105	51	107	152	177	69
164	33	8	16	16	33
91	22	91	91	50	50
36	58	115	70	36	70
48	77	48	75	54	75
192	46	132	46	192	46
75	168	179	140	182	198
51	51	139	70	51	45
104	30	142	146	194	36
12	123	128	128	37	20
83	55	55	89	6	55
97	90	156	97	97	89
18	14	82	76	82	18
59	46	97	39	39	33
37	83	37	76	13	13
171	69	100	69	100	26
22	27	27	27	27	13
160	26	41	104	26	41
48	76	85	83	83	48
14	57	14	82	82	82
17	6	96	41	194	97
151	27	70	115	115	64
194	8	16	127	142	174
62	62	145	90	90	88
63	147	115	37	17	194
63	156	63	25	52	52
152	100	100	107	152	10
44	23	115	23	92	44
193	73	117	73	73	30
134	99	99	5	5	43
90	151	90	24	30	30
50	110	43	150	180	167
37	66	72	66	37	182
73	22	22	91	91	110
31	13	115	129	31	31
89	27	72	89	72	113
55	5	69	5	55	5
17	125	14	52	15	37
135	88	62	154	149	70
26	13	26	40	77	40
95	179	15	195	19	185
172	126	147	32	99	27
70	65	70	32	32	79
185	185	34	34	150	22
93	53	48	159	93	53
116	63	46	184	116	19
51	18	132	94	132	187
38	22	85	85	22	85
102	81	126	84	102	126
134	185	33	89	184	147
100	174	170	15	63	173
156	37	22	29	22	22
23	28	43	23	46	23
75	180	104	177	51	138
89	44	44	44	44	46
44	44	6	75	31	6
7	16	7	7	32	32
61	98	15	179	188	15
184	80	12	90	101	80
20	176	195	172	104	191
35	68	198	198	68	75
54	18	76	18	54	192
71	85	71	142	106	142
39	122	122	48	85	112
124	32	73	32	180	137
104	14	14	87	36	14
69	118	69	69	55	62
126	123	126	123	36	127
169	91	28	139	169	65
31	188	200	168	73	47
48	131	28	27	48	138
93	68	85	68	13	13
33	155	35	5	33	35
156	136	189	136	74	75
22	43	72	27	22	22
116	111	18	75	75	81
69	178	121	120	92	155
185	48	153	123	185	45
17	17	84	88	100	84
24	104	25	193	125	78
189	36	189	92	189	155
150	63	9	49	9	49
143	21	119	124	10	75
107	11	91	83	121	30
193	128	103	128	138	40
51	61	140	59	61	59
88	112	58	108	78	128
78	27	78	78	78	23
86	186	97	143	9	177
48	33	73	46	33	36
20	18	145	30	131	131
59	117	40	65	167	106
32	32	132	32	98	42
139	180	87	108	20	188
43	75	84	37	75	84
14	159	83	141	186	106
182	199	63	57	19	50
12	24	94	32	24	94
46	92	46	178	92	86
7	7	45	72	196	7
151	199	150	22	143	143
66	86	86	86	40	83
48	7	48	48	42	90
37	60	102	37	199	37
186	157	145	163	92	88
36	36	36	36	24	9
81	66	60	23	66	23
119	11	92	35	11	11
129	15	167	99	167	99
32	56	147	30	30	30
118	54	183	69	162	29
57	25	29	29	42	57
10	10	7	116	58	7
185	92	162	176	105	68
29	33	14	14	33	91
116	116	23	49	86	23
185	110	140	153	190	185
119	98	200	79	31	87
91	85	200	91	197	200
68	136	189	197	186	112
198	47	126	75	145	49
166	85	85	17	17	29
28	105	58	190	21	137
17	17	17	164	89	34
48	200	60	48	200	194
57	56	16	56	56	50
65	85	106	106	178	47
152	138	20	93	151	113
103	21	78	179	180	144
57	59	73	73	161	50
47	47	34	91	91	91
91	67	91	51	67	67
42	42	112	25	91	42
10	86	22	86	86	33
67	27	27	123	84	67
168	122	80	139	133	112
143	158	53	29	140	158
78	49	49	8	39	78
62	19	84	84	84	11
98	57	98	119	119	137
18	172	82	77	18	18
97	16	83	83	123	16
7	7	65	22	7	65
68	68	68	31	11	136
162	42	24	143	171	86
50	30	125	125	85	30
70	166	21	22	34	155
57	14	55	14	89	196
40	34	9	47	9	34
19	19	19	85	11	19
18	173	52	98	18	18
128	174	51	51	174	110
58	52	28	48	28	58
17	75	17	17	45	17
190	22	49	52	136	46
160	22	160	22	121	37
81	81	89	102	81	50
87	187	187	143	37	143
80	98	11	98	124	80
15	124	15	94	10	94
146	126	131	85	26	137
166	179	11	66	166	66
82	106	97	82	116	97
68	55	36	17	176	49
22	128	128	139	17	139
72	60	60	60	72	24
94	94	30	19	47	47
152	193	121	5	121	152
54	78	54	87	15	87
194	34	49	73	34	37
28	23	28	28	112	112
14	16	72	132	16	14
38	29	38	105	38	29
132	94	55	117	55	94
84	54	111	84	17	17
30	39	173	30	39	23
137	69	48	197	69	197
69	122	40	88	122	40
111	112	195	118	20	165
44	96	16	16	96	16
42	78	198	78	68	78
118	156	15	53	62	160
74	83	84	83	48	48
53	140	8	165	172	68
15	120	148	72	188	30
90	21	43	21	21	112
98	197	98	22	74	22
129	197	189	25	25	31
66	94	94	98	118	118
20	109	52	20	65	52
114	146	27	27	27	19
121	41	41	11	20	25
174	174	13	13	41	18
186	132	94	104	45	158
104	14	90	14	118	14
41	159	115	109	159	135
41	12	86	91	171	41
64	158	64	45	64	43
86	88	40	86	18	86
181	85	9	85	85	29
96	96	89	64	64	130
31	95	29	125	11	125
37	72	72	189	17	17
77	55	77	77	57	14
71	154	52	38	52	38
29	19	85	53	19	85
130	55	102	25	24	130
76	76	92	50	76	92
182	102	118	76	65	114
190	190	85	12	119	81
109	109	136	167	97	136
47	57	39	159	100	137
102	80	80	99	80	32
156	73	76	106	168	127
49	97	97	49	33	200
30	81	30	85	30	139
97	68	74	97	97	87
94	17	94	99	17	17
43	56	66	102	43	43
69	77	80	135	69	42
13	19	145	130	45	44
152	25	109	188	173	175
53	144	147	25	137	101
12	12	11	40	40	12
85	84	85	85	185	77
108	108	75	81	65	14
92	92	75	18	112	112
22	129	62	13	62	62
185	12	185	107	38	12
163	153	35	101	134	81
11	5	145	11	11	65
7	80	7	75	40	7
146	34	67	17	146	146
30	182	142	190	70	169
48	49	44	49	12	44
72	72	50	6	72	72
63	63	89	73	89	89
200	38	38	38	83	60
123	16	35	59	123	53
150	150	99	99	45	142
30	92	39	49	165	53
53	42	68	53	53	42
6	6	83	110	6	24
158	106	27	25	158	27
63	90	15	15	28	63
20	99	70	165	99	70
25	99	168	116	138	116
59	162	148	59	7	176
88	88	10	21	21	88
16	145	55	19	96	97
23	154	21	133	160	112
48	68	68	48	73	68
66	115	33	68	11	181
85	89	85	85	89	82
36	96	137	96	57	57
43	145	105	113	145	71
85	186	96	62	96	13
56	145	118	56	145	67
125	37	33	37	44	35
90	35	8	90	8	90
16	128	17	108	17	17
67	5	67	157	79	5
62	62	47	62	85	62
91	91	52	28	58	52
71	11	11	23	112	23
69	37	118	69	81	37
8	34	8	154	62	62
137	44	137	88	181	189
70	62	34	103	17	34
74	44	38	44	74	44
71	13	17	55	55	13
12	139	139	28	116	46
131	156	173	111	173	131
134	32	179	179	32	95
31	74	31	31	21	19
43	129	30	43	83	83
95	10	60	60	60	138
27	62	16	88	62	27
51	98	86	98	86	136
85	94	85	7	82	7
88	70	70	58	58	144
69	11	133	98	166	57
33	62	62	101	62	33
90	186	186	100	100	22
18	92	92	7	92	106
66	110	77	66	69	77
35	58	58	65	58	140
7	95	23	95	23	23
21	21	83	61	21	61
88	79	96	88	88	96
11	195	31	12	193	179
97	99	96	73	97	24
50	45	79	50	29	45
193	55	178	44	55	12
158	54	58	141	137	14
40	185	185	107	72	40
48	193	10	92	48	10
42	182	182	42	50	96
95	183	195	27	58	178
157	74	10	74	18	10
126	9	22	22	9	112
6	39	26	39	26	154
84	142	142	33	84	46
69	98	84	98	133	84
117	36	36	79	36	79
24	62	74	161	142	20
131	72	131	122	122	138
56	23	51	51	38	38
146	54	56	54	42	42
18	99	31	81	163	18
66	179	161	68	21	193
126	181	44	66	185	39
79	40	40	85	102	190
52	52	35	20	20	34
115	51	142	51	51	115
33	178	96	33	96	102
84	19	12	84	62	84
72	72	43	96	166	166
50	116	161	93	50	93
197	74	87	121	134	168
41	41	70	60	9	70
25	178	189	182	39	81
18	85	85	38	33	38
18	83	83	103	18	15
113	7	22	7	22	145
150	181	187	24	181	197
59	119	54	54	59	59
14	35	67	126	67	35
167	29	180	53	172	185
99	34	34	99	26	169
76	130	137	83	69	119
85	85	85	72	72	30
49	48	55	35	55	55
92	18	92	170	85	85
98	98	89	28	89	89
68	56	68	86	88	68
181	89	81	89	89	29
59	82	46	46	32	32
27	63	124	199	109	41
7	38	7	7	113	38
140	97	140	173	68	70
116	142	119	116	109	38
150	36	88	148	102	172
51	197	70	170	197	93
31	34	31	31	50	70
56	82	82	22	82	82
86	13	31	147	167	170
89	99	89	71	71	71
12	26	19	12	26	44
63	51	33	68	51	33
12	12	59	162	155	184
128	114	36	36	65	65
21	21	156	84	14	84
24	148	160	148	45	45
98	35	80	35	96	96
35	73	106	35	73	73
70	114	93	19	19	70
69	69	182	69	29	91
179	88	123	88	43	157
84	77	86	84	16	86
32	43	25	25	76	43
85	152	127	105	85	152
173	33	88	88	168	53
67	7	57	7	7	98
8	50	8	25	72	8
79	56	56	70	26	56
75	18	75	79	78	75
23	48	45	45	23	23
70	114	167	136	167	56
32	44	32	105	70	70
142	142	81	137	81	26
23	93	16	16	46	93
36	44	44	61	44	147
5	107	5	49	115	5
157	190	105	39	111	111
47	47	47	101	114	89
72	96	72	97	96	82
51	144	81	27	34	110
119	67	119	67	128	45
45	45	122	31	24	31
72	150	72	10	72	57
186	44	104	112	39	104
64	125	18	89	121	120
25	26	30	26	30	84
165	103	43	43	191	191
32	40	27	27	86	32
99	20	61	20	104	99
132	20	41	54	132	140
156	54	180	100	100	109
142	118	179	179	118	95
70	108	56	199	76	191
22	22	22	78	133	82
44	44	44	59	44	86
9	23	120	17	9	9
12	166	12	76	128	34
63	67	28	63	11	67
130	89	96	188	107	107
20	81	153	20	20	27
185	56	108	109	118	56
31	78	23	31	38	78
20	56	20	91	20	89
74	20	20	188	35	35
49	44	16	49	182	49
49	6	49	10	49	49
44	44	44	44	50	41
148	148	30	113	30	77
150	90	188	150	112	114
81	56	81	14	14	81
146	53	33	67	25	147
76	76	199	33	20	76
49	44	75	49	44	44
108	103	17	34	103	168
52	81	36	36	183	81
93	14	140	80	31	31
67	67	87	67	20	117
136	100	64	64	6	100
47	155	48	44	47	48
90	74	74	74	123	27
59	59	59	36	32	59
92	29	9	92	57	9
54	16	16	99	54	170
18	69	23	69	69	61
85	29	63	21	21	21
53	99	99	63	63	34
158	41	187	100	171	183
171	48	97	97	48	48
6	71	39	80	6	80
46	29	30	22	46	29
114	69	78	80	69	80
81	87	87	87	39	87
73	75	75	114	73	75
169	41	158	52	162	162
68	68	65	68	68	20
132	200	64	14	22	61
179	92	159	109	180	8
73	8	8	29	8	8
63	13	97	118	86	151
53	53	12	53	38	12
55	75	55	59	59	59
117	189	40	40	96	189
19	19	19	77	115	156
17	90	60	60	60	85
145	171	197	61	75	9
51	72	72	72	92	51
50	18	14	53	189	195
116	69	21	53	69	69
16	170	16	40	69	69
90	12	30	97	97	151
109	39	118	86	42	64
189	21	19	87	19	86
21	55	151	34	42	199
10	44	44	10	74	60
66	62	62	66	57	66
40	74	74	40	99	55
156	156	197	17	42	197
89	89	89	41	20	45
47	47	110	99	40	76
162	118	28	122	32	79
106	106	19	19	119	166
39	185	16	6	16	39
27	165	32	64	165	48
121	78	121	78	108	109
59	19	114	85	19	19
23	23	71	64	28	71
75	65	14	64	43	166
93	93	80	93	199	28
98	23	23	39	23	112
59	31	31	44	44	180
42	57	42	71	71	80
183	94	60	60	59	60
100	115	152	177	80	52
164	95	45	95	45	21
56	6	92	56	92	197
48	82	28	28	165	192
88	189	116	116	200	62
92	33	65	92	92	83
141	101	151	29	60	141
147	116	126	89	100	78
68	35	38	67	35	38
38	31	149	31	38	15
111	48	111	39	12	194
160	125	110	191	125	24
8	8	99	32	32	8
38	16	22	22	77	22
24	24	24	64	109	50
24	123	188	147	147	123
85	146	99	77	85	99
40	40	33	118	33	104
76	142	76	99	55	99
187	200	200	64	109	64
58	74	12	12	37	58
147	99	150	150	76	147
35	35	95	50	35	11
5	56	19	19	122	5
25	41	43	43	29	43
9	40	16	85	16	16
33	74	33	7	75	75
87	24	28	87	87	38
55	127	154	101	46	154
24	109	33	33	24	29
120	7	24	7	24	7
120	104	122	104	38	112
76	76	82	43	76	55
85	85	83	8	46	8
96	12	117	87	87	87
52	147	145	44	90	196
36	37	92	98	36	92
188	188	37	65	188	65
132	69	163	189	200	42
45	76	86	76	86	83
5	85	198	64	5	64
28	38	28	55	38	103
89	158	56	56	151	50
57	89	15	15	15	15
118	91	58	118	91	102
67	94	60	60	94	139
29	86	60	39	29	39
110	110	149	8	122	93
56	138	138	134	33	56
29	21	197	162	81	107
11	82	51	115	17	107
20	99	109	83	97	109
121	90	103	90	36	36
177	48	12	133	48	65
18	38	38	43	38	38
104	104	75	53	75	67
82	88	101	30	111	121
73	70	73	73	59	70
139	170	170	48	139	108
81	36	36	81	92	55
126	120	42	165	162	165
116	56	25	53	25	199
44	52	30	30	30	30
145	74	145	74	38	176
83	54	83	83	149	55
71	47	38	41	47	38
137	89	90	89	89	56
113	160	189	176	176	158
18	31	18	18	18	34
68	68	68	41	68	30
13	13	8	106	23	13
135	65	89	77	148	134
35	65	111	35	50	50
33	64	100	106	14	106
146	146	63	48	194	88
174	22	128	174	49	49
20	156	68	20	53	20
137	174	95	41	88	137
64	105	157	138	105	184
20	10	20	32	118	10
140	100	148	144	170	39
73	14	14	107	14	73
93	93	146	93	61	55
20	120	91	55	91	20
20	189	196	189	17	159
179	196	147	80	196	36
95	91	128	9	95	95
198	147	36	175	22	85
172	185	143	88	51	172
34	120	37	37	189	189
163	191	66	199	10	44
30	119	102	30	30	51
106	59	85	85	59	16
12	56	12	35	35	104
12	186	147	147	62	186
87	14	87	14	31	87
82	12	146	33	130	16
52	78	169	53	78	118
170	155	23	20	170	25
41	163	68	41	11	176
98	98	93	127	68	163
117	146	40	166	140	140
187	29	69	23	98	119
45	132	15	99	132	18
109	40	140	105	159	140
196	37	70	70	70	9
54	28	53	101	179	98
75	76	92	76	92	39
17	85	73	73	17	73
77	77	98	79	162	79
127	51	51	61	51	70
177	99	81	28	28	81
44	76	76	32	177	76
71	71	39	120	103	179
55	71	89	106	116	157
147	32	118	119	137	137
104	184	184	44	86	44
143	108	69	93	111	195
43	64	57	57	57	94
31	155	108	31	25	31
44	14	135	21	193	136
100	40	40	40	173	20
116	10	65	10	65	10
56	56	61	61	120	80
46	147	200	200	46	16
61	161	89	199	199	89
8	184	178	178	48	31
137	77	67	158	172	105
95	166	128	28	137	95
92	92	110	10	92	10
21	52	54	52	54	115
98	54	98	45	199	54
79	117	29	7	182	79
120	19	120	34	19	114
69	123	28	69	108	159
61	38	13	92	67	200
195	67	41	67	67	89
107	72	72	19	12	72
101	74	177	35	177	100
143	108	150	95	90	192
5	66	5	14	66	110
93	104	10	168	10	93
173	28	191	30	77	52
72	154	177	32	67	12
186	10	83	131	183	125
18	194	163	70	38	145
121	168	101	121	59	48
56	104	56	56	95	10
18	38	74	38	152	74
178	79	53	94	118	117
53	91	96	41	53	96
65	56	72	135	72	65
25	127	93	179	162	196
45	72	27	72	45	53
90	28	36	194	74	194
153	87	31	111	54	153
17	124	17	11	107	57
62	80	62	172	111	46
100	98	54	110	185	85
78	109	155	142	102	37
96	164	98	102	98	98
63	104	10	145	190	21
24	76	68	68	41	24
67	161	16	67	86	67
68	158	11	120	49	102
44	44	20	156	99	99
86	23	88	88	86	54
149	156	149	37	60	183
48	48	48	20	48	68
66	66	57	66	61	90
53	53	28	28	28	14
36	36	85	27	186	85
182	186	196	183	9	195
63	114	49	49	63	63
25	16	25	114	25	16
156	199	199	69	157	72
71	67	71	18	71	12
57	91	63	63	57	57
5	107	5	62	62	46
51	39	39	22	22	38
45	50	75	81	50	75
41	86	110	13	41	86
32	88	72	32	32	72
94	12	7	55	12	7
68	14	105	68	44	44
52	131	106	120	96	168
103	62	187	34	182	171
40	174	24	162	60	10
25	37	77	37	136	77
190	157	99	99	99	28
37	6	37	37	171	37
162	138	78	162	79	78
6	107	6	62	62	6
166	183	58	44	183	39
111	167	25	147	47	167
42	42	74	42	74	74
10	37	87	115	87	37
178	183	32	183	32	107
179	43	131	133	122	26
12	95	12	73	95	86
59	129	107	107	70	161
39	39	51	39	51	119
53	149	42	54	72	190
83	76	115	76	108	115
130	116	26	52	79	130
76	115	69	114	114	25
94	45	191	35	156	199
20	54	11	108	71	84
177	15	15	172	102	177
27	114	114	98	27	130
49	49	83	45	49	89
88	33	88	33	60	49
25	154	82	154	82	66
40	22	40	90	141	115
12	81	35	81	35	81
139	123	123	146	92	62
62	94	62	116	32	94
78	120	87	78	196	87
38	181	91	91	38	23
9	22	9	9	69	9
94	18	28	10	10	193
117	137	117	126	57	95
119	108	119	23	23	83
120	64	30	64	10	64
94	94	26	59	108	26
104	179	179	77	87	87
85	85	184	85	89	53
26	79	73	93	93	73
25	77	88	25	25	88
135	39	36	43	39	179
35	56	56	86	54	54
37	79	79	27	72	27
26	198	23	176	52	176
140	22	91	98	91	22
176	170	193	176	19	170
51	51	102	184	31	182
53	92	75	92	92	32
36	36	36	40	36	64
126	27	147	84	127	74
70	92	92	44	178	70
48	76	48	71	151	48
108	27	27	23	23	23
8	11	70	11	45	11
57	174	68	54	54	68
60	92	151	92	103	60
31	31	69	77	58	58
56	85	54	169	85	181
61	73	25	30	45	49
8	7	8	8	8	8
89	34	89	87	34	34
17	61	29	61	39	61
103	121	122	125	23	10
88	37	188	16	37	37
45	151	141	85	54	24
6	6	33	26	26	6
66	114	55	23	55	23
21	196	110	22	16	112
24	13	103	24	85	85
77	37	198	127	48	135
27	27	172	113	91	91
15	64	64	61	89	148
200	114	104	155	71	42
126	81	184	68	68	167
192	20	45	23	20	61
101	47	191	47	63	149
29	66	17	31	29	66
19	19	29	35	71	35
23	16	88	61	70	70
30	100	171	43	129	104
39	39	143	125	125	19
28	98	132	18	72	132
123	100	91	123	184	91
34	29	29	166	12	183
52	52	86	74	103	74
94	146	29	146	117	182
35	196	53	64	64	35
72	28	24	41	24	24
21	21	48	50	21	21
59	13	130	13	31	66
53	96	96	22	114	96
109	90	23	40	40	23
47	47	66	96	92	15
117	108	29	182	108	28
7	94	63	94	63	63
24	18	30	89	18	24
89	38	51	24	51	89
43	52	52	43	43	64
61	61	80	158	86	80
67	68	13	67	33	68
44	200	159	38	38	200
112	80	186	95	86	45
64	75	147	191	191	103
33	184	67	74	67	67
189	16	16	16	114	16
84	25	25	25	6	6
24	47	35	24	113	24
96	9	9	69	25	25
100	12	84	97	85	86
162	60	162	165	165	77
143	80	53	80	80	46
181	105	151	38	151	181
50	50	132	29	17	50
15	13	114	15	80	15
50	125	87	44	50	61
91	70	77	27	70	77
27	20	27	27	27	78
20	20	97	132	87	53
37	158	144	177	177	71
195	195	195	168	43	34
141	20	17	76	20	129
26	19	162	140	102	74
39	53	53	159	89	89
49	35	49	49	13	49
183	75	189	164	6	17
94	94	94	54	54	81
177	67	41	41	67	26
186	64	72	129	61	61
39	171	10	41	41	39
99	66	107	66	76	164
112	118	48	43	166	101
109	190	190	92	177	34
12	122	116	91	175	154
24	66	22	22	90	22
26	46	25	131	131	40
94	12	12	88	12	88
98	137	57	176	144	56
88	47	47	45	95	47
16	32	121	177	145	16
142	36	31	26	26	31
167	157	44	15	42	29
81	117	59	81	81	32
89	89	141	168	141	9
46	42	83	83	42	115
167	104	140	60	78	26
77	77	79	79	96	77
142	68	142	21	95	171
75	85	86	86	85	152
20	93	190	120	183	158
15	11	126	10	144	84
46	36	36	36	63	50
79	147	147	169	70	89
20	17	82	177	17	82
34	96	66	34	42	42
69	172	14	65	158	112
116	154	82	179	18	154
19	99	100	23	16	88
19	19	73	9	19	98
17	16	119	17	43	43
14	197	60	197	200	200
68	42	68	68	91	179
176	172	145	145	116	98
80	188	121	141	188	132
97	86	190	104	139	104
16	47	22	47	47	23
98	131	194	44	132	164
100	121	47	14	145	47
90	35	55	35	55	29
22	103	34	145	171	171
67	85	67	29	67	67
7	7	149	40	7	50
86	76	76	76	41	86
38	57	38	38	84	38
185	185	70	134	69	134
187	55	121	187	121	93
60	102	28	60	31	60
50	94	119	95	84	144
74	43	69	69	23	43
45	45	10	94	70	10
101	191	47	159	80	145
117	140	199	99	43	199
59	91	99	59	91	64
20	54	54	54	32	54
187	45	187	86	160	160
44	19	74	190	62	158
50	87	107	56	56	107
151	108	179	103	110	22
136	41	133	41	50	69
118	101	91	100	167	30
61	28	68	68	68	28
69	86	86	9	9	76
63	63	97	63	63	9
63	128	156	43	121	19
85	37	85	53	53	106
25	96	25	111	182	96
58	58	70	78	73	58
96	8	108	8	8	40
87	152	63	87	87	64
64	10	95	95	10	95
11	91	80	11	11	163
78	17	42	78	17	131
87	74	74	74	99	53
86	94	86	86	94	48
119	104	105	142	121	142
22	20	14	125	10	35
44	58	86	44	24	86
151	63	97	63	18	18
115	115	115	162	180	115
37	97	21	172	116	43
83	195	61	116	162	78
119	114	44	108	96	126
57	14	96	106	96	106
136	71	49	113	195	112
100	28	195	20	131	16
67	16	14	16	67	179
58	57	125	110	182	96
65	65	65	10	79	10
120	159	27	159	177	65
83	64	57	64	83	36
63	133	84	64	200	63
39	84	98	139	139	106
109	94	5	34	5	94
74	74	100	81	81	74
26	27	27	40	27	26
186	55	70	151	36	99
23	125	53	53	45	23
124	46	76	71	23	124
89	72	89	72	117	11
173	75	136	64	20	64
55	105	55	21	122	55
52	123	27	158	52	110
49	41	23	49	43	23
122	96	122	115	92	92
56	44	97	56	44	56
67	91	62	91	34	91
90	28	28	28	120	118
44	135	62	100	135	11
43	80	80	78	35	35
53	33	27	53	53	92
107	52	52	89	129	52
14	152	19	14	19	8
39	39	86	86	105	32
24	11	110	70	11	110
172	66	197	78	197	84
99	12	136	72	10	157
128	13	47	42	34	112
98	10	10	67	10	93
59	59	116	28	64	59
47	63	79	79	47	65
91	91	10	91	108	32
95	157	144	169	109	173
20	20	41	86	5	5
32	10	70	32	70	81
53	53	53	53	63	33
61	165	23	61	65	23
78	154	67	28	28	137
19	149	54	21	21	19
43	70	197	43	55	70
54	92	92	156	92	149
55	55	55	200	41	97
155	49	49	200	200	86
167	54	167	41	100	54
16	15	16	43	18	16
74	14	27	14	74	127
114	120	18	115	120	73
53	137	135	111	26	52
193	104	89	104	30	112
24	49	49	35	119	49
93	46	93	172	93	17
78	49	109	49	78	30
99	111	99	111	13	24
27	21	27	40	21	21
162	142	162	142	86	109
100	112	45	123	100	148
53	53	105	38	38	94
26	26	26	26	74	25
13	36	199	13	111	36
186	31	91	91	31	12
40	14	50	40	14	24
25	119	25	62	62	86
159	6	76	120	76	6
195	6	71	66	195	66
28	146	146	188	106	93
28	43	84	10	10	28
17	54	27	47	137	137
30	20	20	30	20	51
92	20	49	49	7	20
19	28	28	41	28	28
84	67	67	36	65	67
102	54	120	186	54	54
156	182	182	28	156	175
119	60	72	187	139	185
55	28	28	32	30	78
23	88	23	23	97	7
60	90	48	86	48	86
82	118	37	37	152	37
8	74	99	188	8	8
26	118	20	75	54	48
199	78	109	78	21	21
14	27	14	27	14	21
56	73	73	73	73	70
162	92	132	186	132	175
62	12	113	67	68	69
63	85	15	63	195	63
99	22	99	92	173	92
150	15	25	27	15	25
11	55	11	40	55	55
14	14	29	168	14	97
89	73	70	89	89	89
30	97	143	30	30	37
191	23	69	69	23	83
63	145	193	27	41	192
55	72	36	139	72	36
82	55	134	55	55	98
51	21	23	21	51	51
179	179	34	52	52	43
27	35	10	111	35	35
163	163	21	15	43	21
93	130	46	34	128	130
79	195	172	147	60	178
63	15	78	63	78	63
15	15	117	72	72	72
8	30	8	8	34	34
189	180	31	69	180	82
20	20	87	89	87	200
49	53	94	94	35	49
169	62	45	122	122	62
77	50	116	77	18	77
40	24	47	40	40	24
22	58	81	162	49	81
5	11	25	5	100	5
40	145	166	188	32	110
176	74	12	52	52	74
64	41	161	83	41	14
172	91	91	48	43	172
16	169	32	169	16	8
110	30	30	30	57	41
68	87	156	193	148	109
121	95	169	129	129	83
77	13	77	20	20	37
70	71	16	16	16	120
9	75	9	9	9	31
197	177	24	176	180	46
135	35	103	135	103	176
57	63	57	57	57	77
115	45	25	45	45	63
22	39	54	159	33	39
69	193	84	77	128	69
175	32	53	190	32	98
80	70	80	98	80	70
39	72	79	72	18	72
87	17	27	17	70	17
65	199	199	77	135	92
163	84	158	119	30	133
106	129	72	140	140	106
78	11	63	78	73	78
81	81	61	81	25	81
13	53	21	76	53	21
114	113	56	30	56	30
155	92	102	53	102	102
76	76	76	17	103	5
36	58	118	48	41	40
96	42	42	134	42	91
55	27	27	77	159	27
40	136	120	113	29	13
98	100	136	98	83	98
71	32	49	71	77	32
13	13	99	92	13	99
188	57	83	82	80	192
37	56	15	56	56	56
65	91	14	43	14	43
159	83	79	18	164	119
24	130	31	31	71	24
47	20	47	20	41	157
68	58	27	184	58	68
91	87	91	87	87	43
32	80	89	12	56	44
41	24	83	41	83	183
45	154	67	45	88	88
122	76	42	122	76	130
39	39	9	90	9	25
57	57	83	57	71	83
92	17	27	92	92	71
83	23	83	28	83	76
57	95	57	57	67	95
65	60	101	60	65	60
6	13	64	13	18	6
99	99	62	46	46	46
133	79	17	113	84	174
108	37	37	37	74	8
17	95	95	17	17	14
107	12	160	155	61	39
77	77	29	77	49	25
153	90	162	90	31	17
63	42	72	153	105	194
151	191	167	58	173	27
115	198	59	83	94	198
184	55	81	81	81	76
30	10	154	154	32	140
38	132	41	132	56	38
42	42	74	68	76	42
54	13	151	197	95	162
28	51	100	184	184	63
119	20	25	31	20	25
94	68	94	107	113	68
58	16	36	11	126	126
68	75	75	59	82	68
11	185	82	80	11	82
13	164	22	139	43	130
37	37	65	85	46	46
129	8	130	199	63	38
106	10	17	106	25	25
32	24	132	32	173	132
136	149	97	33	26	156
55	55	46	32	26	46
198	75	37	58	87	144
124	168	88	103	112	73
24	10	12	122	20	122
13	25	47	47	116	13
125	31	125	181	147	108
12	33	33	65	54	54
43	73	73	87	48	87
140	26	48	5	156	196
71	80	80	20	20	80
74	74	87	80	87	87
79	79	118	67	47	47
101	9	195	80	99	116
10	75	81	81	10	81
82	82	87	43	82	82
10	198	175	10	37	113
90	54	54	43	43	54
118	58	56	37	85	37
143	149	117	161	149	100
79	171	72	37	110	171
51	34	13	34	196	13
85	15	88	15	85	113
64	169	169	24	146	146
156	155	47	156	156	92
93	61	97	61	47	61
14	43	78	14	14	43
60	93	49	60	49	127
122	70	17	167	11	167
127	80	170	84	166	200
14	170	62	62	130	154
98	90	31	98	60	98
8	8	8	8	24	8
83	146	51	98	83	98
19	154	65	71	152	90
86	85	85	100	104	20
140	30	140	54	70	54
176	128	37	10	37	61
67	67	26	26	67	17
52	26	73	88	26	73
184	167	102	184	140	167
102	15	28	145	95	55
89	59	140	140	118	59
94	23	25	25	25	71
53	14	53	57	109	123
144	91	6	99	6	6
23	139	173	11	127	173
17	69	113	69	69	17
182	104	159	110	169	177
179	197	45	113	81	76
198	44	58	58	88	198
155	155	21	69	69	85
61	61	7	61	6	7
87	65	65	65	20	87
51	147	11	27	27	11
54	103	101	103	96	96
176	73	106	32	38	73
66	66	44	109	138	44
151	153	106	190	109	53
53	53	120	120	164	118
66	116	137	137	119	119
89	18	89	18	110	89
84	84	23	42	89	23
175	197	35	35	21	195
67	57	18	67	67	18
19	34	19	82	14	34
11	157	52	67	50	11
75	75	24	62	75	133
82	135	53	102	102	41
69	39	92	124	37	86
168	7	7	21	92	92
48	93	84	77	84	48
14	29	16	71	14	16
67	29	37	67	37	43
137	176	60	158	80	176
53	184	128	158	32	108
166	152	166	126	95	126
193	137	117	111	14	137
85	95	30	30	30	59
77	146	101	184	56	148
133	156	20	113	192	133
110	31	111	110	106	106
36	170	155	155	9	55
9	9	68	8	57	9
38	30	86	68	68	38
46	129	16	113	143	60
77	32	140	148	42	84
66	105	66	66	97	30
47	47	48	21	146	42
183	95	196	159	35	33
96	96	47	134	127	127
36	75	9	36	36	75
34	85	34	14	34	85
97	146	131	29	146	181
69	107	124	61	69	61
111	44	62	185	136	85
77	31	81	81	77	59
114	114	89	89	103	106
24	31	62	87	62	87
97	180	41	187	117	180
111	37	37	149	150	149
75	75	51	49	51	76
58	58	58	58	50	58
75	141	184	81	13	13
90	45	90	90	74	136
100	70	173	41	100	70
74	99	178	104	155	160
48	166	51	148	157	94
179	145	104	6	119	145
60	74	74	60	74	66
64	43	19	64	19	82
35	84	22	99	35	35
116	86	86	86	39	26
16	73	81	26	40	57
78	90	184	37	145	75
25	158	123	76	76	54
57	78	110	14	57	78
24	6	18	18	18	18
20	150	20	27	20	66
96	119	96	44	96	6
183	72	183	89	94	89
90	23	156	161	156	30
179	179	95	162	162	89
170	68	199	170	74	72
10	160	46	64	68	138
13	11	49	49	11	49
43	182	125	187	82	84
26	46	34	168	17	46
8	8	49	8	73	75
28	78	148	116	123	96
24	11	11	144	24	31
51	178	71	25	47	95
108	23	108	79	79	171
30	74	24	177	24	74
17	167	29	141	72	41
79	13	48	105	79	48
113	46	151	138	110	179
75	182	26	10	191	10
85	9	16	16	9	146
16	62	60	60	16	60
16	147	71	142	142	35
110	104	74	33	64	42
7	118	67	7	7	84
16	58	144	29	29	29
53	18	18	89	131	18
90	90	109	69	69	12
16	67	42	16	42	124
122	26	176	121	21	129
81	5	81	87	5	153
80	108	120	78	80	78
97	97	119	140	69	119
54	5	5	29	121	29
47	65	60	60	47	60
149	22	22	22	86	82
72	84	72	84	74	87
142	114	65	164	200	110
19	19	77	19	55	19
108	58	96	160	104	45
35	57	88	105	171	71
34	91	91	64	189	34
13	61	105	27	100	62
88	88	105	88	190	112
145	179	71	197	179	77
18	18	122	20	122	71
196	116	186	116	58	196
28	32	40	148	28	32
86	131	101	104	40	131
166	123	143	55	46	166
133	35	17	76	17	35
110	33	167	167	133	133
96	59	79	30	96	59
87	19	87	65	87	16
45	79	53	45	43	43
12	73	30	12	73	12
57	102	23	23	23	38
76	22	93	151	107	25
91	46	91	187	46	57
36	6	149	68	68	68
131	8	162	69	99	66
80	111	80	194	84	162
194	80	80	194	91	29
130	80	51	160	130	171
113	120	78	74	113	78
34	34	51	21	51	99
91	57	21	91	91	21
176	85	88	79	180	124
92	96	155	139	49	96
42	42	61	42	26	16
29	107	28	94	91	94
94	56	56	66	111	114
52	27	27	78	78	27
51	20	20	59	36	20
181	141	11	92	70	11
69	60	6	69	15	6
127	57	85	110	85	127
106	39	16	97	106	16
63	15	15	15	47	23
72	101	12	185	72	12
63	60	30	66	136	56
98	69	89	177	89	54
34	60	60	185	34	118
155	82	155	152	82	74
9	9	88	101	47	88
91	62	133	98	110	162
139	99	139	119	107	21
147	149	157	177	100	80
171	94	94	35	20	20
101	95	20	75	75	95
52	64	64	52	54	52
59	60	13	13	60	12
196	80	198	189	85	127
57	14	57	31	57	95
22	22	22	75	14	22
69	53	87	69	87	109
100	169	55	24	98	50
78	78	83	74	170	78
5	107	74	5	74	74
196	33	33	120	86	33
90	21	114	114	90	10
113	182	104	113	96	170
89	46	12	89	89	46
90	86	195	101	77	67
102	139	135	139	102	35
76	54	157	54	93	93
140	60	179	86	182	77
61	61	64	61	57	61
57	92	57	69	113	69
68	68	64	64	68	69
166	50	67	50	67	107
66	71	48	147	66	71
16	38	46	38	38	75
81	69	109	69	17	17
44	44	118	150	64	150
52	52	131	47	9	9
54	72	103	72	168	54
33	17	86	86	21	86
44	164	84	84	20	164
83	8	8	199	83	46
46	46	197	15	19	46
116	76	55	116	70	194
41	41	98	98	54	156
72	70	71	70	70	83
58	65	58	30	58	96
15	55	73	50	158	197
52	184	50	139	59	145
29	29	29	29	72	84
20	79	53	79	70	20
93	30	143	30	58	151
60	118	39	39	180	180
27	43	27	142	95	43
73	74	120	152	39	88
88	18	88	33	111	88
20	25	89	25	41	41
82	65	151	92	22	154
60	38	48	51	60	38
154	131	47	17	92	154
55	22	59	55	69	27
23	74	44	120	23	23
83	187	76	14	107	11
89	110	31	110	34	34
168	21	21	152	103	22
163	73	183	152	163	152
9	9	12	125	9	115
94	194	53	182	74	74
40	29	29	11	29	29
24	24	24	18	51	113
135	190	190	72	72	74
26	61	26	26	50	109
60	22	26	57	26	60
82	140	190	92	69	108
10	195	60	195	118	14
12	77	77	120	77	77
108	64	55	55	48	64
91	91	195	91	14	97
9	29	43	9	99	29
29	130	127	29	58	122
84	56	56	106	5	5
180	114	21	22	22	21
127	47	67	105	99	75
74	84	158	56	45	36
10	97	70	21	70	70
26	21	11	112	11	70
133	20	49	81	22	141
111	33	93	96	195	46
104	162	62	162	62	88
80	5	61	75	5	61
69	74	74	35	79	79
32	12	32	91	32	66
75	115	165	135	115	5
158	174	27	85	85	130
19	87	19	42	42	19
159	34	5	64	80	135
112	87	13	87	12	87
125	53	53	53	106	53
6	88	88	88	56	88
86	101	101	171	108	166
110	49	62	71	103	74
15	146	67	110	15	15
37	107	66	107	66	81
77	24	109	82	66	77
174	21	43	40	43	21
98	65	89	128	134	37
116	116	48	171	64	182
110	27	63	182	187	23
89	185	89	64	32	89
74	78	74	93	78	53
47	11	11	11	93	95
31	31	45	31	31	31
77	180	77	32	31	31
199	29	136	97	51	166
79	61	61	98	30	98
89	61	34	89	89	61
89	36	194	117	36	83
35	96	35	66	96	21
26	94	26	12	181	26
87	87	70	87	45	87
20	151	151	28	94	20
91	91	44	166	93	25
128	22	128	9	22	121
89	99	89	99	16	145
72	72	32	116	124	32
71	71	71	71	57	77
89	100	19	89	106	19
112	29	53	29	198	48
83	110	49	83	93	49
18	29	29	6	29	74
86	79	135	29	106	106
88	52	88	88	5	5
13	36	26	36	36	125
65	65	131	36	36	52
45	96	57	99	96	96
74	84	44	44	75	84
42	42	26	42	54	179
130	30	158	169	115	90
155	85	155	190	155	157
21	24	24	110	42	24
154	85	42	7	7	7
91	155	179	159	24	163
33	20	33	171	97	20
149	37	135	36	159	70
84	45	45	45	45	17
89	69	27	55	172	70
138	85	124	71	44	138
69	35	35	51	51	83
154	30	28	161	28	102
16	16	16	181	16	19
140	108	37	67	127	93
28	61	51	28	61	28
9	36	32	32	32	32
63	115	86	63	86	178
98	98	98	93	93	109
20	67	91	91	91	20
141	121	92	141	145	121
58	103	138	79	58	58
163	78	35	62	35	62
15	29	81	81	81	15
73	142	97	122	73	122
95	95	110	22	22	95
174	103	56	107	159	194
22	22	22	36	131	70
8	15	60	8	8	8
63	63	122	103	93	122
115	101	136	198	112	20
67	9	69	73	9	9
80	159	175	85	85	175
172	24	199	161	58	70
85	63	148	63	85	68
73	59	59	185	15	15
33	99	99	85	85	19
73	40	50	183	19	40
185	106	11	34	11	11
31	24	34	24	34	24
67	92	92	30	117	117
88	150	121	121	113	107
186	148	87	186	186	34
124	166	113	26	124	113
35	115	100	118	180	11
98	98	75	75	73	86
124	62	13	126	171	64
14	9	9	39	14	16
88	88	103	44	173	88
55	170	62	109	109	109
39	40	39	40	75	35
18	22	22	67	22	22
165	30	120	118	165	120
54	70	96	96	64	180
36	116	187	191	34	91
126	17	17	46	46	88
83	57	44	57	68	57
189	92	36	94	92	92
36	183	198	62	198	183
14	62	74	62	69	62
98	7	71	53	7	7
9	43	9	79	6	79
15	34	125	15	125	83
140	69	6	69	27	69
78	188	97	188	62	97
111	146	195	5	62	58
76	11	184	81	33	154
54	59	27	43	27	153
55	43	103	122	55	43
91	114	84	54	84	54
28	76	28	62	28	157
80	33	80	80	76	80
23	170	142	170	31	142
24	171	21	152	115	152
67	42	107	150	122	122
59	24	116	10	166	107
97	126	67	126	191	69
69	96	93	169	17	178
106	70	80	52	80	80
92	176	38	25	25	92
60	28	127	7	28	60
144	80	144	96	140	140
39	98	88	92	39	39
68	83	16	81	81	81
52	180	107	137	121	68
89	171	137	89	69	137
42	39	53	53	10	10
61	118	29	80	61	80
56	56	34	34	17	34
102	184	51	96	96	58
38	139	18	178	61	38
7	7	95	57	95	47
67	18	66	66	68	66
83	62	38	38	133	113
61	84	61	61	61	61
140	180	63	87	14	176
81	81	81	114	14	159
74	49	82	115	49	74
164	27	97	27	17	27
43	25	170	25	69	43
124	154	74	111	72	108
43	39	20	39	39	102
164	75	80	145	164	131
49	49	49	42	88	61
41	41	63	48	48	48
190	30	30	30	34	5
43	90	43	63	137	90
18	81	83	147	124	79
76	76	79	95	60	60
152	37	193	56	152	114
18	60	60	60	70	60
55	138	166	161	60	98
12	36	36	35	35	36
152	139	99	42	42	54
14	89	31	31	31	54
72	117	35	82	80	51
27	10	27	27	73	27
36	42	39	42	39	39
38	48	183	38	156	37
92	37	22	37	92	132
181	52	35	158	37	29
39	78	112	148	194	20
105	77	9	28	77	9
64	26	176	166	19	187
92	74	92	74	32	92
76	38	33	38	91	91
58	58	17	87	87	87
73	19	73	19	15	14
65	66	16	117	117	117
54	23	23	111	54	23
178	102	17	195	118	173
106	50	193	166	195	190
56	54	37	54	37	18
97	10	125	35	71	125
70	7	68	70	68	24
71	71	46	71	17	170
91	31	91	71	12	31
116	177	72	198	120	160
34	97	75	34	13	97
86	45	129	72	119	118
8	52	88	94	8	52
108	173	110	92	29	177
200	76	200	197	87	76
192	69	178	192	50	119
166	44	193	193	86	65
70	32	51	51	38	70
28	28	18	28	28	81
24	35	44	44	35	44
68	104	17	158	126	17
104	104	14	33	151	33
30	89	92	139	89	89
112	66	89	14	32	103
44	115	132	170	44	135
115	29	92	8	92	8
91	167	51	51	92	97
154	198	198	152	51	154
132	50	94	35	35	94
115	34	20	34	91	200
19	194	71	32	93	133
139	136	136	42	110	70
89	55	55	55	55	13
16	31	16	50	31	16
82	82	82	12	31	53
37	17	148	199	175	175
55	16	16	70	182	70
65	49	159	77	200	36
67	102	67	46	14	24
61	35	139	35	176	176
187	13	49	119	187	40
12	112	44	12	44	27
67	67	111	98	107	67
28	200	28	98	28	110
38	17	57	21	38	76
104	55	107	107	116	16
178	104	22	92	104	97
114	156	164	179	151	190
151	58	76	77	81	77
121	30	99	138	99	89
31	42	103	101	101	103
70	5	110	15	70	5
130	13	48	48	130	171
63	150	70	6	6	63
113	26	57	26	57	26
67	97	92	63	92	63
41	145	76	56	63	176
154	112	154	74	32	74
60	60	60	16	60	90
91	35	91	200	91	80
42	71	56	71	188	102
23	23	50	145	119	145
191	183	191	143	143	79
47	79	58	47	58	42
16	41	191	41	168	44
109	154	34	24	95	100
115	47	84	47	116	84
52	52	11	52	30	11
47	112	45	47	45	112
23	97	23	95	97	28
105	61	61	61	87	69
72	123	28	190	190	91
187	27	60	64	60	60
54	196	31	126	57	31
118	80	76	76	80	110
191	169	200	28	75	68
40	183	47	71	40	71
45	164	59	45	45	73
85	166	49	86	64	111
88	147	49	38	38	38
33	74	33	33	54	51
67	30	177	30	86	86
32	10	96	33	33	33
81	124	185	57	185	43
22	22	62	62	163	99
24	85	89	14	20	24
113	196	11	11	70	11
85	71	146	54	26	80
144	70	97	101	161	53
92	45	67	45	13	128
107	121	85	135	180	118
108	71	108	182	182	194
36	59	22	34	59	22
51	40	45	40	40	41
157	87	62	63	180	157
11	83	102	83	11	184
136	43	149	78	136	17
21	113	43	43	61	21
106	142	57	68	31	59
69	87	69	40	40	83
58	80	58	70	103	80
14	20	14	14	20	70
79	70	15	79	70	79
111	12	74	12	12	39
133	67	23	66	91	130
37	70	25	25	70	108
79	79	79	97	18	18
82	82	5	118	82	82
10	64	41	10	10	10
6	188	21	32	32	32
98	16	16	98	16	93
64	73	73	73	73	69
81	14	48	38	38	14
196	73	181	82	196	154
87	82	34	82	111	34
16	73	73	129	57	73
115	86	96	115	115	16
77	8	37	8	8	177
104	84	112	84	25	25
146	46	36	46	7	46
13	120	120	13	46	79
119	90	90	90	156	57
43	43	105	65	65	43
26	12	55	183	114	34
116	89	163	141	23	141
192	47	76	55	76	47
139	40	40	40	6	72
20	188	65	160	63	161
18	18	33	133	18	49
13	88	99	26	13	13
140	73	90	106	189	75
34	61	52	61	52	55
170	69	128	67	135	166
41	38	121	130	41	121
93	9	93	35	93	79
98	81	38	92	81	92
34	22	34	168	9	9
102	50	50	87	10	10
52	52	52	15	24	52
68	24	70	148	168	63
153	128	153	69	128	193
14	200	90	44	44	90
12	37	12	71	71	12
52	186	180	24	102	180
92	54	54	92	44	27
95	65	39	95	39	20
13	50	80	77	183	183
87	87	92	92	15	100
183	77	181	60	86	87
9	13	9	95	63	9
36	36	14	96	36	83
32	66	5	98	52	66
126	46	5	82	82	46
52	195	180	52	172	7
88	88	68	67	105	67
11	29	55	30	55	29
119	104	52	156	119	106
45	63	63	178	141	19
61	61	61	150	26	63
102	74	184	53	36	184
62	110	84	6	6	84
91	12	89	173	12	89
65	65	35	24	24	28
51	42	42	155	53	53
164	17	13	86	86	86
27	88	40	102	199	133
51	87	87	51	119	87
80	80	16	117	62	80
71	83	34	71	71	34
23	23	26	36	26	23
10	73	10	10	35	91
43	92	149	120	62	92
152	194	113	197	152	197
40	43	44	43	77	43
69	69	69	45	49	99
17	17	68	93	198	68
37	41	52	37	52	153
176	162	133	162	49	42
33	33	33	51	56	51
132	18	152	163	56	50
81	63	81	198	78	183
87	56	88	56	87	108
20	20	69	50	20	132
74	164	107	12	107	145
86	64	27	64	86	25
39	59	88	88	88	39
14	108	80	10	14	14
11	192	97	68	192	155
99	41	7	99	41	99
41	55	55	97	138	55
30	71	103	38	147	103
58	74	177	136	35	58
96	183	88	61	183	61
112	91	127	50	94	62
87	93	88	180	162	88
40	69	11	11	11	27
22	67	22	21	138	21
59	59	97	112	87	97
10	64	59	97	97	59
94	43	56	43	193	94
16	106	197	58	185	37
74	44	35	74	25	74
164	184	51	44	196	184
108	164	164	112	13	112
22	71	71	98	38	71
41	57	142	17	17	57
145	5	27	129	64	64
32	82	37	177	32	37
88	57	88	57	38	42
130	61	13	80	198	25
27	163	55	27	55	55
89	39	81	67	89	67
33	33	125	33	53	23
65	80	120	76	102	150
196	84	54	129	109	196
28	93	28	93	25	15
15	99	75	75	99	104
56	56	15	15	107	15
101	54	197	108	153	131
125	35	170	93	76	134
36	34	174	163	55	103
118	159	159	63	159	16
172	80	43	26	80	80
89	175	37	89	91	37
59	38	182	59	59	63
122	67	118	118	122	109
87	75	87	87	87	87
169	185	121	150	21	77
11	11	96	59	96	11
126	165	14	37	194	95
93	57	58	93	14	57
52	136	52	163	73	147
134	21	58	173	51	75
82	159	35	159	161	60
19	52	51	186	96	25
80	170	9	23	80	170
41	113	41	41	100	41
46	14	46	37	46	14
65	57	106	104	81	117
97	106	69	98	106	49
54	26	29	26	116	54
43	103	82	82	62	62
49	46	49	49	49	82
64	37	35	64	64	64
42	97	175	60	175	72
81	65	27	42	115	54
14	190	34	14	64	64
124	180	22	96	139	28
173	30	34	43	175	113
63	109	56	56	118	63
170	38	174	24	112	89
78	56	105	86	56	86
52	148	32	32	59	32
129	82	27	45	129	158
109	41	53	41	102	53
58	144	82	36	118	143
52	83	52	100	52	189
167	194	82	60	102	78
21	59	116	21	72	72
197	117	62	64	64	62
8	70	90	92	92	8
45	139	114	117	85	122
79	98	98	98	36	68
112	158	29	120	158	120
29	64	114	16	44	73
45	137	12	12	45	118
86	86	27	86	86	43
141	96	33	141	49	33
19	19	44	145	94	19
73	111	11	11	75	11
81	11	50	79	58	67
110	34	61	155	95	8
46	171	46	46	86	36
15	89	36	15	89	16
12	24	105	12	24	173
89	22	22	22	89	71
131	30	31	156	25	75
49	103	18	20	103	97
37	68	13	34	37	34
117	196	54	181	108	118
104	98	42	98	42	111
19	22	84	84	96	19
15	164	92	92	15	49
181	80	24	80	24	72
30	185	30	97	97	100
18	142	18	18	107	18
54	95	85	42	54	85
71	70	68	43	70	70
120	120	121	121	81	31
48	132	165	165	94	54
88	51	111	51	18	51
8	80	38	80	121	80
148	56	85	89	148	56
131	45	124	42	185	181
113	93	197	73	133	197
74	74	74	102	66	16
95	28	28	95	111	95
59	186	109	42	59	109
68	169	20	68	79	68
7	54	68	54	54	54
9	183	183	193	13	35
56	80	66	80	80	74
35	116	35	29	149	29
30	84	121	129	198	156
60	72	77	77	60	10
71	93	44	88	93	44
50	52	16	144	52	16
70	154	79	20	14	154
43	92	92	43	56	57
194	50	114	50	54	54
59	164	80	58	80	80
50	90	18	93	18	90
159	130	180	180	26	130
160	180	37	120	105	40
23	25	23	58	23	23
26	142	115	115	22	152
174	7	128	41	20	128
176	17	171	90	19	54
92	139	90	155	6	90
49	26	79	49	49	72
40	83	56	40	190	40
17	77	15	15	17	17
31	146	32	56	120	56
11	82	82	11	51	11
9	91	9	79	79	79
36	100	91	91	113	113
81	123	91	68	168	132
131	32	96	66	192	13
89	88	23	88	72	72
148	173	85	73	148	148
99	10	70	30	10	10
42	95	95	56	95	56
91	116	74	74	91	74
112	40	45	45	40	45
53	15	149	149	29	137
46	36	91	150	91	36
147	54	76	76	54	194
24	34	86	29	86	86
95	19	95	38	72	38
56	193	166	67	124	65
48	88	88	48	66	136
107	40	49	43	35	35
69	47	69	117	47	187
26	66	99	26	99	26
119	79	79	81	44	79
136	188	188	30	44	94
63	152	143	61	63	152
33	196	15	15	54	33
170	186	115	83	16	89
101	43	62	119	88	158
66	64	121	66	21	64
77	6	77	6	77	58
75	21	21	75	21	51
27	27	85	85	105	85
14	137	109	91	37	37
16	138	16	29	38	72
11	57	103	126	57	11
68	26	188	122	75	26
154	53	118	154	112	124
65	21	162	133	154	125
90	54	90	38	88	38
72	45	72	29	57	72
55	71	71	55	90	71
20	40	40	20	25	181
17	85	177	22	41	61
162	91	35	101	91	91
98	98	146	80	27	27
12	56	20	45	20	20
32	80	63	63	63	63
31	17	17	17	80	31
92	30	121	96	7	92
33	33	62	33	33	5
117	47	113	14	47	14
77	86	21	86	77	90
34	53	34	70	34	53
86	86	99	86	25	97
78	151	198	151	198	120
92	74	86	42	42	45
166	11	78	178	174	126
197	197	153	153	89	64
97	97	181	181	76	60
29	44	134	98	62	91
75	180	75	5	18	5
19	198	31	126	19	89
66	60	84	50	66	30
114	98	149	17	10	11
17	44	44	126	61	146
113	113	13	13	175	88
68	90	50	164	90	50
193	138	138	68	130	193
20	118	77	77	65	20
53	8	53	46	53	46
188	81	10	86	13	162
188	100	101	33	163	163
170	48	70	48	45	48
72	51	10	51	29	29
58	58	48	94	58	62
200	80	77	187	90	22
53	62	53	26	62	62
61	80	80	36	80	80
66	68	139	117	117	152
76	70	70	30	76	16
45	88	117	185	117	15
6	94	95	6	6	190
41	41	60	51	51	105
47	57	34	47	115	34
171	118	177	62	64	110
70	90	88	88	97	70
73	146	78	48	79	6
139	102	10	68	10	68
42	10	42	41	84	41
189	11	95	31	11	31
59	99	64	44	99	121
35	188	110	188	88	35
142	49	142	59	196	175
36	11	87	87	87	46
145	87	145	177	124	177
105	86	105	100	154	105
21	18	153	91	51	163
87	20	87	52	20	87
193	128	15	120	15	39
140	136	140	170	136	120
93	25	67	25	107	25
57	7	11	42	57	11
117	110	137	62	153	137
107	76	168	81	76	76
38	103	74	75	38	75
59	5	59	59	11	11
70	70	106	70	57	57
124	30	56	90	130	135
117	46	105	71	71	128
17	61	61	40	75	17
175	26	26	60	175	79
34	28	28	85	138	34
56	85	85	81	12	47
64	38	42	44	38	42
162	48	102	27	102	13
64	91	41	91	64	117
36	55	55	174	55	12
61	61	28	68	28	185
60	60	37	41	41	58
31	34	31	34	25	34
143	182	127	6	108	38
81	81	47	81	81	198
99	149	159	188	181	7
65	31	28	31	31	65
115	129	150	118	113	18
46	43	11	44	70	93
52	52	59	89	89	52
36	6	6	6	189	19
111	13	153	153	71	85
86	86	36	42	42	34
129	71	71	98	87	98
33	95	95	95	86	31
39	102	34	165	34	39
36	36	80	80	59	27
158	168	168	159	64	44
26	43	43	34	178	26
18	18	98	98	98	40
95	152	60	18	171	111
64	22	76	76	42	76
99	49	113	152	83	134
95	15	95	101	127	15
83	14	92	48	92	48
6	57	6	53	53	119
19	19	125	178	11	178
38	32	57	50	50	32
63	59	45	59	61	112
49	107	98	49	98	87
61	61	124	97	91	14
29	40	71	113	147	147
81	15	81	27	27	37
102	89	39	102	193	27
65	129	122	129	115	64
64	115	46	93	14	46
28	192	188	164	124	29
64	5	80	80	92	80
81	79	49	79	49	96
45	48	71	48	48	48
10	36	94	43	17	190
45	76	158	186	158	38
90	90	90	54	151	80
49	41	188	193	192	49
38	42	38	55	101	38
198	7	73	86	19	69
112	61	51	73	11	11
27	38	40	38	38	25
23	99	12	168	23	12
48	48	170	170	10	197
12	12	27	27	27	88
21	177	192	51	35	128
80	82	80	108	64	64
37	78	37	26	129	154
13	28	13	28	13	101
95	95	95	34	75	34
68	54	78	105	9	78
148	92	92	50	44	92
185	81	24	108	14	79
88	58	35	35	35	58
105	41	45	41	45	106
37	37	104	50	154	179
93	44	93	44	61	9
38	47	173	29	109	187
167	167	53	85	53	119
106	103	11	106	16	36
68	81	152	99	81	152
150	45	93	126	185	95
107	64	13	114	64	13
72	181	131	116	116	116
162	180	23	136	136	136
103	97	73	173	98	23
81	141	81	89	89	5
58	114	111	32	116	146
16	56	75	75	16	126
51	6	51	53	51	63
85	85	41	41	41	21
118	149	7	33	118	149
89	109	89	55	55	73
45	76	161	45	161	177
81	140	96	81	39	39
55	89	89	39	89	89
101	112	134	134	114	112
14	14	48	63	63	123
149	11	85	149	173	149
75	153	39	39	73	39
21	119	107	186	115	145
10	66	91	10	91	79
107	182	117	59	29	107
34	31	34	67	34	88
95	95	42	95	36	54
34	34	66	74	34	89
191	38	66	196	66	191
48	89	89	92	173	89
61	97	13	61	150	97
139	16	22	49	49	49
70	34	95	112	34	95
31	67	110	23	110	23
99	64	79	71	64	71
114	47	191	98	44	33
15	74	44	44	74	50
75	84	84	79	32	84
70	96	83	146	83	96
83	14	14	143	83	25
6	10	6	109	6	10
24	126	161	82	84	161
80	80	80	60	80	10
158	163	59	158	197	22
113	41	114	182	113	159
180	27	37	99	27	27
77	35	77	77	61	80
102	182	13	156	182	156
200	104	116	188	116	97
81	97	192	35	63	133
126	31	55	55	96	55
144	166	189	63	144	95
14	14	14	21	64	14
125	12	61	127	61	42
25	34	197	25	34	115
65	196	73	87	15	125
36	36	47	61	136	136
46	46	19	8	19	19
85	139	50	70	58	58
184	48	101	50	69	15
101	149	149	71	120	58
73	18	68	18	18	145
30	13	13	13	13	13
73	41	186	38	63	73
38	83	58	127	73	127
195	48	87	22	81	111
55	94	55	48	94	94
85	126	19	104	84	126
14	64	185	185	200	200
169	71	71	70	8	71
40	50	42	50	19	42
45	31	132	155	129	42
54	181	54	35	35	40
53	47	47	53	128	19
10	147	10	76	76	50
88	88	146	68	105	70
45	43	43	53	61	43
69	30	30	69	27	181
6	20	6	6	63	6
68	56	161	125	56	75
69	36	69	118	118	36
48	48	187	48	85	55
73	94	132	73	94	118
82	82	24	84	21	82
49	46	49	46	49	117
147	22	147	97	110	178
45	58	79	45	45	45
59	31	76	59	59	59
89	76	76	89	28	38
92	92	92	87	39	87
39	99	57	99	39	39
68	25	108	64	25	64
89	23	73	173	89	173
75	75	149	56	120	155
63	13	97	184	43	50
84	40	26	40	26	93
117	83	70	115	49	30
50	42	36	36	50	114
196	114	22	189	196	189
132	59	116	154	79	79
50	93	93	7	37	50
25	166	25	54	54	80
109	86	99	86	68	68
20	22	49	136	49	22
93	109	184	93	58	93
65	32	13	65	40	40
37	34	37	112	34	37
51	51	78	19	15	15
95	130	84	133	106	149
76	90	76	62	28	76
26	7	75	75	14	7
38	105	178	178	82	42
92	99	99	99	64	64
21	21	115	107	120	194
118	147	16	85	16	85
181	105	73	73	60	60
116	57	133	123	123	133
49	17	17	76	132	76
104	35	90	55	90	35
11	101	63	63	11	63
46	125	162	68	30	173
180	123	180	69	128	114
74	67	67	67	32	67
133	7	16	16	16	40
39	40	17	39	17	39
45	45	45	45	53	53
29	93	93	62	62	35
56	77	77	70	191	70
9	51	51	72	51	9
120	14	161	143	143	120
111	51	5	51	101	51
85	95	8	39	85	85
142	128	116	128	157	142
73	73	73	73	71	73
62	38	176	188	194	169
56	29	29	111	72	56
87	18	56	87	98	176
73	104	30	101	6	137
66	25	25	115	189	66
82	116	82	94	39	39
47	47	58	38	11	11
71	93	71	71	31	49
32	19	32	39	32	79
45	35	36	50	36	50
51	51	96	40	96	167
13	139	135	92	27	139
60	83	41	83	83	169
13	57	14	13	115	13
99	38	121	99	95	99
29	65	30	152	90	76
77	65	77	61	95	77
81	52	52	81	65	81
198	90	113	113	198	170
15	148	164	104	96	54
64	79	81	81	11	64
9	171	98	173	151	64
179	36	76	36	36	43
168	40	65	61	36	65
56	136	85	105	81	115
168	172	172	17	40	172
81	37	41	102	53	100
20	37	132	36	36	20
76	197	34	156	191	119
40	40	40	84	199	14
161	150	37	88	62	24
50	196	72	54	50	192
45	59	167	10	35	131
98	23	13	98	158	22
25	38	108	25	49	49
104	12	128	128	104	92
9	24	9	24	31	36
18	76	85	100	111	18
12	12	38	90	12	12
37	159	80	37	80	7
44	44	67	44	125	100
161	61	151	126	118	160
19	126	81	175	101	194
160	118	152	46	23	38
34	34	174	148	39	148
55	46	90	199	117	160
93	18	69	147	156	147
53	50	50	137	53	104
192	175	175	191	42	47
84	46	46	65	46	51
91	91	86	75	33	33
61	83	114	88	61	61
93	7	64	64	64	93
57	18	18	18	97	49
49	7	40	40	7	7
12	14	63	14	12	14
99	140	168	140	168	163
99	31	86	31	93	31
11	119	73	17	11	73
51	70	51	17	51	105
99	38	38	97	97	38
86	54	86	138	138	93
48	23	54	23	23	48
86	85	85	62	85	101
33	61	184	198	101	7
24	114	12	173	194	199
55	189	71	129	38	116
196	132	162	14	132	67
50	50	33	95	141	95
94	98	49	98	98	49
60	136	95	138	117	39
99	163	121	118	75	150
77	92	92	147	92	50
83	24	24	156	83	74
42	85	13	85	85	85
83	91	28	91	28	28
7	7	101	7	35	143
197	183	24	11	46	197
35	73	73	73	73	64
84	84	84	84	36	17
165	85	185	110	79	37
157	89	106	71	95	33
14	82	68	82	82	197
8	8	8	8	52	8
57	57	57	57	89	9
25	25	25	39	49	28
60	144	180	11	144	103
59	78	180	78	8	78
36	42	56	56	54	56
12	8	108	12	8	12
71	17	41	14	86	96
144	8	8	65	91	91
24	164	185	75	112	53
54	27	91	91	102	54
138	182	192	53	53	64
65	195	39	195	24	65
41	199	116	49	139	70
170	13	170	23	88	170
65	36	17	65	17	65
62	78	93	45	62	93
106	146	55	83	55	55
12	48	77	32	32	48
96	199	101	10	52	55
82	68	53	99	68	53
175	73	77	77	161	34
46	101	125	102	26	102
164	63	83	36	163	163
7	183	56	7	56	82
54	43	138	22	102	43
20	40	85	20	53	85
77	194	42	42	62	62
83	101	159	44	132	97
43	39	53	39	39	43
132	153	32	139	139	168
31	63	19	113	58	27
114	44	72	72	72	44
30	65	119	30	65	30
105	186	47	194	186	27
55	114	90	102	72	111
5	145	70	99	28	142
67	31	123	72	162	44
61	20	61	61	71	93
175	52	28	38	196	128
26	36	25	26	52	52
52	15	52	148	52	71
82	9	168	168	61	78
118	51	16	113	123	105
68	47	102	176	176	68
76	96	46	76	120	96
31	62	112	67	38	112
176	71	74	7	115	74
52	40	91	120	59	52
93	45	168	108	168	52
71	71	80	80	173	39
119	178	142	10	170	119
51	168	191	35	35	24
119	180	106	26	177	99
51	78	51	52	52	51
106	97	35	90	35	97
62	135	62	73	62	46
193	58	48	193	48	181
70	115	42	84	84	84
6	96	163	96	114	6
157	140	157	193	115	193
50	173	88	169	98	98
65	30	69	65	30	65
33	84	96	114	13	103
91	86	57	28	57	91
10	10	144	10	100	38
50	50	128	64	5	64
187	18	66	66	30	30
67	67	57	22	67	67
45	160	58	169	95	169
50	87	87	89	87	87
14	11	11	157	81	14
24	24	47	47	47	16
57	61	61	49	189	57
84	6	39	84	6	84
93	147	96	16	147	65
56	53	53	53	53	61
61	189	47	96	47	96
33	33	116	86	54	116
62	113	149	90	95	118
89	49	89	119	49	196
29	29	29	68	26	29
164	164	60	193	55	127
122	10	10	89	72	72
75	75	125	67	14	125
31	15	31	77	31	31
17	36	56	80	167	56
177	11	160	65	100	140
76	145	103	11	11	36
51	66	29	29	29	66
73	73	61	191	61	120
63	43	70	56	70	107
88	82	107	7	82	82
63	61	62	62	184	63
129	130	57	41	173	178
127	127	106	43	127	188
52	20	117	93	122	178
34	118	118	133	182	79
118	116	32	110	117	134
33	72	48	79	48	33
117	85	29	85	182	10
161	17	25	17	25	52
81	37	194	83	37	83
97	69	97	69	91	90
44	38	28	44	38	38
31	20	106	31	108	20
88	8	191	159	159	100
60	89	49	57	91	74
97	29	29	127	38	38
161	102	45	45	45	45
13	56	56	43	40	13
87	87	63	42	87	33
31	36	64	68	31	40
32	99	70	77	52	176
185	150	132	150	108	37
168	42	55	12	66	55
86	46	86	49	46	86
70	19	59	70	70	180
42	198	147	99	86	56
35	10	35	75	75	88
79	135	86	116	29	116
10	10	10	39	56	10
23	148	148	88	62	148
69	177	95	100	141	69
155	96	96	96	92	98
85	39	61	61	43	39
198	64	43	198	117	107
80	80	115	81	114	115
90	192	132	127	23	55
46	13	46	116	50	50
23	90	87	43	90	90
82	198	98	198	38	46
170	97	97	12	12	97
109	33	51	199	180	48
77	77	101	196	176	43
50	50	66	14	176	50
71	25	25	62	159	62
60	65	116	98	129	163
18	133	34	139	186	133
150	166	166	128	128	75
186	166	130	64	107	112
183	183	69	112	180	69
46	46	53	46	39	46
10	10	88	186	117	10
80	36	80	36	156	27
8	49	26	49	49	49
34	121	33	177	17	184
73	73	192	76	27	76
22	22	22	60	26	157
57	49	6	57	6	6
167	24	17	105	40	115
56	56	56	74	102	44
71	50	81	22	71	50
27	31	100	27	157	31
35	140	73	86	86	86
34	104	34	72	30	166
9	52	9	37	37	37
70	56	44	40	137	111
13	99	186	180	200	110
75	78	75	24	24	182
185	47	99	57	99	57
196	9	43	69	69	43
11	11	72	11	11	87
37	71	50	52	52	52
90	86	49	86	49	92
196	147	89	169	62	32
48	39	63	48	39	48
147	149	70	198	35	124
163	127	127	120	76	35
137	73	61	144	73	69
45	90	199	90	106	90
34	45	34	45	63	45
157	195	111	197	111	5
157	139	26	94	157	36
30	50	84	116	143	134
141	72	143	98	145	120
82	34	150	79	79	82
97	191	40	67	97	40
13	13	51	98	31	13
88	114	24	45	140	189
64	110	64	40	40	88
38	83	99	33	38	83
139	102	139	83	102	186
14	20	54	119	54	14
16	54	8	43	8	43
76	36	14	76	76	76
34	72	62	58	71	89
61	89	61	106	89	48
93	92	88	88	93	105
108	73	99	121	26	37
56	47	47	56	47	19
30	194	30	79	109	25
39	195	165	39	120	50
17	195	17	156	16	195
5	67	67	16	5	5
77	20	77	21	20	77
104	94	46	177	94	46
126	125	26	36	99	49
66	136	27	66	69	66
14	14	68	106	55	68
82	18	20	18	170	18
33	149	176	149	9	196
96	80	22	143	22	80
103	119	6	115	44	198
145	27	122	17	133	24
26	162	145	26	72	145
140	96	109	109	109	35
80	68	68	45	50	50
99	7	126	21	34	22
64	156	172	10	125	172
197	5	23	65	65	23
59	119	112	79	119	179
86	69	164	49	86	86
61	31	31	90	90	23
73	82	82	82	82	56
37	41	91	91	41	160
64	19	162	50	51	82
139	151	56	59	162	24
46	46	6	146	88	88
21	149	171	170	25	35
8	11	61	61	61	61
57	59	55	57	172	59
42	78	42	42	11	11
65	109	20	18	109	65
142	153	153	83	149	23
29	29	91	91	29	36
38	104	62	52	98	75
99	12	48	43	92	171
91	91	31	193	31	69
160	76	39	76	67	76
33	46	33	46	66	46
24	87	87	43	163	87
23	41	102	41	23	47
91	28	177	39	39	177
26	91	47	26	91	84
58	109	94	58	58	85
147	148	157	73	157	97
94	95	39	36	36	94
84	73	73	49	73	49
26	68	26	68	11	26
113	55	55	59	97	59
55	149	66	200	149	55
43	70	28	100	70	43
163	163	52	111	18	18
55	111	96	61	76	147
50	26	12	116	180	178
152	117	81	7	152	18
115	16	19	23	19	172
60	68	68	42	148	60
122	180	147	180	147	81
56	56	119	56	170	29
41	19	19	40	155	40
5	98	61	5	5	95
22	172	22	22	62	7
28	156	57	97	42	28
80	41	56	56	56	56
109	30	123	146	64	95
56	77	20	77	56	77
71	64	105	158	16	65
64	64	90	64	81	64
8	8	17	30	61	8
20	71	82	117	166	30
39	39	41	126	71	39
38	38	38	78	34	78
31	158	31	31	18	71
115	115	91	20	200	62
172	167	116	97	167	172
193	66	66	41	66	42
99	85	103	103	63	63
65	65	75	39	45	39
64	64	107	82	175	12
92	92	105	92	72	72
176	152	176	20	152	28
62	164	82	49	165	174
57	114	93	66	66	57
60	60	38	12	60	12
61	163	20	98	61	192
85	113	85	62	62	62
187	93	31	115	32	99
158	23	112	120	10	86
134	6	19	82	19	82
52	52	39	52	63	27
190	97	97	97	97	77
69	11	23	52	129	69
85	91	82	30	30	30
33	57	57	57	33	93
152	31	108	45	31	45
25	190	99	80	105	131
137	21	35	35	20	20
50	182	13	98	83	137
96	113	51	112	96	96
124	20	15	20	15	34
22	143	92	91	91	195
53	15	53	116	28	15
23	149	23	23	78	96
36	79	148	36	148	102
94	21	94	94	90	21
177	129	15	83	26	155
81	74	120	55	74	74
98	35	35	98	41	16
134	58	79	147	26	13
79	11	79	11	77	79
195	13	195	100	6	94
86	22	22	22	35	86
70	82	96	82	70	82
60	111	30	113	60	60
67	146	35	119	67	142
79	9	9	17	9	9
42	22	78	80	42	80
45	62	62	49	62	49
48	57	57	29	57	48
113	76	28	47	47	28
41	20	62	50	62	62
171	86	13	146	146	91
56	142	26	63	151	95
98	51	108	51	136	98
75	71	22	71	22	61
51	66	198	154	154	195
150	58	15	13	194	174
5	60	5	68	68	20
89	16	157	116	134	120
190	168	93	190	19	84
33	18	145	64	24	145
104	78	197	126	112	73
82	70	28	12	46	53
35	69	179	25	69	25
60	84	73	116	60	84
41	44	44	46	120	41
87	98	55	172	196	39
45	13	159	57	45	106
38	88	88	20	38	38
139	112	164	119	134	164
156	133	165	156	119	99
145	93	23	93	23	60
16	43	45	47	16	43
70	32	32	112	32	32
27	74	50	130	27	130
37	9	80	80	25	80
84	50	8	84	122	84
189	122	146	97	146	122
153	82	172	172	82	67
9	57	43	57	57	57
111	59	103	122	111	122
140	63	171	10	5	196
89	25	17	27	27	89
125	80	97	103	61	179
11	11	152	152	36	9
105	105	72	45	52	146
25	46	13	144	55	59
185	63	50	117	65	99
136	74	171	136	80	74
149	80	192	32	42	192
114	52	28	31	28	132
33	33	57	106	29	33
99	57	49	91	57	49
32	131	185	28	194	28
54	19	32	54	190	19
51	51	94	88	88	88
176	13	67	75	157	21
156	52	56	93	52	93
69	69	48	69	69	69
51	80	75	15	153	144
198	198	103	107	103	109
33	37	33	64	64	134
6	28	54	6	197	28
13	12	72	12	13	184
67	67	22	95	167	13
47	93	47	98	46	46
98	69	101	69	68	98
55	103	40	55	158	55
60	124	14	60	14	10
37	61	106	37	11	106
64	64	81	9	128	128
96	185	96	33	33	5
185	59	138	198	50	73
9	8	54	9	57	9
35	71	54	154	44	135
133	41	41	41	41	90
84	85	84	104	85	55
150	87	18	87	18	109
64	200	200	21	131	187
90	37	12	166	37	37
83	99	83	99	78	99
48	108	170	84	43	32
189	168	189	85	168	48
64	103	158	94	90	128
35	54	61	15	54	54
61	19	19	72	19	72
62	68	160	6	6	68
36	38	118	132	36	38
30	87	49	49	32	49
20	74	74	62	74	74
113	144	127	33	38	144
103	34	84	34	141	84
54	68	171	68	68	28
150	37	37	150	6	198
43	43	43	110	198	34
95	16	30	30	95	25
29	89	11	89	109	72
52	67	52	80	67	11
49	88	7	84	7	84
49	116	67	49	49	84
12	12	78	12	74	116
7	7	7	33	189	6
22	20	120	143	101	115
58	14	40	42	126	149
190	101	134	88	101	134
125	171	129	57	84	166
92	92	105	92	22	92
55	173	90	80	90	55
70	39	39	26	26	62
75	74	134	89	43	135
98	98	24	19	19	98
63	73	63	50	80	140
47	111	51	32	32	51
117	157	109	117	109	68
81	69	97	100	100	18
118	121	153	112	153	52
30	70	135	30	70	6
35	26	35	167	87	87
63	63	44	63	10	63
168	59	83	188	149	48
97	76	76	97	76	6
151	133	68	104	145	104
144	70	144	165	116	16
166	102	166	152	60	102
64	10	69	10	180	64
54	108	19	104	54	54
148	50	17	79	79	50
26	53	26	26	78	26
79	48	46	46	8	79
26	26	15	37	153	37
25	5	5	152	5	23
19	96	19	93	96	154
12	38	38	77	90	38
23	184	24	24	58	58
171	47	179	140	171	140
57	30	75	75	89	30
42	42	102	158	158	6
39	39	45	82	84	45
25	25	46	25	27	25
66	68	66	169	66	66
58	62	128	119	156	112
21	164	89	21	89	62
86	112	86	74	41	156
51	138	36	89	89	138
95	5	19	169	19	116
63	23	23	43	63	98
12	68	12	12	72	12
66	92	194	76	185	76
48	110	42	77	105	108
48	98	21	21	27	98
53	98	53	26	98	98
18	18	61	61	145	56
158	114	85	111	65	135
82	79	108	108	194	104
187	179	175	141	78	86
131	131	89	152	152	81
169	117	62	184	156	45
99	57	57	79	99	76
20	134	28	28	109	20
74	15	188	43	134	197
77	15	195	122	15	68
25	48	44	45	185	76
54	54	48	68	68	68
144	58	130	122	144	62
102	115	102	26	84	26
161	17	40	95	15	172
76	95	99	171	81	37
66	66	66	14	84	66
106	78	172	187	106	146
102	100	84	117	96	117
152	50	54	127	152	181
57	91	48	124	57	124
60	93	154	154	93	60
90	87	87	90	40	90
48	48	48	48	13	127
7	80	7	88	21	7
20	20	62	50	62	182
141	8	106	17	55	172
37	51	10	31	10	10
25	33	129	118	33	169
54	96	115	54	96	96
84	57	181	84	108	112
67	164	73	55	199	24
37	37	158	37	36	40
13	119	11	199	11	13
25	49	81	25	51	25
165	132	165	132	25	156
7	7	75	150	75	34
37	99	44	99	99	123
112	72	42	72	92	92
14	20	13	20	160	58
119	182	164	68	42	68
9	9	52	58	78	9
37	159	147	51	38	55
88	147	70	58	39	88
67	68	66	66	177	66
21	89	36	70	21	21
58	174	29	106	5	150
31	31	31	31	61	62
71	71	20	5	71	40
141	20	32	32	109	32
12	151	42	69	180	44
120	120	11	120	107	122
21	15	15	41	15	87
138	17	119	39	65	38
65	56	56	29	56	29
74	136	48	74	136	179
124	110	57	106	30	111
14	67	35	7	168	95
35	19	19	35	9	63
53	135	19	19	16	53
163	161	78	190	97	37
15	110	100	87	15	43
142	142	82	142	142	142
89	61	87	89	31	61
96	96	96	75	96	16
120	78	78	93	78	27
65	27	38	65	65	65
92	92	113	45	61	45
107	114	145	145	107	199
141	190	91	27	10	67
86	86	55	117	86	55
112	86	13	86	86	90
98	174	59	119	118	191
154	188	106	84	106	86
53	46	46	46	35	86
170	135	31	34	135	73
62	11	88	160	11	11
152	134	111	125	125	144
60	22	95	95	95	22
10	60	16	70	22	35
60	60	71	60	22	66
105	122	76	49	150	150
193	61	184	61	184	7
152	32	132	148	17	152
165	77	115	58	196	58
80	53	95	75	59	165
27	30	147	27	103	27
86	25	74	91	74	25
170	170	193	26	45	45
93	93	93	24	188	80
38	184	133	38	42	18
55	70	20	29	29	171
72	84	84	72	72	54
7	8	80	80	80	117
177	30	19	91	177	19
14	57	57	193	49	14
50	40	126	58	125	137
28	149	116	98	92	131
184	188	190	53	193	27
37	59	59	40	40	85
184	18	38	70	70	70
105	69	84	69	84	23
98	54	98	70	82	70
114	167	92	92	31	31
81	53	81	81	59	21
196	150	150	81	196	33
42	75	137	68	42	42
33	16	102	102	53	33
62	165	105	172	112	109
34	34	14	106	162	76
6	59	59	80	59	6
154	200	99	16	116	154
35	94	151	35	54	94
33	10	38	10	33	60
159	10	20	94	10	20
62	97	8	8	77	77
53	47	20	53	47	47
63	82	70	82	82	71
26	47	19	19	128	47
8	119	27	27	8	33
22	30	178	170	170	170
162	95	95	14	13	13
87	82	48	79	87	87
175	14	55	176	24	67
27	198	76	85	40	197
44	154	141	154	141	45
116	16	140	97	186	140
12	52	52	12	15	52
44	43	22	92	43	22
82	79	168	169	117	13
110	63	9	86	9	86
22	75	22	16	75	80
99	60	53	53	99	17
18	75	75	27	76	18
90	26	20	26	102	102
88	19	51	19	51	189
182	49	111	24	66	162
154	14	44	82	53	13
36	106	63	36	32	63
45	71	71	164	71	36
109	120	134	82	73	82
147	43	43	39	46	39
60	30	94	65	174	94
6	75	75	116	6	99
115	16	67	25	16	67
97	117	117	43	117	105
45	45	46	41	45	45
70	56	70	49	49	56
106	105	115	77	77	105
57	57	12	91	91	91
26	70	9	25	25	70
111	76	180	128	136	111
72	74	72	72	72	75
18	68	145	155	8	167
157	90	90	69	79	115
97	65	97	151	86	97
55	173	68	120	158	154
70	44	70	9	70	44
73	57	43	73	75	73
190	76	114	114	49	178
117	72	156	31	99	56
10	10	135	60	10	25
22	141	93	34	24	151
13	56	78	41	78	56
75	136	29	15	140	136
58	111	111	54	15	16
43	59	136	29	131	17
51	58	58	88	58	22
27	14	27	14	14	18
108	109	47	174	24	84
46	87	46	14	14	120
11	62	162	59	162	11
79	85	57	90	59	139
91	91	64	38	91	69
29	56	76	29	70	35
29	14	29	39	53	29
116	24	123	123	12	145
83	83	33	20	12	83
132	29	91	22	116	22
110	141	176	13	52	74
40	133	50	50	10	40
50	25	188	25	25	36
166	77	120	51	59	91
165	84	100	20	165	37
14	147	91	14	91	80
99	9	99	99	45	168
52	11	66	11	11	52
178	72	62	148	62	64
26	81	26	71	22	71
15	37	37	37	37	28
182	37	46	46	182	49
165	165	21	41	40	21
160	81	160	112	112	136
98	18	18	65	112	18
13	130	13	30	89	30
81	63	81	117	63	68
12	26	45	112	45	26
86	83	83	83	70	83
34	145	116	170	199	56
63	36	36	90	36	75
96	96	38	125	63	125
34	114	96	40	15	15
49	49	65	32	44	19
83	193	11	11	71	83
21	136	119	76	19	119
17	36	120	20	44	154
78	141	94	72	94	78
110	47	147	104	186	185
169	37	52	127	37	77
83	83	83	57	62	8
31	17	17	60	31	114
38	151	180	25	151	161
18	183	80	80	49	18
6	125	146	124	189	88
93	95	136	93	44	95
98	161	187	28	84	117
61	51	51	61	76	45
133	40	166	127	46	58
82	86	52	80	82	44
40	40	63	83	192	40
55	36	108	108	51	157
90	102	69	39	58	23
64	20	156	110	20	20
132	146	132	46	146	140
24	80	85	12	70	24
49	46	31	43	46	46
40	80	66	163	40	40
63	17	31	31	104	17
82	40	82	51	51	7
63	63	24	24	44	75
64	126	101	118	144	27
17	14	110	17	45	17
22	81	157	90	111	12
107	23	28	23	132	23
165	11	141	45	16	93
103	192	12	157	192	50
156	83	83	30	50	83
54	43	69	44	69	43
195	59	102	96	96	50
166	75	23	23	52	75
116	121	48	133	10	62
34	34	22	115	195	22
59	149	10	15	80	180
92	92	79	79	77	124
131	105	57	57	116	67
78	43	43	16	139	78
20	111	87	143	73	122
84	41	175	104	41	41
110	55	83	102	55	83
67	73	50	73	137	73
43	195	91	195	195	86
23	23	56	73	135	23
76	105	97	61	172	67
36	132	36	70	180	35
17	62	70	8	8	17
41	69	114	75	41	41
73	125	124	115	162	19
198	45	73	175	152	63
119	43	92	54	54	43
87	31	31	79	31	79
25	67	40	25	129	25
78	35	147	72	153	33
63	32	63	8	36	8
169	94	94	89	89	116
31	11	11	91	122	91
20	16	129	10	94	116
51	55	36	36	51	36
71	77	79	77	71	103
96	18	20	169	18	41
199	47	52	195	101	195
65	48	25	46	65	65
18	48	48	48	26	48
166	39	44	44	21	92
108	99	99	50	31	125
91	31	31	7	31	7
34	153	80	62	163	64
94	56	56	56	176	83
111	165	111	65	177	65
189	33	69	120	33	33
31	48	111	78	78	31
81	135	90	87	59	44
100	42	86	42	159	86
81	159	81	80	13	80
103	67	38	86	38	38
78	46	14	46	46	46
52	53	81	70	81	52
24	65	113	95	65	65
20	92	181	73	92	73
80	142	46	81	130	160
116	23	116	18	51	194
137	169	196	88	86	74
28	38	75	104	75	75
47	177	100	189	117	61
25	71	25	78	53	25
65	49	29	49	35	49
59	36	101	59	13	36
11	27	33	80	11	113
119	85	127	24	127	119
123	39	26	39	39	32
79	108	91	187	79	175
94	47	94	80	80	82
43	66	29	29	43	114
8	174	38	8	10	10
40	109	181	94	76	181
50	87	83	40	83	40
62	21	40	40	60	21
36	36	77	94	178	36
14	134	134	69	62	120
35	35	5	35	12	35
118	113	20	68	20	20
10	10	157	157	38	63
38	183	100	183	111	20
148	142	38	156	148	139
54	24	171	24	110	54
50	50	50	52	50	75
20	22	148	20	45	20
128	15	10	67	10	67
113	92	92	63	63	46
148	10	62	10	24	94
16	67	63	136	16	136
42	42	185	91	100	91
178	80	39	39	40	40
73	78	147	161	161	78
12	51	12	51	51	46
70	70	61	80	61	61
95	95	10	115	10	117
67	74	47	76	18	197
104	140	27	189	140	141
70	28	82	28	65	72
5	71	77	71	48	5
175	129	95	41	89	172
144	98	98	64	171	144
45	193	59	131	125	131
80	98	191	191	98	191
28	49	28	28	20	147
35	113	35	72	100	31
31	110	190	31	110	48
54	35	83	25	35	83
90	110	110	17	163	23
196	98	172	113	123	101
103	103	39	103	101	52
62	45	181	85	128	177
52	87	44	82	96	96
81	196	95	95	130	39
40	40	40	75	92	75
72	171	87	169	118	72
25	22	25	25	25	81
189	93	70	38	93	86
30	62	123	123	110	62
62	87	19	62	62	19
90	95	90	97	57	90
59	59	51	59	59	70
90	54	197	58	90	58
42	50	40	50	33	50
12	15	15	64	117	12
84	97	8	168	153	135
172	172	44	193	54	172
41	20	88	91	200	88
90	12	40	90	111	40
27	27	22	61	61	15
57	56	56	5	56	75
62	101	30	30	12	173
184	85	184	77	77	120
17	21	77	55	57	55
108	95	116	131	49	95
63	54	76	15	76	44
193	140	68	196	105	127
26	27	73	46	46	27
118	44	130	197	48	197
133	40	17	115	17	40
181	135	68	130	77	81
54	53	79	54	75	75
168	144	193	28	51	132
68	28	28	177	28	20
38	38	40	60	7	7
67	67	64	67	89	67
152	46	75	103	25	25
74	14	74	14	14	93
118	131	6	6	6	25
10	42	42	31	10	91
55	133	42	42	70	70
82	150	91	87	23	93
107	81	156	31	184	157
37	72	60	72	144	60
69	38	47	46	38	69
89	58	99	89	69	89
118	19	141	39	19	39
38	38	87	25	57	87
82	72	94	94	72	94
55	30	55	76	70	30
33	52	33	179	91	52
101	40	91	73	73	91
117	64	87	69	64	87
14	85	14	86	14	14
53	88	56	188	80	53
156	14	105	156	47	184
34	33	33	42	34	151
137	111	161	29	25	187
44	127	26	50	183	28
72	24	62	72	24	130
23	195	185	195	116	116
58	58	34	110	110	166
81	57	57	66	7	7
64	95	64	195	64	99
62	17	37	141	141	70
83	167	189	40	167	67
68	63	168	102	102	168
84	40	67	40	168	29
9	85	9	54	9	9
12	14	66	14	66	38
122	122	67	197	80	147
185	107	168	43	91	168
113	47	50	51	40	172
137	98	130	146	80	141
162	60	162	121	168	121
35	162	37	197	23	102
89	44	89	59	89	44
126	51	47	81	118	126
60	8	8	159	113	8
73	73	102	63	36	36
58	56	56	51	56	23
28	87	110	96	193	119
130	110	130	130	85	173
22	13	92	13	22	25
83	143	50	78	154	43
78	39	78	31	31	196
43	28	108	28	10	10
35	100	169	146	35	60
103	114	199	199	57	81
82	82	62	33	62	74
7	46	7	51	46	46
84	70	153	85	85	100
48	13	13	50	60	48
85	32	111	85	13	17
38	27	38	167	27	38
88	18	172	94	94	56
61	40	40	10	61	40
24	23	63	24	24	78
56	29	56	56	36	60
43	74	52	52	52	114
31	28	104	94	31	94
6	6	24	6	24	40
147	75	67	34	72	73
53	28	28	56	25	28
136	85	19	136	136	44
108	39	39	24	76	24
113	87	113	87	60	11
127	166	40	127	169	169
94	52	86	52	98	94
17	53	17	57	57	185
16	54	94	31	16	16
62	29	17	176	29	17
69	89	19	69	69	33
140	103	195	97	195	109
68	179	58	33	34	33
10	148	41	43	130	105
13	13	107	13	16	33
17	85	17	85	70	109
96	181	59	101	90	54
182	86	119	116	119	116
60	154	164	67	67	16
26	62	26	43	43	26
27	143	10	66	70	166
21	68	68	5	21	21
183	42	156	96	65	107
61	80	57	80	69	61
87	105	47	63	137	137
59	117	59	130	180	180
46	46	34	34	46	21
65	97	23	154	65	23
120	15	116	114	85	133
106	106	113	132	103	11
18	199	113	94	37	113
152	79	79	102	65	65
42	58	42	58	37	14
106	24	39	24	89	24
27	70	181	120	181	31
200	121	179	179	25	100
58	37	37	37	24	24
26	84	26	26	76	26
133	182	67	133	92	92
117	63	85	85	63	85
59	28	28	55	28	95
73	39	73	73	73	22
71	14	169	71	49	14
78	78	23	23	34	23
110	115	196	88	130	171
22	151	64	60	60	60
53	53	19	19	45	184
11	49	77	77	79	32
58	42	58	42	150	106
44	30	30	30	30	52
77	77	34	77	29	77
13	101	86	24	86	86
80	13	44	105	103	178
103	113	100	115	89	71
20	87	87	35	102	87
92	58	49	92	77	92
26	107	95	26	11	11
58	136	77	163	52	24
51	21	56	56	76	21
47	48	48	142	83	48
22	166	22	177	60	59
15	15	15	15	67	65
185	44	89	89	44	43
188	77	43	163	188	77
195	17	157	178	141	78
80	128	115	63	80	63
62	139	139	156	62	113
48	19	178	48	96	96
143	48	44	149	57	45
81	21	15	81	81	81
149	25	25	25	28	22
74	48	29	70	29	70
62	24	94	94	62	27
95	90	90	95	49	90
19	19	81	112	123	196
14	76	14	104	31	14
20	185	58	36	36	60
64	26	42	102	64	64
23	20	41	97	97	23
176	13	64	103	176	64
76	151	147	157	68	51
181	14	195	107	107	94
155	28	33	87	48	149
81	68	68	30	36	68
86	78	86	78	14	81
95	78	11	192	78	11
98	94	152	178	187	68
8	86	21	8	21	68
47	57	60	60	161	60
14	66	175	178	84	128
13	32	52	32	25	13
18	84	48	18	18	18
18	18	88	86	42	88
68	24	24	91	9	24
114	84	199	148	44	84
88	59	44	104	88	35
49	114	49	119	95	23
61	40	20	97	20	61
46	101	193	178	44	46
59	82	59	43	43	31
83	62	110	131	186	165
14	151	110	151	110	74
87	117	51	87	87	51
19	16	67	19	19	29
102	166	87	87	94	87
38	12	165	40	12	165
82	82	99	152	99	89
31	66	85	61	85	31
165	16	11	167	39	167
37	69	63	175	69	63
120	138	179	64	49	179
57	30	96	30	49	86
98	17	120	17	32	17
16	97	97	97	16	29
60	155	99	40	60	99
67	90	90	90	147	82
79	64	64	32	47	64
148	156	156	102	199	199
32	32	29	178	66	32
97	91	44	97	91	97
66	162	97	68	66	68
23	29	107	23	23	40
16	13	82	82	16	188
105	29	87	98	98	29
123	64	54	64	64	97
28	156	165	159	180	85
107	64	35	30	189	179
19	27	27	90	27	91
62	62	45	55	62	34
53	101	86	86	53	35
170	15	15	39	102	183
80	41	107	17	17	41
77	77	18	17	77	17
66	66	66	87	101	111
12	114	142	117	114	12
140	15	15	140	55	54
125	125	90	37	42	42
148	115	148	38	114	115
69	88	69	69	160	72
113	65	12	84	84	65
54	49	49	42	70	54
92	88	88	92	51	88
77	64	93	74	114	95
54	55	54	54	72	72
114	71	23	42	75	27
169	77	77	99	99	31
63	36	36	72	36	63
85	120	98	98	200	85
24	106	182	194	89	65
63	58	58	19	58	58
88	53	74	191	24	52
36	151	162	162	83	15
102	18	82	27	18	27
182	111	31	144	55	144
60	160	160	94	146	92
11	20	87	94	11	11
122	74	9	179	43	122
73	105	46	76	73	73
36	188	24	82	36	82
89	89	140	140	138	47
58	166	28	39	26	26
89	54	81	81	81	146
86	85	86	96	96	95
54	10	73	54	10	54
47	22	22	47	36	22
38	38	7	189	113	36
14	14	31	19	31	31
187	79	167	103	109	90
33	32	171	171	29	135
13	119	120	77	176	87
30	30	67	30	125	46
11	46	105	57	11	11
191	67	95	95	73	119
155	155	107	28	86	32
8	44	86	8	23	44
13	13	13	52	13	88
190	97	153	190	61	153
111	127	34	197	39	138
77	88	78	13	78	88
42	42	53	107	42	183
70	71	11	11	110	70
55	166	31	31	31	41
42	116	116	28	184	28
68	96	33	33	78	33
98	115	115	80	115	34
98	15	68	68	52	98
176	14	32	46	46	32
38	56	67	67	38	56
111	93	112	62	140	150
74	192	108	59	72	179
135	49	96	49	60	49
34	36	55	34	88	34
87	146	48	48	118	48
52	18	62	62	62	52
54	54	54	14	50	54
19	42	180	19	70	19
23	88	61	91	61	61
94	42	42	33	42	94
73	28	45	45	28	45
55	32	55	75	59	55
13	34	34	36	63	13
132	139	51	108	40	61
47	200	46	142	17	166
97	97	70	77	77	48
117	87	87	117	40	112
36	18	7	36	7	13
38	28	84	12	91	91
117	97	45	97	45	45
144	57	97	86	76	66
99	49	165	99	99	80
19	119	59	59	176	19
72	88	62	62	62	88
30	66	30	118	14	66
128	128	60	131	104	196
11	11	21	21	187	113
157	78	75	40	75	78
170	125	31	142	200	24
30	109	67	109	187	187
196	63	126	19	75	105
30	54	30	35	30	54
46	82	194	152	60	152
169	42	85	38	75	192
92	79	79	44	18	44
173	173	90	134	168	43
94	25	25	67	67	67
169	188	49	151	138	105
77	32	24	11	34	174
77	70	76	122	76	70
36	36	36	63	36	8
12	43	35	22	22	43
47	47	23	119	64	64
86	54	40	40	54	32
26	135	96	26	96	34
89	87	87	12	87	87
89	8	8	57	92	57
117	172	110	20	68	110
43	87	43	43	99	81
129	51	21	51	21	97
190	64	44	44	98	44
11	48	119	73	11	11
67	72	80	22	80	80
77	31	61	99	31	31
43	48	48	48	14	114
80	160	93	88	88	80
12	23	39	39	148	12
72	50	50	16	16	80
24	24	45	57	34	57
186	95	147	53	95	189
31	82	31	116	82	114
94	29	94	20	87	87
84	116	48	91	79	165
22	93	13	26	34	81
37	20	8	17	20	37
43	164	102	99	43	102
39	164	39	24	24	9
153	67	81	110	34	111
89	79	79	67	89	133
62	103	65	66	103	193
88	8	88	71	71	101
133	162	97	162	40	133
42	131	72	21	64	18
92	92	10	87	10	66
70	46	8	128	8	70
64	64	64	21	21	98
63	31	75	75	22	63
104	64	77	64	47	64
86	77	58	86	84	58
63	55	47	63	63	63
87	128	12	12	54	54
44	44	82	116	44	82
72	128	107	191	128	40
116	128	116	72	53	184
74	47	47	98	95	47
52	60	52	162	34	124
36	32	96	32	36	31
95	112	112	156	156	116
91	91	24	100	24	91
40	46	194	84	194	96
79	79	29	79	57	79
126	15	13	120	121	52
189	196	119	107	91	33
45	29	29	88	153	29
190	29	70	84	84	29
85	77	77	78	77	77
50	118	151	151	31	15
48	125	97	97	48	97
86	86	62	96	96	96
16	16	64	82	13	82
166	48	108	145	118	86
11	79	11	11	69	79
198	58	158	113	163	83
52	70	73	67	67	67
100	165	141	169	139	120
33	51	95	95	37	79
159	50	117	174	56	150
116	116	54	166	116	58
28	18	16	18	17	18
47	111	59	59	103	59
78	124	93	193	176	135
28	5	89	5	89	151
55	158	55	176	89	158
85	146	41	33	24	85
83	44	60	40	40	40
12	107	107	89	134	134
105	117	78	105	123	78
25	59	113	43	92	108
83	142	87	67	148	71
199	116	51	87	140	140
81	81	28	81	82	81
67	67	67	75	67	15
122	191	174	106	176	126
155	108	108	150	19	155
40	79	79	36	79	49
87	74	74	68	87	87
126	187	140	39	120	39
30	92	199	99	99	30
43	91	7	72	112	65
45	45	110	23	23	45
147	73	174	54	54	147
169	183	168	35	145	169
62	82	62	82	147	103
92	70	14	131	92	70
76	59	73	102	73	79
94	18	59	18	18	59
69	40	69	69	49	69
17	70	132	132	179	70
15	34	72	97	34	72
73	140	9	101	100	17
46	74	147	120	124	74
112	185	171	171	178	10
107	116	179	79	66	182
36	36	47	36	87	36
17	26	193	17	107	26
63	89	48	63	112	63
46	39	57	57	39	97
105	143	37	121	48	48
32	199	65	64	147	155
28	16	16	34	16	34
36	163	163	110	38	106
109	13	37	13	157	23
189	95	111	95	95	97
54	77	27	141	47	103
176	28	48	197	117	196
14	10	50	26	10	14
141	151	174	134	189	5
26	26	12	12	74	158
72	72	80	26	26	26
94	94	160	52	45	52
177	79	79	50	50	177
65	27	47	65	47	65
182	98	91	91	90	90
55	109	96	96	79	112
57	57	14	57	14	103
109	71	71	83	83	73
115	135	188	43	72	59
20	163	86	86	137	163
115	21	118	115	115	57
86	86	81	89	44	81
89	60	13	13	88	60
84	84	52	84	78	84
85	113	138	138	40	138
47	21	51	104	21	47
18	74	116	18	18	93
59	17	48	14	17	59
83	78	148	52	49	112
30	30	28	90	105	24
56	56	97	97	56	115
90	86	90	10	86	165
22	138	22	136	18	138
80	185	80	125	185	21
64	64	14	88	88	70
5	162	5	76	76	40
86	79	90	189	67	79
182	138	78	77	182	77
122	20	50	122	22	50
135	171	178	200	28	93
98	179	114	183	179	35
70	127	70	110	128	158
7	88	7	59	34	34
122	89	79	89	89	28
70	61	40	87	100	100
104	91	190	118	199	195
42	13	168	181	176	137
30	82	82	30	115	77
89	69	84	23	84	84
81	78	78	122	78	43
79	33	33	61	33	29
57	96	108	55	57	96
26	21	40	61	21	21
89	48	89	89	68	19
33	16	16	113	64	16
140	156	54	184	123	112
120	20	20	51	20	51
66	9	9	178	83	9
28	121	121	48	71	69
57	58	57	67	67	81
71	106	200	49	130	20
90	90	141	83	46	46
33	33	6	33	5	33
76	64	60	60	60	76
33	61	198	33	61	101
189	162	48	82	176	23
91	29	29	176	29	5
200	161	200	35	200	94
21	76	130	117	76	76
72	72	65	72	72	48
84	61	170	61	21	61
132	20	163	66	18	80
39	39	72	48	28	59
80	77	80	80	170	78
10	185	86	86	191	98
103	44	43	45	45	44
56	103	56	151	103	111
84	183	76	188	64	138
127	117	146	104	128	50
86	13	50	13	86	86
51	53	180	110	53	103
11	178	181	24	83	40
21	84	110	21	84	148
19	18	83	83	22	18
153	33	33	61	28	47
82	82	125	31	80	82
119	38	103	103	134	97
186	137	91	23	23	31
46	46	51	46	51	43
113	75	75	91	75	91
60	62	109	50	62	60
160	196	138	160	61	196
105	105	194	16	194	112
142	35	110	145	110	47
74	83	7	83	83	83
104	105	144	97	12	92
156	93	173	145	93	78
65	91	64	61	173	11
106	65	173	90	30	26
46	46	72	72	135	34
120	111	158	93	21	176
6	66	40	66	66	66
31	195	144	195	114	18
110	71	81	129	86	186
123	192	10	171	33	175
113	25	21	165	69	149
75	13	94	60	60	94
58	185	114	50	72	44
114	70	14	161	92	147
36	138	123	15	138	123
10	15	63	71	184	10
6	180	71	73	71	6
90	88	90	81	90	64
77	173	69	64	69	69
148	72	90	26	76	125
16	16	63	31	190	16
12	40	96	40	94	40
55	19	32	32	55	160
51	84	76	64	76	76
106	163	173	153	173	163
85	48	189	63	48	85
72	55	72	67	186	55
119	11	22	38	11	22
37	18	18	87	16	18
86	86	95	29	36	95
27	183	27	27	16	84
10	79	10	134	22	22
34	60	43	34	43	130
56	14	100	14	56	14
122	158	82	7	82	117
30	89	15	89	89	151
6	6	20	141	6	69
103	69	30	103	30	163
97	144	49	60	59	23
14	34	14	14	162	37
17	167	17	8	17	37
8	8	74	8	89	100
55	96	53	61	53	53
190	80	31	95	10	174
40	128	56	150	38	78
10	10	10	59	35	35
61	107	61	78	78	27
157	73	12	71	157	73
162	98	87	18	93	53
86	59	96	11	113	11
108	83	200	14	171	104
53	57	57	53	53	13
54	44	9	9	135	54
7	53	26	53	53	53
165	165	182	46	190	95
34	80	24	196	34	80
10	174	20	27	146	157
47	116	59	47	59	59
20	82	19	20	50	82
8	116	79	79	78	8
182	14	146	146	182	96
37	35	115	35	153	35
136	77	128	32	126	110
90	143	11	127	123	110
82	158	106	168	113	61
69	99	69	116	18	99
33	33	154	5	92	5
59	70	132	83	59	70
57	57	192	57	155	150
188	17	188	43	51	104
9	194	9	78	83	78
57	57	57	44	27	122
88	54	99	167	15	71
56	56	39	118	56	39
62	68	62	68	108	62
68	18	68	48	68	41
69	69	69	85	44	44
15	15	22	109	22	15
98	80	80	80	98	51
41	160	118	175	160	63
26	68	24	75	24	75
141	191	170	63	91	168
65	24	116	116	24	57
28	8	62	8	28	8
73	10	33	73	19	19
74	23	30	23	23	23
94	128	36	94	89	94
28	28	155	7	81	7
75	45	101	143	101	45
72	18	72	39	72	72
134	101	26	99	99	26
156	7	176	50	79	62
152	49	25	25	20	49
193	125	25	99	113	153
56	79	100	79	56	191
162	131	175	162	32	195
26	119	10	87	26	87
139	39	159	23	101	57
136	160	77	78	93	61
134	92	134	20	15	92
65	138	65	72	80	138
195	79	118	105	136	7
13	197	43	197	82	13
197	76	38	36	74	156
45	65	108	45	65	65
133	84	69	66	55	185
62	92	41	62	62	71
102	115	115	58	103	30
95	44	44	32	173	95
13	30	68	113	13	30
98	188	156	51	188	105
100	120	13	153	167	122
14	195	14	10	107	14
82	120	103	132	186	103
52	58	27	95	110	122
93	77	93	21	158	21
16	8	92	16	8	153
66	88	38	88	100	88
38	50	38	71	38	71
13	196	82	13	6	6
143	48	87	143	174	47
68	177	65	65	40	73
58	35	58	35	158	93
93	195	139	114	192	139
43	74	197	40	43	43
70	70	70	36	36	61
65	91	101	14	140	154
13	78	58	78	24	78
21	49	176	49	21	8
55	55	51	37	55	88
100	86	79	86	21	86
64	60	80	80	80	80
154	16	61	148	127	104
111	152	33	104	97	67
7	7	8	8	7	86
161	62	188	169	75	136
91	17	152	24	70	152
32	61	31	32	32	32
95	172	172	13	182	13
102	36	36	72	81	36
75	75	39	75	44	45
87	30	30	165	91	91
33	11	38	11	38	38
199	199	59	193	193	193
84	84	88	84	64	88
124	76	89	171	76	124
49	49	83	83	19	181
10	142	126	75	109	126
96	96	40	62	96	88
69	134	148	148	51	140
122	47	124	71	94	192
194	159	109	66	66	173
143	48	86	36	97	86
12	74	19	12	19	19
52	52	52	52	66	15
66	66	175	15	16	15
54	96	45	54	96	32
36	50	70	85	50	70
93	126	53	27	36	64
96	51	51	153	121	121
170	19	192	196	100	34
84	178	143	156	156	178
152	68	188	145	175	88
41	193	81	56	100	116
44	139	148	101	191	34
127	30	104	24	104	37
165	88	147	187	19	152
98	60	40	98	60	60
56	78	56	169	111	78
40	88	165	64	64	181
179	80	179	129	129	18
43	88	97	143	156	143
101	171	171	127	127	147
69	83	161	144	123	144
67	174	67	15	29	34
30	18	26	26	26	44
11	198	96	67	106	55
183	48	41	64	183	186
53	139	13	53	53	23
93	41	74	85	85	93
23	23	90	90	11	90
26	26	108	16	96	26
10	65	10	65	109	43
45	27	39	116	27	39
29	29	61	34	34	34
78	46	90	95	90	46
137	22	52	72	140	72
45	78	45	65	45	78
165	197	11	165	197	137
181	67	143	25	25	143
14	14	89	89	14	96
83	107	83	61	17	83
57	40	40	85	64	40
87	14	14	14	14	86
188	179	115	172	15	28
81	170	6	142	26	136
37	36	107	71	33	185
18	97	18	97	18	73
61	117	191	10	196	117
34	139	117	108	194	34
53	81	23	23	53	199
198	62	127	101	109	99
22	89	89	83	101	22
19	11	25	105	95	19
43	74	92	74	74	76
82	48	95	104	95	95
93	90	153	194	53	89
163	83	114	143	83	114
166	166	62	66	62	117
80	13	80	13	95	80
189	82	115	170	115	75
162	105	103	182	162	182
37	109	85	37	37	72
6	61	23	23	23	23
75	75	72	17	70	70
176	162	108	62	96	176
5	35	26	5	96	96
66	29	66	56	29	29
64	64	70	106	70	16
140	175	175	56	140	98
50	50	79	56	50	79
35	35	79	110	34	79
200	196	130	45	74	69
161	76	159	173	64	150
36	8	36	69	36	178
29	14	5	5	29	51
60	177	42	14	166	23
59	59	90	7	59	90
117	117	80	66	10	10
78	78	80	120	28	181
17	17	144	5	5	34
142	142	108	100	102	102
32	32	68	42	87	62
99	77	77	99	65	199
15	60	91	162	162	60
31	105	14	48	48	48
28	28	10	19	48	19
101	126	17	37	55	180
150	150	74	51	172	137
111	140	87	10	22	25
65	65	67	65	39	147
29	16	16	16	69	16
71	56	83	71	71	90
26	182	182	135	97	77
143	21	46	174	141	174
75	126	56	176	96	166
18	15	93	15	84	15
48	101	89	146	101	24
19	31	19	45	31	51
111	194	154	88	112	94
130	55	38	77	14	151
32	44	35	91	45	83
41	41	41	22	7	22
13	70	22	22	64	22
42	82	62	42	42	82
26	163	58	163	124	189
49	36	49	41	52	36
21	122	17	21	194	82
48	188	63	85	117	184
72	69	78	72	52	78
52	153	11	14	55	100
82	97	85	85	85	81
62	68	62	62	68	101
119	71	57	57	71	102
62	71	71	71	69	69
42	37	39	192	186	38
64	28	48	48	28	28
106	44	86	86	96	44
179	58	11	66	89	41
24	183	118	134	118	62
185	49	72	120	49	195
78	114	114	78	102	33
87	87	22	159	159	33
130	46	79	189	23	189
65	51	54	84	80	24
188	84	84	64	55	55
170	43	43	30	197	197
50	67	50	100	67	162
10	169	29	50	169	50
28	21	28	28	21	66
22	52	46	22	46	22
180	43	131	131	84	12
93	20	53	95	172	183
77	10	188	77	97	18
43	30	43	43	40	43
25	161	161	25	106	191
152	90	138	94	152	65
5	5	117	84	91	84
42	140	79	79	42	105
6	12	7	7	6	6
124	86	94	42	169	189
81	40	40	81	40	65
61	21	83	21	21	21
99	99	57	181	99	76
73	73	159	26	37	37
144	140	71	100	144	162
116	104	104	197	56	11
136	52	34	40	52	47
64	95	63	156	63	95
80	9	9	9	45	113
159	45	96	159	24	96
189	76	76	109	76	76
193	110	193	128	44	147
160	83	42	152	195	106
77	92	89	89	92	134
27	48	110	46	110	48
127	32	51	32	184	101
18	172	14	14	15	14
48	82	82	82	82	62
93	63	20	20	93	98
94	77	94	175	94	66
51	51	44	44	95	194
17	38	38	38	34	6
29	10	42	29	10	188
45	19	77	15	15	88
36	104	142	197	97	25
158	128	7	120	128	123
28	153	103	28	32	161
151	10	72	80	10	10
57	26	26	89	26	75
156	111	84	86	34	170
41	47	47	41	104	146
68	117	57	68	57	57
28	33	200	28	84	28
69	90	80	199	199	76
12	55	55	64	64	65
11	11	59	27	33	11
141	42	42	29	42	85
59	110	96	140	162	142
108	135	79	108	108	76
83	23	62	83	177	83
43	55	43	149	89	43
73	35	82	86	85	85
51	45	98	51	51	7
54	36	22	36	54	33
34	50	76	67	50	67
115	23	33	60	60	33
15	20	83	83	47	47
50	44	44	141	79	141
95	85	171	41	27	95
89	71	10	137	10	89
14	57	57	176	38	14
33	143	132	200	41	199
7	39	86	39	39	39
59	83	59	83	120	83
119	33	97	68	134	145
165	163	196	77	163	165
143	147	101	143	147	79
57	34	57	11	57	75
85	20	91	61	90	20
16	18	68	98	68	18
50	98	50	38	98	98
88	85	85	47	88	85
54	64	191	14	180	95
30	95	174	12	92	174
73	116	73	38	79	73
43	121	172	44	44	121
33	113	75	75	33	33
71	71	80	71	80	161
62	54	83	83	67	67
151	84	121	94	21	59
137	170	82	27	140	64
93	98	185	156	135	185
22	110	41	123	123	89
25	14	172	83	153	25
71	76	72	200	70	180
28	11	99	11	99	91
53	19	66	120	19	53
103	164	181	68	56	104
77	46	86	66	46	77
174	28	158	119	167	174
80	80	80	93	33	93
38	93	93	95	18	95
7	75	22	7	22	200
177	31	31	31	55	62
79	11	11	73	73	11
199	109	36	28	109	28
104	69	153	57	54	153
55	193	149	65	48	118
82	131	46	167	131	107
52	78	32	52	32	95
190	175	68	158	114	83
105	55	55	58	52	37
31	51	83	79	31	83
199	62	36	161	114	134
23	51	25	83	109	19
172	133	160	114	93	166
50	79	53	64	64	64
87	104	66	133	66	104
167	87	111	114	87	111
17	17	126	39	39	64
195	63	100	97	158	155
63	45	45	45	87	45
199	16	16	199	120	75
87	68	7	7	87	94
41	65	19	19	65	194
54	200	84	93	71	71
44	102	115	115	10	81
48	51	13	16	142	175
155	114	85	85	59	30
46	60	137	110	60	46
59	36	59	59	90	132
183	145	35	136	98	6
40	40	57	16	16	71
29	33	33	46	29	33
53	88	12	87	53	12
137	163	36	137	153	153
175	173	18	198	23	34
31	136	136	13	189	16
71	71	27	27	79	71
50	166	71	131	81	194
12	12	98	67	67	98
118	101	126	27	63	195
98	21	21	87	92	98
57	198	170	148	28	66
12	35	50	196	12	44
37	12	103	12	37	37
61	17	95	125	150	125
35	66	50	35	79	79
117	27	25	27	197	197
110	156	139	42	11	109
37	37	5	137	5	103
95	95	175	95	13	81
32	94	94	94	82	74
74	74	60	40	53	74
39	144	51	144	43	147
16	175	21	113	153	13
24	43	24	40	43	173
103	29	128	30	142	158
67	120	42	174	42	67
113	103	103	64	113	113
17	90	9	61	61	9
150	146	199	59	135	135
49	20	48	20	48	48
150	37	91	91	60	91
24	105	20	87	24	20
162	97	27	13	93	150
178	138	178	65	72	138
105	61	131	105	131	171
75	200	14	198	176	56
198	21	198	157	198	105
179	97	68	143	179	38
94	102	185	72	133	87
111	131	58	108	107	36
60	200	155	200	155	89
55	94	37	110	37	55
35	150	35	98	49	98
53	53	53	29	59	46
193	151	180	59	143	180
19	120	19	19	31	75
152	98	178	166	28	166
80	95	95	54	56	95
16	76	8	76	16	127
31	29	15	61	67	140
115	108	192	184	108	192
40	21	193	21	43	21
36	36	6	36	107	6
49	92	49	90	54	49
55	126	24	59	62	126
84	116	84	178	40	84
83	185	188	113	55	182
10	90	29	10	29	45
97	33	23	168	71	43
66	166	66	58	103	166
41	19	92	19	34	92
94	31	152	177	177	94
93	87	65	87	93	176
73	64	174	78	29	178
86	50	86	86	88	80
54	54	18	18	78	57
108	36	52	54	141	141
16	46	46	66	75	66
7	93	68	7	95	68
163	188	163	137	161	5
72	106	98	72	20	172
37	16	16	17	16	16
66	119	76	170	181	72
94	148	114	110	120	122
51	93	51	54	72	93
173	62	11	80	150	25
68	117	14	63	14	63
71	71	117	7	91	91
45	79	116	159	27	27
172	51	44	25	28	58
95	95	103	95	106	17
18	111	195	56	56	195
53	129	53	79	79	115
151	46	89	74	90	52
52	47	142	47	17	17
72	20	74	9	20	9
31	31	44	45	18	44
82	23	16	16	16	49
34	98	125	109	140	142
58	54	58	54	54	112
70	44	70	197	63	63
39	42	57	28	42	42
199	148	94	49	199	118
5	83	64	64	83	41
85	129	44	85	52	85
95	69	95	93	69	95
141	46	20	168	21	124
66	24	8	65	96	96
18	121	63	86	83	86
12	99	68	68	26	99
26	165	95	152	49	51
91	154	107	154	154	178
17	107	17	40	12	12
198	128	168	198	72	168
146	146	30	168	79	146
96	131	89	27	96	27
142	21	115	21	67	67
63	96	63	95	15	15
14	13	14	125	14	98
85	113	24	85	85	40
92	174	142	127	142	174
81	115	100	113	130	50
68	172	116	116	172	76
45	144	98	45	98	105
76	31	112	66	76	66
118	154	20	46	46	118
90	23	90	80	90	44
40	40	32	73	40	32
77	99	67	92	77	99
154	29	51	29	114	154
63	13	115	192	159	63
45	47	47	11	172	84
152	18	18	60	60	13
101	71	184	54	71	24
91	18	8	91	18	91
107	54	71	54	37	54
31	77	10	14	149	172
13	87	87	14	14	13
114	107	37	103	196	90
31	55	56	125	104	55
83	184	112	43	13	147
114	11	80	80	39	39
147	108	139	109	18	115
117	68	42	68	59	59
95	198	27	198	35	95
183	183	183	184	53	120
46	23	200	46	38	23
68	69	71	68	48	48
73	79	81	108	92	179
43	145	43	43	55	90
8	47	8	7	47	8
33	33	83	20	33	60
29	43	29	43	74	29
54	50	149	84	84	54
131	90	181	90	90	90
167	181	197	197	49	118
21	55	55	18	21	21
75	66	54	75	66	161
135	62	17	153	75	62
103	74	68	74	68	77
41	57	41	41	41	34
92	81	170	15	194	150
20	20	198	83	83	101
39	134	88	125	24	187
11	11	94	148	78	94
32	32	40	5	5	32
78	46	196	143	14	25
28	93	28	93	39	28
76	90	82	82	45	82
196	66	82	74	66	66
77	133	110	117	72	182
20	20	64	20	94	93
165	40	157	157	165	27
81	86	135	40	99	145
144	144	146	110	146	86
38	12	38	164	139	61
97	69	97	54	17	17
102	102	73	66	83	34
98	98	88	77	88	98
80	43	23	80	23	99
80	80	41	80	19	19
44	47	187	20	66	109
84	44	44	90	44	77
47	16	47	85	173	47
15	76	76	15	15	28
72	72	10	10	49	72
110	59	59	59	11	13
45	40	23	121	121	40
191	67	184	179	112	101
25	130	25	25	93	116
53	44	8	60	8	44
133	176	166	169	133	91
59	99	68	99	59	155
100	137	164	17	181	131
28	7	7	43	109	43
21	71	71	41	21	11
184	146	146	46	63	46
144	68	76	68	68	68
16	16	59	59	59	92
86	69	69	86	43	15
27	48	40	79	79	48
36	36	29	36	70	51
41	27	27	60	93	27
81	49	164	122	43	147
22	92	38	92	92	22
88	95	95	95	195	72
21	21	21	87	114	29
88	72	72	72	93	95
113	27	27	90	6	90
43	35	162	35	48	44
148	148	60	184	173	120
147	137	146	51	41	89
113	18	32	18	63	18
87	72	47	47	72	28
44	111	161	173	194	11
97	97	123	15	31	15
88	118	37	118	83	37
12	42	42	12	48	181
107	98	117	102	21	126
26	37	37	37	47	71
149	31	103	34	18	34
23	23	25	63	23	23
61	87	61	53	180	162
195	26	26	26	41	39
20	88	79	79	20	107
39	14	39	14	61	39
62	62	62	114	30	30
62	59	83	128	46	177
52	67	99	72	99	52
121	82	12	144	159	31
24	130	24	112	24	22
20	41	20	71	20	20
44	44	46	184	113	14
29	191	103	191	48	140
79	44	74	74	46	79
56	62	67	93	56	93
10	69	132	69	10	120
85	5	48	48	48	95
82	29	87	82	29	82
24	33	129	24	136	94
98	26	26	15	48	48
28	120	140	53	16	57
7	7	110	91	91	112
21	105	105	18	21	110
35	84	48	84	35	27
116	49	49	30	49	10
67	65	20	67	65	156
170	94	81	129	37	33
69	94	54	94	156	54
18	33	104	114	138	134
11	154	145	118	71	118
12	61	34	61	115	12
22	22	22	76	21	72
129	45	31	45	106	31
12	47	84	132	78	67
11	40	186	11	88	88
35	30	123	190	11	140
68	71	89	52	71	71
71	47	92	47	24	71
115	49	115	84	131	49
15	58	81	15	100	15
177	130	29	79	177	89
49	49	15	56	49	49
70	70	200	171	38	99
127	115	55	21	41	37
101	16	9	65	65	65
61	79	75	79	79	77
92	38	18	38	92	106
19	26	80	80	80	43
141	71	33	137	14	182
157	166	157	187	88	166
192	192	45	148	45	41
39	185	11	11	44	79
77	80	94	93	93	80
184	125	113	54	163	47
96	59	41	59	134	96
62	62	62	62	25	51
33	69	168	69	83	83
93	105	199	82	39	73
11	86	177	67	86	177
25	141	71	61	141	98
24	53	24	195	195	93
106	60	60	70	20	139
153	127	15	86	64	69
30	32	162	100	116	141
34	5	84	34	30	34
64	10	45	45	45	45
9	75	42	9	9	42
58	199	42	94	79	20
53	44	72	72	72	78
122	36	62	115	122	150
51	98	29	51	64	51
18	78	18	137	10	10
60	41	91	118	136	169
78	73	159	154	32	32
46	50	16	98	16	50
93	99	80	139	99	99
141	132	18	170	21	188
8	8	99	15	46	99
93	83	93	87	65	93
71	83	76	71	28	83
41	96	96	39	41	41
141	141	106	132	145	132
39	82	149	144	95	149
30	135	110	196	121	84
161	54	14	116	169	96
31	198	144	114	135	118
72	22	68	72	72	136
120	47	168	32	16	99
69	23	34	51	139	69
41	26	29	29	29	26
89	89	74	93	74	42
47	123	45	45	123	37
85	85	56	102	175	85
89	151	95	62	88	47
34	34	24	65	77	77
98	176	98	93	58	93
9	66	24	87	148	153
19	192	34	41	19	34
87	15	15	19	142	160
52	59	52	52	14	45
41	68	41	41	91	86
59	72	58	59	184	58
29	48	48	48	12	48
98	196	196	93	116	142
59	90	157	151	57	41
21	21	21	56	56	110
63	49	49	49	81	74
162	29	97	53	173	61
87	87	69	169	69	106
11	11	62	46	62	36
142	88	83	11	186	101
125	125	61	101	166	19
64	54	64	43	54	64
85	89	88	89	25	25
12	74	41	74	74	12
50	56	50	59	56	28
141	127	161	183	29	89
17	57	13	21	167	167
75	57	200	185	98	184
84	84	84	75	19	94
7	157	180	116	180	31
114	85	6	6	6	85
169	56	57	176	61	20
187	11	150	60	76	193
57	71	57	81	112	71
86	86	23	136	86	63
64	10	146	10	8	172
95	95	109	95	68	43
88	65	25	109	65	88
36	68	99	36	68	36
71	90	73	62	73	90
136	136	95	119	125	125
156	66	57	57	97	57
35	25	41	5	41	41
93	93	77	97	93	97
31	158	31	158	63	137
153	120	142	108	105	75
99	99	115	5	99	72
9	13	49	13	13	141
48	117	136	21	21	157
100	95	188	198	160	17
153	164	61	172	31	199
68	83	59	64	48	163
166	115	135	74	28	40
18	18	61	39	61	99
63	72	53	72	173	174
14	69	69	69	19	14
179	185	116	185	38	179
65	50	50	33	50	50
53	53	40	104	53	40
87	84	124	65	54	65
39	166	60	60	39	116
13	93	80	160	13	80
163	152	169	107	83	41
23	95	95	14	14	77
82	12	11	11	152	12
34	34	34	34	35	34
146	38	31	81	181	199
28	28	16	8	21	28
96	74	186	80	62	66
21	56	21	56	49	34
30	186	163	163	174	174
33	154	65	144	131	136
56	42	68	182	42	147
186	38	154	117	21	138
59	93	59	115	93	73
20	62	183	183	86	183
63	185	111	55	40	55
80	78	139	124	124	185
166	33	68	159	98	20
80	166	80	75	63	63
87	13	65	87	65	145
120	12	83	83	83	79
171	198	65	185	129	117
70	31	40	31	40	30
13	20	140	78	78	20
5	11	13	13	13	11
29	184	38	176	26	176
24	24	91	91	120	118
92	11	11	92	27	104
25	67	25	67	18	25
106	40	73	93	73	40
64	117	117	117	70	116
65	119	65	166	89	65
83	11	11	73	91	11
32	23	75	23	75	165
11	51	24	51	11	89
42	42	29	42	112	40
73	55	39	73	143	73
160	161	112	11	11	160
22	22	31	22	94	106
103	75	151	130	103	45
87	87	75	191	22	191
77	29	76	195	29	77
49	70	28	70	14	49
49	152	152	49	119	41
74	133	24	101	185	16
71	68	22	22	71	115
35	194	48	7	154	85
41	94	94	40	41	65
82	82	34	82	58	82
16	55	16	56	69	55
81	20	103	29	81	81
40	82	80	17	82	80
23	158	134	23	15	108
38	70	71	194	168	167
40	87	87	146	47	100
108	137	13	113	17	108
99	17	17	41	99	7
184	146	50	71	177	70
18	18	18	10	21	67
20	87	7	7	20	20
86	39	97	39	39	97
20	43	104	20	104	200
79	42	27	79	174	42
36	66	66	47	63	47
55	65	65	65	65	22
40	33	33	33	169	16
129	115	86	115	25	108
135	195	33	175	52	33
10	10	29	49	185	10
104	46	66	164	84	43
68	67	68	42	68	64
87	116	180	198	198	162
56	137	98	74	20	176
72	68	72	72	115	25
65	43	90	18	69	52
52	52	28	28	28	100
45	46	174	46	21	46
13	29	13	13	7	13
20	95	20	80	195	20
158	142	159	158	78	19
93	28	54	168	161	73
24	151	180	151	124	90
151	47	103	63	23	122
105	124	85	83	87	105
156	54	20	20	44	44
78	43	21	78	21	78
69	32	49	49	69	197
161	93	90	78	91	139
142	61	27	192	161	79
83	75	75	113	33	33
71	13	71	44	67	71
70	106	20	60	106	159
178	63	95	38	87	178
197	39	8	176	176	51
78	77	33	88	78	78
25	20	161	20	83	83
76	53	23	76	29	23
31	76	31	90	31	31
117	68	66	80	68	68
159	81	43	18	81	81
187	118	155	55	193	54
69	147	80	50	69	50
48	149	48	73	41	73
10	122	122	10	25	189
160	163	163	38	61	180
60	90	27	12	27	12
17	90	90	90	13	90
85	10	10	10	59	28
84	91	84	89	84	45
84	83	51	104	84	83
70	64	17	70	53	64
82	163	56	104	168	105
172	41	14	60	197	22
22	175	62	62	64	64
78	42	26	78	32	78
125	80	90	125	13	10
62	30	25	30	62	30
63	100	92	63	34	92
33	99	41	99	119	99
82	62	65	108	94	82
169	26	91	70	126	135
53	16	7	7	7	131
71	33	57	10	29	177
119	113	113	129	129	19
105	10	5	10	5	10
42	176	57	42	57	101
74	68	68	151	113	51
19	7	7	106	98	7
61	82	114	61	82	62
74	88	74	157	37	88
20	118	40	20	20	40
150	159	175	159	150	38
52	88	52	96	88	88
99	83	83	19	18	99
199	112	199	27	43	27
43	90	50	21	21	90
69	77	69	18	77	77
15	23	5	15	10	23
20	21	68	82	82	68
152	98	49	158	98	111
55	36	36	87	36	119
25	55	74	74	25	74
65	64	39	39	65	65
20	185	10	128	31	23
68	64	6	185	64	64
102	81	59	81	81	59
95	146	71	111	144	35
199	68	20	68	153	153
27	53	27	57	22	57
104	23	46	23	195	104
132	186	67	67	24	120
17	134	147	24	121	60
71	45	162	162	155	87
96	66	78	25	96	78
158	12	75	12	102	59
22	83	26	26	22	22
102	116	102	86	155	20
147	200	7	160	147	85
95	185	58	95	65	58
27	27	102	37	27	65
78	154	120	94	128	154
47	10	10	25	59	10
44	119	102	102	102	86
114	38	14	14	124	61
199	193	186	151	74	110
99	33	21	66	33	49
46	69	104	69	69	107
9	12	124	12	99	9
155	165	106	45	124	66
20	13	13	126	110	13
86	53	47	86	99	53
108	44	102	102	30	108
134	45	73	152	190	188
187	27	177	105	45	138
12	55	55	23	55	55
63	38	32	38	63	63
83	11	83	83	99	99
17	67	87	38	87	67
37	43	42	42	42	43
190	72	72	115	70	70
78	31	51	31	13	105
85	24	81	81	85	114
76	146	76	13	120	13
115	49	127	173	127	116
100	40	153	48	17	120
88	59	176	143	100	143
19	63	63	63	63	30
44	44	14	91	128	14
66	51	153	117	66	51
74	156	34	74	183	183
119	151	151	75	21	108
20	56	20	20	26	20
50	56	50	56	19	50
46	134	103	66	103	46
194	194	58	75	74	76
52	87	55	55	25	52
127	113	183	127	127	37
165	149	118	96	30	197
169	135	135	194	169	77
31	64	31	31	43	31
46	13	46	70	91	46
70	188	20	188	187	62
37	195	195	65	135	170
41	69	41	41	12	41
22	157	169	45	157	45
195	91	60	43	43	11
58	48	58	58	106	74
113	68	119	159	32	109
130	131	114	30	32	131
53	94	167	53	94	96
49	49	154	49	19	77
129	77	68	96	156	14
11	66	99	99	66	38
96	23	124	23	86	86
93	105	11	93	7	93
31	101	64	64	13	14
182	28	134	89	41	135
75	101	75	89	131	192
24	49	49	113	99	99
53	70	53	115	70	45
105	168	153	168	75	187
59	37	116	37	59	162
157	64	51	181	51	157
119	119	151	91	94	94
22	33	13	33	71	33
97	174	60	78	51	175
107	96	84	65	96	84
75	8	8	22	75	40
79	77	117	177	90	36
33	95	127	32	95	73
198	186	135	87	91	48
91	73	50	50	50	112
57	102	19	19	57	187
11	11	11	157	92	46
82	87	64	82	82	89
99	120	80	99	19	80
98	98	79	98	34	176
110	64	126	130	93	110
40	174	32	40	10	45
175	49	49	175	29	50
125	89	46	46	55	46
65	66	52	52	52	43
174	120	174	31	186	174
145	32	85	145	76	151
140	41	79	25	107	79
162	156	60	120	93	111
69	82	82	104	69	88
189	73	73	73	73	73
23	23	22	50	23	70
8	8	63	63	102	8
162	38	159	161	66	77
176	116	176	56	99	99
99	99	80	73	195	99
43	63	63	63	135	43
38	48	45	48	48	48
161	103	133	103	94	133
34	56	81	81	191	34
26	45	89	128	89	157
182	53	71	93	71	60
41	114	112	76	75	46
79	79	83	29	83	90
71	17	17	19	98	19
147	102	68	47	47	68
88	85	110	88	103	85
200	47	55	200	55	71
84	37	142	84	66	66
91	30	30	91	16	109
37	96	77	199	119	96
176	59	99	99	176	176
43	81	20	113	175	39
131	43	200	49	198	107
12	26	26	78	26	26
131	98	59	126	59	74
36	108	64	191	36	36
77	81	99	125	18	60
60	61	189	60	134	18
8	38	8	69	8	117
65	12	12	16	12	16
113	31	67	196	143	67
18	177	18	47	177	117
79	145	176	176	45	70
16	27	27	34	85	27
16	16	30	30	30	65
28	28	99	98	41	99
93	110	58	97	97	93
114	138	24	11	11	114
71	180	80	180	14	75
105	106	98	55	23	109
101	153	45	79	154	57
58	77	13	170	58	13
52	51	131	51	60	60
74	53	22	22	74	135
67	67	68	68	97	156
7	7	83	46	47	7
112	152	26	17	17	26
26	26	43	118	115	43
16	137	92	47	70	128
14	33	61	168	138	53
14	14	68	108	68	170
7	7	132	7	43	67
6	76	46	19	6	6
130	57	130	173	172	105
16	16	50	40	16	40
175	81	200	175	51	187
34	20	34	41	20	68
36	36	134	5	36	33
35	132	132	149	5	35
57	57	42	47	83	42
64	46	23	46	46	46
68	68	68	75	190	100
43	120	176	21	21	43
78	59	59	59	78	23
188	84	88	16	88	82
89	140	182	11	97	31
26	26	26	64	26	89
38	7	38	110	63	63
43	141	27	172	141	43
132	112	16	26	33	150
40	17	17	17	74	74
82	35	35	17	82	199
106	53	37	111	53	106
153	130	139	178	117	157
23	111	164	136	19	48
98	67	98	73	67	98
148	100	128	142	180	133
142	63	102	63	142	185
17	17	83	124	35	35
36	199	199	47	6	178
59	38	153	38	17	38
162	93	95	110	95	105
15	120	170	91	91	15
97	97	33	8	33	84
34	66	51	131	120	168
198	10	82	58	10	82
97	111	83	186	186	111
78	88	88	120	88	77
66	65	65	23	149	14
166	52	68	68	56	52
181	71	144	196	56	157
108	151	21	151	108	111
86	34	34	86	80	152
176	176	196	120	196	50
77	48	77	68	68	68
27	81	26	101	8	82
175	148	69	122	122	46
75	75	186	75	43	43
88	51	82	82	63	88
109	101	56	50	21	56
34	60	36	60	60	60
60	73	73	17	110	17
26	163	26	193	126	58
53	170	71	65	53	53
174	29	70	174	66	176
76	53	53	53	47	21
132	122	52	84	132	52
70	14	42	110	181	108
126	162	126	193	162	9
35	190	144	42	59	38
175	162	98	48	99	48
89	28	187	33	28	28
126	48	126	80	77	126
68	45	14	185	14	68
122	40	41	77	175	50
66	66	76	66	66	9
172	167	167	100	52	179
32	13	98	32	42	98
71	48	71	162	184	48
147	29	95	194	194	149
41	80	11	11	11	11
7	9	53	7	89	9
79	6	79	44	6	6
35	31	180	35	92	31
112	71	51	106	106	51
15	64	67	67	67	67
45	9	78	9	45	55
55	185	106	114	181	147
64	44	44	169	11	44
14	42	71	75	21	14
41	32	17	110	41	32
159	13	28	128	159	118
172	76	90	90	11	11
21	89	100	23	89	21
17	27	17	123	27	6
193	33	80	33	35	35
80	38	108	92	38	92
97	97	15	154	41	15
65	198	66	43	74	176
97	48	11	48	11	114
28	33	18	74	28	33
55	82	82	29	82	35
150	35	148	103	120	140
45	45	109	127	99	99
81	59	68	188	59	68
65	185	31	193	185	31
156	64	159	157	86	106
134	156	39	139	146	96
18	42	35	18	42	46
97	30	65	30	108	30
49	49	23	23	137	27
21	21	108	53	21	101
167	22	43	24	24	22
9	7	106	9	7	7
100	18	122	100	19	66
141	84	131	10	19	17
10	82	87	82	82	115
80	107	99	99	97	97
24	46	86	86	24	71
116	68	16	116	53	19
79	79	86	60	20	104
96	148	144	102	148	102
9	80	80	129	89	89
17	38	20	20	43	43
90	56	49	48	56	56
60	88	17	17	65	88
28	28	28	116	63	47
78	83	28	83	78	47
52	52	20	165	20	17
17	123	147	30	97	81
36	114	112	33	31	166
32	32	113	138	62	62
78	43	119	141	195	121
38	48	35	40	49	162
86	86	86	78	20	20
92	37	132	138	72	141
7	80	109	72	109	80
80	88	123	80	118	80
111	21	72	23	21	23
180	28	28	94	28	36
159	15	159	100	19	90
98	28	28	84	28	84
67	45	71	45	57	71
78	24	119	24	186	78
92	142	171	178	88	171
85	82	85	82	45	94
74	125	47	57	47	47
32	21	32	13	13	32
105	31	15	15	15	199
102	10	184	130	44	75
82	18	41	97	165	90
176	124	110	77	75	21
23	70	70	70	81	23
193	35	140	152	10	164
82	39	196	196	82	17
36	6	193	86	6	36
45	123	123	102	107	130
83	75	28	83	75	75
21	8	44	27	21	8
115	192	114	147	19	115
115	70	34	34	137	187
5	30	5	30	30	116
19	11	88	61	85	84
68	68	113	31	68	31
96	203	75	203	16	65
26	47	26	51	26	185
157	157	163	183	112	196
33	128	112	69	112	86
82	54	54	88	180	82
38	58	186	65	31	195
95	95	70	52	52	67
191	73	61	87	183	159
69	44	34	44	38	34
99	106	34	34	45	45
35	35	82	55	35	35
95	186	27	179	179	124
59	10	73	59	10	102
56	52	56	76	56	56
76	68	68	68	21	68
61	114	63	63	61	19
190	61	190	85	191	162
183	183	20	34	20	107
153	12	60	62	193	144
14	98	98	112	14	39
83	83	41	41	11	83
10	45	184	184	19	97
87	84	87	98	59	84
100	97	62	65	69	154
47	47	5	5	69	93
45	49	54	97	168	85
20	102	102	196	89	196
55	35	24	141	24	55
63	89	77	105	45	182
42	8	8	93	8	93
77	84	77	60	56	77
18	54	10	54	54	76
50	98	89	91	50	98
114	71	37	120	71	37
118	128	54	135	24	54
123	154	91	90	184	50
74	84	98	98	74	98
115	59	81	21	148	69
12	147	51	151	120	37
16	33	55	33	165	16
15	70	171	104	47	87
21	25	30	25	17	25
106	82	109	93	82	82
9	96	37	37	161	37
113	125	50	103	22	142
81	97	184	144	58	44
60	72	61	60	60	28
81	39	159	81	94	94
41	41	111	13	13	13
119	48	57	114	64	148
113	28	141	113	42	141
32	121	109	121	89	43
12	53	160	168	168	160
130	59	155	95	41	52
23	116	180	140	197	180
191	109	11	149	18	18
41	42	196	41	115	119
54	54	7	54	54	18
95	31	73	101	73	73
85	85	85	128	17	31
67	67	72	75	75	134
102	81	194	35	180	130
85	96	13	13	13	35
38	169	116	74	74	74
95	52	52	52	111	95
176	9	79	79	79	81
45	44	53	44	47	47
19	196	102	93	93	85
34	192	118	73	16	28
81	50	81	76	17	81
80	16	16	64	54	64
91	84	92	84	92	92
158	178	149	39	74	98
90	25	84	43	25	84
149	76	56	197	194	195
22	192	13	26	192	99
20	20	72	72	188	117
97	199	37	51	56	47
115	66	53	66	53	139
42	162	42	85	34	42
66	96	96	92	10	66
43	45	43	30	45	80
5	12	32	32	21	12
23	37	30	155	155	23
52	19	24	19	52	121
110	85	85	62	127	62
54	47	47	25	47	47
174	28	127	174	125	36
49	75	75	88	49	98
84	22	178	124	43	124
74	141	74	168	11	168
76	81	81	40	81	76
104	155	104	118	131	131
115	115	70	89	112	72
164	86	186	186	164	85
106	168	168	42	74	106
74	50	74	40	13	13
75	75	104	88	50	88
36	59	36	59	59	28
185	185	173	173	91	55
61	30	61	120	19	19
75	29	56	29	29	29
106	193	101	51	151	37
20	25	144	70	75	60
16	82	80	80	177	162
15	102	174	77	174	129
39	176	5	5	52	52
11	25	157	72	63	34
84	5	20	56	20	20
66	60	66	66	169	92
86	16	86	16	177	79
11	11	73	11	49	11
121	22	56	56	22	108
102	97	128	97	43	151
9	143	49	9	9	5
62	76	87	178	62	87
91	164	164	8	191	173
64	125	194	114	194	64
37	37	37	41	37	53
156	83	155	156	156	139
23	100	72	100	72	138
45	162	162	78	194	194
76	76	76	136	66	71
8	43	142	33	33	43
29	116	38	108	29	38
55	73	93	48	17	47
35	69	65	69	69	69
32	39	32	69	62	32
102	74	94	46	123	60
15	15	45	15	56	45
8	12	12	29	8	12
190	119	105	192	179	179
76	102	76	37	76	162
165	84	36	84	75	36
21	116	60	117	60	21
166	200	200	35	166	109
112	53	53	29	29	65
105	87	18	84	87	84
36	98	25	36	98	159
59	71	59	59	59	66
86	168	163	53	163	86
17	51	12	51	51	147
82	33	89	31	31	89
28	6	28	87	77	28
25	169	152	43	169	152
38	113	87	38	70	38
80	22	22	57	80	68
76	39	89	39	39	89
78	72	78	113	7	78
51	58	31	189	189	51
75	36	60	20	75	20
66	44	87	87	87	87
69	35	35	69	69	31
62	62	95	95	16	198
93	57	57	47	93	93
82	130	31	82	130	88
49	128	18	178	127	29
88	88	60	81	68	60
16	108	84	16	16	63
8	8	35	55	10	8
21	21	83	83	21	51
40	72	123	27	32	111
32	39	99	32	32	99
40	40	8	40	42	8
99	95	87	57	195	57
57	50	50	79	186	57
102	192	117	163	178	102
45	45	8	45	45	28
81	7	31	7	7	95
11	97	11	48	187	97
103	28	112	58	186	10
50	74	50	78	50	153
21	140	49	21	66	66
111	52	14	52	14	52
79	176	102	81	98	176
164	151	24	164	61	61
52	66	98	98	46	98
199	14	14	63	63	31
120	26	26	20	90	26
25	25	25	37	53	53
15	142	28	21	142	45
57	167	167	167	11	36
16	63	16	32	32	136
55	29	55	86	55	29
31	80	31	55	55	128
35	180	65	58	180	102
69	80	80	69	49	69
136	97	63	136	97	33
51	171	16	37	56	74
58	90	54	54	58	85
78	78	78	111	62	62
18	18	54	130	54	107
49	10	99	49	99	99
61	61	18	77	44	61
13	73	60	39	143	80
36	38	53	53	136	36
14	14	14	91	171	21
75	87	10	75	20	10
38	50	38	44	44	43
44	11	13	44	130	13
192	118	53	53	95	95
90	90	60	24	94	94
28	28	51	28	28	28
43	6	73	43	123	73
37	37	43	11	26	37
133	36	152	184	68	92
53	69	69	18	69	132
179	51	75	75	12	12
14	51	154	98	71	71
179	191	125	134	17	185
66	11	66	86	86	66
106	98	6	98	98	6
192	134	48	93	93	84
26	26	154	77	111	26
65	65	64	64	91	188
118	113	119	117	175	101
135	8	77	188	80	188
38	93	38	188	110	106
58	186	114	114	94	148
63	55	117	131	131	84
41	169	118	118	169	88
22	50	93	50	99	50
55	41	67	146	136	41
36	36	91	90	92	91
27	189	27	27	55	103
33	23	38	33	33	77
20	20	20	80	16	19
113	95	95	100	95	12
168	117	168	11	17	174
12	38	38	12	38	38
194	93	42	161	161	194
35	35	110	53	35	70
19	98	86	98	19	20
48	33	33	19	19	131
96	88	96	187	113	88
185	103	16	85	85	103
29	19	19	40	90	19
26	144	107	156	163	197
51	51	53	53	51	65
42	177	40	144	60	184
21	30	30	171	30	75
152	96	107	191	107	191
73	166	96	73	97	97
64	18	35	18	18	7
55	97	63	63	161	63
104	89	63	149	156	89
16	61	26	16	119	26
13	13	13	89	95	16
18	18	181	89	96	96
40	88	40	73	194	73
92	90	90	9	113	9
97	13	40	5	40	5
143	143	77	110	110	98
196	101	55	72	196	72
18	59	6	59	79	59
186	186	35	12	195	126
114	54	16	77	77	77
17	58	58	17	78	30
21	83	21	83	84	83
59	59	59	45	52	59
102	41	32	32	32	32
21	104	21	27	21	84
74	148	200	83	176	57
66	47	149	167	82	186
90	125	63	50	63	63
54	54	49	49	119	33
61	45	59	9	9	59
69	21	21	120	38	38
26	101	68	169	138	169
193	62	193	13	86	62
17	70	177	86	17	166
167	171	12	50	75	69
102	67	122	162	102	162
14	172	192	52	52	172
15	81	41	104	15	41
61	61	61	61	84	83
33	175	54	13	33	13
43	43	182	54	182	64
94	94	94	185	71	80
39	29	29	7	90	29
43	90	90	55	55	79
97	23	173	11	173	97
183	141	120	61	132	31
50	17	14	104	58	14
190	144	139	190	190	26
148	113	197	197	189	189
47	47	148	51	51	65
85	85	85	85	81	48
99	66	155	66	43	24
130	170	21	7	22	96
94	92	92	115	19	94
112	53	107	128	107	107
169	120	167	60	138	92
49	188	52	33	49	33
98	98	94	74	74	74
97	65	97	86	60	65
166	76	34	76	34	71
6	54	6	5	109	6
29	44	88	178	29	197
46	189	46	74	171	189
128	106	184	99	106	53
105	54	73	28	111	28
199	111	199	97	97	77
71	24	71	71	24	45
115	27	6	89	117	27
157	92	25	92	105	193
84	100	37	163	95	84
29	175	68	181	181	175
193	70	100	30	30	193
68	30	199	145	95	179
113	61	57	54	119	54
49	18	49	67	18	174
74	58	183	5	74	58
16	79	175	16	12	12
102	102	37	138	99	48
65	53	53	53	75	53
91	167	95	21	16	16
19	51	102	60	129	60
101	199	13	38	38	38
119	47	115	33	20	66
33	166	136	170	106	136
30	188	188	106	13	81
52	89	85	85	85	52
85	54	54	67	67	163
96	76	76	94	76	96
67	50	25	50	124	29
103	19	19	103	27	56
65	191	28	65	119	28
86	28	85	97	129	85
42	17	17	15	17	42
76	76	98	26	23	23
120	108	25	88	25	58
108	28	108	188	188	178
6	53	53	52	52	112
40	45	45	196	22	40
107	20	104	31	107	107
136	136	94	33	67	98
40	115	71	39	71	39
64	79	87	135	87	87
172	91	118	91	63	95
63	63	38	86	90	181
190	98	40	40	145	125
64	12	68	43	68	43
106	171	69	105	171	106
164	125	74	125	53	53
152	120	23	120	182	75
181	52	36	52	36	81
7	114	159	159	195	195
24	53	95	53	85	24
28	110	28	5	5	81
167	168	34	167	30	167
32	30	60	111	178	155
26	50	26	50	95	169
83	62	46	83	83	83
21	73	73	21	111	73
42	53	75	75	53	75
182	6	6	32	59	32
61	129	61	17	8	17
57	69	42	69	82	69
86	10	48	48	48	150
12	12	14	88	14	14
15	102	64	49	15	15
79	186	80	178	43	43
76	29	29	94	7	7
179	139	179	66	118	12
94	63	95	94	109	19
59	168	118	97	97	59
198	177	89	89	198	25
36	36	43	89	24	36
99	136	174	153	44	105
154	145	68	193	193	154
25	10	25	10	61	5
83	83	88	107	57	57
84	6	6	73	14	6
11	60	52	195	45	195
195	137	137	110	138	58
8	25	31	25	25	8
176	176	151	126	118	40
123	63	15	99	123	104
121	11	99	91	91	121
97	46	95	97	171	97
51	51	51	54	22	51
59	149	172	71	55	131
8	104	8	99	99	8
81	187	187	66	134	80
142	11	197	91	191	10
105	135	105	162	162	45
55	90	88	90	7	90
75	65	65	75	65	10
33	33	106	94	64	64
87	131	13	87	87	6
140	87	88	11	13	13
34	65	34	65	82	36
92	62	78	92	78	121
162	100	174	101	108	76
87	45	43	74	43	45
71	150	68	50	87	71
117	38	60	53	38	53
107	60	107	86	16	16
6	92	95	94	95	94
197	64	49	121	15	112
47	12	12	50	50	95
129	170	90	170	129	169
93	32	159	16	80	159
83	24	83	113	24	93
47	45	98	45	47	144
35	83	35	18	18	136
89	91	19	91	30	30
123	91	123	91	76	99
29	68	189	85	85	29
80	141	50	80	107	50
15	59	59	58	91	59
79	54	79	54	12	72
42	32	42	5	126	126
9	16	11	9	9	16
62	87	55	87	197	55
129	62	164	94	129	164
51	6	6	6	109	30
115	117	57	37	45	154
46	46	59	31	79	46
72	186	72	73	73	27
40	117	40	34	34	40
59	122	178	193	76	69
65	65	65	65	50	81
20	193	65	89	65	20
170	84	83	40	84	84
36	67	125	193	125	41
87	87	27	27	87	112
24	70	49	86	24	192
64	64	64	64	48	15
30	30	129	129	81	81
83	53	8	66	66	66
73	120	132	110	73	78
98	98	115	16	16	49
26	26	48	42	26	48
175	43	175	156	173	27
88	88	131	86	86	51
32	94	32	110	12	12
120	98	105	98	57	105
88	84	40	161	93	119
29	194	58	194	131	181
188	155	144	135	155	114
54	52	54	54	45	101
30	71	71	63	34	63
9	52	9	33	139	52
199	19	75	199	95	81
58	50	50	63	58	119
56	67	56	43	55	67
50	77	39	39	50	114
108	35	35	120	120	10
100	127	148	45	124	129
13	23	13	13	31	31
70	12	77	105	19	19
77	36	77	85	85	97
147	100	169	55	190	39
60	140	152	30	13	109
90	86	174	86	77	86
110	194	180	15	62	14
27	27	43	29	117	27
43	148	39	61	43	43
98	5	5	98	90	5
140	173	38	167	11	114
75	97	18	48	97	18
178	5	178	168	98	168
104	90	86	85	85	85
181	83	99	52	52	83
19	103	19	70	143	70
172	10	139	76	199	12
33	16	16	33	112	16
73	97	97	50	73	94
44	34	34	44	76	11
62	96	47	144	32	173
55	92	110	55	96	96
157	23	59	72	82	200
67	67	54	32	90	54
82	118	184	114	53	118
29	133	195	7	159	29
75	158	134	175	112	96
76	113	57	76	76	57
12	12	74	74	171	106
20	166	98	166	50	109
77	17	116	17	17	77
24	53	53	45	78	24
22	13	13	22	22	61
83	83	23	83	5	83
149	111	73	73	73	15
157	77	68	49	157	68
13	13	65	65	65	25
69	159	32	54	155	185
31	59	83	87	87	87
80	11	11	105	11	135
64	57	82	57	57	64
77	129	139	85	129	38
165	24	42	52	86	88
20	62	55	22	108	20
170	36	198	55	198	116
66	88	88	50	74	170
183	36	67	67	36	65
35	84	192	33	179	9
78	79	88	40	79	79
9	9	17	17	17	40
34	50	50	34	165	86
175	86	110	86	175	108
68	53	21	21	105	21
107	163	49	121	124	107
45	45	33	21	145	21
86	86	60	28	52	28
29	48	110	197	187	148
70	55	64	130	180	130
140	101	162	90	79	79
19	19	30	30	24	19
198	157	52	163	157	82
90	57	90	18	70	18
20	16	100	16	16	184
48	21	127	97	127	48
23	65	65	18	32	65
100	59	120	184	170	100
47	58	154	160	28	48
76	76	62	104	21	21
36	56	56	122	63	63
104	22	87	87	22	22
45	45	45	61	83	73
12	70	80	39	15	125
62	121	121	62	116	59
10	13	13	10	57	13
42	84	50	115	65	183
63	72	72	63	72	71
76	104	60	167	42	198
182	87	169	182	169	87
30	116	99	116	179	12
182	50	181	90	181	90
91	91	91	21	21	86
158	121	148	158	43	16
15	39	15	15	47	171
11	175	92	60	177	11
43	65	76	76	65	164
69	69	69	68	79	69
21	138	182	105	138	182
35	64	84	50	64	50
119	119	78	194	102	116
42	42	59	59	20	184
113	56	116	143	53	114
30	12	117	15	12	15
85	59	91	59	59	17
80	56	49	7	56	7
105	105	79	130	65	87
67	67	51	144	76	163
18	181	18	131	40	18
94	94	118	140	8	8
66	97	50	97	97	50
180	63	131	21	87	170
116	92	116	109	139	155
25	73	40	120	97	40
40	150	66	193	156	55
37	129	129	198	162	142
52	52	53	112	52	98
93	85	93	104	93	108
38	132	57	131	76	110
7	83	80	35	35	35
31	83	93	123	93	31
189	141	94	98	77	11
149	33	71	14	144	122
96	54	167	72	54	72
19	19	53	93	93	149
134	121	62	88	195	15
96	12	96	96	61	61
17	14	11	34	11	17
40	79	14	59	79	14
81	16	50	113	50	81
21	171	89	128	171	21
41	41	41	75	41	78
36	26	26	92	26	15
86	86	120	70	86	76
98	98	69	73	98	91
28	6	119	6	6	28
99	77	77	78	6	77
40	40	40	40	29	34
97	78	54	73	78	31
62	10	169	155	11	62
37	84	194	102	37	84
29	36	158	142	165	11
139	124	117	75	124	139
28	84	28	84	28	54
46	44	119	46	78	174
98	45	98	195	5	5
90	141	30	184	115	170
98	98	186	35	67	67
81	28	71	145	59	129
108	54	120	116	112	37
96	25	87	20	139	72
133	44	133	157	159	99
50	50	35	35	50	57
23	39	39	39	80	53
92	140	99	64	99	64
60	35	163	51	51	60
159	51	82	51	82	60
65	134	199	182	199	134
150	100	174	102	188	115
40	147	121	191	191	159
138	43	182	138	119	105
90	127	32	90	80	80
10	34	34	41	10	111
32	19	129	73	197	19
173	119	149	169	195	97
15	15	56	148	56	50
53	43	43	183	53	22
107	145	195	195	39	25
167	170	105	170	200	97
10	10	93	81	93	171
47	108	108	175	181	26
80	80	72	37	51	51
14	6	14	113	183	183
77	185	58	77	58	84
28	82	32	82	32	32
107	33	76	132	20	124
9	25	25	9	25	104
77	193	71	190	153	77
58	99	58	23	164	99
42	195	35	119	106	104
140	75	132	187	140	187
81	84	136	184	17	17
23	49	28	99	99	23
170	96	89	118	65	161
71	33	75	33	33	71
182	110	197	32	63	189
98	98	72	72	98	20
11	98	11	76	45	98
35	149	40	149	76	77
10	83	31	83	24	10
84	62	84	84	29	84
106	199	142	150	90	150
32	121	184	137	198	104
61	64	61	49	49	186
74	29	46	74	114	46
67	75	67	67	67	186
184	196	184	80	69	69
146	78	172	162	151	120
32	32	82	32	31	190
26	146	89	59	26	146
42	5	66	13	42	42
8	62	89	89	62	112
35	16	35	41	80	80
196	66	64	134	64	134
41	41	42	43	82	43
85	85	33	166	85	87
13	107	18	174	81	81
71	53	53	99	21	71
195	78	116	159	195	159
108	143	143	140	35	140
74	47	45	96	45	45
31	36	31	100	31	66
31	31	23	23	46	31
141	157	38	164	157	90
121	16	142	134	196	38
82	82	49	52	87	82
72	139	41	70	177	11
76	71	106	71	172	172
62	29	122	90	21	196
88	79	177	48	88	112
76	26	72	26	17	26
59	145	115	108	141	55
79	79	58	80	147	58
75	81	60	179	166	85
33	61	97	33	33	18
45	45	101	99	99	151
64	126	200	31	62	49
199	69	199	74	164	145
54	91	155	104	91	155
60	60	24	75	52	52
82	82	38	54	105	82
125	175	125	115	37	37
128	119	83	83	75	75
46	171	28	114	74	74
86	23	8	193	23	23
108	152	108	98	103	62
5	48	150	64	150	17
11	101	90	11	178	90
169	165	169	118	136	136
75	54	54	119	54	28
56	56	103	41	91	41
96	13	179	152	7	78
11	63	66	16	43	63
74	140	74	27	10	10
80	133	21	133	139	86
39	153	153	79	166	160
152	98	34	152	98	104
45	65	65	65	78	65
20	109	200	61	91	61
49	49	57	153	65	57
76	182	96	96	148	182
49	67	67	63	67	67
120	61	186	61	99	99
22	26	59	152	26	59
61	45	194	45	171	173
22	21	21	51	21	21
200	185	19	91	185	185
45	11	28	71	87	107
79	79	99	65	178	79
112	35	35	16	110	37
35	35	163	95	95	119
87	74	74	20	74	95
105	47	67	30	30	30
108	24	24	24	15	11
185	109	103	107	74	158
135	135	27	27	21	59
114	125	56	84	39	185
81	199	85	199	83	36
26	26	37	73	26	26
75	115	75	37	75	37
38	80	80	38	111	80
58	65	65	58	68	65
20	20	78	71	36	78
33	9	9	22	182	22
32	32	146	26	83	83
24	117	24	175	179	175
184	141	39	108	141	86
112	83	76	50	90	112
52	134	117	186	156	188
82	10	82	82	23	16
125	48	141	91	70	56
50	91	120	19	19	50
32	53	96	8	96	8
6	32	32	65	6	6
99	59	163	99	59	59
88	148	14	57	88	57
20	35	124	173	169	169
