114	168	71	85	246	328
486	486	486	486	486	126
103	103	103	103	103	249
50	473	49	127	275	219
328	328	328	328	194	101
137	137	415	133	448	177
116	116	116	116	116	7
378	378	378	378	378	434
106	106	106	106	106	169
307	307	307	307	307	155
421	421	421	421	421	214
153	153	153	153	153	188
58	58	258	347	17	155
491	406	356	468	345	469
84	84	84	367	367	367
222	222	222	222	222	466
335	358	437	335	477	280
149	326	149	40	312	62
469	407	356	23	23	162
117	117	117	117	117	411
433	433	433	433	433	173
357	357	357	357	357	85
51	51	51	51	51	233
74	74	74	62	62	62
140	308	428	20	416	14
287	287	287	287	287	493
146	146	146	192	192	192
346	195	354	474	354	148
470	470	470	470	470	84
217	312	413	413	102	446
481	240	19	307	307	486
282	282	282	282	282	384
66	66	338	338	338	166
120	456	120	25	87	193
392	392	392	392	392	418
96	96	96	96	96	196
409	222	168	54	258	454
456	456	456	456	370	66
213	213	213	213	213	466
300	300	300	308	308	308
485	473	197	280	481	314
279	279	279	165	165	165
363	143	167	330	117	153
448	448	448	448	448	496
482	482	482	482	482	250
357	357	357	357	357	433
488	488	399	399	399	286
173	173	173	173	173	382
232	403	225	317	221	179
115	115	115	115	55	468
221	221	221	221	221	20
193	167	241	137	283	311
98	98	98	98	98	73
346	346	346	238	238	238
292	292	292	292	292	273
76	76	76	76	76	92
204	307	114	129	258	380
395	395	395	395	395	429
179	166	412	38	181	467
56	70	28	256	56	143
395	25	304	395	93	357
405	134	87	91	469	199
403	403	403	403	403	395
21	437	463	110	110	43
34	90	452	168	101	257
355	355	62	62	62	319
171	171	171	171	171	426
391	481	273	481	255	302
435	466	155	466	416	23
299	299	299	299	299	234
186	186	186	186	186	303
56	56	56	56	56	267
164	164	164	164	164	258
487	25	71	123	487	68
316	316	316	316	316	319
28	28	28	28	28	99
142	142	142	142	142	317
60	60	60	60	60	295
91	91	91	91	91	101
72	72	72	72	72	197
85	85	184	184	184	498
153	153	153	153	153	443
469	220	82	5	161	459
446	446	2	2	2	488
372	372	372	372	372	217
467	467	467	467	467	470
283	283	283	333	333	333
18	18	18	18	18	295
339	339	339	339	339	8
271	271	271	146	146	146
4	4	426	426	426	477
237	237	237	237	134	7
404	404	404	404	404	260
39	42	80	255	216	470
52	52	349	349	349	465
144	469	23	152	138	201
66	66	66	66	408	326
62	215	265	127	69	455
98	98	98	98	98	56
355	14	441	32	367	213
146	146	146	146	146	156
202	297	385	132	395	393
48	48	48	209	209	209
80	80	80	80	80	407
47	47	47	47	47	88
3	3	3	3	3	471
62	213	444	444	279	113
82	82	82	26	26	26
84	84	84	84	84	87
244	244	244	244	244	289
51	264	355	14	41	468
130	130	130	88	88	88
12	453	52	453	235	451
54	54	54	54	54	273
13	13	13	13	69	11
120	160	2	383	60	12
15	15	289	289	289	321
154	154	154	154	154	461
12	12	12	96	96	96
272	272	272	272	272	451
10	10	10	418	418	418
12	12	12	12	12	155
340	340	340	340	340	133
128	318	318	252	18	161
312	312	312	312	312	310
258	258	258	258	258	204
49	49	49	49	49	368
459	459	459	492	492	492
148	148	148	148	148	213
472	369	147	472	481	202
184	184	184	184	184	393
439	439	398	398	398	168
54	54	54	54	54	384
300	300	300	300	300	190
439	255	255	209	388	34
368	368	368	368	368	128
492	492	492	492	492	31
500	500	500	500	500	193
339	339	228	228	228	210
411	411	411	473	473	473
116	349	328	361	144	130
37	37	37	441	441	441
462	146	383	462	433	128
123	123	123	227	227	227
240	240	240	240	240	34
134	490	486	330	134	175
78	78	78	78	78	20
101	263	322	355	244	340
164	164	164	164	164	101
30	39	209	79	149	158
403	269	158	270	474	175
45	45	45	143	143	143
361	361	361	361	361	489
354	354	354	354	238	373
482	482	482	482	482	46
406	406	96	96	96	316
107	119	245	25	413	238
200	200	200	200	200	207
151	151	151	151	151	328
58	58	58	58	58	324
154	378	360	417	443	407
139	139	139	139	139	164
151	133	455	100	304	418
189	189	189	189	185	338
16	16	16	16	16	226
306	238	60	306	305	113
20	20	20	86	86	86
304	26	436	407	407	235
99	99	99	99	99	120
67	140	268	330	77	149
60	60	60	60	60	147
50	50	50	50	50	397
116	435	5	426	426	339
103	103	103	103	495	9
89	89	89	89	89	54
23	285	460	151	23	462
245	245	245	245	245	330
143	143	143	143	143	372
145	145	145	145	145	63
287	287	287	287	287	137
486	486	486	486	8	382
340	340	340	340	340	477
30	30	30	30	30	354
499	499	499	499	499	495
167	167	167	167	167	49
133	40	120	489	221	135
342	342	342	342	342	136
279	279	279	279	279	122
332	332	332	456	456	456
170	170	170	170	170	65
134	134	134	134	134	372
177	177	177	177	177	405
491	491	491	491	238	476
355	355	355	355	355	232
238	79	399	289	275	65
134	134	134	134	134	291
334	334	334	334	334	379
245	245	245	245	245	345
304	304	316	316	316	428
279	220	485	401	401	204
105	105	297	297	297	353
457	457	457	457	457	231
178	178	178	178	194	456
191	191	191	191	191	280
313	313	313	313	313	427
9	9	9	9	9	317
386	386	386	386	259	465
455	455	455	455	455	310
332	324	257	332	449	270
255	255	255	255	255	204
241	241	241	241	241	134
156	156	156	134	134	134
361	361	361	361	361	194
103	456	29	170	305	1
262	262	262	491	491	491
279	279	279	153	153	153
407	407	407	407	407	218
119	119	119	119	119	454
273	273	273	273	273	259
148	148	148	148	148	199
262	262	321	321	321	55
176	176	176	371	371	371
165	165	165	165	165	106
430	430	430	430	430	35
428	428	428	428	428	493
449	449	449	449	449	285
414	414	414	414	414	104
359	359	359	359	359	379
192	192	192	192	192	152
202	202	202	202	202	385
225	225	251	251	251	142
389	115	194	57	389	208
452	452	452	452	452	18
198	198	198	198	198	194
449	449	449	449	449	261
11	11	11	11	11	194
70	462	349	116	469	485
392	392	392	392	392	23
200	200	200	200	200	351
312	312	312	312	312	454
307	307	307	184	184	184
405	405	405	405	405	330
425	425	425	425	425	375
136	111	360	357	281	466
397	397	397	397	397	282
117	117	339	339	339	347
341	341	341	341	341	383
396	396	396	396	396	470
319	319	319	319	319	241
466	466	466	215	215	215
38	38	38	38	38	199
161	161	161	327	327	327
97	238	289	469	98	461
22	22	22	22	22	149
469	469	469	469	469	382
163	163	238	238	238	391
348	348	348	348	348	393
100	100	100	100	100	280
227	227	227	335	335	335
58	284	258	377	88	372
17	17	17	59	59	59
117	349	126	454	4	361
495	495	175	175	175	373
235	235	235	230	230	230
248	248	188	188	188	249
211	211	211	211	211	2
484	453	426	236	200	45
438	438	438	438	438	157
241	241	241	241	241	343
120	120	186	186	186	177
394	394	131	131	131	473
255	461	468	420	255	450
265	265	265	265	265	279
116	116	116	116	116	186
426	473	33	473	49	295
73	73	73	73	73	35
334	334	334	334	334	315
355	67	4	104	229	23
194	403	494	239	406	53
130	130	130	130	130	358
467	12	13	358	13	122
84	84	84	355	355	355
347	347	347	340	340	340
457	457	457	457	457	29
95	95	124	124	124	489
416	463	192	102	267	428
142	142	142	269	269	269
348	348	348	166	166	166
368	368	368	368	404	34
194	194	194	194	194	232
344	344	344	344	344	340
371	156	276	371	182	345
135	135	70	70	70	26
352	186	352	271	188	7
162	162	162	162	162	312
349	133	207	94	230	238
319	319	360	360	360	131
405	405	405	405	405	71
70	70	70	70	70	130
224	32	181	342	296	153
116	116	116	116	116	125
172	172	172	172	172	289
245	245	245	279	279	279
253	253	253	253	253	368
27	27	27	27	27	204
60	60	60	60	26	304
140	140	351	351	351	257
167	429	450	450	71	163
318	318	318	318	318	19
15	15	15	15	15	394
196	367	32	32	404	335
392	392	392	392	392	423
243	243	243	243	243	162
245	220	143	278	278	227
330	330	330	330	191	138
294	294	294	294	294	128
457	97	7	461	457	64
388	388	388	388	388	215
487	487	487	487	487	378
395	395	325	325	325	272
73	73	73	73	73	171
446	446	446	446	446	323
70	70	70	70	70	211
374	374	374	374	374	289
269	269	269	269	269	296
161	161	161	161	161	435
223	223	223	223	223	418
55	55	431	431	431	289
398	359	221	392	240	373
123	343	290	325	414	147
435	197	308	231	453	450
70	70	70	32	32	32
289	339	209	139	339	376
241	69	352	62	367	123
293	293	293	293	293	207
46	46	46	46	246	59
56	56	56	56	56	201
223	223	223	223	223	64
313	422	311	287	402	189
192	192	192	192	192	407
223	48	364	76	325	299
14	14	14	14	14	186
369	369	476	476	476	31
358	353	173	398	173	347
371	371	371	371	371	369
242	242	152	152	152	326
355	355	418	317	297	124
335	335	335	335	334	491
69	69	69	69	69	487
409	290	490	65	382	178
204	204	204	204	204	437
108	108	108	21	21	21
325	325	325	325	325	236
436	436	436	436	436	133
396	396	396	396	396	357
362	362	362	362	362	478
39	39	39	39	39	458
11	11	11	11	191	459
463	463	440	440	440	237
53	53	53	53	53	79
265	265	265	265	265	128
279	279	279	279	279	328
467	467	467	467	467	145
205	205	205	205	205	71
274	274	274	274	274	47
6	6	6	6	6	394
362	362	362	362	362	479
143	315	211	450	407	408
30	30	30	30	30	497
412	412	412	412	412	338
309	360	387	152	3	466
316	297	188	318	84	338
57	57	57	364	364	364
311	311	311	311	311	121
336	336	336	27	27	27
83	83	83	307	307	307
490	490	490	214	214	214
296	296	296	296	296	46
26	26	89	89	89	362
399	399	399	399	399	410
237	64	132	262	58	36
20	105	225	386	267	120
176	176	114	114	114	138
470	45	470	128	59	58
351	351	351	331	331	331
309	309	44	44	44	486
296	296	296	296	296	454
283	283	66	66	66	67
250	25	443	4	467	433
476	476	476	476	476	384
455	455	455	455	455	177
463	345	148	427	123	54
308	376	192	437	317	24
198	198	198	198	198	209
87	87	87	87	87	260
375	375	375	87	87	87
258	258	258	258	258	70
114	114	114	114	114	394
488	488	488	215	215	215
107	107	107	107	107	54
72	72	72	72	72	311
168	168	168	167	167	167
290	290	268	268	268	351
202	202	279	279	279	460
431	431	20	135	194	23
454	378	454	243	460	200
446	446	446	446	446	391
39	453	105	39	208	240
458	458	458	337	337	337
171	171	171	171	5	28
461	314	27	20	41	381
287	287	287	287	287	444
64	64	11	95	52	106
355	355	355	355	355	151
462	157	300	364	300	453
306	306	306	306	306	150
384	384	384	384	384	72
346	346	97	97	97	160
323	323	99	99	99	183
401	401	401	401	401	321
71	397	209	168	124	203
171	121	145	105	301	404
393	392	393	382	328	291
462	356	62	252	356	264
179	166	475	166	482	437
294	294	294	294	294	361
167	167	167	112	112	112
217	217	217	159	159	159
34	34	153	153	153	312
395	395	395	395	395	241
233	233	233	233	454	82
470	470	470	470	470	466
384	256	131	131	248	111
417	417	417	417	417	18
386	386	312	265	419	406
69	69	69	69	69	475
310	310	310	310	310	7
56	56	56	56	56	362
251	251	251	251	425	479
299	299	299	299	299	241
49	49	49	49	49	267
352	352	352	352	429	264
229	229	229	229	229	124
189	189	189	189	189	308
90	410	313	157	272	464
2	2	2	171	171	171
486	486	486	486	486	375
336	336	336	336	336	142
447	447	447	447	447	443
464	464	464	464	464	167
458	458	458	458	458	491
294	294	294	294	294	275
324	324	324	324	324	202
300	210	220	460	433	438
16	16	16	16	16	68
494	494	494	494	494	36
193	193	193	193	427	347
424	424	424	424	424	206
160	160	160	160	160	41
367	367	367	367	367	408
241	241	241	241	241	21
156	156	156	315	315	315
173	173	173	173	173	288
495	495	495	495	495	192
320	320	320	315	315	315
46	46	46	46	46	277
3	295	64	335	146	448
201	201	201	201	201	457
348	348	348	348	348	316
385	385	385	198	198	198
254	254	254	254	254	84
38	38	38	38	38	498
192	192	192	192	192	469
218	130	2	398	378	331
205	205	205	205	205	359
120	120	120	120	120	274
130	130	130	130	130	451
354	354	354	167	167	167
477	438	462	164	127	447
362	362	362	238	238	238
288	288	288	288	288	400
440	440	440	440	440	140
431	431	431	431	431	132
325	325	325	325	325	269
267	423	27	422	340	123
71	71	71	71	372	139
339	339	339	339	339	193
222	222	222	222	222	274
380	380	380	380	380	461
273	273	273	180	180	180
413	413	413	413	413	184
276	276	276	276	276	400
27	27	27	27	195	403
289	289	289	289	367	135
340	340	340	340	340	281
112	112	112	112	112	355
373	373	373	373	373	27
360	360	360	360	360	73
440	440	440	440	440	437
357	357	272	272	272	446
385	385	385	385	385	181
447	447	281	281	281	126
133	133	363	363	363	85
198	198	198	198	198	137
135	135	135	135	135	233
208	208	208	376	376	376
323	323	292	292	292	386
300	300	300	300	300	299
261	261	261	261	261	488
9	203	485	138	9	290
100	100	100	100	38	248
430	430	430	430	430	486
141	141	141	141	141	94
436	436	182	182	182	289
115	115	115	115	115	84
34	34	213	213	213	45
161	194	94	254	297	389
103	103	103	103	103	61
439	483	329	234	287	444
353	36	40	163	17	491
196	196	204	204	204	475
286	286	286	286	286	227
135	135	135	135	135	437
483	483	483	148	148	148
160	160	160	39	39	39
379	5	298	217	5	397
345	345	345	345	406	51
441	441	441	441	441	243
413	413	413	413	413	247
207	193	18	252	38	32
403	185	435	359	185	288
41	388	68	13	298	362
178	178	178	178	178	213
45	45	45	45	45	189
333	333	333	333	333	348
259	248	96	423	466	353
278	356	137	163	264	295
113	100	113	286	435	436
54	54	54	54	54	146
228	371	96	470	85	12
175	64	164	286	336	362
35	35	35	35	35	114
60	60	60	60	60	96
373	373	373	177	177	177
167	167	167	167	167	419
393	393	469	469	469	384
257	257	257	257	257	215
484	484	231	231	231	16
394	394	394	394	343	17
86	260	48	100	17	462
278	278	278	278	327	171
340	340	340	340	340	230
369	369	369	369	369	182
181	198	407	441	286	6
430	430	430	430	430	302
481	481	481	481	481	451
451	197	110	110	466	64
78	78	78	78	78	190
127	147	180	231	455	272
17	17	17	17	17	448
475	475	475	475	475	409
312	312	312	312	312	234
443	443	443	443	241	22
14	14	444	444	444	422
493	493	493	493	493	23
19	19	19	19	19	497
20	20	20	20	75	425
169	169	169	169	169	191
423	423	423	423	423	187
101	101	101	101	101	132
64	64	64	251	251	251
477	98	388	137	170	268
361	361	361	361	361	368
118	118	118	118	118	79
80	160	423	26	404	415
491	491	491	491	1	222
62	62	62	62	62	253
234	234	65	65	65	42
158	158	158	158	158	224
66	66	66	66	66	453
123	344	125	407	84	255
287	300	193	193	111	225
457	457	457	457	12	184
465	465	86	86	86	255
267	267	267	267	322	416
191	191	191	203	203	203
160	160	160	160	471	427
319	319	461	461	461	419
465	465	465	465	465	420
377	377	377	377	377	383
153	153	88	88	88	43
221	221	221	269	269	269
176	176	176	176	176	86
24	24	24	24	24	222
51	51	51	51	100	23
355	355	355	355	355	233
469	131	53	399	131	2
292	292	169	169	169	324
281	426	414	46	194	249
389	389	389	389	389	158
322	467	279	109	55	251
57	57	57	57	57	158
382	339	229	210	326	40
176	176	176	176	176	364
380	380	380	380	380	311
11	297	373	227	12	157
76	76	76	76	76	9
317	317	317	317	317	344
489	489	489	39	39	39
133	133	133	133	133	317
386	386	386	386	386	75
184	184	184	184	184	21
450	450	426	426	426	348
63	63	63	211	211	211
419	128	462	406	219	289
48	48	48	48	48	392
132	132	132	132	132	271
238	238	238	238	238	194
386	386	386	386	386	111
465	465	465	219	219	219
290	290	31	31	31	155
309	309	309	309	309	143
279	279	279	279	279	164
311	311	311	311	311	297
100	100	100	100	100	265
471	471	471	471	471	239
496	247	78	499	190	244
322	322	322	322	322	493
326	243	67	326	441	113
337	337	26	26	26	370
292	292	292	292	292	441
39	39	39	39	39	257
78	78	78	78	78	181
304	304	304	304	304	406
329	129	335	282	497	439
254	437	3	437	439	235
243	67	243	130	351	33
109	109	109	109	109	172
43	43	43	43	43	234
205	205	205	205	205	21
405	405	405	405	405	374
63	63	63	63	63	181
152	33	442	10	203	281
437	437	437	437	437	440
194	194	194	194	391	462
131	131	262	262	262	474
100	100	100	100	100	344
272	272	272	272	272	62
280	280	280	280	280	66
220	153	273	153	177	43
109	261	419	395	32	222
319	319	319	319	319	192
324	324	324	324	324	494
125	125	125	65	65	65
316	477	199	5	158	213
260	342	220	220	386	359
130	130	130	130	130	125
470	470	443	443	443	131
483	483	483	483	483	475
269	185	444	234	237	153
342	342	342	413	413	413
74	74	74	329	329	329
414	414	316	316	316	469
457	457	457	457	457	42
326	326	326	326	326	378
43	43	43	43	43	16
433	433	494	494	494	63
149	149	149	149	149	451
241	314	459	265	491	267
452	452	452	452	452	233
195	195	195	195	195	62
327	327	327	327	327	467
49	49	49	56	56	56
200	11	434	434	328	458
260	260	313	313	313	454
245	245	245	245	245	67
476	24	253	429	109	72
434	434	104	104	104	166
33	33	33	33	33	192
391	391	357	357	357	130
21	21	21	21	21	493
191	182	102	102	227	415
20	152	327	60	117	363
298	298	298	298	298	383
399	235	160	386	37	27
450	450	450	450	450	103
314	314	314	314	314	267
109	109	109	109	109	402
42	42	42	42	42	260
420	28	215	168	214	190
105	105	105	105	105	226
81	81	389	389	389	150
359	359	494	494	494	94
155	155	155	155	155	116
128	128	128	181	181	181
46	46	46	171	171	171
270	196	132	149	249	424
158	158	158	158	158	416
215	408	357	408	235	295
122	122	122	122	122	221
298	298	298	298	298	117
220	220	220	220	220	26
134	134	344	344	344	123
15	15	15	500	500	500
399	399	399	399	399	104
352	352	352	267	267	267
175	327	379	379	13	271
459	459	459	282	282	282
255	255	255	255	255	249
228	228	228	228	228	403
446	446	446	446	164	262
121	121	48	48	48	340
380	380	103	103	103	354
244	244	443	443	443	65
355	265	457	83	420	158
199	199	199	199	199	153
449	449	449	449	338	51
2	2	2	2	328	414
155	43	21	462	454	56
292	292	292	292	292	377
375	375	375	375	375	444
46	324	140	432	46	59
43	43	471	471	471	469
194	194	194	194	194	366
275	275	426	426	426	268
261	261	261	261	261	444
337	337	337	422	422	422
274	152	169	461	58	482
228	228	228	228	228	447
238	238	238	238	238	446
64	64	64	308	308	308
116	280	198	204	198	443
488	206	54	476	477	24
28	28	28	28	28	193
81	81	329	329	329	387
127	189	51	474	55	345
219	219	219	408	408	408
129	129	129	288	288	288
452	452	452	452	452	283
45	45	45	45	45	262
351	71	196	71	277	394
116	116	116	116	116	441
217	217	217	75	75	75
403	403	403	403	403	212
69	69	69	69	69	486
55	55	55	480	480	480
191	191	191	191	191	311
68	68	68	68	68	406
43	43	43	43	61	91
171	171	462	462	462	352
61	61	61	61	224	246
233	155	134	142	443	199
321	321	321	321	321	15
442	442	442	442	442	213
283	283	224	224	224	65
14	14	118	118	118	115
254	254	254	254	254	423
247	247	247	247	247	300
455	229	119	307	77	413
267	267	267	267	267	323
155	155	155	155	498	329
401	401	401	328	328	328
290	290	290	290	290	499
367	367	51	51	51	394
5	5	5	353	353	353
107	107	107	107	282	317
483	483	483	301	301	301
1	90	331	209	322	20
137	137	476	476	476	259
354	492	238	238	91	242
246	246	246	246	246	352
124	124	124	124	124	137
262	262	161	161	161	221
315	315	315	341	341	341
122	122	122	122	122	340
429	17	132	229	474	163
469	83	275	348	52	299
415	415	415	415	415	211
339	339	339	425	425	425
457	457	457	457	416	441
265	265	265	221	221	221
143	383	470	475	383	387
236	236	236	236	236	261
27	27	44	44	44	379
232	232	232	232	232	15
124	124	124	124	124	38
60	77	65	361	329	340
116	395	162	35	35	156
193	193	193	193	193	282
345	345	345	345	345	293
276	276	276	276	276	336
94	94	94	94	94	407
52	52	52	52	52	66
88	88	88	88	88	144
255	63	37	63	59	490
33	33	33	33	33	290
39	39	39	39	39	334
198	29	274	233	29	394
471	110	174	453	402	31
159	159	159	159	159	214
73	73	73	73	73	258
471	471	471	471	471	451
419	419	414	414	414	187
255	255	255	255	255	347
239	239	75	75	75	117
5	5	79	79	79	112
330	330	330	330	330	120
316	316	316	290	290	290
359	98	244	191	177	139
222	222	222	222	402	490
148	148	65	65	65	495
216	410	223	140	293	321
429	311	328	101	12	410
260	260	260	287	287	287
158	158	158	158	158	69
133	133	133	133	133	40
391	391	391	366	366	366
474	149	128	95	148	232
421	335	324	82	471	123
462	462	462	462	462	404
339	339	339	339	339	454
6	6	6	6	6	325
371	172	489	56	386	303
317	293	374	497	260	327
203	485	431	22	189	387
286	286	443	443	443	374
331	331	331	331	43	110
374	374	374	374	374	276
78	78	78	78	78	87
345	249	203	310	26	364
425	425	73	73	73	43
236	236	236	236	236	381
149	149	149	149	149	465
412	393	450	13	339	31
71	71	71	316	316	316
50	50	432	432	432	43
57	420	268	460	285	81
435	334	351	370	83	290
28	28	28	235	235	235
341	10	243	472	66	146
249	42	480	372	347	44
294	294	294	294	294	485
224	224	224	224	224	166
107	107	107	107	285	166
390	81	81	262	284	19
77	77	77	77	77	218
14	289	208	14	449	237
308	308	308	308	308	148
440	440	440	440	440	115
74	411	460	149	276	426
55	150	482	487	41	422
225	383	44	419	419	395
215	215	215	215	215	37
231	231	231	231	231	99
354	354	186	186	186	203
337	414	26	396	363	81
67	67	67	67	67	52
425	425	425	425	425	426
394	394	394	394	394	254
257	257	257	257	257	74
176	350	216	41	117	368
84	84	84	84	84	134
208	378	219	430	429	6
429	429	429	429	429	320
455	455	250	250	250	420
164	164	164	301	301	301
446	446	446	446	446	334
402	402	402	402	402	231
498	498	227	227	227	273
269	269	387	387	387	138
53	379	70	120	227	80
418	418	418	418	70	17
411	411	411	285	285	285
361	361	361	390	390	390
7	7	7	7	7	143
144	8	265	340	103	175
202	202	202	202	202	48
333	333	333	333	333	471
360	360	360	360	360	367
265	265	265	265	265	88
204	204	204	204	126	370
471	106	293	417	309	494
110	110	110	110	110	165
83	83	83	83	83	420
42	231	123	390	123	395
37	37	37	37	37	367
43	43	43	43	43	62
107	373	371	373	376	131
222	222	222	173	173	173
26	26	26	26	26	109
1	1	1	1	1	34
203	203	203	203	203	376
404	404	404	404	404	464
146	211	108	269	308	133
443	443	443	40	40	40
499	499	499	499	499	205
141	141	141	141	141	415
477	477	320	320	320	376
124	436	321	401	441	382
499	36	36	455	184	403
395	395	395	395	498	369
16	16	344	344	344	251
75	75	75	75	75	368
164	45	427	269	429	58
135	336	425	38	336	27
422	422	422	422	422	293
20	359	192	222	284	115
480	480	480	480	480	405
331	331	331	101	101	101
25	177	497	191	76	261
183	183	221	221	221	349
397	397	397	133	133	133
292	292	292	292	292	42
415	415	415	415	415	346
403	403	403	403	403	309
48	48	48	48	221	263
366	366	366	366	366	384
413	370	290	295	463	350
111	111	111	28	28	28
241	241	241	241	241	399
64	64	64	64	64	54
274	274	274	274	64	290
257	257	257	59	59	59
405	405	405	405	405	311
47	47	47	47	47	60
376	417	471	118	118	223
101	101	101	101	101	480
293	293	293	293	293	24
107	107	107	107	107	320
272	272	272	272	272	448
180	180	180	301	301	301
123	123	123	123	123	233
499	499	499	499	499	463
203	203	203	203	203	9
142	467	10	61	203	112
420	113	415	44	16	308
447	447	447	447	206	188
214	495	205	417	214	257
147	147	147	147	147	154
383	279	441	442	158	139
472	472	472	472	472	63
334	334	334	334	334	387
409	409	409	409	409	130
430	430	430	371	371	371
415	415	177	177	177	130
103	480	255	352	167	394
291	291	291	291	291	294
2	2	2	2	2	346
405	405	405	405	38	486
397	349	349	317	237	71
120	120	120	120	120	468
441	441	441	441	441	370
24	24	24	24	24	157
486	486	486	486	486	86
341	408	421	408	327	31
160	160	160	160	160	318
47	96	457	341	159	290
398	398	398	113	113	113
164	164	164	164	164	355
228	228	228	228	228	350
156	156	156	156	156	289
218	238	390	120	114	462
292	292	212	212	212	399
460	460	396	396	396	490
291	233	233	27	260	6
223	223	223	223	223	427
492	492	335	335	335	192
322	322	322	322	322	53
81	81	81	81	81	313
250	250	250	250	250	322
321	321	198	25	381	490
2	323	196	123	342	53
37	37	37	37	37	150
211	211	211	211	211	222
383	383	383	143	143	143
25	25	25	25	436	325
72	174	498	420	131	203
500	500	500	500	500	495
71	309	459	372	222	263
291	291	291	291	291	469
383	383	383	383	383	98
279	65	74	465	299	354
369	53	326	165	120	11
148	98	15	310	53	169
97	97	226	226	226	273
163	407	163	225	491	54
111	111	111	111	111	317
56	47	350	56	465	427
169	169	169	169	169	88
307	307	271	271	271	220
229	229	229	229	229	212
380	380	380	382	382	382
36	360	380	45	479	14
241	241	117	64	110	34
85	85	456	54	135	359
301	301	301	102	102	102
100	100	336	320	445	485
13	13	13	240	240	240
101	101	109	109	109	305
234	234	234	234	234	408
78	78	173	178	203	307
59	59	59	59	59	198
355	355	355	355	355	361
438	438	438	438	438	500
404	199	81	404	355	392
266	266	266	266	266	33
272	272	272	272	272	192
314	314	314	426	426	426
471	471	471	471	471	272
263	263	263	321	321	321
454	362	56	191	149	239
161	161	161	161	234	262
282	282	282	282	282	64
291	291	291	291	291	82
220	220	220	220	220	80
446	446	85	85	85	45
149	149	149	149	149	354
473	460	396	396	201	79
261	36	446	261	37	82
339	339	463	463	463	145
115	115	115	62	62	62
94	94	94	35	35	35
163	331	114	265	334	83
308	308	308	308	308	243
402	371	59	276	372	490
216	216	216	216	216	143
450	450	450	450	450	490
344	272	362	113	205	428
447	245	208	140	110	413
194	194	374	456	130	167
94	94	94	94	51	476
393	336	254	393	30	53
337	337	337	53	53	53
291	291	291	355	355	355
481	481	481	481	481	344
76	298	76	475	495	260
413	413	413	232	232	232
152	33	335	379	32	275
48	48	356	356	356	70
92	92	11	11	11	468
219	320	162	446	192	403
67	217	87	64	332	10
497	497	497	497	497	360
338	338	338	338	338	399
1	1	465	465	465	380
259	259	259	259	259	271
52	52	52	117	117	117
466	466	181	181	181	106
234	234	234	234	234	45
185	185	185	185	185	447
185	185	185	131	131	131
185	185	185	185	185	177
250	250	250	250	250	451
412	412	412	412	412	149
362	362	362	362	169	322
78	78	78	78	78	194
433	433	433	433	433	379
23	214	313	121	120	93
364	364	364	364	364	226
23	23	23	35	35	35
5	5	5	5	5	438
232	232	232	232	232	498
107	58	341	168	74	401
258	258	258	258	258	17
45	45	45	45	45	254
304	304	304	304	337	244
10	10	10	10	10	277
173	173	173	173	173	433
241	241	241	400	400	400
498	498	498	498	498	309
390	390	17	17	17	355
451	451	354	354	354	402
36	36	36	36	36	335
337	383	261	261	15	132
252	252	252	252	252	137
266	266	266	266	266	442
288	288	449	449	449	145
456	456	456	47	47	47
462	177	150	81	462	151
83	83	83	83	354	151
184	184	184	184	184	12
458	230	445	431	458	134
456	456	456	456	456	58
315	315	315	315	138	180
144	144	144	144	144	208
123	5	302	399	28	81
339	339	496	496	496	243
152	152	152	152	152	39
401	83	45	453	427	415
161	161	161	161	161	221
150	465	144	163	163	279
177	177	177	177	177	64
463	378	463	78	132	101
98	268	12	268	434	153
118	118	118	118	110	74
105	197	56	482	406	22
25	25	25	25	25	337
280	280	23	23	23	379
126	295	395	209	273	357
128	204	475	156	221	409
147	147	364	364	364	412
105	105	105	105	105	9
81	81	81	81	391	2
495	495	495	495	394	203
383	325	147	418	434	466
277	277	277	277	277	189
299	299	439	439	439	253
64	329	409	204	267	481
316	316	316	316	316	146
412	282	36	76	255	253
470	470	470	470	470	257
199	199	199	199	199	427
499	499	499	499	499	479
430	430	430	430	430	427
132	132	7	7	7	433
28	28	28	28	28	280
363	363	363	363	363	87
2	2	2	2	2	195
304	304	304	304	304	271
299	495	495	343	187	374
282	183	476	36	36	17
277	277	277	277	277	354
473	473	347	347	347	196
405	405	405	405	405	345
482	482	482	482	482	181
469	469	469	469	469	63
265	265	265	265	265	278
370	370	370	370	370	460
113	113	113	113	479	228
493	493	493	493	493	350
208	208	208	208	208	215
403	403	403	257	257	257
480	480	480	480	480	166
74	74	74	74	74	245
254	141	30	141	76	313
291	291	291	291	291	167
276	276	276	322	322	322
11	11	11	11	11	13
281	281	281	281	281	387
17	17	17	17	17	172
482	77	323	348	201	319
454	454	454	454	454	325
232	232	232	232	232	364
107	107	107	107	100	336
162	162	162	162	162	40
333	333	333	333	333	454
32	190	293	454	293	142
240	240	240	240	240	206
449	449	449	449	449	176
208	208	208	208	208	309
387	387	387	387	387	355
371	371	371	371	371	165
201	487	464	450	132	79
382	147	272	382	139	132
47	47	47	47	47	484
344	344	344	344	308	391
73	73	73	73	73	474
285	285	285	285	285	452
377	377	377	377	377	148
199	199	199	199	199	463
178	178	482	482	482	423
366	366	366	239	239	239
316	316	316	316	316	277
105	112	221	277	477	245
78	78	78	78	78	173
414	414	196	196	196	470
162	162	162	162	162	168
301	460	182	34	182	317
40	40	306	306	306	342
393	393	393	393	393	171
216	50	30	252	216	230
45	45	45	45	45	399
274	274	274	262	262	262
132	132	132	132	148	465
114	114	114	114	114	69
355	355	355	355	355	377
172	172	172	172	172	202
398	9	67	79	330	114
209	209	209	209	209	404
21	281	328	241	167	10
70	70	211	211	211	188
15	15	15	15	15	266
394	446	189	62	279	142
452	452	452	279	279	279
485	485	485	485	485	454
348	348	348	348	348	427
183	183	183	183	183	314
478	30	466	251	478	228
26	26	26	26	26	117
113	113	89	89	89	412
313	313	313	313	313	115
171	171	171	342	342	342
335	335	335	335	237	25
432	432	432	432	432	43
39	39	39	39	39	284
55	55	55	55	55	146
122	168	89	83	89	186
210	210	210	210	210	130
223	223	223	223	223	401
304	422	496	498	99	153
269	156	256	140	335	96
445	58	257	445	423	259
144	144	144	144	144	89
195	149	132	13	13	362
498	498	498	498	498	112
313	27	308	308	407	52
37	37	37	37	37	155
306	306	306	306	306	374
314	314	314	314	314	120
239	239	239	239	239	410
394	316	337	50	316	496
83	391	314	283	283	215
465	303	274	478	62	450
293	401	290	116	474	86
41	41	41	41	41	189
273	273	273	273	273	454
175	175	175	257	257	257
465	106	304	220	411	229
385	385	385	385	385	121
213	213	213	208	208	208
39	39	39	39	39	262
97	232	52	415	344	96
264	264	264	264	264	157
167	167	167	167	167	398
188	201	189	447	495	94
159	159	159	159	159	441
486	486	486	486	486	367
257	266	376	473	405	314
323	272	27	237	27	46
114	114	114	114	114	343
147	147	147	147	147	118
208	208	208	208	208	205
133	133	133	75	75	75
181	181	181	141	141	141
15	15	302	302	302	355
13	13	83	252	421	46
267	267	267	267	267	32
360	360	360	360	360	498
481	121	121	229	359	455
450	450	450	450	450	196
334	182	334	184	260	219
260	260	260	260	260	218
276	276	276	42	42	42
184	184	184	184	184	65
165	165	165	99	99	99
427	427	328	328	328	395
62	62	62	62	62	327
311	311	311	311	311	456
490	490	490	490	490	328
373	373	373	321	321	321
37	280	345	428	134	467
152	152	127	127	127	411
49	49	49	49	49	113
192	192	192	192	367	380
304	304	304	84	84	84
301	301	301	301	301	419
174	174	174	174	174	387
237	237	237	237	237	321
474	141	330	70	330	26
121	121	121	121	232	107
257	257	257	257	257	392
430	430	430	430	430	179
136	364	111	223	195	335
6	6	6	6	6	213
267	267	267	267	59	402
178	178	178	178	178	397
417	417	417	134	134	134
238	238	238	238	238	141
134	134	134	481	481	481
49	49	49	49	49	129
37	37	408	408	408	109
469	469	469	469	469	264
49	49	49	65	65	65
88	88	88	88	88	466
198	198	198	198	198	294
368	368	368	368	368	51
355	355	355	355	355	418
433	433	433	144	144	144
477	6	359	373	436	171
360	381	231	38	189	193
178	178	178	178	178	228
490	490	490	490	490	335
80	225	69	279	303	297
112	435	458	458	209	465
55	226	411	199	340	385
311	311	311	311	311	110
81	81	476	476	476	236
397	397	397	397	432	372
48	48	156	156	156	36
286	286	286	286	286	3
300	300	300	300	449	275
333	459	52	459	201	278
130	130	421	421	421	400
350	350	350	350	350	455
469	469	469	469	469	495
323	323	323	323	323	411
452	452	452	452	452	487
316	316	316	316	316	2
167	167	167	167	167	336
462	380	46	50	50	441
122	122	122	122	122	333
304	304	304	304	304	10
480	480	480	480	480	224
393	393	393	415	415	415
446	186	150	150	148	463
468	468	468	468	295	151
351	338	348	348	488	233
277	257	311	24	379	4
238	378	165	42	374	436
153	153	190	190	190	342
61	406	181	99	261	241
110	267	110	496	372	287
70	165	174	28	412	98
159	159	159	159	159	151
351	351	351	351	351	283
183	183	183	183	183	421
428	428	428	428	428	128
186	186	186	186	186	465
208	208	208	208	208	92
247	247	247	25	25	25
193	184	22	22	170	270
402	402	402	117	117	117
336	336	379	379	379	476
108	108	108	108	108	422
105	105	105	105	105	408
163	70	457	457	34	101
461	461	461	461	461	306
180	465	289	55	180	195
186	291	210	228	79	236
375	375	375	375	71	306
331	331	331	331	331	370
377	377	377	377	377	157
300	300	300	300	300	173
452	452	452	452	452	7
80	80	80	80	80	64
130	130	130	323	323	323
265	166	253	253	347	200
450	87	361	87	35	404
336	92	285	424	424	211
327	327	327	133	133	133
246	287	158	364	242	432
28	28	28	28	28	92
174	174	174	174	174	37
140	130	114	122	320	224
473	473	473	473	473	261
16	16	16	16	16	366
460	302	255	133	77	339
226	226	226	226	226	425
371	371	371	371	371	331
199	199	199	199	199	469
318	485	35	213	176	174
162	479	178	178	351	236
205	205	205	205	205	369
413	413	413	413	413	179
98	98	98	98	98	29
101	59	428	304	446	366
219	332	193	253	193	328
392	293	163	344	152	159
223	223	223	223	223	453
305	51	392	477	51	417
171	323	38	315	448	492
292	96	278	156	71	68
137	137	137	137	137	84
220	220	220	220	220	334
205	205	205	205	205	50
387	387	387	387	387	198
196	196	196	196	265	211
264	91	110	102	50	469
234	234	234	234	19	386
324	324	22	22	22	37
281	288	34	138	155	113
36	36	36	233	233	233
439	439	439	289	289	289
174	174	174	174	174	306
137	137	137	137	137	402
483	262	106	131	483	220
402	402	402	402	402	150
119	282	282	443	37	420
393	393	393	393	393	283
127	198	437	127	69	64
48	343	432	343	41	163
158	158	158	158	198	97
53	53	53	53	53	443
70	70	70	70	70	479
360	170	125	457	170	129
33	33	33	33	33	482
126	126	355	355	355	477
18	18	18	18	18	11
43	43	365	365	365	137
139	139	139	139	139	466
172	172	172	172	172	298
345	345	345	345	345	495
423	423	268	268	268	253
36	36	36	36	36	380
193	193	193	193	193	382
334	334	334	334	334	475
475	475	475	27	27	27
456	456	456	310	310	310
329	329	329	329	329	264
443	443	443	443	443	445
422	422	422	443	443	443
341	338	459	430	478	40
219	219	219	219	219	150
290	290	290	290	284	67
334	334	115	115	115	221
176	176	176	176	176	246
433	433	433	433	429	175
402	402	402	402	402	321
158	261	267	158	265	29
390	479	234	245	111	269
89	89	89	89	89	371
428	428	428	428	428	178
66	397	34	145	319	132
113	113	113	107	107	107
404	129	55	65	65	15
382	382	382	382	382	123
131	305	309	422	354	274
453	453	271	271	271	33
12	398	285	256	217	442
8	8	8	8	8	200
217	217	217	217	217	459
228	82	67	82	402	328
340	250	488	27	340	216
293	293	293	293	293	102
339	339	339	339	339	115
252	252	252	416	416	416
258	258	258	258	258	410
86	86	86	86	86	99
17	492	191	367	205	115
303	303	208	208	208	428
355	126	494	367	207	406
453	453	453	453	453	100
228	228	228	228	482	222
59	59	59	413	413	413
211	211	211	211	211	353
258	258	258	77	77	77
325	325	325	325	350	64
329	329	329	174	174	174
173	173	173	173	152	446
488	488	488	299	299	299
181	372	138	138	483	351
360	216	234	102	46	356
45	45	45	45	45	235
115	115	115	115	115	79
186	83	186	208	35	296
322	322	368	368	368	226
478	226	197	197	189	243
223	223	223	223	223	113
233	233	233	233	233	276
56	56	56	56	231	378
321	321	321	321	321	165
231	231	231	231	181	373
328	154	439	328	427	151
156	156	156	156	156	472
13	13	13	13	13	91
161	161	161	161	161	459
299	299	299	299	299	161
103	103	151	151	151	390
369	369	369	369	369	251
490	143	257	465	385	196
454	454	454	454	454	171
209	150	358	309	187	141
169	169	169	169	169	428
286	286	115	115	115	44
325	45	191	124	417	270
218	218	218	218	218	147
471	471	471	471	471	481
230	230	123	123	123	495
417	417	417	417	417	105
23	23	23	425	425	425
263	263	263	464	464	464
356	356	356	356	356	500
474	474	474	474	474	350
150	150	150	150	485	333
148	148	148	148	148	223
240	240	240	240	240	99
380	122	380	146	94	100
117	117	117	117	117	353
98	98	98	98	98	215
113	111	110	445	30	407
82	82	82	82	82	187
79	493	486	380	452	466
430	430	430	430	430	369
445	445	445	72	72	72
483	483	483	483	483	290
35	35	35	35	35	85
139	192	224	354	192	303
48	48	211	242	345	338
188	188	188	188	188	258
5	98	5	346	291	207
456	456	456	456	456	322
303	303	303	303	303	440
31	31	31	31	31	50
94	94	94	94	94	289
59	479	281	111	287	96
271	321	188	367	367	351
193	193	193	193	193	398
161	161	161	161	161	105
77	177	69	375	77	40
474	474	474	474	440	288
419	82	433	181	419	77
366	387	135	299	135	446
434	434	434	434	434	436
347	347	347	347	347	435
367	367	49	49	49	190
137	137	370	370	370	13
288	141	415	205	245	26
71	239	63	252	126	174
74	311	393	477	273	396
219	219	219	219	219	64
128	128	128	128	128	337
470	470	470	470	470	135
498	498	498	12	12	12
413	413	413	413	51	324
192	192	108	108	108	219
201	161	323	446	478	218
146	357	110	194	464	273
295	366	382	236	295	292
352	352	352	352	352	457
327	327	327	327	327	278
493	493	493	493	145	98
492	492	492	492	492	69
352	352	352	352	352	390
469	469	469	469	469	189
350	129	38	342	269	61
393	393	393	393	393	209
255	239	331	357	450	157
328	328	328	328	328	168
63	63	63	63	63	201
151	151	151	151	151	378
290	476	256	303	313	252
154	154	154	154	154	273
484	484	484	484	484	155
293	293	293	293	293	499
159	159	159	159	159	160
30	30	311	311	311	67
171	171	171	171	171	97
333	163	61	46	46	238
82	82	82	82	82	63
159	402	234	232	431	147
303	303	303	303	303	414
161	161	161	161	161	89
275	275	275	275	275	176
142	382	159	414	366	118
25	25	133	88	237	160
84	84	84	84	84	335
284	264	109	352	264	130
110	110	110	110	110	13
354	354	354	354	354	129
57	57	57	57	57	380
469	469	469	469	469	423
212	212	212	314	314	314
298	298	298	298	298	309
263	263	398	39	211	123
179	179	179	179	179	349
399	421	69	239	35	402
31	31	31	31	31	226
42	42	42	42	42	226
309	309	309	309	75	491
104	104	268	268	268	44
233	233	233	233	233	165
367	416	83	83	235	65
398	177	300	398	340	419
117	117	117	117	117	323
128	205	400	237	135	426
365	479	135	146	493	212
274	274	274	274	274	119
69	69	69	415	415	415
137	229	394	361	350	161
159	159	159	159	159	495
295	295	295	295	495	17
65	65	65	65	65	133
289	289	289	289	289	147
82	82	82	82	82	395
416	416	416	416	416	272
371	371	371	371	371	131
285	345	19	145	145	256
456	456	456	456	456	65
141	141	141	141	141	132
97	97	186	186	186	321
300	300	300	300	300	391
324	324	228	228	228	394
477	75	257	63	195	383
92	92	92	92	92	117
4	404	4	106	472	419
367	119	80	377	482	255
322	322	497	497	497	459
165	165	165	165	165	155
233	233	233	233	233	274
203	237	24	24	177	197
153	153	153	153	153	298
50	298	243	287	287	313
412	401	139	469	266	354
472	472	472	472	472	498
176	176	176	176	176	134
81	81	81	81	81	253
408	408	408	408	408	483
42	42	437	437	437	239
357	357	357	357	357	305
178	178	178	178	178	361
239	479	430	346	329	451
245	245	245	470	470	470
467	127	106	197	118	272
122	122	122	122	122	419
144	144	144	144	144	220
152	152	152	152	152	94
359	359	359	359	359	156
321	321	321	321	321	95
11	11	11	11	11	309
325	325	325	325	325	256
198	198	198	198	198	272
177	177	177	177	177	119
350	454	373	350	197	430
434	271	271	437	164	28
133	133	133	133	133	354
284	284	284	284	284	371
318	318	318	318	318	414
456	456	158	158	158	215
256	256	256	256	256	371
101	32	397	397	100	447
316	316	316	316	316	248
215	215	215	215	215	155
242	242	242	171	171	171
491	491	491	491	40	214
224	224	115	115	115	254
391	391	391	391	391	469
71	71	71	254	254	254
420	420	420	225	225	225
473	473	473	122	122	122
332	332	332	332	332	240
21	21	21	21	21	459
73	73	219	219	219	464
145	167	397	145	204	77
170	170	170	170	170	285
422	402	284	402	340	70
423	423	423	423	173	1
284	284	284	284	284	361
467	467	467	467	467	182
408	12	124	280	270	213
237	237	237	237	237	162
405	405	405	203	203	203
190	190	190	190	244	273
416	416	416	416	416	248
71	71	71	71	71	287
123	417	370	393	480	117
298	298	298	298	298	457
33	281	393	427	141	207
316	316	316	316	316	152
299	299	299	299	299	301
77	77	77	219	219	219
75	75	75	75	75	96
206	124	34	430	482	6
21	21	21	21	304	352
67	67	193	193	193	386
237	237	237	237	237	173
124	124	386	386	386	130
376	376	376	376	376	245
93	93	93	93	93	59
449	166	449	392	268	340
413	413	413	413	413	228
124	378	103	104	308	395
36	36	36	36	36	415
79	79	79	79	79	264
154	154	154	336	336	336
153	153	153	153	153	491
205	205	205	205	205	248
447	447	447	453	453	453
19	19	19	19	19	325
313	313	313	313	313	283
192	192	192	192	192	75
123	123	123	10	10	10
449	449	454	454	454	275
360	360	360	360	360	115
290	390	135	333	34	274
185	92	482	291	148	441
115	115	115	115	115	319
263	263	263	263	263	312
202	202	202	406	406	406
149	45	444	63	124	180
24	328	352	155	24	409
21	21	21	21	21	120
105	105	105	105	105	269
411	462	472	346	225	68
160	63	34	414	129	462
404	404	404	404	404	3
57	57	57	57	57	114
55	424	155	100	368	124
351	351	390	390	390	106
261	261	261	261	261	210
484	484	484	484	484	413
200	200	200	200	200	94
76	76	76	76	76	224
18	217	373	332	152	356
301	301	301	301	301	353
247	247	177	177	177	60
196	387	202	387	82	6
240	240	240	240	240	345
305	305	305	305	305	117
493	75	380	71	48	107
223	223	223	279	279	279
332	332	332	332	332	23
350	350	350	350	350	254
5	5	5	5	5	340
369	143	369	417	17	149
294	294	294	294	294	459
372	372	372	372	372	200
408	408	408	408	408	78
220	220	220	220	220	300
379	159	350	287	434	228
446	348	446	365	399	199
159	159	159	159	159	469
446	446	446	109	109	109
159	159	159	159	159	269
217	217	303	303	303	90
288	343	454	431	174	242
5	5	93	93	93	81
183	183	183	183	353	192
24	24	24	24	24	293
29	29	29	29	29	500
190	282	188	277	282	320
419	484	463	37	19	205
137	213	253	216	394	152
127	127	127	127	127	232
478	478	478	460	460	460
247	247	359	55	426	291
255	322	443	322	243	124
212	212	212	212	212	255
195	195	474	474	474	378
179	179	179	179	179	368
204	204	80	80	80	34
255	255	255	255	255	297
252	287	72	363	257	108
248	248	50	50	50	475
309	309	309	309	309	353
421	421	421	421	421	480
315	315	315	315	315	446
49	49	49	49	49	273
264	264	264	264	43	256
488	488	488	488	488	295
383	383	383	383	383	320
407	407	407	407	407	391
472	472	472	472	472	130
433	433	433	433	433	26
475	475	475	44	44	44
12	75	288	356	185	70
330	330	330	330	330	300
94	94	94	94	94	30
347	347	347	347	347	322
160	160	160	160	160	400
338	187	228	241	449	132
373	373	373	373	373	231
182	182	182	182	182	196
395	7	54	210	481	34
427	427	427	389	389	389
358	358	311	311	311	303
273	273	332	332	332	360
433	82	141	211	30	255
439	439	439	118	118	118
396	396	396	396	396	101
269	269	269	269	269	343
306	306	306	306	306	168
71	71	313	313	313	262
396	359	317	199	260	109
418	418	418	418	418	236
16	16	16	16	16	443
284	289	381	381	258	348
393	393	393	393	340	197
358	358	358	441	441	441
195	96	440	69	107	420
465	465	465	465	465	27
199	199	199	425	425	425
140	140	140	140	140	492
224	224	224	224	224	168
103	103	103	454	454	454
349	349	349	349	349	453
134	134	134	134	134	187
217	217	217	217	217	424
339	290	339	224	363	324
457	138	433	139	31	122
261	261	261	261	261	420
147	147	147	147	147	7
481	481	481	481	481	287
299	299	299	299	299	72
187	419	419	77	384	268
169	169	169	169	169	242
13	13	20	20	20	310
349	349	297	297	297	131
473	473	473	473	473	480
388	477	291	343	218	60
125	125	125	125	125	48
145	145	145	145	145	212
240	240	240	240	240	35
385	385	385	385	385	314
94	94	94	94	94	80
217	217	217	217	217	150
51	51	51	315	315	315
342	342	241	241	241	58
313	313	30	30	30	409
379	379	379	379	379	253
403	403	403	403	403	74
29	29	29	29	29	371
136	223	446	241	482	368
98	292	292	313	79	431
276	276	397	397	397	337
93	93	93	93	93	292
182	182	182	450	450	450
21	145	361	124	38	176
117	117	117	117	44	498
435	435	435	435	435	231
91	91	229	229	229	198
297	297	297	297	297	78
8	8	8	8	8	498
328	328	328	328	328	314
479	479	174	174	174	287
173	173	173	173	173	452
62	62	62	62	62	447
152	152	424	424	424	264
244	244	244	244	257	108
232	232	232	232	232	88
247	79	20	301	247	414
153	153	153	153	153	14
282	282	282	282	91	57
424	424	424	424	424	242
433	433	433	433	433	287
428	283	211	494	497	329
263	263	263	263	263	173
77	77	77	433	433	433
291	291	291	291	291	197
318	318	318	318	318	481
109	109	109	14	14	14
86	86	158	158	158	16
174	174	174	174	174	88
435	359	437	459	459	342
357	357	109	109	109	21
347	347	347	347	347	500
188	188	188	188	447	211
332	332	349	349	349	483
57	57	57	57	57	206
472	472	472	472	472	222
49	223	33	208	18	228
353	353	353	353	353	309
150	150	150	150	150	253
490	490	490	490	490	32
356	356	411	411	411	14
156	156	7	7	7	284
480	480	480	133	133	133
154	450	201	7	449	433
357	357	357	6	6	6
86	86	86	86	73	427
130	130	130	130	130	14
56	270	102	300	376	222
86	86	86	86	86	123
214	308	138	357	212	234
448	448	448	448	448	161
415	415	415	415	415	109
361	361	361	361	361	157
36	36	36	36	36	199
76	76	76	76	76	462
365	365	365	365	365	164
467	467	467	467	467	266
367	367	367	28	28	28
289	230	319	402	317	338
130	130	268	284	432	450
421	244	72	428	404	176
256	256	256	256	256	478
400	400	400	400	400	210
221	221	221	221	221	415
278	278	278	278	278	34
210	210	210	210	210	91
150	281	408	164	385	230
235	235	49	49	49	493
352	352	493	493	493	68
337	337	337	337	337	457
160	189	220	431	392	172
427	427	427	427	427	77
394	394	394	394	65	261
118	118	118	118	118	196
213	213	390	390	390	14
273	273	273	273	273	298
105	105	105	105	105	16
145	145	145	145	145	249
40	40	40	40	40	494
236	236	236	236	236	361
10	10	366	366	366	448
248	248	248	248	248	7
208	208	208	208	208	220
323	323	323	323	323	224
199	199	199	199	199	105
13	13	13	13	13	397
141	141	141	141	141	314
159	159	159	159	159	119
75	75	75	75	75	498
102	102	102	102	102	329
172	258	105	287	258	190
9	9	9	125	125	125
442	442	442	442	442	182
140	140	140	140	140	305
238	238	238	238	126	412
77	77	77	77	77	410
410	410	410	410	410	160
132	368	132	148	330	447
36	36	445	337	24	76
475	475	475	475	369	419
495	24	189	390	56	25
330	330	330	330	330	232
122	122	122	122	122	418
249	249	492	492	492	245
283	283	283	283	283	180
273	273	230	230	230	238
346	346	346	346	346	236
216	216	209	209	209	398
298	67	169	144	402	234
27	27	27	27	27	188
309	79	57	247	247	76
308	308	308	308	308	237
354	354	354	354	354	332
156	113	412	241	127	339
103	103	103	103	103	19
369	52	227	375	463	207
341	341	341	341	341	452
391	391	391	391	391	368
446	446	446	446	446	144
276	276	354	354	354	29
154	154	154	154	154	347
239	239	239	239	239	261
151	151	151	151	151	68
68	68	68	68	68	311
255	255	255	255	255	190
10	10	396	396	396	492
14	14	14	168	168	168
459	366	487	151	453	396
473	473	473	473	473	235
320	320	320	320	320	137
116	116	116	116	116	72
254	140	149	454	159	69
461	461	461	461	461	481
440	440	440	440	432	62
125	125	125	125	125	268
78	78	78	78	181	51
297	297	297	297	297	38
224	224	224	224	224	33
191	191	191	191	191	20
118	118	118	118	118	479
198	198	198	198	150	222
344	344	398	398	398	440
257	257	257	257	257	290
445	88	79	66	156	390
90	90	90	90	90	360
179	179	179	179	179	380
185	185	185	395	395	395
338	338	431	431	431	437
128	128	128	128	128	104
462	462	462	462	462	297
389	389	389	389	389	465
160	160	160	160	160	451
469	469	469	469	6	345
238	238	187	187	187	447
387	414	264	180	203	362
246	246	246	246	246	212
179	179	179	179	179	169
301	301	301	301	301	422
412	412	412	412	412	111
282	319	20	400	34	392
21	377	278	80	183	473
165	165	165	165	165	21
375	375	375	375	375	191
342	342	22	22	22	31
32	32	32	32	230	75
372	372	372	372	372	447
257	257	257	257	257	440
209	209	222	222	222	97
10	10	10	10	10	347
265	265	265	265	265	10
97	164	155	280	97	222
118	118	118	118	118	147
398	398	398	398	398	417
253	253	253	253	253	206
145	145	145	145	145	251
384	384	384	384	384	62
463	463	351	351	351	29
10	10	10	10	10	363
465	465	465	465	465	327
464	364	131	122	181	14
198	388	234	234	260	148
465	465	480	480	480	488
272	272	272	272	272	477
123	123	123	123	123	370
414	12	468	496	438	309
287	467	467	314	40	46
371	371	371	371	371	73
55	55	55	55	55	473
119	446	4	231	231	478
139	139	139	157	157	157
308	308	308	308	308	281
81	81	81	81	81	267
290	290	290	290	290	199
127	127	127	127	291	269
316	316	316	316	379	343
228	354	371	320	288	318
111	111	111	111	111	456
301	301	301	4	4	4
44	44	44	126	126	126
447	447	447	447	447	319
74	74	74	236	236	236
96	96	96	96	96	196
370	370	370	14	14	14
223	170	152	365	113	101
99	99	99	99	99	54
448	448	448	448	448	413
493	388	375	441	326	174
170	170	170	170	170	382
132	132	132	132	132	26
136	136	136	136	136	355
231	231	231	231	231	477
228	228	228	89	89	89
381	381	381	381	381	409
248	248	248	248	248	483
189	189	189	189	189	206
104	104	104	104	104	291
293	293	293	24	24	24
236	236	236	236	236	437
128	128	128	128	128	14
399	399	399	399	399	45
97	97	97	97	97	115
413	413	413	139	139	139
344	344	344	344	344	187
118	277	277	34	303	135
327	327	327	327	327	326
100	100	100	100	100	149
404	377	96	96	45	483
230	230	230	230	230	452
100	100	100	100	204	334
313	313	313	313	313	101
81	81	81	81	81	178
223	222	222	112	7	422
217	217	217	217	217	303
403	38	61	38	397	253
222	222	222	222	222	211
235	235	235	235	235	171
286	286	286	286	286	415
125	125	125	125	125	299
215	92	298	292	292	426
109	109	109	109	109	427
290	290	290	290	290	79
17	17	17	17	17	243
381	381	381	381	381	130
162	162	162	162	162	257
6	363	53	126	126	324
253	253	253	253	253	101
427	427	427	427	427	254
240	330	270	240	190	450
123	123	123	123	90	107
109	109	109	270	270	270
245	245	38	38	38	115
206	206	206	206	206	478
92	92	92	92	295	126
395	395	395	395	395	236
45	45	45	45	45	420
332	332	332	332	332	107
348	348	348	348	348	331
334	334	334	334	334	88
262	262	262	262	262	117
25	25	467	467	467	17
249	249	249	249	249	102
66	182	282	182	98	375
464	464	464	464	464	284
425	425	425	425	425	354
290	290	290	379	379	379
365	365	365	365	365	31
41	41	41	41	41	350
346	346	346	346	346	112
166	166	166	186	186	186
43	43	43	26	26	26
91	102	114	248	296	404
266	266	266	266	266	428
305	334	4	329	224	236
372	372	372	372	372	288
3	3	3	3	3	203
249	408	30	375	336	308
215	215	439	439	439	486
173	151	78	402	73	38
326	326	326	326	326	362
250	250	250	250	250	370
123	123	123	123	123	336
176	176	176	176	176	466
367	367	367	367	65	255
292	292	292	292	292	313
452	452	452	452	452	176
116	116	192	192	192	472
468	468	468	468	468	392
105	105	100	100	100	316
406	406	406	406	75	131
351	351	351	351	351	141
423	423	423	423	423	312
153	153	153	153	153	366
492	492	492	492	492	183
115	115	115	115	115	388
478	478	340	340	340	277
382	446	446	291	91	173
55	55	55	113	113	113
137	137	137	33	33	33
413	413	413	413	413	380
57	22	195	333	390	431
109	109	109	109	109	377
195	195	195	195	195	133
316	316	12	12	12	167
406	485	368	126	28	393
49	49	49	49	49	368
491	491	491	491	491	37
129	129	129	129	129	143
130	130	130	130	130	280
411	411	411	411	411	4
49	49	49	49	49	391
10	10	10	10	291	45
268	268	268	268	268	238
111	332	177	352	332	8
331	331	331	331	331	116
427	52	79	251	236	214
457	457	457	10	10	10
378	378	378	378	378	94
284	284	284	284	284	73
287	287	287	287	287	479
36	36	36	36	36	482
265	199	365	280	436	287
313	208	175	125	313	245
493	82	143	178	90	138
415	415	415	342	342	342
332	332	383	383	383	226
185	185	31	210	450	78
416	416	416	416	416	384
382	382	382	382	382	216
35	35	35	35	35	412
90	355	294	79	415	231
201	307	123	103	34	491
65	65	65	372	372	372
332	465	69	77	497	24
8	8	8	8	8	277
151	274	260	460	159	141
379	379	379	379	379	127
10	10	10	10	10	492
49	49	49	49	217	24
327	327	327	327	327	349
109	109	109	467	467	467
37	37	37	37	37	242
286	286	286	286	286	139
282	282	282	31	31	31
18	123	333	151	137	95
19	19	19	19	19	306
73	213	457	492	73	43
47	47	254	254	254	278
276	34	415	394	395	430
379	448	50	48	181	185
232	232	232	232	232	63
330	330	330	330	330	25
66	223	198	394	21	139
382	382	382	382	382	30
39	39	39	39	39	296
476	476	476	64	64	64
150	150	405	405	405	136
63	4	372	63	29	23
4	4	4	4	4	450
188	188	188	188	188	256
494	494	494	494	494	325
76	76	76	76	76	149
75	75	75	75	75	130
219	62	350	69	212	429
235	344	368	235	26	497
216	216	216	216	248	4
274	274	274	274	274	208
231	231	282	282	282	84
45	45	45	45	45	423
418	418	418	418	418	450
469	469	469	246	246	246
278	461	278	195	372	76
457	457	457	457	90	128
316	316	316	316	316	408
188	188	188	188	188	277
97	97	97	97	97	232
368	368	368	368	368	439
265	265	265	265	265	21
239	239	239	255	255	255
124	124	158	362	250	417
249	249	249	165	165	165
492	371	254	397	371	320
213	213	213	213	213	457
69	469	160	160	458	353
409	409	409	409	409	131
418	418	418	418	418	137
174	174	174	174	174	262
446	446	446	446	446	57
374	374	374	28	28	28
259	259	457	457	457	453
158	158	270	270	270	165
398	398	398	398	398	5
492	492	492	492	492	435
341	341	341	49	49	49
51	51	51	51	51	128
282	282	282	282	282	43
240	240	240	240	240	2
359	359	359	359	359	211
125	125	125	125	125	13
242	242	242	242	242	60
308	410	69	424	193	252
215	215	215	215	215	389
175	175	175	175	175	157
113	113	113	113	113	248
129	129	335	335	335	387
28	28	28	28	28	90
477	477	477	477	477	201
469	469	41	41	41	394
431	240	37	414	106	436
2	2	2	2	2	320
189	202	494	406	48	130
333	430	177	399	438	62
209	209	209	209	284	252
306	306	306	306	306	90
418	368	259	320	86	216
211	211	211	211	406	52
245	282	285	316	315	298
324	133	282	101	262	443
30	30	30	30	30	104
306	65	65	285	166	164
229	229	229	229	229	197
88	88	88	88	88	168
57	327	243	439	482	331
461	461	461	461	461	33
242	242	96	96	96	412
29	133	32	426	405	270
324	324	317	317	317	85
140	140	140	140	140	3
303	303	303	303	303	98
335	335	335	335	335	90
224	224	112	112	112	148
393	58	71	106	451	190
164	164	164	488	488	488
85	85	85	85	294	100
433	433	433	433	433	92
79	79	79	79	79	184
304	304	372	372	372	380
180	180	180	180	180	347
267	267	423	423	423	481
126	376	59	90	319	441
90	234	369	8	369	489
369	369	369	14	14	14
375	375	375	375	375	44
358	358	358	358	209	93
139	139	139	139	139	449
477	477	477	187	187	187
251	331	414	293	257	418
450	450	450	450	450	477
348	348	348	348	348	140
355	330	453	140	371	381
403	403	403	403	5	13
51	78	326	256	45	120
12	12	12	12	12	318
383	383	383	383	383	287
152	69	322	33	407	223
298	298	183	472	129	171
51	381	236	485	369	310
108	108	108	108	339	470
390	390	390	390	390	207
51	51	51	51	393	19
499	356	250	491	499	138
135	135	135	135	135	230
137	137	137	137	137	187
277	277	277	9	9	9
76	40	250	368	253	88
460	84	386	100	328	382
330	330	330	330	330	151
379	406	246	44	246	478
140	140	32	32	32	216
60	60	325	325	325	92
156	156	156	156	156	320
440	440	440	440	440	334
21	21	21	21	21	437
57	472	367	272	260	352
398	248	33	380	227	478
484	484	253	253	253	19
371	371	349	349	349	249
457	457	457	457	158	318
107	69	330	296	107	72
287	287	287	117	117	117
42	21	245	487	462	312
2	2	2	2	2	103
99	99	99	99	99	269
46	46	46	46	46	241
90	90	90	90	90	491
332	332	271	271	271	335
278	278	278	278	278	358
295	55	383	122	92	207
393	393	393	393	260	49
399	399	399	399	399	445
433	433	433	433	433	219
244	244	244	244	244	339
488	488	488	488	488	212
361	361	361	361	361	57
197	197	197	197	197	324
350	197	230	88	252	310
284	284	206	206	206	426
136	136	136	136	136	174
125	125	125	125	125	187
90	90	90	90	90	348
52	52	52	76	76	76
142	142	142	142	320	420
313	313	313	313	313	16
202	30	30	314	23	22
211	211	211	211	328	259
183	183	43	43	43	182
295	295	295	295	295	214
413	413	413	413	413	237
471	471	471	471	471	9
11	11	11	11	11	262
468	468	468	468	468	229
450	450	450	82	82	82
192	192	343	343	343	295
164	164	164	193	193	193
88	101	358	83	366	19
48	48	48	48	201	159
200	200	348	348	348	440
195	195	195	195	195	367
470	431	431	444	87	214
155	155	155	264	264	264
382	58	337	306	152	5
156	406	241	241	455	256
18	210	484	186	443	376
31	31	333	333	333	233
212	138	480	462	395	381
292	220	99	375	172	11
497	497	497	304	304	304
341	341	341	212	212	212
446	446	446	446	446	44
308	308	308	323	323	323
376	376	376	376	376	116
353	353	353	353	353	300
342	173	470	48	231	257
380	380	380	380	148	460
312	312	312	312	312	232
251	251	251	251	251	40
169	169	169	169	169	102
44	44	44	30	30	30
487	487	487	487	487	391
441	153	153	427	272	444
358	34	206	63	261	353
337	337	337	337	337	275
144	406	330	175	172	212
417	417	417	417	417	72
282	282	282	282	282	299
165	165	165	165	165	5
33	33	226	226	226	336
384	384	384	384	384	239
477	477	477	292	292	292
477	477	477	477	477	206
175	175	175	175	175	255
31	31	31	31	31	276
479	479	152	152	152	128
107	107	107	155	155	155
398	130	209	182	8	461
136	136	136	136	136	129
85	85	85	85	85	170
204	204	204	204	204	469
240	240	240	240	240	157
167	167	167	167	167	191
256	256	256	256	256	408
429	429	429	429	429	181
406	322	472	322	418	359
467	148	393	112	342	272
290	102	142	331	142	99
118	397	452	417	452	361
11	11	11	11	11	186
207	207	207	207	207	304
225	225	225	428	428	428
473	473	473	473	473	373
313	309	155	43	347	435
365	365	365	365	365	23
68	68	68	183	183	183
289	289	289	289	289	82
28	28	276	276	276	132
495	495	495	495	495	419
66	453	497	174	83	383
364	364	364	364	364	415
20	20	20	20	20	71
81	81	81	81	81	145
290	290	290	290	290	258
124	124	124	124	124	413
221	221	221	221	221	451
365	365	316	316	316	313
395	395	419	419	419	215
427	427	427	427	427	184
202	202	216	320	334	101
295	295	295	295	295	173
419	41	114	437	366	335
16	16	16	16	16	476
408	270	5	5	253	355
410	410	410	136	136	136
389	405	149	218	100	299
345	252	448	330	330	15
90	368	100	446	368	27
195	195	195	195	195	12
416	28	376	4	201	18
23	23	23	23	23	483
34	34	34	34	105	40
370	370	370	370	370	470
408	408	408	142	142	142
184	184	184	184	184	292
488	338	406	488	172	42
465	465	104	104	104	422
277	277	277	277	277	483
17	17	17	17	17	482
73	73	73	73	73	202
281	281	281	281	281	323
13	316	313	1	389	433
24	24	24	24	24	279
459	393	268	378	134	48
499	220	337	499	17	70
335	335	335	335	335	268
363	313	205	219	360	453
360	360	360	190	190	190
360	360	360	216	216	216
328	328	328	328	328	452
490	490	490	490	490	36
165	165	165	262	262	262
2	2	2	2	2	415
238	276	424	321	91	421
260	260	260	260	260	400
178	280	490	260	351	196
449	431	384	153	341	146
330	330	330	330	193	438
160	160	160	160	160	168
393	393	393	393	393	92
250	250	250	250	250	484
122	122	122	122	122	123
120	346	23	462	63	166
212	212	212	212	212	305
252	252	437	437	437	145
426	426	426	426	426	112
251	251	251	251	251	472
473	473	473	304	304	304
458	458	27	27	27	320
330	330	330	330	330	255
133	409	407	426	488	184
389	389	389	389	389	5
225	225	225	225	225	332
109	109	109	109	109	201
345	345	345	345	345	260
77	77	212	212	212	205
220	220	220	220	220	184
402	402	31	31	31	381
271	399	29	464	443	142
159	159	159	159	159	476
487	487	487	487	402	256
293	293	293	293	293	50
22	22	22	226	226	226
290	290	391	391	391	380
32	32	32	32	32	23
417	417	117	240	346	100
122	122	122	17	17	17
156	156	156	156	156	36
36	36	36	36	36	145
322	322	322	253	253	253
246	246	246	246	246	128
14	109	54	109	425	345
52	52	52	52	52	107
148	16	16	119	271	412
306	184	161	25	184	410
399	399	399	399	399	303
58	58	58	58	247	55
359	359	359	359	359	188
372	372	372	372	372	483
323	323	111	132	23	130
45	189	287	292	58	206
465	234	309	126	116	64
251	251	251	251	107	334
459	459	459	348	348	348
278	278	278	278	278	324
183	183	391	391	391	235
269	269	269	269	269	256
335	335	335	335	335	326
24	330	244	127	492	281
426	426	426	426	133	233
107	107	101	101	101	53
144	318	318	455	164	421
199	199	199	199	199	313
207	207	308	308	308	139
224	332	21	181	131	432
160	160	160	160	160	320
310	310	310	310	310	381
269	269	269	269	269	120
184	184	184	184	184	33
416	223	402	441	366	353
361	361	361	361	361	98
290	290	45	45	45	74
425	425	425	425	168	254
101	101	101	101	101	188
382	382	382	382	382	483
264	201	441	134	300	108
173	173	173	173	173	327
161	161	161	420	420	420
265	141	141	255	323	171
14	14	14	14	14	293
149	60	335	286	52	468
52	373	336	247	395	28
435	435	435	435	435	399
173	173	173	173	173	341
6	6	6	6	6	164
323	237	58	402	156	256
319	319	319	319	319	493
147	73	132	132	286	202
236	236	236	236	236	383
301	301	301	301	301	238
112	112	373	373	373	44
179	179	179	179	179	144
63	63	63	63	63	148
146	445	346	3	378	233
24	24	24	24	24	238
403	403	403	403	403	193
225	225	225	323	323	323
332	332	332	332	332	496
363	363	363	332	332	332
53	53	147	147	147	185
63	63	63	63	63	164
41	41	41	41	41	180
171	171	241	241	241	118
137	137	137	137	137	237
402	402	402	402	402	234
409	409	409	409	409	214
377	377	377	377	377	389
342	342	342	342	342	432
455	455	455	455	455	39
123	123	123	123	133	202
244	244	244	244	244	403
392	392	392	392	392	181
412	412	412	412	412	35
450	450	450	450	450	176
126	126	126	126	126	361
69	69	69	69	69	454
418	418	447	447	447	382
493	493	493	493	493	381
448	448	448	448	448	257
6	6	6	6	6	464
318	241	274	56	442	323
377	377	377	377	14	219
138	138	138	138	138	18
407	150	31	456	141	51
270	155	240	270	296	343
184	244	496	71	212	366
119	361	379	329	305	23
288	288	288	233	233	233
349	129	55	183	29	38
66	66	66	66	66	272
146	146	146	146	224	376
94	94	94	94	94	41
431	185	6	139	391	232
102	102	102	430	430	430
339	339	339	339	339	152
104	104	370	370	370	364
430	241	156	127	369	275
79	79	79	318	318	318
227	227	227	227	227	319
408	9	323	179	408	466
77	77	77	77	77	107
144	144	144	144	144	123
316	316	316	316	316	162
229	229	229	229	229	237
261	287	370	202	370	402
438	438	438	438	438	458
264	264	264	264	264	472
268	268	268	268	268	436
443	443	443	443	443	140
317	317	317	499	499	499
392	392	392	392	392	58
112	112	112	112	112	403
34	152	29	480	456	215
266	266	266	266	266	157
189	189	189	313	313	313
47	47	47	47	47	283
298	53	53	114	157	323
178	178	178	178	178	183
139	102	314	171	286	440
359	359	359	359	359	135
15	15	15	15	15	411
2	2	2	252	252	252
353	41	41	390	58	123
256	256	256	37	37	37
75	75	204	204	204	227
80	27	224	27	158	470
117	117	117	117	117	178
17	17	17	17	17	344
374	374	374	365	365	365
352	352	300	300	300	7
227	227	227	282	282	282
49	307	479	58	94	380
106	106	106	106	106	446
410	43	485	451	253	372
191	56	298	345	372	284
74	74	263	260	30	241
364	364	364	364	364	139
391	391	416	416	416	346
331	331	331	331	314	188
119	119	119	119	449	277
145	145	145	35	35	35
188	102	463	387	380	491
289	289	289	289	289	221
464	464	333	333	333	6
159	159	159	159	159	272
91	91	91	91	91	205
494	494	494	494	494	460
415	265	358	392	341	327
201	137	292	204	319	317
262	262	262	262	262	47
74	134	27	207	148	406
20	20	20	20	20	191
371	371	371	12	12	12
285	285	285	285	285	267
464	464	481	481	481	233
3	3	3	3	3	164
6	6	6	6	6	387
75	75	75	75	75	120
450	450	450	450	450	341
238	238	238	238	238	325
332	332	332	332	332	399
106	106	106	178	178	178
256	85	293	60	247	123
234	234	234	234	234	155
325	325	325	325	325	272
230	230	80	80	80	416
474	474	474	474	474	58
56	56	56	56	56	331
285	285	285	285	285	84
402	283	431	421	359	148
205	205	205	370	370	370
227	188	76	478	264	20
54	54	54	54	54	379
264	264	264	264	264	165
366	366	366	366	366	60
246	128	80	80	184	221
291	291	291	291	291	165
12	12	12	12	12	246
74	74	139	139	139	151
426	426	426	426	426	27
448	448	448	448	448	289
186	186	186	186	186	70
102	102	102	102	102	47
217	217	217	217	217	417
51	51	113	113	113	308
353	353	353	353	353	354
234	234	234	234	234	240
49	49	49	49	49	487
107	107	107	107	107	308
269	269	269	269	3	296
472	112	157	187	34	208
457	457	457	457	457	34
226	122	202	122	384	251
166	166	495	495	495	229
147	147	147	147	147	38
252	252	252	128	128	128
283	82	354	20	449	438
347	194	220	125	214	232
63	165	82	149	375	420
102	102	64	64	64	480
28	28	28	28	28	32
173	49	353	53	434	395
302	302	302	302	302	189
108	329	319	329	426	307
81	81	81	81	81	245
24	24	24	24	24	285
57	57	57	57	57	208
57	254	215	221	450	97
81	81	72	72	72	254
468	468	468	468	468	203
61	61	61	61	61	237
24	24	24	24	24	324
92	92	92	92	92	324
416	416	416	419	419	419
228	228	228	228	228	90
51	51	384	384	384	378
201	199	52	64	287	161
270	417	466	372	25	258
285	285	482	100	194	445
142	357	333	134	79	395
204	446	249	299	45	484
76	76	76	76	76	43
212	212	212	212	212	330
229	229	229	229	229	339
46	46	46	46	46	13
178	178	178	178	178	428
150	150	150	201	201	201
113	113	113	113	113	31
6	6	6	6	151	486
117	272	295	57	390	42
488	488	488	488	488	361
303	303	303	303	303	356
394	394	394	394	394	333
427	433	373	433	310	297
213	213	213	213	213	296
364	364	364	364	364	317
421	421	421	421	421	380
279	279	279	279	279	490
118	118	118	118	118	387
62	380	45	33	43	26
11	11	11	11	11	390
110	110	110	110	110	398
447	447	447	447	447	186
217	79	207	250	250	434
17	24	17	151	71	442
100	100	100	100	100	62
92	92	92	92	92	373
434	434	434	434	434	325
151	151	151	151	151	473
363	363	363	363	359	106
234	234	234	234	234	213
223	476	461	223	32	455
494	494	494	494	494	315
186	186	186	186	186	250
234	200	272	272	381	2
130	130	130	130	130	454
471	369	39	76	17	56
474	474	474	474	474	101
429	429	429	429	429	111
192	192	160	160	160	280
94	94	94	94	94	214
400	400	400	400	400	23
167	167	167	167	167	313
78	78	78	78	78	205
131	354	199	137	375	134
150	150	150	29	29	29
238	249	341	113	88	71
110	110	110	110	110	216
313	330	379	281	265	360
147	147	147	147	147	197
392	392	392	392	392	264
368	368	368	368	368	446
446	68	496	347	414	276
294	294	294	294	294	199
314	314	314	432	432	432
451	451	451	451	451	256
10	323	321	86	258	411
399	399	399	399	399	398
285	285	285	285	285	496
308	113	188	180	32	295
134	134	134	134	134	450
442	442	196	196	196	494
59	59	59	59	59	8
153	153	153	153	153	119
271	371	196	304	304	303
219	219	219	219	219	9
128	128	128	128	128	413
85	85	85	85	85	102
460	460	460	460	460	388
112	112	210	210	210	277
123	123	123	123	123	266
73	73	73	331	331	331
228	228	228	228	228	310
244	244	244	244	244	234
288	288	288	288	288	345
140	140	140	140	140	57
144	144	54	376	220	81
380	380	380	380	380	58
110	136	260	32	136	246
393	393	393	186	186	186
6	6	6	6	6	149
230	230	230	444	444	444
425	425	425	425	425	258
82	198	282	198	31	454
168	168	168	168	168	170
160	160	385	385	385	62
474	474	474	430	430	430
187	187	187	187	187	298
358	358	178	178	178	214
455	184	272	129	161	416
443	107	347	443	14	489
81	350	396	297	498	258
15	15	15	15	15	152
276	276	276	276	276	1
323	323	230	230	230	421
273	395	400	345	205	149
481	481	481	481	481	382
132	132	132	132	132	400
152	42	201	346	152	216
44	44	439	439	439	359
240	240	240	240	21	214
278	278	278	278	278	135
111	111	229	229	229	442
480	480	480	480	480	388
218	218	218	218	218	43
422	422	422	5	5	5
373	279	8	443	316	366
29	29	29	29	29	468
447	159	485	16	415	344
298	298	298	221	221	221
372	372	372	372	372	140
107	107	107	107	330	343
21	21	21	21	21	321
99	99	218	218	218	31
405	86	280	308	308	231
486	486	128	128	128	480
483	483	483	483	483	464
427	35	427	9	178	241
172	172	172	172	172	254
219	426	426	288	253	404
414	414	414	414	414	68
79	358	265	492	227	353
270	270	270	270	270	480
278	278	278	18	18	18
291	499	281	468	468	430
94	94	94	60	60	60
272	272	272	272	272	436
397	397	397	493	493	493
145	146	142	189	322	276
283	323	245	432	109	418
184	184	184	184	184	317
156	156	156	156	156	94
330	330	330	200	200	200
185	185	185	185	185	475
76	71	178	196	178	209
467	467	255	255	255	209
18	18	18	473	473	473
425	425	425	425	425	304
28	28	28	28	28	316
127	127	127	127	127	167
420	420	420	420	420	128
4	4	64	64	64	315
79	79	79	79	79	257
101	101	101	101	101	59
381	381	381	84	84	84
73	73	73	73	73	470
18	18	18	18	18	180
68	448	154	68	161	216
30	30	321	321	321	61
471	471	471	471	75	94
491	491	491	491	103	117
332	488	322	215	74	243
45	45	45	45	45	217
217	217	217	217	217	260
118	118	118	118	118	207
55	55	55	55	55	337
157	157	157	157	157	278
408	482	424	108	196	33
83	83	83	220	220	220
235	235	350	350	350	186
442	442	442	41	41	41
345	345	345	345	345	437
34	459	363	459	64	376
104	104	104	104	104	238
87	87	87	87	87	138
94	101	132	297	297	471
349	349	349	349	349	268
62	62	62	62	62	70
411	411	411	134	134	134
305	305	305	305	305	176
354	354	354	354	232	116
118	118	118	118	118	444
109	142	112	327	482	371
447	417	460	409	297	361
263	263	263	263	263	369
208	208	208	208	208	58
364	364	178	178	178	471
54	201	432	268	309	493
61	61	61	61	61	150
20	149	20	292	7	81
200	343	288	411	200	315
373	373	373	373	373	75
158	5	199	5	32	298
83	83	83	83	83	171
250	319	319	4	315	85
126	9	255	70	249	473
280	280	280	280	280	134
275	399	204	275	86	171
38	38	38	38	38	213
40	40	40	40	40	14
80	80	494	494	494	419
373	77	460	442	69	62
377	347	157	56	182	3
367	367	367	367	367	301
467	467	467	467	467	500
78	78	78	342	342	342
219	219	219	219	219	492
453	453	453	453	453	477
206	233	128	380	452	42
78	78	78	115	115	115
402	402	402	402	402	85
474	474	474	474	474	397
42	42	42	42	42	204
13	13	13	257	257	257
347	347	446	446	446	162
1	1	5	5	5	379
288	307	65	45	145	53
331	426	443	256	365	344
23	23	23	23	23	477
371	371	371	371	222	246
18	18	18	18	18	484
34	34	34	34	34	353
214	214	214	214	214	19
344	344	344	344	344	463
448	448	269	269	269	474
401	401	401	401	401	432
45	45	330	330	330	359
453	453	453	453	453	478
20	20	20	20	20	394
247	247	247	247	247	130
297	297	297	297	297	170
28	28	28	28	28	282
22	218	264	475	240	448
351	20	96	45	324	224
86	86	86	86	86	175
172	172	172	172	172	324
76	76	76	76	76	382
435	435	435	435	435	362
44	499	149	335	201	347
472	472	472	472	472	455
276	52	36	143	104	341
303	303	303	444	444	444
164	214	386	264	355	96
139	139	139	139	139	419
226	226	226	335	335	335
21	21	21	21	21	56
318	318	318	318	318	242
186	136	186	338	125	480
310	310	310	310	310	254
104	104	104	104	104	410
75	173	75	346	384	409
188	188	188	188	188	400
245	245	245	245	245	193
500	500	500	500	500	63
379	379	379	231	231	231
63	63	63	219	219	219
109	109	109	109	109	87
226	226	226	226	226	266
471	471	471	471	471	421
25	25	25	25	25	98
497	462	443	205	192	270
423	423	423	181	181	181
33	33	33	33	33	79
122	122	122	122	122	220
31	31	31	31	337	444
200	200	200	200	200	425
283	129	16	274	328	131
57	57	57	339	339	339
365	365	365	365	365	357
190	190	190	452	452	452
414	414	53	53	53	166
46	46	46	147	147	147
475	475	475	475	475	442
340	340	479	479	479	384
6	6	6	6	6	492
351	351	351	351	351	295
223	223	223	223	223	115
298	270	21	298	355	185
373	50	439	417	50	80
234	234	234	234	234	65
122	122	122	122	122	47
247	247	60	60	60	426
405	405	405	405	405	448
304	225	233	251	123	416
348	320	153	401	20	21
75	75	365	365	365	91
1	326	429	293	5	458
191	191	191	430	430	430
47	47	47	47	448	37
448	288	162	226	79	435
128	128	201	201	201	183
334	334	334	334	334	293
462	166	295	422	284	279
488	488	488	488	488	294
247	247	485	485	485	136
291	291	291	42	42	42
17	17	17	17	17	89
36	9	173	330	16	274
167	167	167	167	167	487
280	280	280	280	280	379
201	201	249	249	249	437
28	152	104	406	72	383
292	292	292	292	292	176
315	62	263	393	393	231
262	262	262	197	197	197
103	103	103	263	263	263
98	98	98	98	98	44
344	344	344	152	152	152
51	51	51	51	51	118
444	444	444	444	444	128
280	368	277	436	223	359
60	416	180	60	43	434
413	413	413	413	413	105
404	404	404	404	404	482
424	424	424	424	424	476
471	471	471	471	471	138
397	397	397	375	375	375
144	144	144	144	144	245
243	243	243	243	243	23
224	224	224	224	224	499
403	289	316	330	148	384
158	158	158	158	158	68
331	20	18	293	18	291
367	367	367	367	367	406
409	445	409	136	180	374
379	379	379	379	379	338
317	317	317	465	465	465
74	74	74	74	74	473
289	289	289	289	289	197
116	116	116	116	116	466
170	170	170	170	170	234
275	486	247	303	302	135
449	449	449	225	225	225
434	434	434	434	434	286
464	464	464	464	464	22
427	427	423	423	423	149
41	41	41	41	41	105
434	162	334	66	239	329
231	26	186	342	276	162
428	428	428	428	428	95
68	360	487	342	457	46
104	104	104	412	412	412
94	94	94	350	350	350
183	183	183	183	183	251
287	287	287	287	287	490
176	176	176	176	176	222
37	37	37	37	37	249
311	360	212	109	109	6
147	147	147	147	147	431
59	59	59	59	59	175
340	455	484	8	20	463
60	60	60	60	60	305
361	361	361	361	361	384
474	474	474	474	58	254
332	56	56	232	226	367
59	403	53	232	356	266
430	430	430	430	430	279
159	159	159	30	30	30
296	210	256	459	180	305
45	382	214	214	410	41
270	118	237	490	223	8
56	494	287	165	299	224
268	268	268	268	268	200
18	18	18	18	18	183
458	458	207	207	207	170
80	80	80	80	80	148
130	346	323	495	130	294
161	161	435	435	435	113
217	456	99	66	377	290
492	492	451	451	451	278
382	325	48	210	31	193
453	453	465	317	226	499
279	279	279	279	279	81
435	435	435	435	435	90
40	40	40	40	40	316
104	104	20	20	20	210
249	249	249	249	249	35
382	382	382	382	382	423
169	169	169	169	169	138
420	420	420	420	149	244
11	11	11	11	11	353
122	361	333	361	151	480
245	245	245	245	431	417
380	89	456	417	468	35
261	261	261	423	423	423
333	98	44	325	98	40
197	197	197	197	197	469
294	294	294	294	294	412
421	421	421	421	421	145
254	254	336	206	484	161
105	105	105	105	105	462
301	355	356	491	343	241
226	226	310	310	310	379
278	331	279	31	97	337
463	483	483	53	207	476
55	55	55	315	315	315
239	239	239	239	239	434
306	306	306	306	48	334
244	244	244	244	244	408
21	21	384	384	384	472
150	26	9	209	73	334
24	24	27	27	27	428
75	75	75	75	75	422
304	250	463	463	339	69
236	236	236	236	236	150
133	333	481	130	204	208
297	297	297	297	297	106
496	158	199	158	2	154
100	47	354	394	177	454
88	277	171	477	373	102
124	124	124	124	124	417
144	144	144	144	144	29
295	452	476	217	134	291
317	317	317	317	317	127
209	209	209	367	367	367
52	52	342	342	342	461
160	160	160	160	160	489
395	395	395	395	395	70
455	455	455	455	455	176
345	345	345	345	345	177
497	497	497	497	497	415
370	370	234	234	234	181
188	188	96	96	96	253
232	232	232	232	232	94
200	237	129	197	428	292
67	67	192	192	192	53
455	81	320	327	251	475
50	50	50	50	217	206
281	281	32	32	32	4
262	262	262	262	262	2
277	277	277	277	277	67
319	319	319	319	319	103
177	177	177	177	175	470
271	271	147	147	147	27
88	88	88	347	347	347
181	181	181	181	181	213
344	344	344	344	344	313
250	250	250	250	142	203
332	332	127	127	127	407
459	459	459	459	459	165
105	105	105	281	281	281
379	379	137	49	174	323
238	238	238	238	238	398
407	407	407	407	407	354
392	392	392	392	392	307
100	100	100	100	100	95
292	292	292	292	292	387
259	259	259	259	238	24
45	122	30	280	49	305
50	50	50	50	50	475
365	365	365	365	365	57
271	271	271	271	271	454
467	467	467	467	467	25
203	203	203	203	279	257
440	440	440	440	440	294
461	461	461	461	461	32
255	429	87	247	196	496
91	91	91	91	91	5
62	62	62	62	62	367
362	362	362	362	362	409
287	287	287	287	287	385
336	336	336	336	336	154
13	13	13	13	13	498
49	49	49	362	362	362
171	171	171	171	171	432
50	50	317	317	317	118
58	58	58	58	58	454
463	479	48	488	475	28
135	135	135	135	135	129
391	391	391	391	391	191
144	144	144	101	101	101
419	419	419	60	60	60
236	236	236	236	236	217
244	244	244	244	244	40
414	338	414	259	196	299
383	383	254	254	254	492
227	227	227	227	227	329
213	213	213	213	213	76
78	78	78	78	78	286
382	382	382	382	382	345
497	497	497	497	497	236
58	58	58	58	58	255
135	135	135	135	135	295
376	220	220	249	348	443
67	322	398	354	340	413
51	51	51	51	51	48
289	289	289	289	289	249
83	136	68	279	397	252
482	482	482	482	482	413
170	286	317	106	188	336
283	283	283	466	466	466
421	421	421	421	421	459
250	250	250	250	250	141
327	327	327	392	392	392
127	127	127	127	127	301
448	146	466	82	476	373
143	143	143	143	273	290
24	24	24	24	24	28
158	360	312	64	466	320
319	319	319	319	319	128
145	210	383	210	466	477
55	55	55	55	55	396
297	297	297	297	297	499
477	477	477	477	477	399
215	215	215	215	469	492
240	485	161	364	485	498
198	198	198	198	198	105
43	222	354	249	57	314
351	351	194	194	194	426
44	44	44	44	44	165
335	335	335	338	338	338
327	327	327	327	327	441
393	393	393	393	393	232
386	321	483	423	266	340
94	94	302	302	302	133
63	107	28	304	55	312
165	165	165	165	165	55
122	122	122	338	338	338
233	241	105	325	199	240
423	423	423	423	423	333
17	17	17	17	17	397
13	136	189	398	464	243
468	468	468	468	468	259
394	394	394	454	454	454
24	24	24	24	24	33
20	20	20	20	20	362
113	226	116	113	80	390
498	498	498	492	492	492
252	252	252	252	252	476
82	82	82	82	82	442
302	302	302	302	302	270
269	499	431	254	431	377
372	372	372	372	372	263
110	110	110	110	110	146
390	390	390	390	390	197
440	440	440	440	440	138
283	283	283	283	283	222
73	73	73	424	424	424
118	118	118	118	118	407
319	227	227	244	7	330
378	378	378	378	378	43
10	10	10	10	10	354
452	452	452	452	452	455
11	330	111	453	369	144
441	392	407	392	485	475
362	362	362	362	362	199
445	316	107	144	73	100
254	254	254	492	492	492
71	71	71	409	409	409
261	231	428	235	103	157
468	468	468	468	468	35
68	68	68	68	68	253
88	88	88	88	88	246
103	103	103	103	103	142
201	201	201	201	201	245
190	190	492	492	492	258
409	409	409	409	409	350
431	353	147	449	449	37
257	23	483	456	196	378
31	340	49	258	156	439
274	274	274	274	274	89
477	477	477	477	477	20
343	343	343	343	285	267
281	281	281	281	281	355
162	162	27	27	27	285
370	370	370	370	370	243
47	47	47	47	47	88
314	314	314	314	314	40
326	326	451	451	451	456
232	232	232	232	232	406
196	196	196	196	196	268
405	405	405	405	405	224
258	258	258	258	258	251
328	328	328	328	328	364
120	120	285	285	285	26
302	302	302	440	440	440
263	263	263	263	263	27
392	392	392	274	274	274
111	111	111	111	111	248
489	489	489	489	489	324
241	241	123	123	123	357
93	93	93	93	93	113
443	443	443	443	399	178
105	105	105	105	105	130
228	260	119	305	119	97
59	59	59	59	59	143
27	372	301	165	69	205
92	92	92	92	92	326
29	29	29	29	29	159
63	63	438	438	438	486
347	363	187	20	187	76
349	349	349	349	349	438
279	279	279	279	279	34
72	72	72	300	300	300
67	67	67	67	67	456
261	261	261	261	261	437
463	354	272	122	335	25
90	90	41	41	41	443
248	248	248	262	262	262
125	358	207	182	460	134
181	471	471	428	412	375
38	62	112	116	182	185
209	209	209	209	209	311
62	62	62	62	62	336
298	102	157	147	424	264
226	226	20	20	20	447
403	403	403	403	403	175
312	312	335	335	335	220
7	210	413	199	494	478
467	467	467	24	24	24
364	364	369	115	156	209
465	465	465	465	465	369
80	43	306	107	43	266
252	252	252	252	252	380
95	95	95	95	95	202
57	57	57	57	57	322
357	357	357	357	241	300
250	250	250	250	353	453
459	375	342	478	123	329
82	82	82	82	82	332
219	219	219	219	219	160
322	322	322	322	322	219
273	273	273	273	273	84
434	434	434	434	215	449
303	303	296	296	296	56
45	178	418	482	136	97
104	104	104	104	104	62
36	36	36	36	36	407
336	373	443	455	296	4
393	393	393	393	393	57
157	275	470	431	170	340
90	90	90	90	90	471
377	377	377	377	377	119
381	381	179	179	179	213
18	18	297	265	17	281
466	422	293	120	448	369
445	367	417	173	108	463
99	469	107	138	107	455
75	75	75	75	75	90
159	159	159	159	475	99
68	238	493	222	455	157
42	42	42	42	42	409
254	254	254	254	254	154
386	386	386	386	386	485
38	38	38	38	38	335
391	297	72	239	431	65
189	470	422	102	453	295
29	32	186	344	74	130
325	325	325	325	325	273
429	429	429	429	429	281
33	33	33	33	33	363
321	321	321	169	169	169
391	391	391	391	391	49
293	293	293	293	293	433
35	362	278	427	40	297
173	139	147	489	123	420
406	404	323	114	152	31
77	77	77	465	465	465
299	299	299	299	299	350
78	200	435	331	173	113
187	187	187	187	187	202
163	163	364	364	364	67
368	433	436	438	4	266
287	287	287	421	421	421
326	326	415	415	415	432
205	205	205	5	5	5
88	88	88	88	88	398
134	134	134	261	261	261
23	23	23	23	23	411
56	56	56	56	56	434
180	180	384	384	384	354
366	366	366	366	366	57
52	52	52	52	52	37
437	437	437	437	437	249
73	395	137	195	369	259
395	395	419	419	419	134
171	171	171	171	171	185
108	108	108	108	108	483
106	106	106	106	106	418
205	205	205	205	205	360
379	379	379	332	332	332
268	268	268	258	258	258
339	339	339	416	416	416
270	270	270	270	270	460
143	143	143	143	143	422
97	97	97	97	97	364
222	222	222	222	222	343
203	203	203	203	203	196
338	338	338	338	338	478
339	122	319	44	122	131
339	91	31	340	117	216
497	497	497	20	20	20
370	191	250	134	34	54
395	395	102	102	102	296
191	191	191	191	346	159
314	314	314	314	314	234
215	201	29	103	139	213
350	350	350	350	350	463
231	231	231	231	231	223
484	484	484	484	484	315
75	75	75	75	75	119
479	479	479	479	479	425
420	420	223	223	223	431
243	243	243	243	243	5
475	475	475	475	475	277
210	210	210	210	210	233
4	4	4	4	4	459
225	225	225	225	225	67
51	51	51	51	51	291
307	307	307	307	307	447
399	399	399	399	399	466
195	195	195	195	195	376
256	177	52	490	396	234
417	417	417	417	417	464
76	77	120	318	318	385
478	478	478	18	18	18
480	480	480	382	382	382
392	392	392	392	143	386
312	312	312	312	312	110
470	470	470	470	470	360
319	319	319	319	319	426
50	88	107	394	271	452
318	318	318	318	318	386
295	295	295	295	295	385
29	29	29	29	29	90
435	435	435	435	435	128
417	417	417	417	417	339
135	199	65	294	163	45
107	443	465	315	394	170
230	230	230	230	230	69
24	24	24	24	24	161
125	235	428	94	497	97
143	143	143	143	230	396
408	313	352	337	203	154
257	257	257	257	257	76
133	133	25	25	25	424
278	278	142	142	142	344
374	374	374	374	374	340
426	426	426	426	365	203
339	339	339	339	339	293
131	243	13	131	493	9
160	160	28	28	28	52
94	383	401	201	401	16
322	322	322	495	495	495
99	99	99	132	132	132
386	86	431	11	382	336
394	296	194	421	138	165
110	110	110	110	110	99
344	344	258	258	258	85
477	386	487	487	128	230
438	438	438	438	438	287
399	304	106	271	259	241
483	29	200	450	139	285
436	436	436	436	436	135
219	219	219	219	219	302
410	432	48	410	145	310
200	200	200	200	115	50
342	342	342	342	342	250
278	278	278	278	278	184
67	353	261	96	14	476
462	62	48	308	462	52
366	366	222	222	222	201
330	330	330	330	330	397
183	412	63	480	323	296
209	209	209	209	209	31
335	335	335	335	335	460
483	483	483	483	483	471
80	416	148	15	208	144
173	173	173	173	428	449
284	308	348	63	133	177
56	52	27	56	89	81
63	63	63	63	63	253
81	81	81	81	81	179
101	101	101	101	101	29
466	466	466	466	466	93
122	122	326	326	326	296
149	149	149	149	149	382
307	307	307	307	307	21
413	413	413	413	413	188
394	394	394	394	394	297
388	388	388	388	388	316
265	265	265	265	265	280
329	343	200	54	54	165
430	249	28	249	372	371
58	297	335	48	48	192
204	204	204	349	349	349
390	33	33	479	371	46
279	279	279	279	279	468
142	131	131	307	192	46
129	129	79	110	22	490
65	65	272	272	272	499
329	329	329	329	329	219
26	290	295	88	347	373
451	451	451	274	274	274
302	302	302	302	302	334
243	243	243	243	243	386
273	273	273	273	273	188
219	219	219	219	219	157
210	210	272	272	272	229
24	24	24	330	330	330
492	232	63	232	253	455
338	338	338	338	338	128
122	122	122	122	122	11
355	67	20	361	336	206
426	426	261	306	398	454
59	59	59	40	40	40
136	136	136	136	136	145
301	142	161	258	303	155
424	424	424	280	280	280
298	156	484	411	429	337
187	15	411	114	25	427
5	45	429	16	58	407
468	468	412	412	412	382
283	283	283	60	60	60
9	9	9	9	9	155
446	446	446	215	215	215
287	287	287	287	287	68
295	295	295	295	295	243
430	430	430	430	430	388
220	220	220	220	220	172
318	318	342	342	342	53
44	44	32	274	66	495
477	477	477	477	477	167
352	352	352	352	352	173
274	274	274	395	395	395
391	391	391	391	391	286
401	401	401	115	115	115
2	2	2	2	2	263
420	420	420	420	420	145
280	280	280	280	280	103
395	395	395	395	395	93
421	421	421	421	421	352
136	136	136	136	136	308
77	77	77	77	77	403
480	480	480	480	480	129
101	7	293	293	273	231
390	390	390	390	390	237
368	368	368	368	368	138
242	242	242	242	242	125
150	256	449	81	315	333
209	209	209	209	209	74
147	147	147	147	87	313
377	377	377	377	377	260
162	162	162	424	424	424
461	304	96	387	447	167
492	492	492	485	485	485
70	70	70	410	410	410
383	383	479	479	479	169
158	409	165	44	62	185
105	105	105	105	105	437
190	190	190	153	153	153
315	408	443	119	1	474
317	317	122	122	122	110
182	182	182	182	204	236
310	310	310	310	310	435
96	96	96	96	96	216
168	168	168	403	403	403
418	216	300	43	320	137
456	456	456	456	456	127
149	149	149	149	149	451
419	419	237	237	237	397
163	163	163	204	204	204
312	312	450	450	450	166
460	460	460	78	78	78
308	308	308	59	59	59
367	367	367	367	367	15
226	226	226	226	226	483
51	51	317	317	317	310
113	366	89	346	346	91
75	75	75	75	75	169
201	201	251	251	251	443
324	45	340	72	299	343
355	355	355	355	355	45
478	231	129	201	237	470
411	411	411	411	411	29
337	254	157	357	411	484
204	359	480	359	22	256
80	80	80	80	103	124
371	371	57	57	57	369
7	233	36	95	233	46
98	98	98	93	93	93
379	379	379	379	379	487
248	248	248	248	248	59
452	452	452	452	146	48
329	329	329	329	329	453
96	96	96	58	58	58
59	59	59	59	59	143
183	183	202	202	202	116
280	64	348	365	154	488
171	171	246	246	246	466
164	83	457	469	286	124
397	397	10	10	10	493
375	375	375	375	375	252
218	218	218	18	18	18
237	237	237	237	237	317
49	49	49	235	235	235
156	156	156	156	156	83
53	53	53	53	53	294
127	127	127	127	127	283
153	153	153	153	153	53
324	324	309	309	309	340
105	105	105	141	141	141
478	478	478	416	416	416
199	199	88	88	88	258
230	273	270	20	29	499
353	353	499	499	499	396
364	364	364	364	364	248
4	4	4	4	4	453
145	145	67	67	67	190
164	164	164	164	164	170
298	298	298	298	298	300
195	182	106	63	78	344
9	9	9	9	478	403
255	255	255	255	411	110
416	31	201	66	416	170
474	474	20	20	20	21
377	377	377	218	218	218
1	1	1	221	221	221
155	155	155	155	155	47
159	159	159	159	159	183
111	111	111	111	111	131
178	178	178	178	178	374
474	474	474	474	474	460
32	32	32	32	32	12
485	485	27	230	411	111
51	402	196	40	194	373
424	424	424	424	424	260
434	434	1	1	1	459
423	60	444	455	445	35
113	109	115	250	94	45
152	152	152	152	152	326
396	396	396	396	396	364
465	391	482	438	348	434
379	379	379	379	379	147
432	432	302	302	302	74
123	123	23	23	23	74
120	120	120	120	120	467
414	414	414	414	414	400
232	232	232	232	232	338
13	13	13	13	13	236
385	385	385	385	385	11
210	210	29	29	29	175
306	306	306	306	306	20
92	92	92	92	92	55
101	101	101	101	101	116
362	362	362	245	245	245
232	232	233	233	233	137
454	135	57	28	364	242
108	108	108	108	108	36
229	113	92	405	296	138
341	341	341	341	341	500
128	128	128	128	128	277
144	392	90	177	392	209
475	475	475	475	475	177
225	225	225	1	1	1
151	151	20	20	20	331
191	71	241	439	452	120
223	223	223	223	223	486
20	288	1	464	442	88
463	463	463	87	87	87
316	151	182	173	347	36
295	295	295	295	204	107
428	428	428	428	428	350
36	36	36	36	36	50
371	371	371	371	371	118
256	256	256	256	256	62
405	405	214	214	214	378
165	165	165	165	165	84
192	192	192	192	192	276
10	135	442	138	442	467
214	214	214	214	214	483
472	472	472	472	472	308
89	89	89	89	89	336
128	49	293	276	468	192
368	368	368	368	368	266
403	250	259	362	259	428
463	463	463	463	463	494
131	131	131	131	131	348
401	401	401	401	401	282
409	241	145	51	185	174
401	401	401	401	401	388
383	73	73	194	451	452
476	476	476	476	476	422
343	385	480	35	145	72
338	479	31	133	338	229
316	316	316	316	316	379
350	350	8	425	140	464
446	446	446	446	446	426
404	404	404	444	444	444
266	266	266	266	266	92
94	94	94	94	94	323
214	214	214	214	366	80
346	346	346	346	346	224
88	223	227	166	193	61
364	364	364	364	364	443
464	464	464	464	455	71
161	161	161	161	161	230
235	189	372	242	430	52
403	403	403	403	403	315
240	240	240	240	240	378
94	176	6	422	338	415
405	405	405	405	405	248
319	319	319	319	319	460
190	190	190	190	190	229
77	77	77	77	77	452
411	411	411	136	136	136
250	250	250	250	250	41
248	248	248	88	88	88
385	385	385	264	264	264
128	128	128	68	68	68
245	245	245	245	245	402
165	165	165	23	23	23
229	229	229	229	229	226
170	170	170	464	464	464
229	314	189	403	229	185
398	398	116	116	116	103
386	386	386	386	386	428
297	108	446	187	282	143
112	96	368	178	417	37
190	190	190	190	190	14
377	377	377	377	377	301
331	331	396	396	396	473
41	41	144	144	144	464
367	367	367	367	367	309
144	144	197	197	197	410
462	181	52	443	181	484
275	124	67	266	497	489
276	168	349	349	388	283
100	208	2	354	100	40
207	102	350	178	207	320
340	340	340	340	340	400
13	13	13	13	13	359
269	269	269	269	269	14
169	169	169	169	421	472
236	236	236	236	236	326
60	60	60	60	60	174
168	168	168	168	168	281
353	353	353	353	353	398
378	378	378	378	269	212
450	450	450	450	450	413
374	374	374	374	374	263
264	264	264	264	264	45
138	90	90	257	25	264
12	391	343	310	187	459
34	34	34	34	34	187
466	466	466	309	309	309
243	243	243	243	243	109
4	4	4	4	4	400
285	285	285	285	197	247
355	294	239	487	294	356
418	418	418	418	418	6
262	262	262	262	262	122
378	378	378	378	378	113
185	185	185	185	185	452
181	181	181	181	181	335
97	97	97	97	97	290
104	104	109	109	109	152
11	11	11	11	11	357
395	395	395	395	395	35
64	64	64	64	64	160
99	99	99	99	99	500
130	311	181	11	452	302
179	114	70	264	62	14
68	92	338	235	137	265
105	492	99	347	447	86
294	294	294	294	294	350
408	408	408	408	408	365
262	443	101	81	378	249
380	380	380	380	380	118
386	386	386	386	386	419
347	497	467	93	347	271
350	109	253	186	82	367
299	196	182	299	396	259
412	412	412	412	412	66
35	128	17	83	129	349
401	401	401	401	401	218
334	334	334	334	334	155
29	29	29	29	29	422
193	84	142	147	193	57
261	261	261	261	449	432
145	145	222	222	222	339
415	415	415	415	415	452
147	290	173	240	122	162
230	230	230	353	353	353
386	386	386	386	386	388
243	145	78	82	175	284
16	16	16	16	16	330
238	238	238	150	150	150
441	18	132	75	9	469
202	202	202	202	202	404
30	30	30	30	30	273
422	422	422	422	422	301
415	415	415	415	415	163
238	238	238	238	238	367
257	257	257	325	325	325
321	321	321	321	321	162
313	313	5	5	5	159
94	91	308	331	43	20
197	197	197	197	197	407
234	234	234	234	234	219
390	390	390	390	390	285
483	483	483	483	483	228
446	446	446	446	446	339
145	145	145	145	145	164
449	449	449	349	349	349
304	304	304	148	148	148
213	213	213	213	213	407
165	165	165	165	422	45
406	40	132	280	132	166
382	382	382	51	51	51
115	115	115	115	115	319
98	98	98	98	98	423
318	318	318	318	318	37
19	19	343	343	343	286
178	178	178	178	178	65
36	348	96	96	166	499
317	131	129	35	165	361
174	324	154	168	199	294
471	471	471	1	1	1
376	376	80	80	80	326
403	403	403	403	403	232
471	471	394	479	45	303
457	457	457	99	99	99
177	355	346	441	419	167
230	230	230	230	230	410
158	128	414	39	39	435
37	37	37	317	317	317
187	187	337	337	337	195
336	336	336	336	336	158
88	88	88	88	88	122
178	178	178	61	61	61
70	70	70	70	70	181
480	480	480	480	480	178
480	480	200	200	200	20
480	480	480	480	480	485
200	200	200	200	260	12
1	1	339	339	339	182
119	119	119	119	119	116
17	17	17	17	17	132
333	80	80	462	370	393
23	23	23	23	23	353
463	396	228	245	396	311
437	106	121	106	72	255
300	155	413	462	274	27
458	240	154	208	283	147
357	357	357	357	357	351
112	357	418	33	180	179
323	323	485	485	485	155
464	464	464	464	464	449
111	111	111	111	111	13
252	252	252	252	252	177
378	268	185	48	493	365
495	495	495	495	495	26
121	121	121	265	265	265
422	422	422	422	264	251
439	439	439	439	439	172
478	478	478	478	478	480
246	246	246	246	246	194
132	132	132	132	132	192
473	473	473	473	473	295
23	23	23	23	23	301
258	258	258	258	258	72
65	370	103	370	390	350
199	199	199	199	199	416
265	265	148	148	148	453
285	285	285	258	258	258
192	192	192	192	192	428
20	20	20	259	259	259
6	6	6	6	6	410
441	441	441	441	441	176
416	416	281	281	281	246
373	373	373	373	373	497
470	470	470	470	396	8
455	455	455	455	455	210
306	306	306	306	306	488
286	286	286	286	286	77
57	213	453	213	433	141
307	464	345	19	495	412
47	47	47	47	47	400
202	202	202	202	202	426
480	480	480	480	480	431
256	256	256	256	182	20
304	216	349	365	349	399
209	209	209	209	209	432
175	35	474	199	121	72
113	113	113	113	113	21
310	310	147	147	147	197
62	62	248	248	248	311
485	485	485	485	485	266
408	408	408	425	425	425
350	350	350	242	242	242
125	125	125	125	125	471
128	35	43	116	239	107
12	12	30	30	30	111
329	329	329	329	329	105
199	199	199	199	45	100
479	479	479	479	479	86
31	31	65	65	65	454
317	330	418	332	418	455
375	375	375	375	375	412
75	75	75	75	75	22
288	288	288	288	288	26
264	264	264	42	42	42
313	313	313	313	313	465
474	474	474	474	474	174
254	254	254	254	254	488
467	467	392	392	392	89
492	492	125	125	125	42
282	282	282	282	282	379
42	42	42	270	270	270
18	403	161	43	482	320
293	293	293	293	293	198
191	191	191	191	191	120
479	397	82	299	438	99
169	169	169	169	169	322
385	9	293	472	103	464
457	457	457	457	457	221
167	167	167	167	390	351
235	235	235	235	162	265
329	329	329	329	329	191
222	222	222	222	436	410
434	434	434	351	351	351
23	23	23	23	23	422
402	402	402	402	302	1
330	330	330	330	330	361
275	275	275	185	185	185
91	91	65	65	65	267
232	295	95	296	408	290
197	250	394	394	333	212
340	340	340	340	340	438
136	136	136	136	136	481
127	202	4	63	463	414
409	473	468	85	313	454
44	29	91	295	286	106
322	431	285	217	36	22
349	349	349	349	349	274
391	391	391	391	391	462
456	456	456	456	456	126
451	451	451	451	451	159
93	93	93	93	236	271
246	246	310	310	310	382
47	401	404	118	404	281
474	116	318	400	157	484
386	386	386	386	386	299
295	295	224	224	224	277
304	19	381	304	216	71
450	450	450	450	450	281
59	293	276	73	79	116
328	328	328	328	328	433
92	92	92	92	92	484
43	43	43	43	43	465
341	341	341	341	341	261
66	66	66	370	370	370
240	240	240	240	240	68
55	55	55	339	339	339
209	209	209	209	209	318
56	56	56	77	77	77
185	185	185	185	185	55
51	51	51	51	51	416
219	219	219	219	219	84
27	27	27	27	27	301
389	389	389	389	302	452
226	226	226	226	226	330
466	466	466	412	412	412
127	52	427	27	103	494
94	203	451	60	119	200
354	402	252	291	433	424
282	282	282	282	282	280
186	287	383	50	166	111
485	383	296	188	451	476
379	366	338	296	223	95
348	348	348	348	348	335
304	304	304	304	304	158
106	106	106	106	106	5
316	316	316	316	316	415
321	321	321	321	321	449
221	221	221	221	221	84
172	172	172	172	172	384
23	388	142	144	498	115
469	469	253	253	253	403
427	220	266	208	53	45
465	465	465	465	465	170
289	289	289	289	341	19
159	481	233	313	239	436
344	344	344	344	344	85
319	341	404	341	287	145
199	95	178	194	22	363
45	45	45	45	45	243
102	102	102	102	102	235
132	132	160	160	160	112
9	9	9	9	9	130
21	21	21	250	250	250
229	229	229	229	229	451
237	237	158	158	158	131
49	49	49	49	49	427
495	495	495	495	495	189
241	241	241	241	241	96
212	212	212	212	212	342
361	361	361	361	361	311
188	188	188	188	188	51
102	102	102	102	102	61
450	450	450	450	450	472
364	364	364	364	364	365
6	6	6	6	6	447
449	449	449	449	449	18
158	431	6	21	6	230
450	450	450	44	44	44
11	472	310	386	367	481
57	57	57	57	57	448
377	254	392	309	423	14
262	170	162	388	88	270
131	131	42	42	42	208
36	36	36	9	9	9
418	113	436	436	172	201
325	325	325	325	325	118
160	344	29	102	167	287
8	8	8	367	367	367
35	35	35	35	35	477
8	8	8	8	8	261
408	42	17	252	42	25
374	374	374	374	374	492
285	285	285	285	285	234
466	466	466	466	466	152
29	29	29	29	29	184
136	136	136	136	136	246
430	430	430	430	430	441
81	468	401	460	460	153
270	270	270	270	270	360
62	151	347	451	62	44
42	325	236	310	141	56
334	253	320	290	112	278
306	306	306	306	306	107
142	142	142	197	197	197
40	40	40	40	148	286
300	300	300	300	300	332
439	439	439	439	439	298
18	18	18	18	18	407
81	81	81	202	202	202
173	153	314	277	290	142
47	47	47	47	47	367
83	83	83	83	103	307
210	215	276	446	446	179
249	249	249	249	221	319
418	418	462	462	462	275
414	414	414	414	414	141
246	246	246	246	246	408
155	155	155	155	155	186
336	336	349	349	349	36
90	90	481	481	481	178
142	142	142	20	20	20
348	348	348	408	408	408
88	88	88	88	88	5
469	469	469	469	469	189
250	494	296	52	136	5
319	405	444	296	188	91
81	81	386	386	386	161
495	495	495	495	495	440
353	353	209	209	209	259
390	390	244	244	244	425
382	382	382	382	382	44
59	89	50	496	80	481
396	396	396	396	396	299
68	68	68	68	68	285
367	367	367	367	367	439
153	424	335	70	413	10
267	152	195	215	437	80
328	328	483	483	483	275
222	165	262	74	342	289
428	428	3	3	3	326
445	445	445	445	445	297
158	158	158	158	210	21
79	79	79	79	79	54
18	18	18	18	18	177
202	374	244	251	16	4
375	375	375	375	375	191
236	236	274	274	274	49
120	120	59	59	59	7
280	280	280	280	280	124
139	318	271	168	318	404
439	439	439	439	439	487
60	60	60	60	60	223
400	337	189	337	105	161
50	20	255	90	467	365
114	114	114	427	427	427
195	195	195	195	95	45
405	440	221	378	252	368
119	119	119	119	119	12
459	459	459	459	459	16
369	369	369	369	369	113
398	398	398	398	398	375
220	220	220	220	220	53
394	394	394	235	235	235
209	232	399	198	494	82
408	408	408	408	408	257
103	103	103	103	103	292
425	163	15	163	412	125
171	171	171	171	171	456
105	105	105	105	57	332
354	480	20	89	114	397
182	182	182	228	228	228
364	306	20	255	238	232
48	48	261	106	406	351
117	117	117	117	117	187
421	421	421	421	421	35
188	188	188	188	188	268
119	119	119	119	119	49
167	167	167	167	167	339
475	475	475	475	475	103
376	376	376	134	134	134
489	125	425	125	262	22
403	403	403	403	403	22
495	456	381	230	230	351
382	382	382	382	382	143
80	107	412	224	321	56
350	350	133	133	133	462
2	2	86	86	86	56
485	485	485	485	444	434
68	68	68	23	23	23
417	145	95	417	427	333
408	408	408	408	408	426
484	484	484	484	484	141
216	216	216	216	216	452
110	110	84	84	84	103
12	12	12	12	56	369
352	352	352	352	352	250
87	87	87	87	87	3
270	270	270	270	270	220
455	455	307	307	307	100
220	430	85	85	206	417
488	488	488	488	488	112
444	444	444	444	186	38
75	400	483	243	400	316
494	237	38	447	38	351
385	385	385	385	385	461
466	139	16	466	196	209
434	434	210	210	210	88
196	242	321	202	344	67
463	254	281	161	46	434
56	56	334	334	334	403
297	297	297	297	297	373
383	383	383	383	383	324
373	373	373	420	420	420
59	59	59	9	9	9
423	460	268	268	209	388
497	497	497	212	212	212
147	147	147	147	147	291
61	61	61	61	61	396
389	389	389	389	389	104
227	130	233	147	321	164
277	277	277	277	61	452
178	365	454	454	6	75
209	209	209	209	209	145
180	180	180	180	180	498
414	108	447	411	406	34
148	148	148	148	148	323
80	80	80	301	301	301
291	291	291	291	291	450
363	312	380	177	281	245
384	384	384	275	275	275
12	12	12	12	12	281
212	212	212	212	212	236
196	196	196	332	332	332
437	437	437	437	437	362
457	457	394	152	341	223
14	14	151	151	151	112
105	105	364	364	364	17
112	112	112	112	112	500
491	491	491	491	315	327
406	406	406	406	406	497
150	150	150	150	226	422
215	215	126	126	126	44
38	38	38	38	38	320
364	364	364	364	364	243
136	136	136	136	136	177
441	142	335	329	199	140
324	54	279	279	141	248
386	386	386	386	386	441
234	234	234	63	63	63
221	221	221	418	418	418
349	127	61	127	86	108
19	329	100	351	72	424
310	310	310	310	310	6
79	79	328	328	328	225
394	394	394	394	394	248
141	211	335	335	330	278
390	140	132	132	357	474
459	459	404	312	395	239
69	69	397	397	397	167
465	465	221	221	221	386
29	29	29	29	29	90
48	48	48	48	48	27
108	108	108	108	108	218
497	497	452	452	452	100
355	355	355	142	142	142
185	185	185	185	185	251
159	159	159	159	159	281
71	71	71	71	71	296
234	164	6	368	466	407
55	55	55	211	211	211
464	464	99	99	99	66
394	394	394	394	394	319
317	317	317	317	317	380
178	178	178	178	178	5
51	51	51	51	51	263
181	198	217	159	38	432
218	218	218	218	218	490
99	99	99	99	99	340
266	206	393	439	346	76
309	283	210	56	458	414
279	279	279	279	279	295
32	165	488	165	479	480
103	103	103	248	248	248
354	94	169	123	45	467
276	276	276	276	276	59
251	276	229	305	215	428
410	324	176	449	285	234
480	192	395	255	353	84
440	440	440	440	440	360
170	338	170	169	66	239
76	76	76	465	465	465
157	246	331	222	331	251
108	108	108	108	108	131
225	225	225	225	225	383
57	57	57	57	57	166
395	395	395	395	395	378
215	215	215	215	265	14
194	194	194	194	194	399
445	445	309	309	309	45
371	371	371	371	371	48
91	208	453	208	432	106
441	441	441	441	441	231
374	147	432	432	236	114
482	482	482	482	482	201
242	242	242	242	242	23
143	445	230	30	362	286
247	171	417	87	58	243
101	101	101	101	101	42
174	174	79	79	79	343
456	456	456	456	456	256
234	13	13	31	137	351
58	58	58	58	58	385
3	3	3	3	3	318
233	233	233	233	233	296
363	363	363	363	363	310
72	442	232	492	232	254
43	43	43	43	43	345
479	279	271	127	361	461
163	163	163	163	163	34
60	60	60	60	60	343
326	326	326	326	326	343
396	335	396	278	7	367
48	70	32	240	100	460
393	393	393	393	393	133
10	368	450	448	114	129
258	258	258	258	258	182
44	44	44	44	44	3
15	15	15	4	4	4
213	262	409	449	262	458
326	326	25	25	25	268
403	294	361	81	361	52
115	110	250	169	169	102
487	487	487	401	401	401
273	273	273	273	273	298
315	219	152	141	373	222
19	19	19	19	19	427
307	307	307	307	307	308
95	95	209	209	209	449
39	39	95	385	299	43
311	311	311	311	311	420
327	327	327	327	327	353
423	423	423	107	107	107
348	348	348	348	348	240
447	304	222	417	63	184
194	194	194	194	194	187
84	84	84	84	84	351
82	82	82	82	82	52
318	318	318	318	318	290
470	470	470	470	470	23
102	139	462	183	36	280
236	236	236	236	236	452
407	407	407	407	407	249
277	277	277	277	277	121
500	500	500	500	500	226
271	271	369	369	369	113
380	380	380	359	359	359
105	14	330	346	14	264
469	469	469	469	469	323
285	285	107	98	117	106
256	107	451	333	78	271
229	229	261	261	261	41
499	499	499	499	499	444
386	386	386	386	386	68
136	227	444	303	270	191
310	310	310	310	310	200
155	155	155	155	155	367
455	78	455	388	362	137
119	377	473	461	36	89
452	20	53	271	274	422
228	228	228	228	228	48
412	412	412	412	412	391
434	434	434	227	227	227
338	338	338	338	338	478
321	202	128	128	248	474
394	394	394	394	394	473
287	287	287	287	287	29
128	128	128	128	128	377
52	52	52	201	201	201
244	74	74	65	235	354
348	348	348	348	136	166
114	114	114	114	114	329
161	161	161	161	161	143
98	98	98	350	350	350
142	280	121	355	231	60
234	234	234	234	423	274
299	299	177	177	177	265
293	293	454	454	454	185
81	81	403	403	403	49
182	182	182	242	242	242
197	197	197	197	56	170
427	427	427	427	427	373
394	394	394	394	394	481
464	279	458	450	450	225
325	201	471	9	325	3
65	65	65	65	65	478
204	204	295	295	295	170
487	487	487	487	487	137
266	266	336	336	336	2
329	329	329	329	329	315
245	245	245	245	245	100
354	354	354	354	333	447
166	166	166	166	166	83
437	344	430	64	343	67
339	190	225	344	283	54
36	36	36	36	36	477
462	462	462	70	70	70
171	171	386	386	386	355
410	410	410	327	327	327
91	91	91	91	91	412
290	290	290	290	290	34
222	222	222	222	222	102
414	414	414	414	414	209
167	392	118	185	225	178
234	234	234	234	234	79
131	131	131	131	131	327
475	475	475	475	475	38
288	288	288	288	288	309
133	133	133	223	223	223
243	243	243	243	243	205
119	35	47	226	8	73
472	472	472	472	472	284
90	90	90	90	90	212
102	102	102	102	102	421
407	407	407	407	407	8
497	407	203	345	138	290
77	77	77	77	77	86
438	438	438	438	438	67
31	31	31	31	31	137
425	425	430	430	430	266
456	59	312	29	59	53
143	499	359	264	499	472
68	68	68	221	221	221
352	147	362	475	352	466
145	293	279	470	205	136
232	253	108	328	57	444
143	143	143	143	143	140
424	308	395	395	87	393
16	16	16	16	16	130
455	455	455	455	455	81
419	419	419	419	419	342
468	16	337	113	440	175
485	485	485	108	108	108
38	38	38	38	38	194
389	389	389	389	389	482
434	434	434	434	251	2
18	18	18	18	18	425
99	99	99	99	99	191
15	15	15	15	15	3
377	377	377	377	377	464
297	297	297	151	151	151
59	69	202	101	415	492
163	163	163	163	163	36
58	58	58	58	58	194
118	118	118	118	118	403
334	334	334	334	334	289
144	144	144	144	346	261
133	133	133	133	133	223
1	1	1	437	437	437
294	294	294	294	294	169
24	494	35	300	325	159
86	86	86	299	299	299
299	299	299	299	299	270
186	186	186	186	186	174
39	39	39	39	39	479
391	391	391	391	391	421
295	295	295	295	295	140
82	185	438	453	388	191
65	65	65	65	65	18
285	285	184	184	184	467
393	393	393	393	393	495
258	258	258	258	258	317
289	289	289	289	289	376
188	246	157	224	352	479
120	372	72	72	473	356
322	322	322	322	322	354
327	327	327	365	365	365
165	165	165	165	165	263
157	5	19	315	50	60
327	327	327	327	327	314
399	465	312	216	224	88
241	241	241	241	241	181
8	8	8	8	8	492
178	178	178	178	105	189
416	416	270	270	270	79
169	169	169	169	169	20
371	371	371	371	371	81
68	68	68	68	68	242
290	290	211	368	154	189
178	178	447	447	447	50
172	172	172	172	172	95
17	17	17	17	17	363
413	247	81	413	252	447
36	36	470	470	470	166
352	352	352	352	352	275
146	146	146	146	146	413
402	386	176	469	66	27
449	474	311	226	454	53
313	313	313	313	313	326
239	239	239	239	239	358
47	47	47	47	47	34
328	328	328	328	328	119
330	330	330	330	330	265
99	99	99	99	99	277
7	7	446	446	446	257
219	374	116	258	252	308
195	195	195	195	195	177
84	84	84	84	84	357
135	135	135	113	113	113
9	303	73	291	56	274
4	4	4	4	4	281
429	429	429	429	429	330
47	225	140	43	142	72
168	168	168	168	168	52
257	143	370	450	28	238
73	73	73	194	194	194
343	359	290	462	462	380
1	1	495	495	495	34
196	196	196	196	196	4
437	437	437	437	437	63
497	377	481	1	1	62
73	184	340	86	201	219
251	27	373	373	266	462
73	73	73	73	73	201
474	18	486	18	374	39
157	288	250	187	100	125
73	73	73	177	177	177
408	408	363	363	363	91
309	309	173	173	173	217
176	176	50	50	50	211
473	201	338	473	358	489
369	369	406	406	406	140
307	307	307	307	307	55
388	388	388	388	388	42
493	493	493	493	493	138
271	398	498	363	498	208
180	57	300	77	300	359
33	220	12	149	382	22
306	304	441	35	315	13
488	488	488	488	140	455
381	175	175	155	250	325
149	149	261	261	261	224
279	253	52	154	52	435
378	385	307	307	213	296
461	461	461	461	461	368
117	369	178	117	116	347
354	354	275	449	334	30
19	25	25	115	403	336
98	413	313	313	101	24
92	92	92	92	92	222
252	252	252	252	252	224
445	445	445	354	354	354
125	237	351	345	109	474
84	161	33	373	320	362
463	463	463	463	463	429
59	59	59	59	59	271
133	133	133	133	133	292
418	418	418	418	418	492
140	140	140	140	140	177
388	388	388	388	388	230
313	313	313	313	313	258
411	411	483	483	483	176
87	87	87	87	87	81
250	250	155	155	155	487
384	488	488	136	160	333
418	418	418	418	418	471
356	356	356	451	451	451
281	281	281	281	281	218
224	197	310	328	171	398
390	390	390	390	390	88
30	30	30	30	30	87
96	474	44	280	256	445
244	244	244	244	244	263
149	149	80	80	80	486
174	174	174	174	174	76
160	201	147	130	160	10
183	183	183	183	183	426
222	222	222	297	297	297
453	453	453	453	453	192
58	58	58	58	58	245
171	155	373	373	455	451
1	420	420	336	206	270
243	243	243	243	243	452
460	460	460	460	460	166
500	500	500	412	412	412
360	360	360	360	360	489
413	413	413	144	144	144
375	375	375	375	375	102
418	266	417	418	47	46
66	4	72	308	366	170
162	162	467	354	475	217
425	425	425	373	373	373
346	346	388	388	388	170
441	34	389	286	255	58
43	43	399	399	399	388
435	373	279	198	279	478
79	79	79	79	79	413
83	83	83	83	83	262
457	457	457	457	457	470
177	177	177	177	177	436
484	484	484	484	484	489
452	452	452	452	452	428
499	175	7	175	490	139
32	32	32	32	32	456
25	25	25	25	480	249
66	66	66	316	316	316
229	298	201	218	345	250
248	248	248	248	248	403
357	357	357	357	357	189
429	429	429	429	429	30
108	108	108	108	108	28
174	174	174	100	100	100
320	320	320	330	330	330
334	334	334	334	334	441
327	327	327	283	283	283
238	238	238	238	238	301
2	2	2	2	2	85
171	171	171	115	115	115
69	69	69	69	69	55
406	406	406	406	406	395
334	334	334	3	3	3
235	235	235	235	235	486
290	290	290	290	302	120
407	407	407	407	407	74
323	213	274	2	323	196
19	19	19	19	19	47
335	335	335	335	335	454
443	443	443	443	443	496
162	160	445	445	236	464
289	289	214	214	214	459
109	109	109	117	117	117
253	253	253	253	253	360
234	234	459	459	459	163
277	454	13	13	284	129
430	294	147	276	204	58
375	375	375	375	375	194
374	374	374	374	374	310
312	286	17	337	139	14
79	79	79	79	79	162
277	277	277	277	277	268
152	152	152	152	152	246
23	98	260	89	231	379
111	111	111	287	287	287
13	118	167	153	31	86
110	110	202	202	202	247
143	143	143	143	143	99
231	346	393	225	472	297
381	381	381	381	381	412
131	131	131	131	131	468
102	102	102	117	117	117
74	349	264	163	163	72
79	79	96	96	96	336
329	329	329	329	329	423
184	203	448	102	171	414
302	302	302	126	126	126
366	366	366	366	366	355
383	383	383	383	383	117
170	170	170	170	170	261
244	128	44	377	494	301
130	130	130	81	81	81
10	10	10	10	10	128
61	61	61	61	61	88
99	66	492	415	192	13
440	440	8	8	8	136
333	333	333	333	333	267
19	19	19	94	94	94
364	364	364	364	364	406
58	58	58	58	58	80
8	8	8	8	8	102
220	220	220	220	220	349
322	322	322	322	322	90
401	401	401	401	401	427
191	264	163	296	420	52
276	197	276	153	480	23
400	400	400	400	400	393
59	59	59	59	478	168
100	100	100	39	39	39
394	394	394	394	394	164
232	232	232	232	232	102
182	457	91	238	4	31
351	351	368	368	368	298
340	67	67	274	381	32
382	382	382	382	139	196
327	162	350	308	346	277
205	205	205	205	205	235
411	411	411	411	411	386
66	268	151	53	1	492
274	274	274	274	315	331
241	241	241	241	241	78
120	120	120	120	225	104
210	210	210	210	210	69
78	78	78	78	21	100
381	381	381	381	381	272
459	459	459	459	238	39
376	376	376	376	376	350
205	205	205	208	208	208
350	350	350	350	350	490
395	489	454	257	398	431
346	235	345	448	258	342
154	154	154	154	154	93
447	447	447	447	489	311
48	48	48	48	48	185
427	427	427	427	427	420
334	334	334	334	334	14
445	445	445	445	445	389
202	202	202	202	202	308
20	20	20	20	20	13
498	498	498	498	498	368
166	166	337	337	337	188
347	347	347	347	347	171
490	298	378	429	144	383
123	123	123	321	321	321
20	20	20	20	20	140
485	485	485	485	485	169
271	288	271	477	410	213
321	79	194	450	88	340
20	20	20	20	20	305
8	165	245	288	210	445
125	125	316	225	309	400
189	473	268	381	127	211
148	148	148	148	148	96
473	473	142	142	142	73
138	138	138	138	138	424
497	497	497	497	497	266
24	24	24	24	24	11
418	16	448	290	86	81
392	195	237	237	451	378
237	237	237	312	312	312
170	170	339	459	5	82
79	79	79	79	79	7
4	4	4	4	4	118
318	49	497	318	226	161
142	142	142	142	142	264
18	122	291	237	301	102
73	73	498	498	498	24
471	471	471	471	471	60
161	161	161	161	161	213
4	4	4	4	4	359
174	451	71	71	337	443
252	268	83	233	447	390
97	97	97	97	97	150
20	20	20	20	20	80
32	32	32	32	32	317
157	157	157	157	157	497
224	224	224	224	224	24
418	418	418	418	418	221
380	380	345	345	345	112
152	152	351	404	84	202
302	302	302	302	302	295
400	343	156	413	54	221
401	401	401	401	401	259
228	228	228	228	228	133
183	444	444	121	143	226
156	156	156	156	156	357
226	291	261	261	498	251
370	370	370	370	370	358
467	160	338	310	350	344
53	53	458	458	458	83
364	177	477	421	182	86
332	175	257	437	406	168
307	307	307	276	276	276
417	417	417	417	417	269
121	121	121	121	121	34
280	280	280	280	280	495
69	69	69	69	69	212
292	292	219	219	219	70
176	176	176	176	176	177
300	300	300	300	300	458
471	471	471	321	321	321
174	174	174	174	174	450
94	94	94	94	94	418
283	283	315	315	315	183
111	111	111	111	111	295
69	69	69	69	69	175
444	444	444	444	444	456
420	451	308	170	170	186
132	132	132	132	132	413
431	431	431	431	431	471
245	245	245	245	245	50
450	55	39	208	333	26
278	278	278	278	278	357
369	369	369	369	369	149
154	154	154	154	154	225
173	173	173	129	129	129
307	296	130	477	477	229
339	339	339	339	339	372
374	174	410	395	397	456
287	287	287	287	287	82
30	30	30	173	173	173
85	85	183	183	183	64
442	192	442	272	229	106
186	186	186	186	186	382
59	59	240	240	240	241
255	498	221	255	320	224
31	31	151	151	151	124
260	260	260	260	260	355
260	260	260	260	260	444
329	329	329	329	329	450
487	487	487	268	268	268
157	157	157	157	157	168
195	195	195	195	195	139
321	321	87	87	87	492
414	414	414	414	414	65
318	472	307	350	63	202
310	310	219	219	219	32
322	322	322	322	322	96
35	256	464	229	495	144
145	145	145	145	153	494
14	210	313	295	38	482
178	178	178	178	178	450
201	286	197	289	286	69
227	227	40	311	286	281
292	292	292	292	292	456
412	412	412	412	412	20
94	94	94	94	94	436
75	75	75	75	75	457
57	57	57	57	403	24
397	397	210	210	210	496
155	155	155	155	155	439
43	243	195	324	243	424
253	253	253	11	11	11
111	111	111	111	294	300
373	373	373	116	116	116
476	476	476	476	314	195
128	128	85	85	85	232
294	294	294	294	294	481
221	221	221	221	221	131
264	264	264	264	264	89
270	270	270	270	270	439
304	215	227	65	174	310
24	24	129	129	129	384
442	442	442	442	442	133
228	228	228	150	150	150
112	441	174	252	91	499
478	478	478	478	478	436
340	340	340	340	340	275
88	88	88	88	88	388
338	468	266	241	152	350
480	480	480	480	480	342
380	380	78	78	78	187
33	104	469	160	232	171
255	255	255	255	255	357
203	203	203	203	203	329
373	373	373	373	373	117
442	442	442	442	442	420
260	260	260	260	260	488
236	236	236	236	236	429
111	111	111	111	111	307
425	425	425	425	425	106
41	41	41	41	41	329
460	460	282	368	419	27
300	300	300	300	300	397
181	181	181	181	181	101
253	443	26	443	326	58
150	150	150	150	150	463
290	290	290	290	290	9
474	100	100	397	13	114
44	161	6	161	89	163
146	146	146	146	146	198
150	150	150	150	150	304
127	127	187	187	187	196
255	255	147	147	147	259
344	344	344	344	344	348
313	313	313	313	313	214
374	414	188	339	314	423
277	277	277	277	277	493
51	103	370	459	321	157
417	417	417	417	417	38
438	438	438	438	438	264
276	342	276	479	52	202
299	299	299	299	299	246
342	342	342	342	342	165
11	11	11	11	11	495
436	436	436	436	436	275
381	381	173	173	173	103
42	127	119	367	348	447
275	364	275	145	344	23
458	458	458	458	458	389
334	334	334	334	334	148
156	2	288	264	7	71
288	196	458	359	207	83
396	396	104	104	104	312
317	317	317	335	335	335
224	224	224	224	224	273
461	461	4	4	4	38
167	167	167	354	354	354
112	112	112	11	11	11
32	156	467	206	439	275
227	227	227	227	227	71
35	445	150	209	352	175
122	122	122	122	122	455
468	468	468	468	468	388
460	460	460	460	460	130
438	438	438	34	34	34
384	384	384	384	384	57
146	146	146	146	146	7
214	214	214	214	214	371
310	310	310	310	310	294
388	388	388	388	388	321
193	193	193	193	193	418
284	242	415	485	266	386
96	96	96	96	96	173
422	422	422	195	195	195
342	342	342	342	342	462
399	399	399	399	144	188
474	474	474	474	474	372
432	100	89	242	100	488
152	152	152	152	152	455
150	150	150	150	150	209
41	41	41	41	41	355
490	490	490	490	490	168
451	1	475	1	357	288
412	412	412	412	412	346
226	226	226	452	452	452
162	162	162	162	162	231
76	76	76	76	76	249
231	231	231	231	231	116
416	416	416	416	416	166
449	449	449	355	355	355
444	357	183	266	127	430
209	209	209	209	209	9
344	344	344	344	344	188
461	461	461	461	461	356
136	416	336	310	145	406
106	106	106	106	106	446
242	242	242	242	242	108
417	417	417	417	417	207
412	412	412	412	412	73
272	272	272	272	272	208
419	276	253	397	152	288
197	197	197	197	197	286
407	333	497	174	497	2
1	1	1	202	202	202
452	452	452	452	452	91
121	121	184	184	184	416
352	352	352	352	349	423
441	441	441	441	441	233
232	232	232	232	232	141
344	280	42	233	42	243
102	109	58	167	102	427
211	211	211	211	211	41
84	84	84	84	84	101
81	81	81	81	81	446
172	215	107	52	172	327
247	247	247	247	247	1
86	86	481	481	481	359
454	454	454	454	454	28
37	345	222	211	222	277
123	476	443	171	230	365
15	15	15	15	15	465
469	469	296	296	296	343
337	337	404	404	404	310
333	333	333	333	333	30
151	151	151	151	151	420
489	163	158	408	49	138
345	345	345	345	151	47
395	395	227	227	227	173
172	172	172	172	172	128
291	227	362	227	118	240
329	329	329	437	437	437
259	415	294	27	369	297
495	73	236	73	451	245
76	76	76	76	76	238
496	496	496	496	496	229
265	265	265	224	224	224
364	433	368	469	92	365
403	403	403	212	212	212
55	55	55	373	373	373
276	276	276	276	276	343
29	394	373	185	139	331
373	484	354	382	85	477
297	297	297	297	297	369
119	119	119	119	119	337
269	269	435	435	435	408
477	477	477	477	477	60
118	118	118	118	118	121
326	326	326	326	326	260
334	334	334	334	334	117
318	318	318	318	318	293
92	92	92	92	92	368
211	185	217	278	217	213
184	184	184	184	184	192
165	165	165	165	165	83
68	241	241	195	319	212
134	134	134	163	163	163
195	195	22	22	22	397
235	235	235	235	235	275
472	472	112	112	112	497
443	443	443	443	443	473
468	468	468	468	468	313
487	487	487	487	487	145
199	199	199	199	199	274
5	5	5	5	5	45
330	498	109	445	42	48
463	463	463	463	463	301
389	389	389	389	389	70
209	93	59	209	463	10
11	407	213	209	165	436
312	313	21	146	104	470
172	172	172	172	172	163
17	62	44	489	11	344
18	18	18	18	18	404
27	27	27	27	27	499
404	404	404	404	404	184
210	210	27	27	27	326
329	329	329	329	329	25
462	203	224	251	251	356
58	58	58	58	58	447
480	480	480	480	480	444
261	261	261	261	261	50
139	139	139	139	139	320
202	202	62	62	62	423
302	302	302	302	302	315
453	453	453	453	453	490
296	296	46	32	181	384
386	386	386	386	386	2
234	234	234	234	234	61
475	475	475	475	475	495
135	135	135	135	135	19
235	235	235	235	89	79
81	81	459	459	459	268
4	4	4	4	4	226
317	408	19	160	317	463
65	65	65	65	65	451
381	381	381	381	381	90
491	491	491	491	491	209
313	313	332	332	332	243
413	333	243	328	1	116
16	16	16	16	16	340
141	141	79	79	79	330
230	230	230	230	230	7
249	249	249	249	82	115
183	466	221	230	335	131
131	131	131	131	131	488
452	452	452	452	452	272
8	8	299	299	299	71
218	218	218	218	473	320
239	239	298	298	298	324
48	59	294	476	479	68
435	435	435	435	435	33
16	16	16	16	16	232
127	127	457	457	457	420
440	440	440	440	440	243
398	186	224	446	89	151
106	106	273	273	273	197
214	214	214	214	214	63
348	348	348	381	381	381
189	189	189	39	39	39
296	296	296	296	296	485
426	67	24	24	403	367
1	1	1	1	1	405
292	292	269	269	269	360
468	468	468	468	468	229
108	108	108	108	225	121
84	84	253	253	253	285
90	90	90	88	88	88
60	60	5	5	5	210
490	490	490	490	490	54
302	18	368	472	116	169
145	145	145	145	385	315
233	233	233	233	233	455
237	237	237	237	237	213
106	471	433	64	227	292
87	150	33	220	313	44
87	87	87	87	346	95
427	427	333	333	333	409
475	475	476	476	476	215
422	422	422	145	145	145
61	61	61	61	61	26
424	424	424	424	424	10
259	259	259	259	259	18
114	337	284	18	18	44
252	296	384	334	326	365
276	276	233	233	233	362
145	145	145	308	308	308
193	193	416	416	416	99
352	66	464	450	366	400
255	421	8	312	255	359
107	107	107	107	107	498
42	346	372	201	6	464
146	146	94	94	94	53
57	57	57	344	344	344
370	370	370	370	370	120
408	408	408	95	95	95
383	383	383	424	424	424
107	107	222	222	222	11
195	195	195	195	195	364
70	63	78	70	435	349
143	143	143	143	368	277
75	75	347	154	178	385
300	300	300	300	300	489
36	36	36	36	36	341
154	154	154	154	154	56
344	344	344	500	500	500
326	467	13	368	93	443
90	315	65	73	224	174
98	3	428	11	273	107
312	312	312	141	141	141
367	85	282	272	85	408
301	301	301	301	301	65
353	353	353	353	353	62
212	437	208	212	393	398
123	123	123	123	123	394
399	399	399	399	399	30
335	335	335	335	335	201
306	306	306	306	306	272
496	295	280	63	14	126
348	348	477	432	59	444
328	328	328	328	328	47
412	145	268	64	283	226
365	365	114	326	148	336
105	162	287	481	105	185
478	478	478	478	478	192
138	138	138	138	138	267
6	6	35	416	322	313
383	383	383	429	429	429
11	11	11	11	11	97
358	299	320	374	294	132
207	207	207	86	86	86
203	156	291	301	240	251
88	88	88	88	88	475
130	130	130	130	130	488
246	422	422	93	339	498
466	466	466	466	466	250
439	439	470	470	470	77
220	220	220	220	220	339
130	130	130	130	130	466
319	319	319	319	319	388
198	198	198	24	24	24
86	86	86	86	214	239
243	96	199	73	199	480
105	105	105	105	105	277
362	358	351	206	347	228
242	242	242	242	242	297
5	5	5	5	5	89
248	248	248	248	248	15
59	59	59	59	59	267
125	125	125	268	268	268
292	292	292	292	292	360
461	461	461	461	461	458
12	183	191	182	400	55
195	195	195	153	153	153
428	428	428	325	325	325
94	94	94	94	94	168
82	82	82	82	82	256
88	88	39	39	39	155
181	181	181	181	181	186
319	319	319	319	319	460
462	462	462	462	462	286
426	426	426	426	294	321
468	468	468	468	468	17
117	117	117	117	117	375
161	161	161	161	161	432
82	82	82	82	267	401
214	214	214	214	214	104
65	65	65	65	65	19
257	257	257	200	200	200
457	457	457	457	457	362
80	80	80	470	470	470
90	90	90	90	114	184
226	226	226	226	226	312
74	74	330	330	330	171
18	18	18	18	18	135
239	224	182	140	19	101
444	444	369	369	369	252
232	232	232	232	232	25
35	35	35	35	35	17
286	461	218	241	125	306
2	2	2	2	2	93
230	230	230	230	230	89
186	186	186	186	186	7
169	169	169	169	169	441
20	20	20	364	364	364
113	223	356	223	295	151
391	160	160	3	433	219
25	25	25	25	25	417
286	286	286	286	35	361
250	250	250	250	250	216
260	244	202	50	181	436
353	353	353	353	239	209
357	303	404	469	260	424
356	96	200	4	113	14
212	212	4	4	4	160
354	354	354	354	354	498
444	444	444	138	138	138
224	224	55	55	55	451
497	497	497	497	497	330
113	113	113	113	475	145
164	164	164	164	164	165
263	263	263	263	263	219
28	28	28	28	28	260
295	295	100	100	100	143
103	11	395	413	436	235
396	396	396	396	396	430
263	263	263	263	263	106
95	95	95	95	95	235
248	257	364	455	374	310
426	426	426	426	426	121
453	419	171	44	141	415
336	336	336	336	336	430
14	14	14	14	14	363
193	193	193	193	193	131
152	152	152	152	152	5
448	79	358	30	214	60
155	155	155	155	155	397
406	406	406	406	406	139
499	499	499	298	298	298
229	250	67	257	292	138
279	279	110	110	110	209
227	79	304	482	174	348
122	122	122	122	122	273
164	164	164	164	164	400
476	476	476	476	476	127
302	302	302	302	302	247
437	146	39	437	475	347
144	144	144	144	144	49
357	357	357	357	357	488
73	73	73	73	73	330
55	55	55	55	55	421
471	350	350	184	119	288
369	369	369	369	369	28
473	473	473	473	473	142
55	55	55	55	55	406
471	313	245	329	313	287
328	328	74	74	74	155
302	302	302	302	302	272
65	65	65	65	65	327
248	495	137	345	23	71
222	222	222	222	222	366
32	304	379	163	370	393
262	493	293	433	429	447
354	354	354	354	354	441
287	287	287	287	287	49
193	491	221	204	285	400
344	344	344	344	344	318
279	279	270	270	270	300
50	50	50	279	279	279
265	111	349	226	349	480
403	403	403	403	403	378
474	474	474	474	474	290
448	174	437	411	411	218
70	70	70	70	257	8
384	384	384	384	6	496
314	314	314	314	314	418
237	237	237	230	230	230
375	375	158	158	158	196
206	206	206	206	206	47
397	397	397	141	141	141
424	424	397	397	397	366
63	347	276	347	253	64
103	103	103	103	103	215
488	230	68	129	365	283
220	220	220	220	220	33
50	50	50	50	50	178
371	371	371	371	371	9
371	86	434	52	428	322
466	466	466	466	466	79
116	116	116	116	116	355
321	321	64	64	64	306
100	100	100	100	100	339
374	374	374	374	374	289
8	355	96	355	256	320
148	148	414	414	414	478
253	253	253	253	253	71
452	452	452	452	452	261
242	242	242	242	242	164
44	44	102	102	102	88
10	270	61	152	36	11
400	400	400	400	400	252
53	53	53	53	53	385
78	78	78	78	78	127
242	242	242	242	242	55
408	408	6	6	6	415
433	433	433	433	433	309
184	148	495	247	147	284
374	374	374	374	276	466
311	17	226	295	11	151
283	283	188	188	188	401
266	266	266	266	266	327
435	435	435	435	435	126
20	20	377	452	29	306
235	235	50	50	50	357
277	277	277	277	277	498
399	399	399	399	399	304
219	219	281	281	281	78
384	384	384	384	384	450
358	358	358	358	358	157
369	369	369	369	407	24
219	53	440	373	15	286
141	141	141	141	141	305
70	375	246	426	126	128
443	443	443	443	443	411
356	356	356	356	356	390
21	21	376	376	376	87
303	303	303	303	303	219
92	92	92	92	92	188
136	136	136	136	136	315
479	479	479	479	479	184
316	316	316	316	316	216
177	177	177	177	177	451
16	16	16	372	372	372
329	329	329	329	329	333
181	181	181	482	482	482
399	187	175	399	88	490
443	206	439	398	380	295
24	24	24	24	24	226
157	215	78	184	13	335
342	342	342	342	342	195
454	454	454	454	454	357
228	40	311	94	489	481
459	459	383	383	383	26
12	409	239	481	312	442
110	110	110	110	110	77
56	56	56	56	365	349
371	371	371	371	371	475
68	68	68	103	103	103
73	69	268	73	337	431
461	121	318	26	325	326
483	483	483	483	483	143
380	380	380	380	380	309
305	305	305	305	305	484
211	211	211	211	211	261
255	375	86	229	45	264
86	86	86	86	86	395
155	155	155	155	155	219
252	284	287	450	136	399
170	191	256	56	191	463
259	259	259	259	259	128
362	362	362	453	453	453
124	124	124	124	124	207
80	80	80	80	80	1
425	384	425	303	119	427
373	373	384	384	384	355
180	386	47	286	126	488
438	66	155	91	46	396
13	13	13	13	13	85
345	345	345	345	345	294
403	403	403	403	403	452
413	413	413	475	475	475
111	111	111	111	111	441
425	425	425	425	425	384
332	332	332	332	332	473
132	132	132	132	132	185
194	194	194	194	194	383
96	381	103	117	167	249
462	167	68	207	466	280
117	117	38	38	38	370
37	37	37	37	37	23
312	312	312	312	312	270
193	363	483	330	474	53
354	354	354	354	354	339
163	33	201	33	414	356
180	428	162	448	304	119
146	146	146	146	146	491
39	39	291	291	291	38
20	20	20	20	20	307
205	205	205	205	205	60
191	191	191	191	191	171
64	64	64	64	64	464
475	475	475	195	195	195
42	42	42	42	42	383
129	129	129	129	129	204
444	46	338	17	58	113
79	79	79	79	79	470
207	207	207	207	207	415
279	93	217	499	293	469
78	10	10	499	16	69
451	451	301	301	301	289
24	24	24	24	24	139
390	390	390	390	390	440
242	242	242	242	242	154
285	285	285	285	285	53
381	381	381	381	381	24
63	63	63	63	63	152
16	16	16	36	36	36
177	177	200	200	200	114
323	323	323	323	323	416
149	149	149	149	149	297
247	247	247	247	247	270
173	173	173	173	173	417
179	410	173	58	184	281
115	115	115	115	115	161
221	221	306	174	408	66
338	338	338	486	486	486
247	247	247	247	247	249
238	238	238	238	238	90
311	311	311	89	89	89
71	71	71	71	71	26
107	107	107	107	107	104
46	46	46	46	46	461
215	215	215	215	215	1
372	372	372	372	372	431
259	259	12	12	12	320
340	340	340	338	338	338
37	37	37	37	139	202
395	395	160	160	160	74
140	140	45	45	45	376
291	153	326	291	162	233
29	29	29	29	29	72
499	499	499	499	499	391
358	358	358	358	358	134
438	20	379	313	20	258
304	78	189	78	191	360
358	358	358	358	358	415
307	307	307	307	52	402
353	353	419	419	419	63
385	385	385	385	385	423
241	241	241	241	241	106
452	452	452	452	452	283
241	241	241	241	241	278
90	75	406	117	468	479
271	271	172	172	172	417
299	299	299	299	299	323
207	207	207	207	207	484
477	477	477	225	225	225
388	388	388	388	388	402
268	223	64	242	463	360
208	380	380	37	304	492
5	5	5	5	5	315
203	8	470	457	481	350
201	201	201	201	201	323
29	29	29	29	29	402
54	54	54	54	54	217
74	92	434	434	51	117
164	164	164	164	164	101
401	401	401	401	401	114
418	418	418	418	418	307
219	265	328	453	469	268
319	319	319	319	243	105
354	354	354	354	354	128
471	111	364	2	81	186
55	55	55	97	97	97
427	427	427	427	427	365
121	121	121	121	121	116
342	342	325	325	325	448
57	57	57	57	57	497
39	39	217	443	22	125
73	73	73	73	73	75
323	323	149	149	149	377
156	246	313	183	355	30
195	195	195	195	195	57
41	41	41	256	256	256
178	178	178	178	178	263
499	132	169	349	400	115
150	150	481	481	481	377
72	167	91	25	367	13
20	20	20	20	20	63
179	179	179	179	179	351
154	423	451	83	344	176
33	276	33	1	299	13
499	419	419	318	250	409
472	472	472	472	472	268
74	41	221	357	219	38
114	114	114	114	114	30
196	196	196	196	196	484
446	446	446	446	446	428
103	103	103	103	103	95
262	262	262	262	43	338
359	359	359	359	359	116
420	386	90	130	473	40
107	107	107	107	81	414
130	130	207	207	207	468
7	7	7	115	115	115
303	462	253	303	17	9
477	477	477	477	477	490
300	300	300	300	300	93
171	171	171	171	171	162
297	297	297	297	297	379
182	182	182	182	182	10
172	172	172	172	172	436
221	221	450	450	450	7
200	239	44	193	75	29
485	485	101	101	101	337
309	309	309	309	309	212
458	143	201	255	128	157
176	176	176	176	176	355
243	243	243	243	243	325
84	84	423	55	177	80
124	342	22	424	83	112
13	327	13	180	94	102
242	494	241	242	23	48
196	196	196	196	196	249
329	329	329	329	329	319
251	251	251	251	251	284
232	232	388	388	388	389
133	133	133	133	133	163
141	289	125	249	98	414
150	150	150	150	150	234
292	292	292	19	19	19
181	181	181	181	426	39
254	126	446	126	376	275
7	7	7	7	7	314
378	378	378	378	87	123
367	116	286	286	487	375
435	435	435	435	91	474
392	392	392	392	392	407
472	313	413	240	381	456
286	286	286	286	286	500
193	193	193	193	498	288
390	426	344	451	319	486
184	184	184	184	184	287
405	405	405	241	241	241
373	373	373	373	373	24
417	417	417	417	417	460
18	18	18	18	18	161
421	421	421	421	421	221
54	54	54	54	54	242
482	482	482	482	482	30
302	302	302	302	302	145
345	345	345	345	345	243
364	110	431	491	85	317
312	312	312	312	312	181
328	328	400	400	400	359
284	284	284	284	284	201
365	365	384	384	384	456
395	324	65	432	395	367
441	369	63	63	23	41
130	130	130	130	130	382
81	81	81	81	81	302
11	11	11	37	37	37
379	379	379	379	379	386
232	232	232	232	232	187
450	450	450	450	450	384
226	226	226	226	418	135
418	418	418	418	418	167
47	47	47	47	47	188
467	467	467	467	467	178
246	246	246	246	246	41
327	417	61	327	426	352
284	111	441	243	462	202
94	94	94	94	11	215
359	359	359	15	15	15
261	150	324	92	122	312
306	306	102	102	102	94
499	499	499	480	480	480
255	26	284	35	426	199
417	417	417	417	417	104
309	104	301	402	335	82
456	456	456	456	463	157
37	37	37	275	275	275
286	286	286	106	106	106
201	201	157	157	157	56
478	478	478	478	74	463
67	67	269	269	269	309
162	453	162	313	350	497
231	104	281	58	79	100
91	91	319	319	319	33
54	394	17	303	128	24
239	239	239	239	239	85
102	102	102	102	102	359
453	453	453	453	453	68
263	398	85	6	6	22
483	483	483	345	345	345
99	99	99	99	99	27
193	193	417	417	417	168
281	281	281	281	281	364
424	424	424	424	424	153
86	86	395	395	395	50
97	97	97	97	97	105
22	22	22	22	22	412
284	284	284	284	284	447
437	437	437	437	437	262
483	483	483	483	483	430
257	257	257	292	292	292
138	138	137	137	137	152
435	435	435	309	309	309
240	240	366	366	366	337
285	285	285	285	285	233
232	232	232	232	232	188
91	91	91	142	142	142
138	138	138	138	138	30
83	83	83	83	83	121
124	124	124	124	124	19
358	358	358	358	358	215
182	182	369	272	329	129
416	416	304	304	304	180
392	392	392	416	416	416
417	417	417	417	417	494
6	334	60	229	6	412
100	100	100	100	100	41
408	408	128	128	128	256
61	61	378	262	460	218
484	484	484	484	484	377
253	478	213	445	213	358
134	134	134	134	134	91
144	116	119	157	16	24
277	451	355	131	164	91
258	258	258	258	258	283
316	316	316	316	316	11
177	177	177	177	177	138
156	156	156	156	156	396
445	453	453	291	448	183
386	386	386	386	386	197
76	127	323	141	323	373
354	58	7	208	37	456
371	371	371	371	371	165
92	92	92	3	3	3
292	292	292	292	292	33
161	450	339	450	369	209
170	170	170	170	170	402
140	140	140	140	140	92
438	438	438	438	438	267
370	370	370	370	370	107
79	79	79	79	79	73
33	33	33	33	482	137
321	332	328	397	484	387
150	150	150	150	150	217
168	411	49	158	411	48
477	477	272	272	272	479
72	72	72	72	72	369
45	45	45	45	45	205
283	283	283	283	283	454
290	290	498	498	498	82
285	285	339	339	339	483
396	396	396	396	396	405
224	224	224	224	224	365
464	464	297	297	297	393
353	353	353	353	353	327
390	390	136	136	136	115
462	462	462	462	462	131
309	309	309	309	309	112
374	374	374	374	374	433
347	347	347	347	347	115
171	171	171	171	440	233
128	105	20	134	20	455
416	37	299	165	37	255
339	339	254	439	295	227
162	162	398	398	398	38
374	214	378	71	356	185
450	450	450	450	450	469
125	125	125	281	281	281
397	397	397	361	361	361
89	89	89	89	89	29
16	343	432	342	149	53
262	262	262	262	262	32
433	433	433	433	433	374
31	363	31	451	488	46
128	103	80	292	480	316
93	93	93	93	93	254
313	313	74	74	74	340
154	154	154	154	154	425
283	283	283	49	49	49
244	265	336	315	123	139
394	394	394	394	332	409
370	370	370	370	370	100
9	9	9	9	9	274
257	257	257	257	257	457
10	10	10	10	397	493
403	403	403	403	403	382
45	428	476	59	383	470
100	100	100	100	100	286
439	439	439	491	491	491
8	8	8	8	8	249
168	493	383	42	71	274
229	229	229	229	229	249
464	255	415	197	265	140
124	124	124	124	124	95
416	416	416	416	416	63
167	167	167	167	167	442
182	182	182	217	217	217
273	127	336	445	160	325
409	409	409	409	409	246
351	351	351	351	351	263
60	297	99	355	113	437
495	253	154	228	360	139
285	285	390	390	390	260
293	263	20	209	32	171
64	64	64	64	64	190
419	43	397	473	43	263
244	244	244	244	244	39
142	142	142	142	142	31
413	109	241	109	380	50
340	249	268	154	77	146
144	351	373	408	446	261
338	187	15	336	20	38
402	402	402	402	402	197
348	348	348	348	348	475
139	466	392	201	166	255
179	255	20	86	214	186
231	231	231	231	231	304
181	377	18	202	352	432
271	271	150	150	150	16
40	40	40	368	368	368
4	4	4	4	4	235
386	386	386	386	386	475
109	491	165	8	24	337
251	251	251	251	251	355
490	490	490	490	403	8
29	29	29	13	13	13
58	265	281	57	22	65
498	498	498	498	498	191
151	151	151	151	151	438
492	293	248	461	79	137
194	7	29	409	348	411
486	392	264	198	221	196
207	72	441	207	282	426
182	182	293	293	293	376
138	138	138	138	138	244
239	239	239	239	239	71
59	59	59	59	59	314
277	277	277	277	277	224
491	491	491	491	491	114
323	323	423	423	423	107
34	34	34	374	374	374
433	128	464	446	49	309
454	454	454	454	454	357
258	258	258	258	258	349
218	218	218	218	218	36
67	67	67	282	282	282
393	393	393	393	393	55
404	100	141	69	475	121
3	3	3	352	352	352
304	304	304	304	304	493
445	445	445	445	445	247
101	101	101	101	101	188
242	242	242	415	415	415
498	498	352	352	352	456
326	326	326	326	326	44
88	88	88	88	88	242
294	161	464	11	90	419
230	230	230	230	230	415
191	191	191	191	191	68
489	489	489	489	489	353
272	272	272	272	272	123
256	256	256	256	256	312
357	357	357	357	42	426
394	394	394	394	394	91
35	35	185	41	428	144
444	140	213	21	421	227
81	81	81	262	262	262
481	481	481	481	481	355
45	45	45	45	45	32
341	341	341	363	363	363
64	64	64	64	64	295
97	97	97	97	97	232
489	489	489	489	141	462
262	262	262	182	182	182
352	289	283	166	428	110
196	125	194	152	475	285
336	336	336	336	336	108
475	475	475	475	475	423
236	304	387	375	375	34
160	48	413	106	267	223
239	239	239	239	239	231
472	472	79	424	475	343
174	174	174	174	174	175
273	273	25	25	25	217
307	168	379	151	379	7
483	483	483	212	212	212
356	162	279	144	144	180
499	499	336	336	336	475
302	302	451	454	365	426
143	143	143	143	143	424
129	129	129	370	370	370
53	53	53	53	53	38
361	361	361	361	361	438
192	192	192	192	192	151
68	249	68	274	196	351
417	417	417	76	76	76
20	287	221	127	54	98
373	373	117	117	117	113
32	32	32	32	32	207
51	51	51	51	51	495
181	218	317	315	340	34
309	309	309	170	170	170
375	375	161	161	161	142
207	207	207	207	207	362
360	360	360	360	360	177
319	319	466	466	466	424
443	168	270	199	275	320
208	208	433	433	433	3
70	70	70	70	70	167
304	304	304	285	285	285
295	295	295	295	295	455
266	266	266	266	266	127
358	358	358	358	358	167
31	31	351	351	351	299
500	500	500	500	500	462
161	161	161	161	161	43
99	99	99	99	99	368
48	48	48	274	274	274
339	339	380	380	380	129
281	281	477	477	477	479
50	499	99	138	499	401
240	28	137	79	364	445
168	168	168	168	168	45
99	99	99	99	99	340
375	375	70	70	70	417
9	157	11	60	145	130
339	339	339	339	339	352
395	395	395	395	395	237
193	193	193	193	193	256
289	289	222	222	222	139
140	140	140	140	140	235
371	371	371	371	371	332
204	204	204	204	372	208
327	327	391	391	391	93
335	335	335	335	335	142
445	191	499	90	286	137
292	292	292	141	141	141
50	122	147	227	147	314
413	496	200	464	97	286
60	60	376	376	376	153
385	385	385	385	385	215
106	106	106	106	106	137
17	17	17	17	17	163
57	57	57	57	57	134
449	449	449	449	449	119
410	410	410	410	410	327
329	147	119	272	272	362
287	287	287	287	287	486
2	2	326	326	326	49
81	81	81	81	81	200
293	64	247	160	247	316
422	303	380	31	380	37
126	359	496	456	451	337
239	239	239	421	421	421
195	195	195	195	195	209
458	458	463	463	463	314
81	39	489	487	327	360
422	303	422	200	199	414
85	85	292	292	292	120
250	250	281	281	281	37
41	41	41	41	41	7
356	366	5	329	180	223
495	495	495	495	495	108
117	117	117	117	117	200
233	233	233	233	233	268
123	123	123	123	123	405
37	410	137	171	137	496
31	25	150	31	405	196
145	145	145	374	374	374
463	463	463	463	463	140
366	366	366	228	228	228
185	2	185	109	260	19
147	147	147	147	147	112
255	255	255	370	370	370
97	97	97	97	489	229
357	416	416	436	11	432
375	176	356	267	383	351
204	353	55	108	355	341
135	135	135	135	135	267
9	9	9	9	92	190
436	105	297	248	7	124
41	96	157	444	383	457
257	257	257	257	257	386
13	13	13	13	13	293
120	120	157	157	157	227
456	456	456	456	456	363
370	73	286	174	363	287
126	442	281	281	213	261
274	274	274	274	274	11
476	476	476	476	476	77
401	401	401	70	70	70
466	466	466	466	466	159
337	337	337	337	337	332
230	230	230	230	230	95
347	347	238	238	238	105
478	169	409	385	169	28
54	54	176	176	176	278
39	39	39	39	39	445
345	345	345	345	345	65
478	478	478	200	200	200
176	176	176	176	176	257
412	412	412	412	412	434
274	122	101	159	311	84
377	377	377	111	111	111
374	374	374	374	374	472
10	472	310	413	457	120
220	411	495	8	220	4
138	296	340	132	340	24
63	63	63	63	63	149
181	181	75	75	75	144
124	124	124	124	124	254
457	457	457	457	457	122
476	476	476	476	476	276
375	375	82	82	82	206
134	134	134	134	134	242
167	201	192	317	128	335
372	372	372	372	372	224
422	422	422	422	422	385
494	494	408	408	408	367
167	299	299	236	20	38
375	375	375	370	370	370
358	358	358	358	358	436
309	309	309	309	309	445
261	261	261	261	261	381
146	146	146	458	458	458
276	172	97	498	165	259
58	341	420	72	450	200
456	456	456	456	456	151
327	327	327	327	327	208
283	283	283	283	283	362
141	141	83	83	83	74
422	422	422	415	415	415
407	407	407	191	191	191
149	149	149	149	39	136
314	356	112	314	484	394
290	356	271	10	296	147
182	182	182	182	182	419
115	320	321	198	53	109
359	359	359	427	427	427
253	253	253	18	18	18
163	163	163	163	163	323
320	63	163	120	56	305
436	436	436	436	436	421
386	386	386	386	386	439
154	154	154	154	154	295
146	146	146	146	146	181
131	131	131	174	174	174
289	159	347	264	337	361
23	23	23	23	390	420
150	150	193	193	193	444
128	128	128	305	305	305
12	12	12	12	12	164
129	129	321	321	321	274
8	8	8	8	8	324
131	382	414	160	237	107
212	79	70	295	70	389
211	104	34	75	15	193
170	170	170	170	170	390
361	361	106	106	106	220
319	319	319	319	319	37
267	267	267	267	267	413
253	253	253	253	253	438
204	201	304	106	143	104
202	469	83	411	411	13
67	33	246	350	146	211
333	333	309	309	309	413
437	437	437	437	437	202
111	111	111	111	111	462
302	302	302	302	302	365
42	42	460	460	460	498
57	57	57	57	57	483
214	214	214	214	214	485
396	396	143	143	143	259
317	317	317	363	363	363
386	386	386	194	194	194
453	453	453	453	453	157
495	495	495	495	495	498
141	141	141	141	141	471
328	328	328	328	328	337
172	172	172	172	172	161
272	88	103	464	26	91
141	141	141	228	228	228
315	315	315	315	315	225
335	188	13	111	211	346
385	385	349	349	349	97
131	131	131	373	373	373
145	145	145	145	145	377
155	155	155	155	155	142
396	379	397	498	364	34
81	81	81	81	81	418
439	439	439	439	439	306
266	266	266	229	229	229
101	122	177	194	491	391
6	6	6	207	207	207
5	5	5	5	5	434
44	44	44	44	44	51
360	360	360	360	360	34
267	267	267	267	2	205
16	22	16	331	64	54
315	315	315	315	315	421
135	135	135	135	135	226
237	237	237	237	237	178
4	4	4	4	4	60
136	136	358	358	358	71
53	53	242	242	242	70
195	195	195	195	67	315
408	408	408	408	408	186
232	232	232	102	102	102
374	374	374	374	374	80
290	290	290	290	290	13
211	211	358	358	358	468
253	424	378	289	429	308
163	163	163	163	163	198
315	49	126	401	41	450
47	47	47	47	47	426
30	30	30	30	30	473
41	41	41	485	485	485
424	424	424	424	424	102
183	183	183	375	375	375
338	338	338	338	338	43
397	397	397	207	207	207
450	450	450	384	384	384
374	374	374	374	374	132
429	429	429	429	429	170
229	183	88	214	464	103
364	364	364	364	364	149
47	47	47	47	47	261
152	152	152	152	152	364
366	457	368	86	125	179
234	234	33	33	33	159
238	238	238	42	42	42
427	427	427	427	427	417
321	321	321	321	321	207
424	424	424	424	424	67
215	206	276	222	276	135
360	360	360	265	265	265
301	301	301	399	399	399
181	181	80	80	80	441
238	113	7	310	434	457
204	347	423	110	197	47
332	332	332	332	332	15
353	230	401	425	219	168
284	284	284	355	355	355
452	196	201	119	196	37
194	188	386	476	491	319
451	311	311	272	147	77
47	47	32	32	32	12
247	247	247	247	247	395
52	52	52	476	476	476
302	302	302	248	248	248
143	143	143	143	143	259
371	371	264	264	264	354
448	448	448	448	448	24
401	225	441	441	77	450
439	439	439	439	439	5
140	286	140	232	315	13
314	314	205	205	205	191
100	100	117	117	117	91
231	231	231	231	231	484
429	429	429	429	429	469
239	342	360	367	112	429
47	47	47	47	47	175
279	279	279	279	279	132
450	450	450	327	327	327
15	15	15	15	15	198
427	427	122	122	122	297
105	300	407	50	173	205
424	424	424	424	424	380
54	54	54	54	54	60
314	314	314	314	314	1
218	218	218	218	218	88
312	312	312	167	167	167
62	62	62	62	62	106
37	37	37	37	37	183
339	136	347	134	123	364
130	25	262	77	56	374
138	455	219	145	293	21
344	344	344	344	344	445
447	447	447	447	447	200
85	85	85	85	85	357
297	357	173	313	357	223
341	341	341	341	341	226
150	150	150	150	150	488
397	397	397	397	397	479
417	417	417	417	417	414
291	166	183	482	63	429
381	381	381	354	354	354
117	117	117	117	117	98
108	108	108	183	183	183
405	343	221	304	157	63
8	491	250	250	108	477
379	379	49	123	475	484
122	241	197	386	102	131
191	191	191	191	191	147
53	53	53	53	53	134
186	186	186	429	429	429
389	389	389	389	389	230
212	212	212	478	478	478
187	448	426	56	114	196
202	202	202	202	371	57
360	360	360	360	360	314
441	441	441	441	441	197
91	53	73	184	350	143
131	131	131	131	329	31
77	77	77	77	77	189
372	372	372	351	351	351
406	406	406	406	406	16
30	30	30	30	30	186
70	70	70	70	70	293
12	12	12	12	281	489
252	252	252	252	252	478
195	195	53	53	53	170
159	159	159	159	159	9
113	113	419	419	419	425
218	218	218	218	218	185
220	196	273	196	249	369
419	5	164	251	34	324
234	234	234	234	234	214
163	163	163	163	163	75
478	478	478	296	296	296
484	484	484	484	484	226
131	131	131	131	131	313
365	341	71	29	189	13
300	300	300	225	225	225
261	261	261	107	107	107
446	446	446	446	446	416
256	256	256	256	256	324
461	406	53	276	115	4
426	372	249	374	271	274
50	312	116	116	431	195
484	484	484	484	484	431
78	78	127	127	127	434
28	28	28	28	28	167
482	482	482	482	482	311
429	429	429	429	429	125
468	468	468	468	468	32
360	441	492	141	492	184
97	97	290	290	290	139
36	36	36	36	36	318
226	226	226	226	226	38
467	467	222	222	222	114
119	215	259	119	356	270
19	237	242	149	186	175
488	488	488	488	488	64
294	294	294	146	146	146
397	397	397	482	482	482
30	30	487	487	487	461
105	105	105	105	105	331
242	244	209	485	154	212
48	48	48	48	48	385
408	408	408	408	408	460
34	34	34	34	432	250
237	178	15	410	78	495
111	111	111	111	111	414
241	241	241	351	351	351
163	163	163	163	163	11
271	271	271	271	271	129
328	328	328	328	328	120
317	317	317	317	317	360
370	370	370	350	350	350
157	157	157	41	41	41
315	271	88	448	291	293
470	470	470	470	470	147
205	205	205	205	205	59
86	86	86	86	86	109
170	170	170	170	170	377
120	120	120	120	120	408
54	63	432	312	293	461
218	218	218	218	218	42
188	56	97	352	306	39
21	179	363	395	441	337
245	245	450	450	450	184
457	135	393	266	2	449
360	360	360	84	84	84
441	441	441	441	441	182
450	450	450	450	450	164
246	246	246	453	453	453
477	477	477	477	477	117
64	49	194	67	67	114
57	57	57	291	291	291
313	313	313	313	313	334
134	134	77	77	77	89
379	401	429	273	273	288
236	236	236	236	236	210
10	10	10	10	10	164
317	229	475	209	241	414
103	103	496	496	496	475
295	295	295	295	295	11
258	258	410	410	410	160
423	423	423	260	260	260
402	402	402	402	402	353
71	71	330	330	330	102
367	274	245	90	150	436
197	197	197	197	197	19
156	156	156	156	156	362
41	41	41	41	41	463
385	385	313	18	352	159
82	82	82	82	82	462
391	391	391	391	391	173
398	398	398	398	398	198
325	325	72	72	72	382
369	399	399	60	259	450
272	259	97	424	485	307
400	400	400	400	400	186
137	82	101	140	178	158
499	499	499	499	65	154
283	125	490	283	233	429
317	317	317	317	463	353
176	67	337	334	182	126
80	80	80	80	80	375
218	218	218	218	218	332
69	69	104	104	104	236
8	413	67	413	356	443
35	474	451	87	486	89
368	368	368	368	368	125
445	445	445	445	483	269
239	239	239	239	239	480
174	174	174	174	174	356
207	488	388	9	196	422
184	184	184	184	184	9
491	491	491	425	425	425
243	243	243	51	51	51
461	461	461	461	461	166
461	47	50	288	219	41
383	85	85	482	38	88
457	457	457	457	457	423
162	162	162	122	122	122
103	103	103	103	103	366
156	156	156	156	156	66
361	300	267	98	98	476
22	22	22	169	169	169
405	405	405	330	330	330
49	49	333	333	333	235
476	476	259	259	259	267
228	228	228	228	228	255
417	417	417	417	417	462
207	207	207	207	207	429
431	480	172	10	301	82
28	28	28	28	28	260
161	161	161	161	161	6
22	22	22	22	22	383
493	493	493	493	493	112
277	277	277	277	277	80
372	174	372	183	250	163
338	338	338	338	338	38
159	89	118	246	11	132
472	472	472	472	12	376
482	482	482	482	482	35
68	68	448	448	448	323
161	161	161	444	444	444
386	294	386	240	16	441
198	198	198	198	198	90
350	350	350	350	350	469
417	417	417	417	417	23
293	293	293	293	293	414
262	262	31	31	31	222
94	94	94	281	281	281
23	23	23	23	23	309
339	339	339	339	339	162
482	205	131	229	460	55
8	8	8	8	8	242
109	109	179	179	179	348
249	249	249	84	84	84
80	80	80	80	80	370
197	197	197	197	197	137
497	497	497	497	497	330
279	279	279	279	279	116
312	312	312	312	312	400
486	486	486	486	486	366
298	298	298	298	298	180
60	60	60	60	60	265
265	265	265	265	265	293
198	198	329	329	329	134
226	340	29	426	336	107
438	438	51	51	51	494
458	187	322	159	47	138
98	98	98	98	98	380
58	58	10	10	10	48
73	73	73	73	73	454
172	172	355	355	355	127
124	124	124	124	124	12
127	127	127	127	127	279
242	242	242	184	184	184
231	231	231	231	231	385
138	138	138	138	138	204
271	102	306	307	25	457
495	495	495	495	495	20
427	427	427	427	427	322
326	326	326	326	400	85
85	85	85	85	494	74
316	316	316	316	316	425
74	479	74	427	436	218
337	337	337	337	337	434
250	250	250	250	250	106
117	117	391	391	391	24
137	344	165	302	305	476
473	473	473	473	473	87
291	291	291	291	291	353
396	396	164	164	164	431
362	362	362	497	497	497
386	386	386	386	386	179
353	353	353	224	224	224
198	198	198	198	198	154
69	69	69	69	69	424
173	173	173	481	481	481
333	333	333	333	333	481
163	163	163	163	163	452
455	455	455	455	437	330
461	121	465	90	227	427
215	215	215	437	437	437
290	290	290	290	290	294
305	58	305	436	256	299
31	451	192	68	17	303
159	159	159	159	159	23
95	266	95	327	381	50
183	455	89	180	89	220
181	181	181	181	181	127
99	99	99	99	99	52
356	359	394	394	477	424
285	285	285	285	285	290
287	287	287	287	287	350
4	4	4	4	4	56
385	355	498	103	386	123
452	452	452	452	497	212
390	390	390	390	390	418
65	65	65	65	65	388
465	465	465	465	465	469
300	144	150	47	300	190
96	96	89	89	89	347
493	493	493	493	493	454
238	68	228	417	345	475
49	49	49	49	49	385
53	53	53	53	53	82
223	268	223	374	296	312
438	299	144	256	295	447
297	388	297	76	430	343
297	297	297	297	297	412
418	418	418	418	418	375
430	437	208	322	149	220
31	31	31	31	31	159
47	1	8	62	377	478
88	259	40	230	88	58
265	265	265	265	490	243
86	86	86	86	196	77
105	105	105	105	105	127
135	51	292	292	238	190
393	393	393	393	393	82
212	83	188	95	327	306
129	303	295	417	129	202
166	166	166	166	166	323
53	53	53	53	53	194
243	243	243	243	243	144
27	27	27	27	27	255
454	454	454	454	454	38
313	313	313	313	313	35
315	315	315	315	315	360
409	409	409	409	409	304
21	21	21	21	21	236
405	405	405	413	413	413
401	476	340	293	372	52
345	152	90	426	360	324
442	442	442	442	442	357
35	486	244	71	151	267
286	286	174	174	174	151
370	370	338	338	338	420
134	134	467	467	467	388
470	470	470	257	257	257
150	76	415	333	150	2
186	230	436	75	50	305
487	487	487	171	171	171
309	309	309	309	309	210
492	428	219	480	73	258
193	193	193	193	436	293
317	317	317	317	317	3
192	132	321	194	194	45
152	152	152	152	152	376
256	256	256	256	256	291
65	354	381	337	354	362
137	137	137	137	137	13
406	406	406	406	406	247
239	239	239	239	239	17
6	6	6	6	6	289
179	179	179	179	262	71
239	308	99	278	435	406
14	14	14	14	14	499
164	164	164	164	164	92
238	238	238	238	238	350
19	19	19	19	19	115
68	14	166	271	478	333
149	164	14	14	310	427
53	53	64	64	64	52
187	6	417	417	95	337
452	452	452	452	452	343
94	94	94	380	380	380
289	289	289	289	289	81
249	249	249	249	249	207
136	136	79	79	79	199
394	394	394	394	394	424
129	129	129	129	129	397
352	118	226	150	465	416
262	262	262	262	262	85
363	363	429	429	429	275
165	165	165	430	430	430
336	336	100	100	100	452
200	200	266	266	266	178
23	79	491	408	93	114
231	231	231	231	231	128
141	141	141	141	141	30
236	236	380	380	380	134
345	345	345	345	345	8
454	454	454	454	454	351
223	223	161	161	161	124
476	476	476	476	181	463
118	122	372	217	466	15
367	210	11	40	173	20
233	302	354	46	314	51
317	317	317	317	317	214
141	141	141	141	164	83
413	413	413	413	413	8
87	87	87	157	157	157
305	305	35	35	35	169
32	294	24	314	167	152
271	271	271	271	271	324
384	165	31	183	55	234
13	13	232	376	328	244
64	64	126	126	126	246
316	316	316	131	131	131
240	240	335	335	335	358
499	499	499	366	366	366
140	140	140	140	140	55
238	238	238	238	238	53
312	206	410	155	210	413
138	138	138	138	138	163
365	365	365	365	365	123
300	300	300	300	300	86
279	279	279	279	279	406
213	213	451	451	451	342
422	422	422	422	422	375
410	410	410	410	410	392
146	146	312	312	312	487
279	279	279	71	71	71
311	311	311	311	311	107
301	323	399	282	55	99
258	258	258	258	258	31
173	173	173	173	173	256
484	484	484	484	484	498
51	51	51	51	51	192
26	26	26	26	26	479
416	389	135	135	227	3
203	203	203	203	203	416
450	450	450	9	9	9
89	89	89	89	89	84
400	400	400	400	400	477
410	11	164	86	322	22
419	419	419	419	361	71
15	15	15	15	15	398
115	461	216	365	371	62
105	32	68	422	366	35
104	104	104	104	104	363
154	58	37	310	272	322
451	70	129	349	236	49
352	352	352	352	352	74
109	109	109	109	109	115
71	71	71	71	71	413
471	35	107	166	267	279
222	222	222	36	36	36
419	419	419	369	369	369
187	187	187	187	187	285
297	297	353	353	353	210
88	88	88	88	452	118
407	407	407	407	407	21
459	474	143	419	80	308
410	410	410	410	410	142
342	342	342	342	157	145
124	124	124	124	37	47
244	244	244	244	244	376
220	483	22	212	159	153
80	80	80	80	499	50
78	78	78	18	18	18
103	357	160	200	310	427
289	289	289	58	58	58
324	324	324	324	324	432
260	292	451	446	260	473
499	499	499	499	499	223
443	443	443	443	443	149
413	413	413	413	413	139
189	189	189	3	3	3
82	82	225	225	225	211
322	322	322	322	322	172
46	46	46	171	171	171
308	308	308	308	30	214
300	300	300	300	300	329
311	311	311	311	311	8
178	178	178	178	178	296
321	44	59	221	318	66
98	98	98	98	98	496
215	215	215	215	215	476
133	133	133	133	479	100
104	104	104	104	104	248
140	140	140	140	140	299
217	421	217	229	275	161
202	202	202	202	202	436
39	275	157	375	347	480
130	130	130	130	130	6
189	189	189	189	189	336
365	365	462	462	462	92
60	99	328	114	458	229
480	480	480	480	480	231
319	380	341	330	64	312
376	376	376	376	376	164
277	277	277	277	277	308
397	4	479	139	482	161
425	425	425	425	425	30
139	139	139	139	139	99
312	312	312	312	312	276
184	348	179	90	25	73
347	347	347	399	399	399
288	288	288	288	288	416
171	171	171	400	400	400
59	59	59	59	59	129
63	63	63	63	63	72
390	390	390	390	390	111
79	79	79	79	79	49
323	323	323	323	323	233
341	341	341	341	341	368
32	362	298	187	298	387
141	19	272	355	272	15
89	89	89	89	89	348
38	38	38	38	38	137
192	192	192	192	192	120
456	50	478	46	372	31
430	430	430	430	430	493
150	150	150	150	150	488
231	231	231	426	426	426
240	240	240	240	240	163
452	276	266	325	26	356
65	456	480	140	473	77
204	204	204	204	204	151
172	172	172	415	415	415
85	85	85	85	85	146
293	117	256	450	293	55
318	318	318	318	318	194
246	246	246	246	336	47
203	462	362	396	417	125
18	18	18	18	18	38
218	349	81	282	428	418
385	385	385	385	385	7
169	169	169	169	169	420
361	309	272	322	326	296
480	480	480	480	480	248
288	288	288	288	288	86
302	302	302	302	302	356
223	223	376	49	221	324
383	355	216	174	142	281
391	391	272	272	272	50
143	143	143	143	143	198
279	150	99	114	41	436
240	240	240	197	197	197
489	489	489	489	489	243
488	488	488	488	488	297
177	177	177	177	177	93
406	406	406	406	406	111
265	273	271	333	99	261
485	485	485	485	485	152
273	273	273	273	273	383
407	213	268	454	76	327
220	373	65	65	410	424
281	281	281	281	281	24
259	259	259	257	257	257
125	125	125	125	125	120
359	359	359	359	359	151
338	338	338	338	338	372
72	72	72	72	72	184
281	281	281	281	281	386
52	182	482	243	413	345
158	423	347	347	148	315
249	139	179	249	350	492
201	201	201	201	201	105
172	172	172	172	172	207
390	367	202	325	444	199
268	268	268	268	389	377
343	343	470	470	470	172
232	232	232	105	105	105
477	477	477	440	440	440
204	204	204	204	204	118
403	403	403	403	403	248
19	19	217	217	217	454
110	110	110	110	110	11
17	17	17	17	17	122
142	142	142	142	142	277
59	435	346	396	68	267
465	465	465	465	465	443
74	74	74	74	74	497
236	236	236	115	115	115
105	437	2	2	14	410
58	58	58	58	58	95
391	391	391	391	391	453
100	126	447	215	150	270
301	222	71	29	278	263
172	208	337	481	337	453
247	214	378	50	73	24
217	217	217	217	217	445
44	276	437	398	437	39
184	184	350	350	350	451
494	494	494	412	412	412
361	361	361	361	361	225
313	313	313	313	313	243
15	15	15	15	15	98
88	399	396	224	224	380
345	295	33	139	30	443
414	414	414	369	369	369
143	143	437	437	437	23
385	385	385	385	223	302
52	18	195	354	484	467
273	273	273	273	273	162
333	333	333	333	333	206
209	209	92	92	92	86
114	114	308	308	308	355
295	295	295	361	361	361
84	177	13	163	454	293
219	219	219	219	219	128
16	16	16	16	16	102
397	397	397	397	397	224
63	63	63	195	195	195
191	191	191	191	191	154
71	71	71	71	71	132
458	458	458	458	458	133
179	179	130	130	130	375
47	253	253	234	24	150
273	273	273	273	320	222
115	115	115	45	45	45
124	124	124	124	124	403
360	360	360	360	360	406
414	282	311	41	348	303
61	456	391	476	332	294
212	212	400	400	400	140
478	478	478	142	142	142
80	321	328	194	194	233
185	185	185	185	185	112
406	406	406	406	406	462
459	459	24	24	24	213
236	236	43	43	43	351
171	171	171	171	171	457
370	370	370	315	315	315
126	10	372	329	440	382
109	109	115	115	115	359
325	399	137	22	114	20
361	361	361	361	361	453
89	89	89	89	89	330
185	185	185	185	185	183
53	71	331	163	17	108
355	355	355	355	355	198
411	411	411	411	411	69
5	5	323	323	323	126
171	171	171	171	171	5
410	410	410	410	410	149
427	427	427	427	427	363
340	340	340	340	340	484
396	396	401	401	401	11
282	340	169	413	413	133
39	39	39	39	39	17
282	282	282	282	282	334
179	179	132	132	132	286
114	114	207	207	207	218
80	80	80	80	80	303
340	340	340	399	399	399
293	293	293	452	452	452
252	252	252	252	252	51
117	117	117	117	117	211
322	322	322	322	322	390
388	388	316	316	316	360
234	234	234	234	234	49
260	260	260	63	63	63
242	242	242	242	242	212
245	245	26	26	26	225
433	433	433	433	433	242
224	242	292	481	479	62
455	455	455	455	455	17
499	499	499	499	499	121
102	127	181	181	87	248
478	478	478	478	478	168
107	374	32	293	104	448
168	168	168	168	168	350
75	75	47	47	47	402
382	382	382	180	180	180
34	21	21	31	197	238
384	384	173	173	173	18
381	381	381	381	381	198
118	118	118	118	118	152
220	220	220	220	220	333
303	303	232	232	232	463
319	273	411	220	280	292
304	67	308	97	474	112
395	241	459	200	161	243
279	232	286	71	140	51
4	4	4	4	4	307
119	119	119	119	119	123
440	440	440	440	128	152
441	441	441	441	444	353
319	319	319	319	319	356
293	293	293	293	293	223
16	16	16	16	16	474
36	73	185	73	168	181
359	359	359	359	359	61
60	60	148	148	148	301
316	316	316	267	267	267
488	488	488	488	488	25
472	472	472	472	472	195
414	414	414	414	414	101
164	164	164	164	164	33
318	318	318	318	318	140
341	341	341	341	341	131
389	389	389	389	389	114
445	445	445	445	445	1
64	64	64	64	64	17
328	328	328	328	328	411
73	73	73	73	73	340
264	276	58	276	393	5
346	346	346	346	346	76
132	132	132	132	132	265
436	436	436	436	436	291
43	43	43	43	43	15
218	499	14	327	37	190
214	198	26	229	207	413
403	403	403	403	303	137
144	144	144	144	144	413
39	395	411	251	395	131
367	73	437	80	261	177
173	173	173	173	173	414
454	411	479	338	248	171
72	72	72	72	72	263
499	499	499	499	132	48
290	309	33	270	221	378
310	310	310	310	310	340
200	200	200	200	200	182
55	55	55	55	55	41
94	94	94	94	94	341
94	94	236	234	124	71
355	99	237	467	26	498
145	145	145	145	145	485
495	495	495	453	453	453
62	62	62	62	134	102
7	7	7	7	7	372
112	423	423	496	233	385
425	425	425	425	425	103
102	102	102	102	102	453
439	439	439	439	439	464
370	370	370	370	370	128
97	97	97	97	97	434
166	166	166	166	166	361
19	426	112	411	164	162
228	228	228	250	250	250
366	366	366	366	366	480
484	484	484	484	484	242
379	379	379	379	379	323
101	377	101	203	246	202
281	281	281	281	281	462
463	463	463	463	463	168
396	396	396	396	396	273
34	34	34	34	365	410
334	334	334	334	334	430
335	335	335	335	335	322
9	9	9	9	9	287
50	50	50	50	50	282
472	472	472	472	472	403
11	11	11	11	11	497
211	211	211	211	211	177
2	2	2	2	2	204
213	213	213	213	213	499
275	275	275	275	275	251
345	345	345	345	345	374
197	197	197	197	197	440
409	409	409	409	409	182
67	67	67	67	67	362
283	283	283	283	283	404
38	38	38	38	38	108
341	341	341	444	444	444
359	359	359	77	77	77
29	29	29	117	117	117
487	383	427	158	328	87
25	25	25	25	25	330
476	229	54	169	406	392
386	386	386	386	386	304
266	82	420	234	381	257
482	482	57	57	57	26
402	402	402	402	402	359
75	75	75	340	340	340
206	206	206	206	206	139
478	478	478	131	131	131
303	169	478	303	64	380
118	118	118	253	253	253
37	37	37	37	37	77
91	91	91	91	91	498
341	341	45	45	45	107
174	123	76	415	31	353
176	176	176	176	176	177
208	208	459	459	459	306
181	181	181	181	181	322
274	67	279	488	353	256
133	197	264	410	185	221
277	277	277	277	277	232
416	130	474	171	376	157
104	104	104	24	24	24
494	494	494	449	449	449
36	36	36	36	36	225
192	267	355	256	244	81
106	106	106	338	338	338
468	468	468	468	468	73
41	20	390	438	398	162
495	200	385	124	334	250
410	410	410	410	410	196
300	42	95	489	322	4
318	318	318	318	318	18
30	436	3	74	436	441
375	375	394	394	394	455
277	277	277	283	283	283
23	23	23	23	23	109
366	366	366	366	366	257
43	43	43	3	3	3
166	166	166	166	166	466
69	69	69	69	69	53
328	410	481	249	91	170
180	180	367	367	367	14
351	351	351	477	477	477
342	342	233	233	233	488
355	23	240	207	68	347
230	230	230	230	230	15
313	313	313	313	313	63
182	20	20	40	209	131
321	321	188	188	188	108
64	64	97	97	97	27
166	166	113	113	113	317
211	211	205	205	205	208
268	71	87	178	308	378
197	197	335	335	335	35
388	28	462	155	104	298
19	173	180	208	173	441
257	257	257	257	373	48
462	328	11	118	141	262
63	63	63	63	63	172
192	192	192	192	192	336
82	82	82	82	82	139
243	243	243	243	243	487
359	359	359	359	359	249
252	252	252	252	252	183
394	394	394	181	181	181
222	49	459	4	15	115
187	187	187	143	143	143
441	441	441	441	134	397
170	344	316	170	255	303
250	250	250	250	250	441
16	16	309	3	118	365
418	418	418	418	491	152
287	287	287	287	287	393
472	472	472	472	472	57
17	17	17	17	17	464
101	101	101	101	101	5
389	389	487	487	487	173
356	352	51	37	387	285
59	238	213	416	122	486
166	166	166	166	166	464
28	28	28	28	28	311
222	222	222	222	222	404
34	34	34	34	34	430
184	184	184	184	184	147
64	64	64	64	64	78
358	358	246	246	246	254
224	224	224	224	224	31
456	456	189	189	189	79
202	299	340	428	428	282
258	281	66	75	106	246
297	215	174	262	262	202
37	37	37	37	37	396
252	236	252	158	204	34
141	141	141	141	141	128
208	208	208	208	208	224
254	254	254	254	376	76
280	280	280	280	280	155
496	496	496	262	262	262
222	203	49	165	233	426
274	274	274	274	274	103
362	307	173	475	175	98
266	238	56	59	238	496
296	296	296	296	296	66
164	164	164	164	164	285
197	197	197	197	197	297
57	57	359	359	359	444
356	166	65	56	387	205
205	205	205	205	205	402
250	489	243	344	290	89
356	356	356	356	356	325
78	136	137	437	390	301
114	114	114	114	273	39
100	100	100	100	100	414
76	76	76	76	76	213
273	471	190	95	293	484
246	246	246	246	246	306
461	327	165	249	404	134
387	247	440	466	387	65
423	423	423	423	423	295
436	30	245	239	420	384
189	189	189	189	189	290
367	367	367	367	367	49
63	63	63	63	63	496
448	448	448	448	448	239
304	304	304	304	304	5
381	379	379	455	158	101
461	461	461	461	461	477
383	121	412	288	440	138
207	207	207	207	207	56
129	217	237	410	69	371
467	467	467	467	467	461
464	464	464	116	116	116
214	214	351	351	351	423
443	312	247	10	157	398
358	358	358	461	461	461
219	219	219	405	405	405
269	269	269	269	269	143
279	279	279	61	61	61
333	333	333	333	333	463
94	29	113	311	294	22
32	332	266	429	7	416
465	484	411	133	74	422
70	70	70	70	70	176
454	454	454	454	454	81
288	288	300	159	356	149
54	54	384	384	384	491
161	243	197	71	491	239
156	156	156	156	156	2
353	353	353	353	307	52
23	23	23	23	172	84
193	193	193	193	193	229
8	8	8	8	183	245
477	477	477	477	477	235
325	325	338	338	338	221
252	252	252	252	252	21
96	96	96	96	96	460
56	56	43	43	43	359
288	288	288	288	288	173
145	145	308	308	308	27
152	152	152	152	152	12
25	25	25	25	25	415
164	164	164	164	164	470
289	289	289	289	289	47
293	293	293	293	293	210
34	34	34	34	34	415
386	386	386	226	226	226
452	452	452	452	452	440
279	290	370	68	390	190
469	190	347	326	347	137
124	124	124	124	124	240
428	428	428	428	428	79
107	107	107	107	107	261
126	126	126	126	126	399
138	138	138	138	138	96
28	20	19	53	365	472
473	473	473	218	218	218
220	89	400	174	406	115
449	376	182	159	69	58
379	379	379	379	379	395
342	54	241	278	434	228
411	75	363	56	401	460
220	54	327	362	54	185
179	179	179	179	179	479
353	353	353	353	353	164
293	218	387	267	117	388
191	172	320	406	337	243
351	351	351	351	351	14
268	268	268	268	268	309
402	402	402	187	187	187
380	380	380	380	427	366
175	175	175	175	415	70
287	287	287	385	385	385
492	492	492	216	216	216
267	343	275	268	210	124
55	107	107	341	217	438
385	385	385	385	240	409
209	209	209	209	209	490
268	268	452	452	452	126
176	416	250	30	308	129
14	14	14	14	14	173
404	50	423	407	369	355
345	359	338	5	32	297
24	24	24	24	24	491
371	371	371	371	371	408
59	59	59	59	146	3
382	382	382	382	382	355
95	110	111	151	41	212
130	130	130	130	130	493
54	54	54	54	54	59
314	314	314	314	314	471
248	175	282	24	449	69
194	116	125	130	116	210
454	454	454	419	419	419
333	333	333	333	267	235
354	354	354	477	477	477
81	81	81	81	81	237
316	316	316	316	316	108
337	337	337	337	337	313
217	217	217	217	217	290
366	348	84	486	248	36
454	457	353	412	213	214
328	328	328	328	328	389
456	90	329	72	284	210
191	227	227	336	271	258
264	264	235	235	235	457
125	125	125	125	125	19
176	446	263	85	35	146
209	209	209	202	202	202
453	453	453	453	453	19
356	356	356	452	452	452
106	106	106	106	106	161
6	167	61	401	461	3
182	182	182	182	182	417
255	255	177	177	177	220
446	446	446	446	446	437
416	457	245	499	338	359
103	103	103	103	103	378
281	281	437	437	437	468
53	53	53	53	53	369
183	183	183	183	183	307
92	92	92	92	92	304
416	416	29	29	29	117
406	269	395	169	442	141
169	169	169	169	169	205
149	149	149	149	149	89
426	426	426	426	426	444
65	65	65	65	65	388
47	47	47	47	47	61
3	3	3	3	3	204
467	467	467	390	390	390
468	468	468	468	468	334
176	176	176	176	176	20
286	318	318	183	99	389
175	175	389	389	389	65
369	419	62	207	277	22
167	167	167	167	18	312
162	162	162	162	162	443
367	367	367	367	367	390
347	347	347	347	347	449
373	373	373	373	373	278
418	418	418	418	418	170
323	323	323	323	323	87
477	477	477	477	477	419
39	318	333	4	476	116
489	489	489	489	489	58
362	362	362	362	197	165
192	192	192	192	192	97
160	160	160	383	383	383
471	324	204	302	351	288
45	45	45	45	45	231
311	26	460	246	212	63
260	260	225	225	225	130
81	81	81	313	313	313
433	173	160	173	170	459
318	318	448	448	448	219
81	81	81	81	81	169
496	496	496	496	496	357
38	38	38	38	38	29
405	405	405	159	159	159
187	387	20	187	293	137
444	444	444	444	444	290
269	269	136	136	136	66
21	21	21	21	21	211
499	162	118	161	116	294
321	321	321	321	391	72
122	122	122	122	122	434
196	196	196	196	94	484
383	383	383	383	383	144
451	451	451	451	451	97
427	427	389	389	389	341
324	324	324	324	46	481
483	483	483	483	483	64
478	478	478	478	478	122
287	287	287	287	287	45
342	342	342	342	342	276
144	381	381	73	48	129
287	287	327	327	327	447
384	117	315	248	486	493
291	291	291	291	291	354
297	130	190	475	215	351
120	120	120	120	120	344
244	244	244	244	244	81
189	189	189	92	92	92
117	172	55	432	73	497
374	374	374	374	374	477
397	397	397	397	397	469
11	11	11	11	11	408
113	422	63	83	297	140
328	327	89	89	337	102
422	422	422	422	422	260
354	354	471	471	471	401
264	264	264	264	264	296
211	211	211	210	210	210
250	250	250	250	250	301
310	310	137	137	137	149
392	392	392	392	392	9
87	347	354	87	313	124
385	385	385	385	385	315
127	127	127	127	127	40
2	322	491	73	303	58
222	222	123	123	123	450
226	226	226	226	226	45
316	316	316	316	316	392
152	152	152	152	152	425
135	252	165	78	280	459
217	359	16	244	83	35
155	155	155	155	155	404
281	281	281	281	281	380
271	271	271	271	271	443
76	76	76	76	76	138
302	302	302	302	302	134
371	36	98	57	351	439
180	376	258	228	138	114
316	316	316	316	316	422
423	423	423	423	423	227
9	174	232	320	212	416
147	164	147	171	31	494
229	331	98	98	399	212
31	31	31	31	31	195
351	351	351	351	351	452
393	134	274	231	393	493
151	151	151	151	151	166
318	318	318	318	318	28
300	300	300	300	300	347
207	207	207	207	207	374
237	257	424	38	283	276
86	86	86	86	86	108
353	451	127	332	140	198
317	317	317	317	317	11
433	433	433	433	433	392
290	290	290	290	290	67
150	150	150	150	150	411
432	185	376	147	218	478
332	427	332	147	100	140
22	22	22	22	22	196
430	430	430	430	430	77
371	371	371	371	371	129
438	438	438	128	128	128
489	59	237	184	233	49
331	261	400	6	237	124
35	35	35	35	35	112
90	65	306	131	343	191
143	143	143	143	143	27
242	242	242	242	242	462
307	307	447	447	447	245
384	380	199	384	20	493
328	469	427	460	163	451
120	120	120	120	120	365
57	57	57	43	43	43
102	102	102	102	102	457
34	34	48	48	48	162
75	75	75	75	75	383
499	281	20	10	499	326
56	56	56	56	56	191
430	430	430	430	430	187
200	320	141	59	412	61
358	64	109	441	441	93
324	400	396	444	396	294
157	304	157	96	255	209
77	77	77	456	456	456
242	242	242	328	328	328
347	347	347	347	347	180
1	442	402	118	7	312
427	427	408	408	408	470
473	473	473	213	213	213
32	32	32	32	32	105
423	423	423	423	423	26
162	162	162	162	162	316
117	117	117	117	117	309
101	101	101	101	101	480
167	167	167	167	167	411
185	167	35	35	261	220
123	123	123	123	123	49
92	92	92	49	49	49
412	412	412	412	412	385
216	216	477	477	477	61
97	97	97	97	97	165
66	66	66	66	66	152
16	16	16	16	16	14
403	403	403	229	229	229
260	260	260	268	268	268
490	490	490	490	490	467
27	301	468	482	485	98
61	61	292	292	292	408
334	266	21	74	223	316
24	24	24	283	283	283
142	142	142	142	142	157
339	339	339	339	339	17
236	363	338	316	316	95
459	459	459	459	459	416
443	443	443	443	443	318
476	441	186	357	357	97
458	488	34	250	411	195
463	84	82	340	283	206
346	105	403	243	105	325
204	204	204	204	204	42
37	30	477	97	243	430
500	500	500	500	500	493
216	216	103	103	103	344
15	495	295	466	235	264
9	9	9	9	9	197
260	260	260	260	260	221
108	108	108	108	108	285
408	408	408	408	408	72
202	202	202	202	202	207
457	457	457	457	457	151
9	9	9	9	9	349
387	387	387	387	49	346
24	279	211	8	229	342
327	327	327	327	327	129
393	499	499	15	11	331
109	109	65	32	251	403
101	101	101	101	101	43
433	433	433	433	433	321
300	374	378	418	238	413
423	330	436	423	292	223
462	462	462	462	462	439
292	458	480	80	14	348
219	219	261	261	261	343
394	394	394	394	394	246
386	386	386	386	386	485
403	403	403	471	471	471
207	207	207	207	207	459
341	341	341	431	431	431
270	168	47	257	337	323
138	138	138	138	138	102
2	2	2	2	2	243
17	17	17	17	17	343
398	398	398	398	398	431
237	237	58	58	58	428
304	304	34	34	34	160
289	289	289	220	220	220
248	248	328	328	328	132
95	95	95	95	67	108
472	79	283	252	467	244
380	380	380	380	380	459
27	27	27	292	292	292
282	282	282	282	282	349
158	158	158	158	158	21
331	331	331	331	331	386
188	188	188	188	188	115
331	331	331	331	331	280
402	402	402	402	402	227
125	125	125	125	125	340
194	194	194	41	41	41
313	313	313	401	401	401
436	436	436	233	233	233
489	489	385	385	385	48
335	335	335	335	335	419
382	382	382	382	382	266
353	353	353	353	353	499
145	39	240	335	440	339
388	388	388	388	388	468
35	387	27	142	494	119
461	461	461	285	285	285
284	284	284	286	286	286
471	471	471	499	499	499
235	235	235	235	235	149
208	440	97	198	226	292
97	349	170	216	376	83
56	56	56	56	56	406
123	123	123	123	123	272
440	58	258	28	258	291
276	276	276	30	30	30
75	444	408	231	130	23
142	142	142	142	142	196
290	290	290	290	290	126
156	156	161	161	161	27
402	402	402	402	402	127
234	234	234	234	234	429
226	307	328	445	470	391
384	384	332	332	332	359
350	483	483	78	489	150
414	414	414	414	258	202
416	416	416	416	416	243
24	24	288	288	288	462
115	115	115	115	115	240
239	239	239	192	192	192
285	424	479	239	405	271
443	443	443	443	29	33
159	350	186	298	166	229
128	128	128	128	128	493
359	416	66	369	401	451
311	311	311	311	311	68
11	11	11	11	11	55
40	40	40	40	40	24
363	363	363	363	363	288
495	326	205	462	211	341
319	319	319	319	319	350
447	447	447	447	31	148
492	492	492	492	492	326
386	386	386	86	86	86
273	273	273	273	148	324
206	206	206	206	206	139
234	234	234	234	234	346
214	160	246	322	214	16
233	31	138	352	80	218
421	332	402	193	402	432
247	48	48	475	225	314
392	392	113	80	240	482
370	310	163	163	431	240
389	389	389	389	389	188
488	488	488	86	86	86
15	15	15	15	15	130
351	351	351	288	288	288
208	208	208	208	208	404
11	11	11	209	209	209
424	424	50	50	50	495
228	228	237	237	237	438
216	216	216	207	207	207
192	192	192	192	378	200
241	241	241	241	241	231
216	216	216	216	216	231
329	329	329	329	329	192
119	119	119	119	119	304
333	333	443	443	443	114
169	169	351	351	351	399
301	301	301	301	301	460
320	113	337	113	447	477
11	467	280	33	201	40
56	235	120	110	345	437
227	227	227	227	343	138
261	261	243	243	243	430
161	161	161	161	161	242
351	351	351	351	351	89
361	403	252	32	383	286
142	339	169	48	247	392
143	143	143	143	143	315
314	314	314	409	409	409
211	211	211	211	211	466
283	283	283	288	288	288
32	32	32	32	438	453
419	419	435	435	435	315
400	400	400	400	400	210
137	137	137	137	137	162
57	57	57	57	57	204
310	310	310	310	310	38
398	398	398	398	398	458
198	138	67	315	206	94
189	273	490	273	219	352
245	245	245	245	245	396
488	488	488	488	488	383
362	362	362	362	362	314
242	16	365	497	27	346
157	157	378	378	378	196
155	155	81	81	81	371
161	161	161	161	161	61
145	145	145	429	429	429
222	476	476	21	189	372
427	427	427	427	427	389
160	160	160	160	160	476
263	263	263	263	263	468
377	377	377	377	377	82
245	245	245	245	245	441
340	340	340	340	340	55
162	162	422	422	422	99
314	314	314	314	82	95
233	233	233	438	438	438
212	212	193	193	193	66
134	134	134	210	210	210
343	343	343	56	56	56
190	190	190	190	190	220
450	450	372	372	372	322
140	18	48	255	389	345
312	312	312	312	312	441
16	16	16	16	241	278
368	368	368	368	368	62
156	156	156	156	156	35
253	253	183	183	183	359
272	272	272	401	401	401
5	5	5	5	5	27
12	487	322	319	158	468
10	10	10	10	10	452
307	307	307	307	133	428
30	30	30	30	30	263
372	372	250	250	250	148
254	254	304	304	304	108
285	285	477	477	477	32
29	29	29	29	29	27
372	281	492	281	307	236
494	494	494	494	494	329
256	256	256	256	256	474
76	76	76	76	76	119
291	14	218	150	253	100
354	124	316	294	294	358
263	263	263	263	263	86
298	298	298	298	298	471
254	254	254	254	254	362
254	127	261	93	101	469
136	136	136	136	136	272
188	188	188	188	188	143
375	375	375	375	375	383
102	102	102	463	463	463
21	21	21	21	21	308
484	484	484	484	484	488
395	395	395	395	395	389
332	214	53	418	294	355
32	32	5	5	5	96
102	102	102	102	311	392
339	256	81	450	271	72
347	347	347	347	347	154
331	331	331	331	331	412
143	143	143	143	477	239
143	143	143	143	143	211
296	296	296	296	296	324
453	453	453	453	453	388
402	402	89	89	89	136
479	479	479	479	479	497
300	300	300	296	296	296
169	169	169	169	169	69
263	25	344	303	441	341
155	155	155	155	155	159
53	53	53	53	53	339
115	115	115	115	115	474
100	388	475	475	151	177
281	281	281	281	281	27
460	203	188	409	153	370
238	238	238	304	304	304
454	454	454	60	60	60
227	64	229	395	227	312
411	411	411	411	411	349
177	177	177	393	393	393
201	201	201	201	201	91
327	106	98	327	252	462
227	227	227	227	227	130
37	37	37	37	37	68
378	404	73	363	163	400
101	80	396	316	322	29
93	93	93	93	93	166
33	33	33	377	377	377
49	329	239	73	73	438
398	398	398	398	398	325
405	419	331	190	419	379
178	178	178	178	178	316
161	161	161	161	161	176
13	282	268	276	128	326
370	370	370	370	370	341
260	260	260	260	260	191
256	256	256	256	256	180
32	32	32	32	32	284
247	247	247	247	247	404
93	132	35	234	233	134
420	420	457	457	457	151
134	134	134	134	134	269
122	122	122	219	219	219
450	450	450	450	450	365
405	405	244	244	244	296
87	287	460	68	192	386
412	412	412	412	412	310
450	450	450	450	450	288
454	434	64	91	354	181
477	477	477	477	477	134
31	31	31	487	487	487
452	452	452	452	469	421
326	326	326	326	326	235
252	217	34	461	461	109
216	332	223	364	207	127
195	195	195	195	195	491
105	37	423	207	263	121
179	179	179	179	179	206
344	344	344	344	344	287
204	204	204	204	204	441
409	143	164	183	46	376
232	232	232	232	232	59
469	469	469	469	469	408
443	443	443	443	443	440
237	237	361	361	361	93
284	167	29	264	167	20
130	130	130	130	130	222
438	419	345	160	334	168
418	418	418	418	418	399
492	492	492	474	474	474
23	23	23	23	23	365
257	257	257	26	26	26
352	217	408	281	281	188
408	28	297	146	408	54
410	410	410	410	410	304
334	334	334	480	480	480
489	489	489	489	489	208
384	384	384	384	384	120
383	383	383	383	383	233
312	312	150	150	150	219
249	249	249	249	249	404
253	253	253	253	253	99
350	350	350	350	390	406
199	199	199	199	199	327
82	82	82	82	82	288
238	238	238	238	238	105
97	97	97	97	97	468
8	8	8	8	8	135
173	173	173	173	173	290
152	152	152	152	152	212
242	242	390	390	390	422
413	95	223	328	136	246
422	422	481	481	481	179
58	227	227	285	335	65
359	374	138	485	282	278
154	351	179	407	407	53
375	375	375	375	375	281
59	59	59	59	59	310
324	324	324	324	324	248
106	198	466	491	118	419
25	256	256	347	412	358
451	451	451	451	451	293
83	25	356	25	12	65
330	330	330	330	330	78
225	225	225	225	225	160
56	298	97	298	322	257
416	416	37	37	37	256
309	309	309	309	309	337
188	188	188	188	188	174
260	265	380	149	486	15
16	494	429	263	49	37
234	234	234	183	183	183
495	495	495	495	495	322
267	267	211	211	211	189
187	187	187	187	187	42
494	496	339	494	412	47
162	162	162	162	162	235
36	36	36	36	36	74
258	258	258	258	258	328
430	34	442	470	442	390
391	391	391	391	391	259
51	51	51	51	51	57
155	294	56	134	423	324
393	393	393	393	393	120
496	496	496	496	496	259
121	299	112	138	112	329
15	73	498	330	459	32
256	256	256	289	289	289
264	264	264	264	264	182
79	357	433	330	405	35
367	367	367	367	367	175
44	44	203	203	203	298
280	280	280	280	280	15
421	421	421	421	421	300
456	456	1	1	1	103
203	203	203	203	203	39
190	159	28	175	175	429
332	332	332	332	332	421
145	297	357	73	31	309
162	162	162	162	162	434
423	423	423	423	423	371
427	427	427	427	427	305
77	77	77	77	77	172
79	79	79	79	79	212
394	394	99	99	99	38
444	444	444	444	444	89
162	162	162	162	162	268
55	250	181	401	88	196
305	305	305	305	305	73
114	114	114	114	114	101
235	235	235	235	235	60
267	405	163	158	458	20
238	238	238	238	238	278
57	398	425	57	405	119
56	309	483	350	316	296
102	102	102	102	102	79
109	109	109	109	109	383
79	79	79	328	328	328
39	39	39	39	39	222
475	475	475	475	475	61
45	208	118	151	486	119
410	410	410	410	410	369
280	280	81	81	81	273
375	375	375	375	375	350
79	79	79	86	86	86
117	117	117	117	117	145
373	373	264	264	264	300
41	41	41	41	41	369
407	407	407	407	407	79
234	402	98	402	101	58
494	494	494	494	494	23
251	251	251	251	251	137
364	364	119	119	119	360
26	26	26	26	26	104
159	159	328	328	328	340
117	117	117	117	117	187
410	410	410	410	410	265
473	473	473	473	473	105
327	327	327	31	31	31
202	360	329	350	329	54
14	14	14	14	14	458
151	423	460	303	201	18
333	333	333	333	333	70
181	237	403	359	359	415
435	139	210	400	12	237
115	115	115	115	115	280
95	95	95	282	282	282
102	102	102	102	102	475
400	400	400	400	400	47
292	292	292	292	292	314
358	358	358	358	358	370
41	41	41	265	265	265
185	185	185	185	185	261
273	273	273	273	273	295
79	79	79	79	438	347
207	470	354	470	68	121
101	101	101	285	285	285
408	408	408	408	408	337
3	3	169	169	169	337
105	484	93	237	10	377
498	498	498	498	498	70
432	432	291	291	291	194
122	122	317	317	317	113
490	207	443	207	465	209
307	312	43	252	383	192
462	462	462	462	462	440
302	302	41	311	431	353
451	451	26	26	26	483
7	7	7	382	382	382
332	337	422	178	80	387
57	57	23	23	23	215
168	389	389	424	406	198
429	429	429	250	250	250
345	345	138	138	138	409
104	346	269	346	267	224
54	350	275	443	54	297
273	270	237	273	363	40
174	174	174	174	174	125
189	189	240	459	14	316
154	154	154	154	154	469
75	45	462	497	403	144
491	491	491	491	484	283
415	477	477	210	467	351
28	408	111	204	215	461
467	467	397	397	397	22
432	432	432	432	432	96
480	480	449	449	449	54
234	234	234	234	53	408
19	19	19	19	19	455
197	197	197	197	197	383
381	405	24	481	162	46
314	488	413	207	250	242
199	199	199	199	199	27
372	146	378	378	475	4
407	407	407	407	407	464
196	196	196	222	222	222
260	260	260	260	413	452
359	359	359	359	359	56
388	388	439	439	439	418
89	89	89	89	89	242
464	464	464	464	464	63
190	190	190	190	190	401
373	373	197	197	197	345
47	489	87	234	183	140
237	354	161	268	237	293
262	262	262	262	262	24
183	183	183	183	183	348
112	112	112	102	102	102
109	109	109	7	7	7
380	380	380	380	380	496
365	365	365	365	365	393
54	5	461	167	469	203
384	384	142	142	142	486
63	63	63	63	63	83
167	167	167	167	167	376
42	42	42	42	42	246
353	370	269	334	356	339
6	208	253	6	385	162
98	98	98	98	98	93
357	357	357	215	215	215
36	36	36	36	36	437
222	297	76	388	76	252
21	155	254	21	64	393
124	124	438	438	438	206
187	187	187	187	187	311
98	98	98	98	98	151
121	447	166	291	121	428
299	299	248	248	248	214
321	446	446	216	412	395
419	419	419	419	419	234
174	174	174	174	174	254
47	32	380	47	476	375
427	427	427	427	427	489
17	17	17	17	17	230
272	272	272	272	272	102
264	161	402	351	426	189
290	290	290	290	290	274
332	332	332	332	332	380
27	374	122	45	21	432
340	340	340	340	340	35
409	409	409	409	409	300
198	491	147	274	276	365
367	367	367	367	367	420
475	475	475	311	311	311
275	275	275	391	391	391
451	121	82	25	395	234
51	51	476	476	476	111
381	381	381	381	381	409
424	424	424	424	424	441
19	19	19	356	356	356
188	1	408	1	354	268
489	489	489	489	489	342
211	211	153	153	153	156
477	44	425	294	477	358
294	294	294	294	294	217
254	254	100	100	100	475
418	460	195	308	308	48
53	53	53	53	53	57
211	158	192	89	245	12
296	296	296	296	296	483
369	206	215	35	217	425
414	389	380	353	33	452
84	84	84	84	84	335
237	237	237	237	237	151
161	479	6	161	137	413
136	273	221	222	63	449
264	264	264	264	264	280
492	492	492	492	492	304
300	300	300	300	300	110
209	293	64	132	398	170
170	170	170	170	170	220
448	448	448	448	448	262
207	207	207	207	207	151
399	399	399	399	399	286
3	3	3	3	3	14
113	264	416	313	52	96
283	283	387	387	387	57
136	136	136	136	136	309
275	275	356	356	356	238
483	483	483	483	483	352
9	143	103	328	9	403
279	279	279	279	279	434
107	424	334	416	107	16
304	304	182	182	182	10
335	335	335	335	335	352
442	442	442	442	442	289
303	303	303	303	303	316
215	215	215	215	215	178
226	226	226	226	226	355
426	426	426	426	426	298
438	138	156	205	240	311
297	382	297	431	182	356
282	282	282	282	207	65
103	103	103	103	103	358
452	292	429	237	227	494
375	375	375	375	375	123
292	292	292	139	139	139
48	48	48	48	48	314
307	307	307	307	307	35
51	51	51	51	51	296
40	40	40	40	40	191
19	19	19	19	19	323
362	362	362	428	428	428
424	179	41	492	262	308
409	409	409	409	409	174
440	440	440	440	440	170
282	282	282	282	282	392
333	333	124	124	124	107
402	402	402	402	402	226
216	130	4	368	337	292
366	366	366	366	366	45
251	251	242	242	242	173
430	430	430	430	430	50
326	326	326	326	326	408
452	452	452	452	452	363
367	367	367	367	367	253
216	216	216	74	74	74
236	236	236	236	179	263
140	140	140	140	140	349
294	294	460	460	460	426
40	40	40	6	6	6
44	101	437	248	340	387
74	74	74	215	215	215
61	61	61	61	43	326
358	247	153	445	247	489
281	281	281	281	281	93
95	95	95	95	95	86
222	222	350	350	350	484
285	82	433	419	285	391
346	346	346	346	346	489
236	236	236	236	146	181
174	174	174	174	174	418
61	61	61	61	61	117
471	471	471	471	471	429
26	31	107	308	276	278
406	406	406	406	406	262
48	48	48	48	48	73
399	399	459	12	397	35
113	317	496	311	113	381
201	201	201	190	190	190
214	421	145	421	84	351
317	478	325	317	467	442
317	317	317	317	317	89
421	421	421	187	187	187
183	183	183	183	183	129
113	113	113	113	113	82
343	72	212	133	72	278
298	331	105	153	436	275
16	16	16	16	16	19
420	420	420	420	420	315
166	166	166	166	166	123
358	358	358	358	358	147
406	406	406	154	154	154
170	170	170	170	170	220
41	41	41	41	41	314
383	383	111	111	111	425
391	391	391	391	289	29
40	310	176	380	43	288
351	351	1	496	141	240
328	328	328	328	328	291
446	446	446	446	446	41
308	308	308	308	308	280
290	290	290	14	14	14
122	122	137	137	137	315
484	484	484	484	484	308
283	283	283	425	425	425
225	225	306	306	306	122
330	330	330	330	330	56
146	154	396	142	142	350
452	452	452	452	255	260
231	231	231	231	231	152
138	138	138	226	226	226
433	433	433	433	433	492
151	151	151	151	406	386
84	84	84	84	84	187
182	182	182	491	491	491
115	115	115	115	255	49
470	470	470	470	470	200
129	129	129	129	129	264
325	325	325	325	325	292
432	432	432	432	432	406
445	415	150	255	63	190
396	396	396	396	396	40
11	11	11	446	446	446
247	33	433	376	433	131
210	210	210	210	210	311
190	140	190	199	99	380
58	58	58	58	58	154
495	495	495	495	495	353
101	101	101	101	62	458
269	269	269	269	269	366
73	73	119	119	119	406
350	378	33	408	378	177
270	270	270	270	58	130
108	108	108	249	249	249
331	499	480	471	391	179
209	426	494	408	132	383
150	150	150	150	150	268
282	282	282	282	282	408
99	99	204	292	227	365
174	174	174	217	217	217
68	161	97	397	154	326
405	405	405	405	405	108
231	231	231	231	231	154
180	180	180	253	253	253
100	100	100	100	100	264
60	151	407	262	422	29
88	494	491	398	425	451
407	407	407	64	64	64
391	391	391	391	391	483
495	223	287	412	495	143
224	450	137	3	206	63
491	491	491	491	491	290
46	87	274	76	87	356
99	99	99	99	99	181
48	328	263	321	412	109
286	286	320	168	432	273
407	407	407	483	483	483
311	311	311	324	324	324
477	477	477	477	477	310
302	302	302	345	345	345
73	404	392	214	331	154
401	401	401	401	401	87
366	366	366	366	366	127
219	219	219	219	219	42
481	481	481	481	481	244
217	217	217	487	487	487
29	155	152	446	444	185
385	69	35	450	385	93
483	483	483	483	483	83
65	65	65	65	65	410
171	171	171	171	259	335
363	363	363	363	363	387
177	177	177	177	177	170
13	13	13	13	13	166
383	148	495	27	482	127
282	282	282	282	282	71
201	371	52	371	139	173
307	307	307	307	307	166
179	289	375	40	389	55
216	216	216	216	216	124
479	479	479	479	479	347
90	3	405	38	38	9
279	279	279	279	279	257
307	307	20	321	238	11
32	32	32	32	32	225
354	354	354	324	324	324
392	158	284	194	486	127
93	93	93	93	93	266
446	446	463	463	463	149
85	85	85	85	85	184
425	311	489	219	489	166
471	471	471	397	397	397
281	281	281	281	281	177
381	344	182	344	64	390
453	453	453	453	453	142
6	6	6	6	6	399
135	135	358	27	148	297
194	194	329	329	329	291
329	329	329	329	329	269
109	109	109	109	109	140
265	265	265	265	265	21
154	154	154	154	154	164
135	135	135	135	135	434
184	184	184	184	184	174
114	114	330	330	330	141
207	182	447	447	460	139
275	275	275	275	275	457
273	273	273	273	273	381
250	250	250	250	250	354
10	10	150	150	150	442
30	30	30	30	30	384
247	247	118	118	118	65
3	4	294	31	399	423
86	313	434	495	55	371
414	25	414	218	238	144
226	226	226	226	226	21
58	58	58	440	440	440
145	169	140	169	377	264
455	455	455	455	455	234
225	225	225	225	225	60
68	390	4	70	202	248
216	216	216	216	216	334
477	477	477	477	477	138
454	454	454	454	45	352
281	281	119	119	119	1
52	52	52	52	52	452
451	451	451	451	451	386
77	77	77	77	77	202
121	121	121	121	121	403
151	151	150	150	150	382
34	149	269	223	133	347
484	484	484	484	484	359
46	46	46	241	241	241
476	443	430	429	37	309
186	186	409	328	401	487
258	253	253	166	15	189
342	342	118	118	118	78
448	448	448	448	448	312
329	329	329	329	329	297
268	268	268	268	268	496
183	188	364	328	14	492
204	204	204	204	204	223
35	35	35	35	35	170
228	228	228	228	228	92
430	430	432	432	432	381
59	26	349	314	219	304
114	114	114	297	297	297
477	427	379	379	351	264
236	236	236	317	317	317
407	192	4	192	117	490
35	35	35	35	35	125
343	165	153	77	226	342
23	23	162	162	162	218
447	447	447	447	447	413
90	115	14	128	147	6
15	15	15	15	15	71
92	92	92	92	92	58
377	377	377	377	377	53
306	306	306	306	306	31
100	100	100	100	100	123
63	138	107	218	285	110
222	222	222	63	63	63
218	218	218	218	218	61
118	118	118	118	118	286
370	387	121	370	11	207
221	221	221	221	447	81
101	101	101	101	101	64
256	256	256	256	256	385
123	123	123	192	192	192
451	451	451	451	451	43
75	75	75	75	75	88
341	141	142	155	342	45
33	33	33	33	33	96
120	120	120	120	120	310
489	341	440	224	257	132
384	498	151	431	98	236
16	412	405	412	326	177
94	94	94	94	94	78
74	74	102	102	102	169
215	215	125	125	125	316
412	412	412	412	412	493
362	362	362	362	362	276
361	361	361	361	336	301
194	309	112	194	303	93
148	148	148	332	332	332
427	427	427	427	427	390
270	270	270	270	270	65
363	363	363	160	160	160
210	210	210	210	210	109
371	371	371	371	14	496
385	15	139	161	426	149
138	138	138	138	138	99
209	209	209	209	209	366
187	187	187	140	140	140
215	215	215	215	215	123
22	22	22	22	22	147
128	128	128	128	128	66
436	440	162	440	20	8
56	56	224	224	224	87
405	405	405	410	410	410
188	326	151	429	411	304
406	406	406	406	406	340
500	500	500	500	500	174
333	333	333	128	128	128
115	115	115	115	115	73
244	244	244	244	244	352
479	479	479	479	479	318
460	357	78	407	3	490
282	282	282	120	120	120
184	184	184	242	242	242
124	124	124	124	136	343
30	254	455	201	261	82
383	489	97	35	220	46
217	217	217	217	217	185
179	179	179	179	179	70
178	178	178	209	209	209
332	332	332	332	332	377
43	43	43	43	43	61
441	441	441	441	441	325
303	303	303	303	303	138
267	267	267	267	267	31
400	400	400	188	188	188
195	195	357	357	357	138
39	39	39	39	39	144
210	210	210	210	210	301
435	435	435	435	435	82
373	411	229	493	308	144
131	131	131	103	103	103
463	463	463	463	463	233
276	276	20	20	20	146
281	281	281	281	281	296
22	22	22	22	22	206
32	32	32	32	32	436
70	208	65	65	111	100
391	391	391	391	391	115
289	289	289	349	349	349
131	131	131	131	131	160
173	173	173	173	173	134
62	62	62	62	62	262
169	169	169	169	169	149
228	228	228	228	228	499
331	331	331	331	331	428
494	494	494	494	494	49
482	172	76	154	121	200
460	460	40	40	40	56
493	493	493	493	493	342
468	468	468	468	468	410
428	428	422	422	422	463
461	461	461	461	461	487
17	186	117	79	86	136
12	12	12	12	12	246
149	149	149	149	149	484
199	199	199	199	199	114
391	391	391	391	59	384
397	397	397	397	397	491
497	497	497	411	411	411
422	422	422	422	422	408
473	473	473	473	473	465
469	469	469	469	469	247
472	472	472	472	472	485
206	206	22	22	22	173
124	124	124	124	124	107
78	78	78	272	272	272
488	488	488	488	488	447
367	81	46	496	28	287
333	333	333	333	274	166
90	90	90	90	90	25
456	448	451	43	90	24
4	4	4	4	4	303
355	355	355	355	355	450
130	389	175	114	175	421
165	165	165	406	406	406
47	47	47	47	47	318
386	88	310	39	497	464
309	309	464	464	464	220
66	66	42	42	42	256
258	258	258	258	320	297
275	275	147	147	147	427
182	319	236	168	155	275
335	180	124	340	124	276
270	168	270	272	293	463
325	80	23	119	92	427
196	196	196	99	99	99
275	275	92	92	92	94
268	197	377	14	51	438
401	401	401	401	401	207
479	488	218	218	28	411
22	22	22	22	22	145
368	368	144	58	309	247
123	123	130	130	130	367
434	391	391	350	258	436
354	354	354	354	354	430
95	419	197	158	402	342
117	403	371	432	353	376
384	472	469	145	145	34
238	314	82	387	80	8
351	351	167	167	167	106
123	123	123	123	123	32
286	286	361	361	361	90
266	266	266	266	266	257
252	252	252	252	252	361
471	471	471	471	471	420
432	432	432	432	432	302
395	395	395	395	395	72
177	177	177	177	303	25
45	45	45	45	45	67
282	282	282	282	289	239
371	40	381	424	371	264
177	177	177	177	177	290
325	325	62	62	62	344
89	89	89	89	89	309
172	172	144	144	144	377
160	160	160	160	160	464
141	446	402	13	446	165
324	324	324	499	499	499
85	477	70	392	397	437
116	116	116	229	229	229
471	471	166	166	166	148
34	34	34	34	34	134
167	167	167	167	167	348
359	359	359	359	359	167
278	216	90	297	354	375
250	370	334	372	250	288
36	390	389	389	22	188
226	226	483	483	483	299
322	322	322	322	322	263
81	81	81	322	322	322
471	475	132	439	33	435
34	456	303	251	192	474
345	345	345	345	345	120
370	370	370	337	337	337
354	354	354	354	354	42
470	470	470	470	470	488
464	464	464	464	464	472
313	313	313	313	303	165
12	12	12	12	12	136
25	137	115	110	18	61
127	127	370	370	370	430
495	495	495	495	495	241
75	75	75	75	75	63
480	480	480	480	480	272
354	354	354	354	354	415
48	48	48	48	48	2
398	398	398	398	398	160
382	382	382	382	382	120
128	128	128	128	128	485
152	18	84	478	478	271
253	253	253	85	85	85
9	9	9	9	9	299
385	385	385	385	385	396
172	172	172	172	172	96
119	154	180	31	114	178
72	72	72	72	72	414
96	96	96	31	31	31
436	436	436	436	436	498
123	216	246	123	169	274
264	264	217	217	217	343
439	147	84	84	207	20
360	66	153	304	419	298
253	253	143	143	143	318
334	334	146	146	146	165
494	494	494	494	494	463
430	430	430	430	430	196
320	320	422	422	422	328
424	295	239	240	140	315
488	488	488	488	488	355
168	168	168	168	460	387
274	274	274	219	219	219
398	398	398	398	398	180
9	9	9	388	388	388
278	278	278	278	278	14
50	50	50	50	50	227
306	306	306	306	306	438
280	280	280	280	280	282
469	181	252	286	499	291
106	106	106	106	106	223
488	441	143	8	135	241
182	182	182	182	182	18
164	264	234	249	250	419
423	423	423	104	104	104
235	235	235	235	235	129
54	264	27	191	107	488
59	59	59	413	413	413
46	46	46	46	46	163
122	122	122	6	6	6
332	332	332	27	27	27
339	339	339	339	466	108
11	11	11	286	286	286
5	136	448	30	197	47
204	204	153	153	153	330
220	220	220	220	220	25
139	21	284	26	240	137
23	23	337	337	337	6
168	168	168	168	168	102
82	82	82	82	82	277
428	493	40	375	109	166
207	207	207	207	207	312
279	279	279	279	279	102
281	281	281	281	281	203
71	71	71	49	49	49
275	275	275	275	275	118
357	357	357	24	24	24
452	452	452	452	452	324
348	348	348	348	348	326
327	327	327	327	211	22
366	366	366	50	50	50
155	155	155	155	180	159
173	173	173	426	426	426
467	467	467	467	467	458
46	46	46	363	363	363
100	100	100	100	100	321
297	297	297	297	297	118
232	232	232	232	232	107
286	286	286	313	313	313
333	333	333	333	333	364
353	353	458	458	458	197
278	367	303	72	421	176
170	170	170	342	342	342
423	452	162	205	206	227
239	239	239	239	239	355
472	472	472	472	472	139
125	125	125	125	125	362
265	265	265	265	265	29
423	423	423	423	423	455
64	64	64	64	64	180
178	145	283	283	491	126
206	206	206	206	206	398
111	111	111	111	111	114
389	332	129	332	63	478
308	308	308	308	308	194
479	174	65	485	477	293
30	30	30	30	30	44
247	493	493	365	478	476
124	461	398	337	305	220
490	490	450	450	450	353
298	260	431	422	446	393
244	244	244	103	103	103
307	307	307	307	307	327
66	66	66	66	66	96
148	148	148	148	148	167
314	314	314	314	314	285
177	177	177	177	177	147
472	472	472	472	472	353
196	207	364	368	100	157
128	128	128	17	17	17
138	138	138	138	138	10
1	1	1	1	1	31
128	128	128	302	302	302
325	325	325	325	40	150
190	190	67	245	239	402
134	75	239	239	10	398
111	111	111	111	111	36
381	381	112	499	232	456
44	44	44	44	44	109
351	82	481	52	91	490
396	396	396	396	396	403
11	11	78	339	85	5
146	146	146	146	18	45
415	415	415	415	415	240
294	294	294	177	177	177
463	463	463	463	463	231
380	380	417	417	417	218
62	62	392	392	392	108
93	93	93	93	93	452
236	118	275	421	423	226
173	173	173	173	187	454
455	455	455	455	455	377
8	8	8	8	8	114
62	62	62	62	62	154
492	492	492	492	492	273
420	420	302	302	302	104
84	84	84	84	84	471
139	139	370	370	370	456
119	119	121	121	121	10
424	424	424	424	424	343
173	328	373	328	113	167
164	164	164	164	164	441
193	193	193	193	193	356
344	36	165	52	90	69
21	21	21	21	21	380
228	228	228	228	39	404
232	232	232	232	262	301
226	226	226	226	226	479
453	453	453	495	495	495
222	222	222	222	222	411
388	21	492	375	128	353
250	250	78	78	78	447
9	118	181	68	407	397
411	411	411	411	411	426
146	146	146	146	146	312
49	49	49	49	49	259
123	123	123	123	123	427
214	214	214	196	196	196
211	211	211	211	277	318
296	296	296	296	296	461
186	186	186	186	186	173
474	474	474	474	474	210
53	53	53	53	53	324
397	397	397	397	397	29
115	115	64	64	64	345
46	46	46	46	46	236
193	436	335	64	165	491
382	382	382	382	382	27
390	289	223	491	118	402
150	90	253	338	105	51
456	456	456	431	431	431
272	401	258	395	251	303
326	326	326	444	444	444
432	432	432	432	432	164
320	320	320	375	375	375
496	496	496	496	496	446
107	107	107	107	107	174
495	495	236	236	236	68
26	26	26	26	26	89
498	498	498	498	498	339
294	294	294	294	294	280
167	38	328	257	455	458
453	453	453	453	453	284
309	309	309	309	309	329
310	310	310	310	310	110
249	249	135	135	135	87
194	194	194	194	194	486
360	43	310	342	443	381
386	386	386	386	386	416
374	374	45	45	45	20
146	146	146	146	146	188
406	406	406	406	406	398
163	271	487	136	390	245
273	273	273	273	273	496
303	303	303	303	303	192
356	314	134	474	474	45
297	297	297	297	297	74
242	242	242	242	138	457
68	68	68	68	68	173
404	404	404	404	404	132
328	354	178	88	352	230
108	384	28	118	26	97
396	396	396	396	396	25
497	78	4	4	134	174
409	409	409	409	409	280
210	210	210	345	345	345
278	278	278	226	226	226
244	244	244	244	244	452
342	219	87	478	138	146
85	336	289	328	418	315
380	41	207	412	409	157
446	446	446	446	446	211
431	226	109	8	60	283
153	153	153	85	85	85
228	228	228	228	228	368
443	256	201	448	63	32
311	441	94	65	97	443
22	22	22	356	356	356
300	117	117	243	295	100
84	351	469	362	67	329
180	298	120	362	80	108
317	489	16	60	297	137
192	192	192	192	408	357
415	415	415	415	415	40
474	474	474	474	474	487
421	421	421	421	421	215
58	58	58	58	58	469
258	258	258	258	258	225
303	303	303	99	99	99
354	354	354	354	354	145
325	284	156	356	284	440
106	106	106	106	106	108
173	173	442	442	442	196
252	252	252	88	88	88
87	87	335	335	335	20
8	8	8	8	8	59
249	249	304	304	304	385
49	49	49	49	49	402
189	189	355	355	355	170
421	421	421	421	421	154
175	175	175	175	186	174
70	70	70	70	70	277
375	211	388	118	447	458
376	378	455	139	499	174
287	236	90	90	271	339
376	30	88	56	276	423
496	496	29	29	29	68
221	221	221	221	221	402
254	254	254	254	254	104
295	295	295	295	295	236
174	396	236	101	354	129
50	53	346	50	5	498
215	215	215	215	215	70
338	338	338	338	338	141
139	205	308	236	233	45
324	206	12	373	3	251
327	327	327	327	327	209
166	166	166	166	166	309
79	79	79	79	79	183
14	223	487	229	165	318
213	210	45	2	185	397
368	368	368	368	368	471
155	155	155	155	155	139
197	197	106	106	106	143
340	340	231	231	231	337
72	72	72	72	72	164
471	471	471	471	386	492
82	82	82	82	159	180
211	211	211	211	211	457
409	409	409	409	409	360
131	37	65	89	37	372
451	451	451	451	451	384
305	472	306	51	482	22
24	24	24	24	24	68
389	389	389	389	389	371
222	222	400	400	400	410
115	115	115	115	115	389
72	72	72	72	72	148
354	95	198	245	313	487
478	478	233	233	233	427
210	136	180	136	266	12
327	327	327	358	358	358
113	113	113	113	474	260
94	94	94	94	94	61
167	155	267	167	445	279
292	292	274	274	274	447
239	239	239	239	239	413
83	239	123	75	356	289
210	210	210	210	210	54
171	171	171	10	10	10
185	185	185	185	185	404
123	123	123	123	123	412
472	472	472	472	472	360
408	408	408	408	265	20
459	459	459	459	459	426
419	419	419	419	419	383
20	20	20	20	291	101
445	445	445	445	445	87
493	493	493	493	493	414
307	302	440	440	332	311
239	239	239	239	239	290
242	242	242	242	242	22
378	378	378	378	378	65
29	48	57	296	324	423
97	97	97	97	97	404
201	201	201	380	380	380
62	62	62	145	145	145
257	257	17	17	17	57
150	303	486	422	303	149
196	196	196	196	196	178
23	143	39	450	381	66
490	490	360	360	360	111
392	31	392	248	102	466
147	180	203	227	147	175
209	209	209	209	209	78
84	84	84	84	396	60
292	292	292	398	398	398
51	51	252	252	252	382
232	232	232	232	285	185
211	299	457	47	299	468
151	151	151	38	38	38
172	172	172	172	172	365
327	327	327	327	327	249
203	203	203	240	240	240
487	487	487	487	487	248
396	396	396	396	396	87
401	401	401	401	401	169
453	346	76	453	320	230
135	256	159	206	274	186
315	450	8	358	236	295
356	356	356	356	330	114
151	151	151	133	133	133
407	407	216	216	216	89
255	255	84	84	84	180
453	37	333	431	42	233
470	322	371	322	297	386
126	126	126	126	126	264
139	139	107	107	107	363
374	374	374	374	374	219
304	304	304	304	304	40
55	55	55	55	55	2
12	12	12	12	12	248
489	236	55	19	148	332
289	289	289	80	80	80
191	191	100	100	100	101
460	460	130	130	130	237
133	133	133	29	29	29
445	445	445	445	445	485
184	184	184	184	184	459
120	120	120	120	120	450
227	227	227	227	227	233
158	158	158	158	425	286
445	445	445	445	188	165
475	478	185	282	185	285
411	411	411	411	411	150
131	131	131	131	131	335
385	434	85	168	199	64
363	363	363	363	363	221
305	146	51	146	265	487
292	392	257	122	229	52
229	377	23	261	352	426
126	497	302	239	410	176
433	433	433	433	433	298
41	41	41	41	41	486
2	2	458	458	458	92
25	25	25	25	25	382
311	450	483	47	183	406
484	484	484	443	443	443
195	68	185	310	429	227
418	418	418	418	418	231
230	230	230	230	230	423
412	412	412	412	412	175
423	423	423	133	133	133
140	140	140	140	140	393
293	293	293	293	293	335
286	90	49	177	149	416
266	483	483	222	265	215
53	199	110	1	215	98
496	496	496	496	496	476
266	266	266	266	266	499
200	51	153	137	51	212
465	465	178	178	178	101
198	198	198	198	198	473
130	130	130	130	130	1
2	2	2	2	2	251
424	424	424	424	424	243
357	473	442	360	317	238
182	182	182	182	129	124
224	224	224	224	224	40
464	464	464	464	464	318
290	336	290	372	489	113
51	51	51	66	66	66
4	185	124	46	185	387
27	27	27	27	27	174
393	393	393	393	393	419
228	228	228	282	282	282
330	330	330	330	330	362
227	227	227	227	227	399
267	267	267	267	267	457
284	284	284	284	354	442
131	131	131	131	131	37
432	432	432	432	432	476
261	464	445	392	442	430
465	465	465	465	465	13
26	26	345	345	345	145
205	205	205	205	205	64
361	361	361	361	361	399
358	358	358	358	358	191
259	452	300	390	429	139
18	320	216	361	288	44
163	163	163	163	163	406
276	276	276	276	276	45
430	430	430	430	430	397
210	210	210	210	210	233
345	345	345	345	345	82
40	390	350	350	144	442
443	443	443	443	443	238
251	251	251	282	282	282
89	89	89	89	89	252
143	143	143	143	143	84
408	408	408	408	408	335
446	446	401	401	401	113
500	500	500	463	463	463
245	245	96	96	96	127
30	30	163	163	163	213
273	273	273	290	290	290
231	403	146	115	495	165
468	241	399	264	133	94
387	166	235	7	141	197
256	256	489	489	489	218
256	256	256	256	256	85
451	451	451	26	26	26
93	93	93	93	93	16
475	475	475	475	475	159
43	298	149	280	303	15
228	311	386	233	233	63
338	338	338	338	338	475
420	420	494	494	494	248
63	63	63	63	63	435
371	371	371	371	371	436
241	241	241	241	241	317
168	43	436	467	418	453
419	419	419	419	419	219
353	101	318	246	101	77
427	88	217	44	27	184
234	162	126	463	369	435
397	320	20	397	95	210
27	27	27	470	470	470
183	183	460	449	491	415
232	232	232	232	232	127
109	109	109	109	109	457
390	390	390	390	390	278
490	490	490	490	490	188
258	246	19	276	246	22
376	413	483	59	216	370
421	421	421	421	421	402
471	471	471	471	147	61
374	169	140	43	392	105
164	164	164	105	105	105
309	309	309	309	309	340
32	32	32	32	32	55
133	133	133	133	133	170
88	88	88	88	88	89
499	497	169	37	37	150
444	444	176	176	176	183
348	135	487	306	50	157
43	43	456	456	456	351
390	390	390	390	390	152
191	191	191	191	191	486
175	175	175	175	175	256
124	124	474	474	474	237
316	316	316	316	468	26
74	74	74	74	74	423
340	340	340	500	500	500
280	280	280	280	463	220
461	461	455	455	455	252
477	477	477	477	477	317
217	217	217	217	217	427
304	304	304	304	304	397
114	114	114	114	114	225
30	30	30	30	30	152
254	254	254	254	254	178
491	491	326	326	326	392
310	69	462	158	169	465
301	301	301	301	301	320
75	75	75	75	75	223
399	399	399	399	399	100
415	415	415	415	415	129
330	140	120	77	362	428
319	347	491	252	319	370
11	11	11	310	310	310
2	2	2	500	500	500
143	143	143	143	143	442
111	111	111	111	69	403
492	208	293	331	428	288
498	498	498	498	498	347
257	257	257	257	257	396
200	200	54	54	54	326
485	485	485	485	485	202
13	13	13	111	111	111
399	399	399	3	3	3
8	8	8	8	8	417
122	497	117	101	172	128
175	175	175	175	175	145
414	414	414	414	414	427
355	355	355	355	355	177
60	60	60	60	60	85
203	304	185	128	304	39
482	482	482	423	423	423
460	460	460	460	460	297
42	472	97	96	96	340
426	426	426	426	426	483
270	270	270	270	270	420
296	296	300	300	300	230
195	186	305	305	124	436
102	102	102	102	102	486
214	332	474	96	367	147
377	377	63	63	63	68
362	362	362	362	362	108
366	366	366	366	20	434
172	172	172	172	172	454
380	380	380	380	380	318
405	405	405	405	405	126
371	371	371	468	468	468
18	18	415	415	415	441
392	392	392	392	392	198
281	281	281	31	31	31
209	209	209	209	209	365
29	29	29	29	29	187
241	218	329	488	165	173
291	476	68	78	244	431
196	196	196	196	196	62
229	229	229	41	41	41
159	159	159	159	159	6
457	457	457	457	457	135
229	229	122	122	122	41
333	333	293	493	435	15
93	93	93	387	387	387
173	183	252	409	42	367
261	83	218	391	218	20
62	62	62	62	62	161
421	405	16	400	246	135
493	145	139	373	236	98
105	45	286	155	180	355
249	249	249	249	249	3
449	449	449	449	449	396
181	181	181	181	181	184
479	479	479	479	479	24
239	239	239	2	2	2
191	191	191	191	191	189
344	381	42	442	266	162
140	140	140	140	140	187
309	309	309	309	309	133
427	427	427	427	427	170
99	250	310	391	441	319
447	168	67	159	105	360
208	208	462	462	462	311
416	416	416	416	416	149
410	410	212	270	364	340
255	255	255	255	255	240
178	178	178	178	178	198
136	136	136	136	136	239
160	160	160	160	160	442
307	307	307	307	307	278
250	63	106	275	499	202
489	489	294	294	294	343
291	291	251	251	251	277
263	4	306	56	306	442
345	83	162	357	162	467
127	22	238	205	207	358
363	363	184	184	184	456
212	212	401	401	401	265
413	413	413	413	413	32
231	231	231	142	142	142
229	462	216	39	148	87
400	400	108	108	108	156
218	218	218	218	218	83
135	135	135	135	135	68
89	89	89	89	89	216
225	317	371	100	100	340
317	157	377	46	90	231
6	6	6	366	366	366
411	411	411	411	411	365
238	238	238	238	238	388
134	134	134	134	134	472
322	322	322	322	322	351
185	185	185	253	253	253
309	309	309	309	309	201
155	155	155	155	155	287
75	75	75	75	75	6
437	437	437	437	437	451
197	197	197	325	325	325
9	9	321	321	321	235
461	461	461	461	461	169
329	329	329	329	329	146
298	46	212	357	300	153
422	422	422	422	422	281
436	436	436	245	245	245
405	405	109	109	109	345
53	53	53	53	53	308
405	405	405	405	405	393
138	370	51	195	464	61
158	158	158	158	158	152
91	91	91	91	91	332
317	317	317	237	237	237
105	293	391	418	274	50
352	352	352	352	352	132
422	422	422	422	451	223
232	232	232	232	232	110
231	231	231	231	231	66
62	236	326	376	423	362
194	194	194	194	194	409
199	199	199	199	199	203
203	203	203	400	400	400
4	4	4	4	205	246
15	15	15	15	15	41
367	367	367	367	367	49
481	481	481	481	481	118
372	372	372	372	372	81
114	114	114	114	114	256
416	409	15	72	263	93
238	238	238	99	99	99
97	97	317	317	317	294
469	469	469	469	469	494
445	21	443	155	428	458
406	71	353	71	257	164
412	412	412	439	439	439
236	236	236	236	236	21
470	249	449	19	249	81
432	432	432	432	432	318
413	413	84	84	84	149
395	395	395	395	395	186
375	375	375	375	375	150
142	142	286	286	286	78
76	76	76	76	76	412
233	233	92	92	92	415
363	363	363	363	363	358
124	124	124	124	124	306
82	135	339	82	435	307
81	339	247	464	438	369
284	284	284	456	456	456
354	354	354	354	354	398
418	418	418	418	418	283
141	141	141	141	141	142
229	229	229	229	229	416
434	164	305	133	355	218
418	418	407	407	407	221
182	182	182	204	204	204
201	201	201	201	269	488
238	238	238	238	238	353
93	93	93	93	93	301
164	65	494	66	196	115
486	271	48	198	271	207
262	212	404	370	444	306
431	431	300	300	300	378
154	154	473	473	473	456
348	348	425	425	425	359
380	380	380	380	380	337
13	13	13	229	229	229
91	27	487	330	262	53
163	352	352	142	413	197
66	66	66	66	66	405
347	347	347	347	347	409
405	178	401	136	439	143
35	375	146	375	204	180
228	228	228	228	228	322
222	222	222	222	222	294
499	499	37	37	37	203
258	258	258	258	173	435
353	353	353	353	127	233
496	496	496	496	496	41
165	165	165	165	165	35
91	91	91	91	91	47
104	463	239	381	381	485
32	272	125	272	465	489
383	383	383	476	476	476
403	403	403	403	403	56
477	477	477	477	452	168
488	488	488	488	488	209
184	184	184	184	184	251
110	292	250	229	331	313
425	95	95	71	435	324
233	233	233	274	274	274
491	125	11	320	166	226
489	489	489	489	489	396
188	188	188	188	188	470
297	71	71	82	108	412
109	109	109	33	33	33
114	345	472	194	194	492
155	155	155	285	285	285
392	267	391	171	360	397
392	392	392	95	95	95
242	242	242	242	242	490
89	89	370	370	370	107
180	178	10	403	469	252
447	447	447	447	447	498
126	126	126	126	126	107
272	272	272	272	444	256
66	37	414	455	371	389
271	271	271	271	271	435
138	138	138	138	138	401
339	339	339	339	339	54
11	178	407	11	174	233
119	119	119	119	119	129
279	279	279	279	279	109
433	433	433	433	433	186
479	409	198	162	99	182
485	485	485	485	485	497
439	163	91	245	32	133
330	275	378	256	101	15
251	251	251	251	251	118
372	372	372	372	372	223
9	447	9	252	96	405
416	416	406	406	406	61
108	108	108	50	50	50
277	277	277	277	277	313
350	350	350	350	350	405
404	298	100	26	169	398
278	278	278	278	278	51
489	489	489	489	489	225
110	110	110	110	110	212
322	19	19	208	361	288
260	461	461	415	212	274
203	203	203	203	203	64
180	180	180	180	180	36
242	242	242	242	242	168
103	103	333	333	333	209
197	197	197	197	197	280
162	162	162	162	162	292
302	191	15	389	216	198
476	476	313	346	79	30
334	334	334	334	334	386
470	247	406	347	275	318
424	424	424	424	424	209
262	262	262	262	262	476
417	323	24	239	222	466
24	24	219	219	219	145
50	50	50	50	50	204
425	425	425	425	425	164
490	490	490	490	490	357
132	132	132	132	132	338
101	382	149	167	402	308
130	130	130	130	130	247
493	217	50	137	413	414
331	455	221	331	94	441
329	131	361	445	498	336
329	230	252	483	84	188
207	207	207	365	365	365
124	316	235	433	440	167
374	374	374	374	374	326
94	94	94	94	94	463
183	183	183	183	183	37
489	489	489	489	489	56
338	338	338	338	338	37
253	253	253	253	253	105
292	292	292	292	292	90
303	308	177	55	498	220
164	164	146	146	146	382
125	14	144	233	125	352
20	20	471	471	471	33
180	410	335	315	315	276
333	333	333	333	333	39
412	245	189	4	189	5
289	289	289	186	186	186
426	426	426	426	426	456
8	8	8	8	8	35
459	100	216	459	477	402
204	165	196	389	443	344
276	276	276	126	126	126
367	367	367	367	367	154
119	119	119	437	437	437
401	401	77	77	77	375
494	314	337	404	314	26
258	258	258	258	225	398
339	339	339	339	339	246
96	96	96	96	96	482
373	373	373	373	373	428
323	323	323	323	323	276
358	358	358	358	358	435
336	336	336	336	336	349
395	395	395	102	102	102
408	461	447	9	340	417
482	482	482	482	482	366
424	424	424	102	102	102
51	51	51	51	51	159
481	481	481	481	481	58
366	208	311	311	16	209
54	54	54	54	54	403
240	240	240	240	240	303
119	119	119	119	119	202
50	50	50	50	50	223
336	213	261	495	324	184
479	238	308	2	290	247
394	394	394	394	394	167
119	119	119	269	269	269
49	336	147	111	147	493
370	370	370	15	15	15
252	58	33	481	290	330
141	141	447	447	447	481
33	33	33	418	418	418
100	104	130	130	292	201
213	213	213	213	213	395
115	115	115	115	115	10
144	144	298	298	298	93
363	363	363	363	363	496
448	448	448	448	448	439
90	90	90	90	90	388
257	257	257	257	257	193
145	145	145	145	145	365
208	208	208	208	208	173
486	486	486	486	486	445
44	44	44	44	44	112
242	242	242	461	461	461
351	351	351	351	351	224
366	366	366	366	366	287
143	143	143	143	143	375
412	11	269	2	2	392
196	196	290	290	290	203
244	244	244	244	244	124
484	484	484	484	484	244
411	411	411	411	411	114
452	452	67	67	67	484
446	110	271	313	271	260
307	307	307	307	307	416
5	5	5	5	5	381
143	143	143	143	143	31
384	384	384	384	384	199
456	456	456	456	456	467
427	427	427	427	427	234
301	361	383	386	301	260
114	114	13	13	13	238
299	299	299	299	299	271
17	17	17	17	17	462
430	430	430	430	65	298
136	197	475	418	44	435
181	338	344	355	457	426
474	474	199	199	199	418
165	165	97	97	97	331
313	313	313	313	313	186
5	5	17	17	17	106
203	203	203	203	203	218
253	57	313	491	57	237
499	415	347	415	314	307
466	466	466	466	466	232
92	92	92	92	92	40
216	216	216	216	216	74
240	240	240	240	240	4
294	294	70	70	70	423
136	136	136	136	136	418
345	251	152	152	432	129
463	463	463	463	463	272
487	487	487	487	487	201
124	124	124	9	9	9
35	35	35	35	35	491
444	444	444	444	444	158
53	53	53	53	398	387
221	221	221	221	221	86
343	103	260	10	394	97
217	413	98	118	388	140
210	210	210	210	11	429
375	375	375	375	375	284
134	134	134	134	134	3
1	1	1	126	126	126
406	406	406	406	406	181
93	93	93	93	93	183
66	153	461	429	283	165
371	371	371	371	7	427
165	165	242	242	242	339
39	39	39	39	39	494
170	406	348	330	218	210
402	402	402	402	402	436
398	398	398	398	398	124
478	478	191	191	191	135
449	449	449	449	34	176
47	47	47	47	47	71
323	323	323	323	421	122
265	265	265	162	162	162
436	436	436	436	436	463
110	188	204	96	204	268
421	421	161	161	161	289
72	72	72	72	72	158
277	277	277	277	277	311
153	153	153	153	153	218
175	94	400	66	335	185
496	496	219	219	219	54
181	181	181	181	181	112
231	231	231	231	231	491
141	141	141	450	450	450
170	170	170	170	170	188
75	467	33	153	57	140
11	11	11	11	11	220
472	173	325	440	312	383
416	416	416	416	416	466
466	466	139	139	139	100
425	161	389	265	422	460
458	442	130	240	157	494
118	118	118	118	118	159
95	39	487	95	37	214
256	256	256	256	195	58
336	336	336	336	336	469
442	442	442	442	442	315
208	369	2	186	369	104
380	234	380	55	411	179
411	110	416	451	250	490
402	402	402	402	402	217
384	384	384	384	384	382
47	47	47	47	46	480
341	341	418	418	418	391
391	391	391	391	391	293
401	401	238	238	238	14
123	123	123	194	194	194
106	106	106	106	106	369
94	94	94	94	94	410
375	375	375	375	375	481
66	66	492	492	492	44
267	267	198	198	198	165
405	372	119	372	161	424
399	399	399	399	399	202
31	31	31	31	31	430
51	311	415	396	46	62
449	449	449	449	449	467
239	239	239	239	239	130
315	315	315	24	24	24
382	382	382	382	382	442
200	200	200	200	200	243
471	471	471	471	471	228
122	122	122	122	122	266
429	464	205	147	167	237
202	202	477	477	477	377
215	215	215	215	208	183
176	176	371	371	371	450
64	55	64	109	274	148
27	27	27	27	27	41
314	314	314	314	314	104
475	475	475	475	475	158
259	259	259	259	259	352
63	63	209	209	209	175
263	36	168	497	425	491
341	341	341	341	341	413
276	276	276	276	276	463
13	204	428	143	344	457
246	246	246	246	246	278
297	297	297	297	297	334
253	245	414	295	349	34
319	319	319	319	319	193
238	238	238	238	238	176
278	278	278	278	179	301
37	37	37	37	37	246
244	244	244	244	244	492
195	195	195	195	195	274
241	241	241	241	241	464
8	8	8	8	8	50
76	76	76	76	76	178
336	336	336	341	341	341
242	242	242	222	222	222
55	55	55	55	55	17
250	250	250	250	250	221
255	208	288	350	69	316
475	475	475	475	475	492
292	223	118	338	461	48
44	44	44	44	44	236
163	163	163	163	163	293
402	402	402	402	402	490
282	282	282	282	282	406
246	246	246	246	246	168
99	339	289	166	339	466
142	142	142	496	496	496
308	308	308	308	308	340
496	406	451	406	190	157
60	60	60	60	60	299
85	85	85	85	85	479
129	129	129	129	129	417
463	463	463	463	463	443
34	34	34	34	34	26
327	327	327	327	327	178
141	35	180	386	314	169
328	328	328	328	328	304
165	165	165	165	165	17
488	488	488	488	488	88
423	423	423	423	423	407
331	331	331	331	331	327
152	424	205	321	296	165
425	425	423	423	423	238
374	374	374	374	374	66
172	92	163	300	141	231
160	160	160	160	160	46
193	193	237	237	237	437
169	169	169	491	491	491
117	117	117	117	117	50
205	205	308	308	308	160
286	286	286	286	286	391
457	222	35	358	3	212
157	157	157	157	157	493
396	396	396	396	499	446
316	316	316	294	294	294
293	293	54	54	54	272
393	393	180	180	180	159
344	211	237	40	211	155
377	377	377	377	377	189
437	6	79	494	39	238
300	300	63	63	63	203
347	347	347	347	361	240
216	216	216	354	354	354
397	397	397	397	397	85
368	499	427	193	373	199
426	426	426	426	426	79
297	183	263	338	223	466
56	56	56	56	56	416
113	113	113	113	113	61
291	291	291	291	291	142
290	290	290	290	290	20
218	218	218	218	218	432
497	497	497	406	406	406
420	256	137	127	30	357
198	198	198	198	198	111
446	446	446	446	446	386
202	202	202	202	202	186
470	470	470	470	470	54
391	391	391	391	391	14
82	82	82	82	82	485
345	345	345	345	345	444
237	401	241	416	237	127
37	266	451	6	271	10
271	271	271	271	271	456
281	281	281	281	281	408
124	124	124	124	124	308
195	195	195	195	195	457
495	495	495	495	495	257
127	127	127	127	127	67
499	485	93	54	93	415
4	4	4	4	4	84
272	272	272	272	272	159
450	450	450	450	450	144
228	228	228	228	228	409
483	483	166	166	166	194
133	357	486	53	312	413
168	168	168	73	73	73
182	182	193	193	193	484
211	485	351	485	184	469
326	326	326	326	326	15
33	33	33	33	33	118
441	441	456	456	456	27
201	201	201	201	201	218
159	159	159	159	159	180
148	148	148	148	148	286
348	200	348	383	54	359
375	200	424	85	440	86
292	292	293	293	293	282
46	46	46	46	46	63
274	110	155	275	380	434
336	336	336	336	336	425
163	163	163	163	163	242
263	263	263	263	263	208
17	356	300	436	356	297
73	73	73	73	73	491
370	370	370	370	370	248
284	482	60	284	369	43
135	135	135	135	135	324
111	111	111	111	272	61
304	309	198	163	116	463
493	493	493	421	421	421
225	225	225	225	225	10
78	132	78	271	305	372
301	292	440	131	465	361
485	485	485	485	485	271
198	198	198	198	198	499
101	101	101	101	101	374
61	341	198	319	337	398
125	125	125	125	125	372
50	50	87	87	87	103
351	348	351	321	226	205
200	110	444	444	223	263
483	483	483	483	483	33
311	57	20	393	132	182
492	167	167	9	200	446
55	55	55	55	55	374
112	112	112	112	112	373
170	170	170	170	170	432
212	35	109	402	415	112
197	197	42	42	42	48
423	423	217	217	217	154
340	340	340	340	282	298
177	177	177	283	283	283
451	451	451	451	451	320
346	346	346	346	346	439
195	195	10	10	10	456
207	207	207	207	207	291
270	270	270	392	392	392
171	351	90	36	139	174
103	103	103	103	103	292
43	43	43	43	43	358
103	103	103	103	103	462
43	43	43	43	43	484
399	399	399	120	120	120
61	275	281	266	107	78
209	209	209	209	437	420
255	378	449	109	76	110
267	267	267	267	267	266
199	199	199	199	300	341
340	340	340	340	340	498
40	40	40	40	40	32
44	44	44	44	44	121
393	393	393	393	393	168
24	24	24	24	24	408
121	121	121	121	121	299
123	123	123	123	123	135
121	121	121	121	121	431
403	437	12	477	491	1
162	162	162	162	162	471
496	496	240	240	240	196
24	24	24	24	24	82
453	453	453	453	453	63
112	112	112	112	112	392
404	135	186	498	283	368
333	380	327	380	256	470
65	336	192	205	336	225
50	335	139	139	124	37
283	283	283	283	283	50
1	1	1	1	1	303
295	295	295	295	295	434
360	360	348	348	348	483
244	244	244	244	244	207
456	456	456	456	456	276
17	17	17	17	17	325
355	355	355	88	88	88
349	349	349	349	349	49
268	268	268	268	268	41
407	361	395	72	145	302
374	374	374	451	451	451
488	3	134	379	379	324
463	463	463	463	463	25
333	333	333	333	333	120
485	485	485	485	485	384
322	316	410	261	181	212
216	216	155	155	155	485
195	195	195	195	195	381
270	270	459	459	459	18
302	302	302	302	302	336
188	188	188	277	277	277
287	287	287	268	268	268
15	436	197	218	179	398
429	429	429	236	236	236
449	449	449	449	449	116
450	450	450	346	346	346
490	490	490	6	6	6
144	144	144	144	144	378
46	496	479	443	49	434
215	215	215	215	215	356
316	316	316	106	106	106
271	424	307	35	320	447
236	275	236	357	454	312
320	276	451	417	54	393
350	350	350	350	350	315
77	77	77	77	339	81
273	273	273	273	273	62
423	423	423	423	423	373
306	306	306	445	445	445
182	182	182	182	182	408
71	293	219	485	479	79
360	360	418	418	418	354
364	471	177	438	377	425
476	476	476	476	476	1
90	90	90	90	90	305
456	494	114	115	375	401
110	110	110	110	110	129
79	79	79	79	79	172
200	407	134	295	29	362
211	211	211	211	211	275
94	94	94	94	94	38
483	483	483	483	483	263
173	306	244	153	109	81
94	94	94	94	94	168
279	279	40	40	40	464
404	404	404	404	404	374
481	481	481	481	481	313
257	391	281	281	198	24
330	261	312	344	330	284
242	102	382	102	310	23
241	178	168	178	303	232
299	73	279	167	398	174
403	403	403	403	403	304
472	472	472	472	472	203
81	81	81	81	81	419
500	500	500	500	500	129
472	472	472	472	472	252
216	216	216	30	30	30
264	264	264	264	264	39
88	88	88	88	88	336
408	408	408	408	365	275
290	290	290	290	290	95
373	373	373	373	373	127
456	20	110	473	110	445
488	190	463	354	140	68
404	404	404	404	404	337
164	164	164	186	186	186
416	416	416	416	416	418
155	155	155	155	155	107
48	48	268	268	268	352
452	452	452	452	452	305
135	295	52	392	354	464
287	287	287	287	396	47
457	457	457	457	457	201
428	428	428	428	428	294
480	102	147	307	111	146
155	155	390	390	390	486
229	286	350	419	109	142
408	408	408	408	408	374
286	31	66	146	193	117
377	377	377	377	377	135
214	214	214	214	214	354
85	85	85	44	44	44
364	364	364	364	265	21
286	286	286	286	286	22
65	331	202	76	32	371
240	240	240	240	240	305
207	207	207	207	207	275
313	352	176	72	468	358
167	167	268	268	268	128
363	363	363	363	363	102
466	295	151	364	338	312
47	47	47	47	47	264
454	454	20	20	20	277
225	225	225	225	225	453
57	57	57	57	57	295
288	288	288	288	288	69
125	125	125	125	125	9
54	182	438	377	5	109
354	288	279	107	128	317
9	79	300	192	468	369
51	51	51	51	51	202
473	40	477	429	191	442
178	178	178	178	178	407
121	121	121	121	121	71
443	443	443	443	443	382
341	341	341	393	393	393
155	155	318	318	318	292
372	372	372	468	468	468
290	290	290	290	290	76
396	121	166	241	166	110
42	42	42	42	42	14
361	361	361	361	361	118
291	291	291	291	291	125
357	357	357	357	357	485
241	241	241	241	241	108
286	286	286	286	286	310
320	320	320	320	320	192
363	363	363	447	447	447
266	266	266	266	266	319
313	313	313	313	313	219
236	398	333	440	254	408
358	371	431	149	421	55
253	253	253	253	253	496
228	228	412	412	412	264
167	167	167	352	352	352
214	214	214	214	36	217
441	441	441	441	441	84
125	125	125	314	314	314
217	123	47	321	182	68
125	125	125	125	125	291
113	231	374	2	179	273
235	235	235	235	235	303
117	117	117	69	69	69
11	11	11	11	11	192
493	493	493	493	493	254
418	418	418	418	348	44
235	235	439	439	439	128
369	369	369	369	369	150
393	378	393	82	89	184
224	224	224	224	224	154
110	357	174	359	24	86
437	277	277	216	406	72
462	462	462	462	462	371
119	119	119	119	119	404
52	52	52	52	52	484
203	203	203	203	203	65
335	335	335	335	335	139
346	346	346	346	346	367
10	10	10	10	10	404
441	441	441	441	441	182
80	80	80	236	236	236
73	73	458	458	458	126
124	124	436	436	436	166
136	136	136	136	136	272
484	93	118	484	459	304
326	103	180	318	315	275
325	325	325	325	187	366
435	26	212	441	26	192
385	385	238	238	238	328
472	472	472	472	472	345
51	51	51	51	51	348
411	411	120	120	120	271
161	491	187	425	152	358
186	186	186	34	34	34
279	279	279	279	279	157
66	411	247	85	189	39
424	424	424	424	424	42
215	215	215	215	215	355
44	44	44	44	44	378
262	262	262	219	219	219
98	98	98	98	98	308
339	339	339	339	339	268
72	401	127	494	138	293
36	36	36	385	385	385
352	352	352	352	352	162
212	212	212	212	212	345
270	332	199	129	199	51
152	285	331	275	68	373
388	388	388	388	388	119
91	132	61	134	394	41
128	128	128	128	128	147
372	372	372	372	372	65
410	410	185	185	185	280
230	230	230	230	230	20
125	125	125	237	237	237
175	175	175	175	175	265
280	345	467	193	445	53
10	10	10	10	10	287
262	150	123	438	271	44
213	230	143	258	149	462
191	191	191	191	191	125
462	462	462	462	462	86
413	33	5	477	214	73
122	189	475	32	147	479
303	303	303	177	177	177
138	138	138	138	138	496
347	347	347	347	347	130
124	124	124	124	124	378
417	417	417	417	417	461
267	477	35	267	96	55
31	31	31	31	31	230
222	222	222	222	42	396
379	142	238	122	219	429
350	350	350	350	350	26
261	21	377	261	164	390
374	374	374	374	374	78
399	281	399	126	14	49
460	460	460	176	176	176
87	87	87	87	87	222
204	57	149	190	12	76
364	364	364	364	364	127
275	275	275	421	421	421
352	352	352	352	352	197
446	446	446	446	243	307
469	469	97	132	78	211
380	380	380	380	380	256
54	54	54	350	350	350
77	77	77	77	77	71
145	145	145	145	145	460
402	359	41	359	350	253
347	300	68	227	68	103
30	30	30	30	30	284
166	166	166	206	206	206
312	407	407	491	95	58
19	141	141	477	330	267
359	359	359	73	73	73
31	31	31	31	31	486
160	160	160	160	160	19
146	146	146	146	146	494
407	407	407	407	407	84
203	203	203	203	203	33
273	273	273	273	273	41
424	424	301	301	301	405
99	99	369	369	369	310
165	343	165	217	195	442
338	338	338	338	132	242
114	330	450	374	330	61
408	356	175	208	22	252
383	369	397	183	466	132
399	399	399	84	84	84
78	78	140	140	140	479
329	329	329	329	329	492
458	458	51	152	119	315
43	43	43	43	43	375
188	188	188	188	188	108
19	19	19	19	19	24
407	407	407	407	407	8
305	305	367	367	367	337
136	320	179	103	103	194
488	488	488	429	429	429
138	138	138	138	138	80
112	298	419	112	203	439
320	247	78	134	315	154
491	247	155	247	134	236
491	491	491	491	491	148
328	328	328	328	328	170
336	336	336	320	320	320
369	369	369	369	309	39
102	102	102	102	46	140
260	260	260	260	260	215
102	102	102	102	102	496
159	159	159	159	159	56
63	63	63	63	63	79
199	199	199	36	36	36
370	370	370	370	74	42
314	314	314	314	314	9
392	98	409	166	409	234
359	359	359	235	235	235
72	72	72	43	43	43
85	196	75	77	40	181
384	140	228	376	94	281
76	76	76	76	76	349
2	2	2	2	2	61
152	152	152	152	152	160
358	358	358	358	358	50
404	404	404	404	404	379
196	332	498	36	332	162
12	12	12	12	12	259
239	239	239	239	239	124
199	199	199	322	322	322
455	455	455	213	213	213
429	476	231	495	267	22
201	201	201	201	470	145
246	252	252	24	70	447
455	455	455	455	455	144
333	333	333	333	333	248
52	91	360	52	244	257
470	470	470	196	196	196
150	150	150	150	150	95
493	493	493	493	493	290
354	354	354	354	39	433
417	10	420	351	54	89
280	280	280	200	200	200
360	360	360	249	249	249
159	159	162	162	162	207
479	223	137	179	127	243
2	2	458	458	458	100
129	462	453	416	386	230
211	233	309	103	233	7
58	58	58	58	58	140
3	3	220	220	220	348
404	404	404	404	404	181
240	240	10	10	10	338
298	298	298	181	181	181
477	477	477	477	477	321
364	364	463	463	463	316
161	161	161	161	288	487
222	222	222	11	11	11
40	40	40	40	40	136
147	147	147	147	147	231
381	381	381	381	381	24
416	416	166	166	166	265
284	284	284	284	284	411
64	64	64	64	64	71
393	393	393	393	393	119
158	483	205	131	66	375
76	312	27	2	481	365
500	500	500	500	500	223
144	61	137	61	461	257
16	133	169	412	174	360
174	174	164	164	164	254
453	453	453	453	453	193
55	55	55	55	55	390
20	20	20	20	20	403
39	39	39	39	39	258
323	323	323	323	323	412
16	16	16	16	16	383
382	382	382	382	382	390
278	22	22	69	322	30
497	497	497	497	497	459
165	165	165	165	165	157
23	23	23	23	23	463
235	235	235	235	235	455
45	284	480	82	138	188
287	287	287	287	287	44
484	484	484	135	135	135
85	404	85	477	170	285
406	432	132	128	149	463
239	239	239	239	413	325
346	346	346	346	346	339
56	56	56	474	474	474
494	488	494	122	21	214
109	109	123	123	123	216
442	442	442	442	442	76
251	251	251	251	251	80
211	211	211	479	479	479
398	398	208	208	208	448
268	268	260	260	260	54
333	333	333	333	333	228
71	71	71	71	71	301
172	172	495	495	495	122
290	183	437	316	370	489
222	222	222	222	222	44
415	415	415	415	415	277
91	91	91	91	91	135
284	284	284	498	498	498
283	283	132	132	132	488
96	96	96	96	96	327
12	12	124	124	124	255
476	476	476	476	476	165
421	330	457	298	326	158
119	340	37	486	445	205
61	61	61	61	213	341
134	134	134	134	134	309
28	28	28	28	28	46
310	310	310	310	310	446
151	441	135	295	363	111
207	108	56	404	85	458
477	14	154	154	174	483
273	273	416	416	416	192
143	143	143	143	143	208
389	389	181	181	181	151
357	357	357	357	357	269
422	422	422	157	157	157
153	153	153	153	153	478
48	48	48	48	48	102
485	485	485	485	485	355
207	207	207	207	207	413
403	112	14	16	459	89
53	53	53	53	367	136
257	257	257	257	257	255
296	296	296	296	296	240
435	435	62	62	62	451
274	274	274	274	274	415
73	73	127	127	127	212
90	90	90	90	90	231
445	445	445	445	445	19
175	175	424	424	424	177
295	295	295	295	295	305
137	137	137	137	137	490
144	144	144	144	144	398
497	497	7	7	7	175
189	189	189	189	189	443
412	412	412	412	412	239
343	343	343	343	433	141
184	184	184	277	277	277
165	102	386	382	260	351
217	338	338	440	284	297
164	164	164	164	164	91
474	474	474	474	253	152
31	31	31	31	136	393
452	452	452	452	452	361
163	163	163	224	224	224
386	386	386	386	386	381
42	42	42	42	42	190
457	457	457	457	457	495
49	49	345	345	345	314
41	41	41	111	111	111
305	305	305	305	305	237
427	427	427	427	427	138
119	119	449	449	449	473
400	400	400	400	400	102
32	32	32	32	32	380
19	345	178	445	415	146
107	107	107	107	107	417
301	301	301	271	271	271
471	142	473	341	376	424
35	35	35	115	115	115
279	279	428	428	428	253
460	460	460	460	460	248
355	355	355	234	234	234
492	492	492	492	492	340
311	311	311	311	311	315
244	250	8	179	36	281
375	375	375	375	375	116
39	39	39	39	39	146
50	50	50	50	50	487
217	273	30	351	17	75
355	355	355	355	355	87
68	68	68	68	68	73
58	58	197	197	197	128
107	210	342	466	7	71
139	139	139	139	139	75
463	124	447	127	124	80
481	481	481	481	481	266
344	344	344	344	75	83
406	406	406	406	406	131
202	202	202	202	202	116
484	484	484	484	484	234
365	80	288	365	29	290
345	345	345	345	345	121
295	280	419	280	316	115
55	55	55	55	55	64
62	62	62	62	62	224
273	273	273	273	273	134
87	83	71	191	87	471
179	179	179	179	179	344
325	491	86	42	136	192
479	46	447	440	36	488
131	457	394	77	368	247
399	399	399	399	399	230
310	310	310	310	310	70
366	366	366	366	366	104
82	82	82	82	82	293
231	231	231	231	231	80
362	362	94	94	94	189
261	261	261	261	261	131
396	396	396	396	396	426
77	77	77	77	77	322
207	207	207	207	207	365
393	393	161	245	309	293
109	109	166	166	166	45
134	134	134	134	134	362
201	148	268	57	433	421
40	40	40	224	224	224
223	223	223	223	223	360
18	75	286	34	319	40
47	253	273	333	333	207
493	493	141	194	393	298
428	428	428	428	428	236
100	100	100	100	100	448
403	403	403	403	88	474
133	133	133	108	108	108
382	303	112	254	382	180
257	257	257	257	257	348
230	230	230	230	230	433
257	257	257	316	316	316
283	283	283	283	283	476
174	174	174	174	174	391
86	447	318	126	336	13
121	121	121	121	121	99
268	316	354	393	396	394
263	182	88	46	262	321
346	346	346	346	346	1
114	114	114	114	114	402
90	90	90	90	490	393
145	145	145	145	145	29
353	351	410	210	209	448
427	427	427	427	427	462
179	179	179	179	179	249
444	444	444	444	444	224
126	126	126	126	126	304
56	56	56	329	329	329
170	170	170	170	170	62
395	395	395	494	494	494
450	128	332	271	442	13
408	408	408	408	408	459
80	80	80	80	80	304
270	270	270	270	270	205
483	483	483	483	483	51
419	92	443	104	48	324
85	85	85	85	85	185
391	391	391	330	330	330
89	89	89	89	96	427
390	390	390	390	390	273
354	354	354	354	354	373
33	33	33	459	459	459
380	380	457	180	381	228
387	387	387	387	387	443
490	490	490	490	490	159
23	23	23	23	23	37
269	269	269	269	269	290
349	349	349	349	349	82
457	457	457	457	457	47
238	238	238	238	217	278
123	123	123	123	123	39
103	456	367	189	103	223
80	22	393	474	393	12
490	490	490	490	222	286
301	301	301	301	301	21
355	355	355	355	355	319
393	383	54	472	410	364
492	492	492	492	492	370
396	396	396	288	288	288
367	75	430	159	336	489
218	218	123	123	123	95
119	412	412	230	484	168
293	293	293	395	395	395
414	414	414	56	56	56
323	323	323	323	323	249
394	394	371	24	277	220
137	214	214	131	453	314
102	102	102	102	102	14
274	274	274	274	274	306
91	91	91	91	330	410
32	32	393	393	393	417
258	258	258	258	258	88
285	285	285	285	285	321
406	406	406	406	266	485
362	362	362	362	362	307
325	325	334	124	336	23
365	365	365	452	452	452
176	176	176	176	176	321
29	29	29	84	84	84
25	25	25	25	169	173
18	18	56	56	56	385
50	31	38	458	139	374
25	25	25	25	25	18
338	338	338	338	338	332
428	428	428	199	199	199
88	88	88	88	88	305
164	164	164	164	164	260
356	356	11	11	11	21
85	44	455	199	114	239
417	417	417	487	487	487
312	312	312	312	312	499
63	63	63	63	63	251
379	379	379	379	379	350
46	46	46	46	46	431
214	214	214	214	214	367
422	422	284	284	284	109
341	341	341	251	251	251
364	364	364	364	364	20
411	411	411	411	411	266
165	165	165	165	165	475
315	315	315	473	473	473
236	340	434	416	68	245
58	58	58	58	155	310
257	257	257	257	257	337
195	195	195	195	195	200
383	383	388	388	388	352
389	373	148	209	295	37
444	444	444	444	444	216
475	174	271	257	390	100
398	398	113	113	113	264
52	52	52	279	279	279
145	145	145	145	173	28
202	202	202	202	202	317
302	185	157	18	405	462
143	143	143	500	500	500
139	139	139	37	37	37
177	177	177	177	177	389
195	195	195	195	195	85
367	367	367	367	367	111
221	221	221	221	221	126
240	240	240	240	240	78
258	216	191	100	218	55
423	423	423	423	423	161
236	236	236	490	490	490
299	299	299	404	404	404
136	136	483	483	483	157
333	333	333	85	85	85
167	183	399	4	60	478
434	434	434	434	434	348
476	448	291	456	183	433
157	181	386	128	157	480
458	458	458	458	458	5
137	229	338	84	182	336
185	165	49	222	227	429
430	430	430	430	430	467
362	396	227	353	320	281
106	106	106	106	106	471
308	308	308	308	308	268
440	78	43	377	218	404
283	283	283	283	283	449
306	60	40	10	189	268
124	288	473	26	124	398
192	192	192	247	247	247
220	220	70	70	70	273
251	251	155	155	155	310
360	360	360	360	360	269
303	418	475	303	1	6
273	273	172	172	172	370
137	137	137	137	137	196
79	79	79	79	79	124
314	314	314	220	220	220
68	68	68	68	68	318
93	93	93	401	401	401
142	284	384	142	463	12
497	497	497	497	12	472
273	79	217	460	95	409
272	272	272	272	272	304
304	304	12	12	12	99
280	280	280	424	424	424
118	118	294	294	294	401
383	383	384	384	384	274
27	27	27	27	27	449
289	289	289	425	425	425
411	411	411	411	411	211
231	436	163	134	231	273
92	92	224	224	224	32
493	493	493	493	493	159
422	422	184	184	184	291
261	261	147	147	147	41
352	352	352	352	352	405
348	348	348	348	348	9
423	423	423	423	423	236
375	375	170	170	170	285
23	23	23	23	255	235
205	205	205	205	205	191
299	299	483	483	483	98
369	369	52	52	52	243
239	239	239	239	239	217
292	292	292	292	292	389
191	191	191	191	191	170
88	100	202	395	427	62
393	393	393	393	393	35
98	98	98	98	98	10
156	338	162	45	197	430
341	341	341	341	341	159
414	414	414	414	414	432
302	362	128	381	381	339
255	255	109	109	109	50
103	149	147	75	130	111
62	62	62	287	287	287
453	453	453	453	453	156
408	408	408	408	408	457
179	179	179	179	179	113
189	189	189	189	189	65
431	365	109	239	433	11
427	255	367	107	29	219
260	260	260	260	260	479
258	258	258	385	385	385
254	254	254	254	254	356
290	463	353	484	412	276
342	342	342	342	342	247
494	494	494	494	494	53
95	95	95	95	95	492
112	112	112	112	112	331
3	3	3	105	105	105
52	52	52	40	40	40
282	282	282	282	282	406
282	282	282	387	387	387
355	355	355	355	355	215
11	11	11	11	11	149
142	142	142	142	142	233
406	406	406	406	406	218
465	465	465	465	465	140
301	124	417	73	279	251
455	168	197	118	487	54
295	295	295	295	295	83
360	220	348	235	235	86
237	485	444	237	389	214
358	358	358	358	358	107
335	401	401	80	375	262
360	230	296	388	58	327
427	427	427	427	427	168
411	189	25	498	364	12
187	235	382	245	143	412
131	109	45	77	11	245
430	430	430	430	430	84
215	215	215	215	215	378
63	63	63	63	433	110
22	22	22	463	463	463
491	491	491	491	491	370
158	158	158	101	101	101
97	97	97	97	343	268
170	128	217	144	217	356
432	432	432	432	125	242
200	425	197	48	203	222
141	126	380	47	97	163
155	155	155	155	155	152
464	464	464	464	464	362
443	443	443	443	443	410
188	294	360	442	108	176
407	407	407	407	407	250
289	289	289	289	240	408
126	498	308	81	308	183
438	438	438	438	326	59
77	77	77	77	77	231
50	307	490	56	190	194
22	22	22	22	22	315
300	63	162	63	103	204
413	413	413	246	246	246
263	263	263	263	263	194
284	284	284	284	284	399
271	271	271	271	206	246
467	467	467	160	160	160
160	160	160	375	375	375
222	14	423	38	337	249
226	113	477	294	403	118
472	472	146	146	146	320
90	90	90	90	90	148
290	290	290	290	290	27
298	298	298	298	298	208
285	417	179	259	290	275
173	173	173	173	255	101
331	331	331	183	183	183
2	2	2	170	170	170
296	296	296	296	296	468
230	230	230	230	230	219
218	218	218	218	218	329
107	107	107	107	107	155
495	405	213	482	32	359
180	180	180	180	180	312
189	189	189	438	438	438
298	298	298	298	298	222
60	60	267	50	130	223
39	194	187	326	39	290
372	372	372	372	305	231
24	24	24	24	24	83
376	376	376	376	376	274
480	480	480	480	480	135
261	261	361	361	361	426
323	323	323	323	323	291
10	10	10	10	10	297
19	19	19	19	19	79
313	480	88	66	79	64
297	297	297	460	460	460
99	99	99	99	99	311
275	275	275	275	275	430
300	137	236	345	393	89
415	415	415	415	415	410
69	69	69	69	69	79
130	130	130	130	130	395
10	499	491	482	92	383
378	378	378	378	378	173
310	310	310	310	310	202
275	275	275	275	275	284
283	156	150	497	349	320
431	431	431	431	431	472
290	290	290	290	290	477
357	357	357	357	357	216
492	241	295	380	492	457
412	412	412	412	412	182
398	398	398	398	398	402
46	46	46	46	46	114
45	45	277	277	277	212
279	14	321	155	456	179
214	214	214	214	214	456
487	487	487	487	487	329
435	435	435	435	435	499
126	126	252	252	252	50
435	347	498	315	347	252
420	420	420	420	420	146
86	86	86	86	86	47
47	47	47	47	1	119
81	81	81	81	81	142
284	474	323	39	230	97
128	128	128	128	128	395
374	374	374	374	374	294
300	300	300	300	300	334
183	183	287	287	287	315
99	68	365	435	11	181
355	38	80	326	326	349
206	206	206	206	206	161
245	245	245	245	245	209
238	238	238	238	238	296
409	409	409	409	409	270
245	245	245	245	245	36
51	51	51	443	443	443
170	170	239	457	2	54
142	390	230	142	373	297
411	411	411	411	411	93
268	268	268	268	268	355
157	189	98	189	67	469
68	389	31	473	31	447
250	250	250	250	250	361
5	460	427	278	204	108
57	263	282	4	392	184
477	477	477	477	156	395
93	93	93	93	93	205
249	249	249	249	249	418
266	266	266	266	266	255
396	396	396	396	396	219
302	302	302	302	302	226
76	76	76	76	76	500
86	448	279	442	65	386
451	451	451	451	451	167
270	270	270	270	270	50
183	183	69	69	69	222
45	45	45	482	482	482
48	48	48	48	48	384
291	291	291	291	291	369
368	368	279	279	279	171
337	337	337	112	112	112
91	91	91	91	91	388
97	97	97	97	97	332
60	60	128	128	128	411
481	481	481	473	473	473
497	497	497	497	497	43
425	224	400	425	381	474
79	79	79	79	79	9
332	410	162	187	147	259
146	146	61	61	61	287
35	35	35	35	35	50
109	132	400	278	64	472
252	252	252	252	252	187
406	406	406	406	406	169
13	13	164	447	459	113
309	309	309	309	309	376
458	458	458	458	458	356
171	104	104	349	235	321
449	248	32	244	82	481
123	123	123	123	123	263
329	329	329	329	329	150
125	125	239	239	239	68
25	362	231	234	25	150
318	318	86	86	86	80
253	253	253	253	223	53
41	41	41	41	41	391
256	39	39	63	94	487
147	147	147	455	455	455
192	192	192	192	192	72
70	70	70	88	88	88
292	292	9	48	202	347
64	64	296	296	296	293
44	44	44	44	44	28
402	307	446	106	473	348
221	221	221	221	221	457
288	288	288	288	288	44
455	357	137	268	435	139
85	85	85	85	85	12
316	112	176	94	316	452
365	365	365	365	365	286
55	311	72	376	102	24
437	437	437	437	437	327
313	313	313	313	313	339
331	331	331	323	323	323
335	452	233	48	250	244
268	84	122	84	56	380
437	437	437	437	437	390
479	312	39	153	457	349
389	389	389	451	451	451
58	58	58	58	58	21
96	96	96	96	150	434
483	483	483	483	483	413
472	435	269	435	307	434
72	367	246	449	254	27
315	315	315	315	315	478
307	307	207	207	207	178
191	191	455	290	49	252
283	283	283	283	324	230
166	292	412	348	166	367
371	371	371	371	371	467
243	348	55	134	32	192
243	243	243	243	243	311
84	84	84	421	421	421
49	49	49	49	49	421
120	120	120	120	120	56
159	159	159	422	422	422
371	371	371	371	301	495
314	314	314	314	314	169
375	404	125	190	445	256
172	172	172	172	172	54
497	497	497	497	497	107
261	261	261	261	261	475
439	439	439	116	116	116
139	139	139	394	394	394
50	50	50	50	50	89
213	213	46	46	46	406
105	105	105	105	105	322
318	318	318	318	318	447
6	6	6	6	6	432
341	25	395	314	360	435
85	46	321	6	125	307
15	34	240	198	253	405
386	302	286	392	340	284
477	436	174	83	385	467
256	424	463	483	257	394
415	415	415	415	415	111
332	311	395	48	251	54
75	105	350	61	150	308
77	77	77	77	77	345
344	344	403	403	403	401
248	248	167	167	167	17
416	416	416	416	158	93
326	99	396	84	192	479
402	402	402	402	402	264
100	100	100	100	100	261
25	25	25	25	25	423
189	170	442	234	189	359
407	344	215	344	55	107
85	85	85	85	85	71
298	298	298	298	298	105
210	210	210	210	302	165
241	241	241	241	241	491
378	378	378	378	378	160
8	126	479	92	389	14
324	171	173	324	297	413
64	64	64	64	64	441
316	316	316	316	316	43
469	469	469	469	469	359
263	84	84	329	200	318
276	218	104	13	457	392
378	491	186	475	7	228
114	114	114	114	180	58
205	205	205	205	205	177
269	293	293	335	56	263
349	349	349	349	349	332
147	147	147	26	26	26
129	471	461	211	211	112
221	221	317	317	317	444
327	70	282	410	26	20
15	392	197	427	197	225
257	257	257	257	257	359
25	25	25	25	25	63
384	384	384	350	350	350
301	411	286	149	71	415
419	419	419	419	419	75
411	411	411	411	411	39
202	330	364	156	429	84
135	135	135	135	135	234
3	3	3	3	3	405
427	427	427	427	427	499
75	75	75	75	75	471
153	153	153	153	153	218
261	261	261	280	280	280
92	92	92	92	92	262
308	308	308	308	308	284
115	115	115	115	115	304
422	422	422	3	3	3
305	305	305	305	19	95
426	426	426	426	426	15
318	318	337	337	337	469
29	29	29	110	110	110
429	429	429	429	429	185
345	246	256	256	349	352
10	10	10	10	10	473
73	73	73	39	39	39
405	405	405	405	405	320
204	204	204	204	204	296
211	211	211	211	211	306
128	128	151	151	151	287
232	232	232	232	232	336
148	148	148	148	148	50
206	206	206	206	206	188
287	287	499	499	499	400
420	420	420	420	420	235
402	244	447	217	31	165
463	133	168	286	437	196
251	251	251	447	447	447
241	241	241	241	241	438
362	379	249	28	333	109
9	9	9	464	464	464
49	49	49	49	49	266
497	497	497	497	497	266
264	264	264	264	264	54
102	102	102	102	102	171
333	333	333	333	333	329
281	281	281	281	193	474
194	194	194	194	194	303
188	188	188	188	188	51
77	77	77	77	77	169
155	155	155	492	492	492
223	223	223	223	223	153
489	489	489	489	489	452
191	198	412	328	418	182
236	382	391	236	62	5
287	287	287	287	287	265
363	139	287	403	491	207
73	9	403	489	9	147
45	361	45	250	424	302
367	83	350	119	367	274
42	42	291	291	291	36
492	492	492	492	492	182
451	451	59	59	59	394
228	228	228	228	376	155
59	59	59	59	59	317
49	49	49	49	49	170
167	167	392	392	392	255
33	33	33	33	33	406
298	298	176	176	176	71
468	468	468	468	468	26
328	328	328	236	236	236
163	163	109	109	109	162
429	429	429	429	429	34
381	432	51	253	106	10
7	7	7	7	396	260
204	204	204	204	204	79
112	112	112	112	112	120
96	96	96	96	96	379
82	82	82	82	82	14
483	483	483	358	358	358
32	32	32	180	180	180
482	482	482	482	482	180
329	348	219	348	176	492
407	407	407	407	407	131
116	116	155	155	155	196
266	290	366	351	174	51
268	456	269	269	440	444
79	79	436	436	436	432
368	368	368	368	368	128
340	340	340	340	340	365
45	125	435	386	435	16
175	175	175	175	175	484
462	462	462	474	474	474
61	61	61	61	203	388
453	453	453	453	453	195
243	243	243	243	243	41
313	430	73	337	112	391
420	420	420	420	420	4
168	168	168	168	168	265
288	288	288	288	288	431
164	66	170	454	193	21
363	270	357	53	192	297
394	40	476	394	463	296
397	397	397	397	397	91
165	165	156	218	426	454
74	298	305	385	481	313
249	249	249	249	249	389
433	433	433	433	189	82
221	221	221	221	221	245
390	390	390	390	390	32
294	294	294	294	294	363
379	379	379	126	126	126
130	130	453	453	453	289
34	34	34	34	34	431
437	437	437	437	437	273
258	35	207	441	472	408
40	40	40	16	16	16
243	341	49	65	347	427
292	292	292	292	292	54
216	480	306	464	459	309
249	249	249	249	249	429
400	400	220	220	220	206
493	493	493	405	405	405
301	301	301	301	301	453
366	258	248	127	238	348
356	356	356	356	356	162
441	393	189	471	427	387
261	337	116	415	464	248
44	44	44	44	44	122
195	195	195	195	195	107
80	80	80	80	80	236
120	120	120	120	120	169
73	73	73	73	73	26
412	412	412	110	110	110
144	144	144	144	144	241
92	92	92	92	92	141
89	236	202	31	379	85
375	375	375	375	375	397
32	166	134	376	316	11
492	492	492	492	492	30
249	249	431	431	431	102
62	62	62	62	62	186
20	192	378	69	250	489
441	441	441	441	441	199
371	371	371	371	371	425
216	216	216	216	216	193
336	336	336	336	336	463
423	423	423	423	423	49
54	54	54	54	439	237
351	351	351	351	351	352
85	463	488	463	279	399
372	372	372	148	148	148
242	242	89	89	89	203
362	362	362	362	362	160
255	255	255	255	255	155
58	406	382	108	394	398
56	56	474	474	474	487
145	140	102	204	295	39
419	419	419	419	390	426
490	235	367	235	445	67
398	398	398	398	398	489
47	443	38	113	386	215
492	492	492	492	492	387
484	484	484	484	484	247
498	328	179	179	103	82
17	17	17	474	474	474
312	312	312	312	312	420
405	405	405	405	405	400
415	415	415	415	415	127
459	459	459	459	459	119
268	268	150	150	150	93
323	475	153	498	475	91
192	28	256	33	161	107
396	396	396	396	396	142
237	237	237	237	237	484
125	249	217	311	187	244
436	436	436	436	436	116
30	283	267	411	51	3
293	162	489	438	195	283
289	289	289	289	289	235
414	414	414	414	414	324
232	232	232	232	232	105
269	269	269	184	184	184
480	252	13	262	21	421
387	387	387	387	387	391
276	276	443	443	443	446
203	203	26	26	26	54
486	475	43	388	325	300
279	183	178	160	178	55
75	292	341	58	242	490
137	137	137	137	137	62
391	391	391	391	391	55
90	90	90	90	90	179
12	405	170	2	372	14
386	386	386	386	386	414
415	415	415	415	415	9
133	388	216	108	20	412
204	204	204	204	204	483
21	21	21	21	21	453
486	486	486	486	486	400
347	347	347	347	347	458
14	14	14	14	14	300
355	355	69	69	69	475
95	95	340	340	340	176
185	185	237	237	237	402
473	473	473	473	473	229
396	396	396	396	396	145
320	320	320	320	320	70
379	379	379	4	4	4
133	133	388	388	388	1
33	33	33	33	33	211
474	474	474	322	322	322
210	210	210	210	210	174
290	290	385	385	385	493
302	302	302	302	302	284
393	393	393	393	393	306
253	253	253	253	253	458
284	284	284	284	284	446
54	396	13	115	299	145
12	12	299	299	299	95
101	101	101	101	341	387
378	378	378	378	378	195
141	141	141	141	141	355
76	76	76	76	76	309
329	329	329	329	329	309
477	242	473	230	474	2
196	196	196	196	196	16
272	272	272	272	272	396
283	414	415	205	205	157
138	138	59	59	59	263
113	164	466	125	441	278
266	483	276	422	331	133
80	80	80	80	80	297
71	427	148	424	427	464
351	351	351	351	351	24
475	475	475	475	475	489
279	279	279	279	279	87
164	405	168	124	131	112
101	101	101	101	187	140
105	105	273	273	273	279
364	364	417	417	417	45
171	256	321	411	19	203
156	156	156	213	213	213
385	37	273	363	244	404
425	425	147	147	147	415
358	358	358	358	358	300
188	188	188	188	188	228
495	495	149	149	149	370
352	352	352	352	352	23
188	188	188	182	182	182
358	292	257	133	292	365
494	494	494	494	494	497
23	8	148	90	58	363
25	25	474	222	101	61
75	75	75	75	75	463
241	109	336	394	160	312
293	187	466	72	373	326
412	412	412	412	412	231
306	306	306	13	13	13
76	76	228	228	228	192
111	216	95	236	353	329
412	412	412	412	412	348
152	152	152	152	152	455
427	410	380	254	485	287
161	161	161	161	161	241
423	423	423	423	423	3
348	348	302	302	302	363
278	278	278	278	278	385
436	436	436	436	436	335
225	225	225	225	225	172
215	215	215	215	215	275
42	42	42	42	42	236
202	202	202	95	95	95
327	327	327	327	327	279
483	360	5	431	197	256
78	78	78	44	44	44
152	65	75	152	15	57
456	26	34	46	456	434
259	259	259	259	259	465
128	411	182	211	406	124
47	47	47	47	47	83
254	254	254	254	254	410
201	111	160	290	52	93
326	326	326	326	116	11
374	420	272	231	420	309
101	70	15	378	343	288
221	221	221	221	221	437
5	93	378	142	485	195
229	229	229	229	229	232
460	463	4	140	364	369
450	234	450	41	50	437
366	366	366	366	366	237
37	37	37	37	37	197
279	279	279	279	279	440
241	393	345	393	99	329
498	219	417	34	57	84
435	435	435	479	479	479
294	294	294	294	294	229
456	456	456	456	456	202
351	178	168	178	105	183
30	203	59	2	394	143
20	92	1	87	253	441
460	460	460	460	460	487
186	275	447	122	186	310
77	77	211	211	211	157
245	26	121	192	162	291
40	40	40	40	40	128
162	162	416	451	434	35
371	371	371	371	371	479
245	245	245	245	245	171
273	273	273	273	273	253
332	332	332	332	332	261
235	393	164	25	164	276
18	18	18	18	18	62
288	288	288	288	288	55
23	23	23	23	23	462
135	135	135	135	135	80
32	32	440	440	440	461
268	268	268	268	268	453
360	360	360	360	360	446
482	482	289	289	289	423
352	352	352	352	352	121
45	45	414	414	414	151
79	79	162	162	162	329
12	150	83	262	214	297
224	224	224	224	395	163
307	354	119	119	334	497
209	54	273	36	384	444
222	222	222	222	222	189
75	75	75	75	75	11
459	459	459	459	459	279
85	301	425	17	202	395
395	395	395	395	395	140
350	350	425	4	453	271
17	17	225	225	225	112
203	203	203	122	122	122
249	249	249	249	249	81
199	199	196	196	196	435
121	157	338	449	434	149
107	107	107	107	107	263
12	12	12	12	12	488
51	183	355	252	108	280
415	208	323	268	75	44
483	483	483	483	483	346
160	160	160	292	292	292
184	184	184	184	184	151
249	249	249	249	249	36
86	86	86	86	86	134
175	175	175	280	280	280
239	239	239	239	239	435
105	351	371	370	21	273
132	132	132	132	132	89
222	222	222	222	222	8
185	185	185	185	185	183
415	2	375	269	375	403
117	117	5	5	5	377
403	403	403	403	145	358
331	331	331	331	331	346
439	236	436	287	473	276
451	451	451	329	329	329
278	278	278	486	486	486
133	133	330	330	330	381
276	276	276	276	276	216
177	177	177	177	177	208
452	452	452	452	452	495
466	466	466	466	466	165
87	87	87	87	87	114
214	214	214	214	214	194
494	494	494	494	494	377
409	433	399	393	428	497
186	150	273	25	343	70
435	435	435	435	435	122
206	206	206	206	206	254
350	118	210	334	210	491
340	340	340	340	340	51
317	317	317	317	317	206
401	106	401	378	232	93
58	58	58	58	58	191
417	340	202	78	266	22
256	256	256	256	256	389
189	189	189	189	189	50
367	367	367	367	367	267
479	479	273	358	122	475
386	6	491	492	6	374
474	465	83	389	465	123
393	393	393	393	103	429
54	54	54	54	54	290
140	140	140	140	140	99
481	481	346	346	346	434
130	130	130	130	178	290
52	52	52	52	52	349
186	186	186	186	186	113
326	326	326	479	479	479
483	483	423	423	423	128
79	79	79	79	79	352
141	141	141	488	488	488
142	142	142	338	338	338
232	232	232	232	232	174
179	127	144	108	416	431
499	499	499	499	255	65
479	479	479	479	479	132
39	170	236	55	366	346
282	282	282	126	126	126
258	258	255	255	255	17
380	239	429	302	32	277
423	423	306	306	306	497
181	181	361	361	361	447
243	243	243	243	243	455
141	141	449	449	449	136
83	83	83	83	83	376
416	416	416	416	416	445
65	93	475	327	327	400
235	235	235	235	349	170
53	53	53	53	53	113
133	133	133	133	133	421
124	269	142	459	314	432
324	324	324	324	302	230
85	107	229	107	438	485
168	168	168	168	168	378
371	371	371	371	196	359
71	313	231	156	313	243
274	274	274	274	274	418
136	136	136	136	136	117
214	214	214	214	84	413
28	28	387	387	387	465
111	111	111	111	111	62
239	239	239	239	239	278
454	271	405	442	477	87
497	48	464	433	91	357
350	465	211	152	175	354
279	279	279	274	274	274
263	263	263	263	263	48
454	454	454	454	454	305
30	30	30	30	30	322
469	469	433	433	433	300
121	121	121	121	121	4
407	487	236	115	487	484
42	42	42	42	409	475
37	50	237	493	237	415
438	59	388	238	22	499
457	211	108	115	336	476
188	188	188	188	188	45
22	22	35	35	35	451
35	35	385	385	385	298
8	8	8	8	8	30
436	399	333	434	266	79
359	359	359	359	359	363
327	60	164	313	38	202
98	488	423	488	320	475
32	32	455	455	455	146
33	33	33	33	33	78
270	270	407	407	407	424
353	353	353	353	353	5
393	393	393	393	393	81
28	28	28	28	28	433
474	474	474	474	474	318
299	299	299	299	299	437
54	54	54	54	54	198
497	497	497	497	497	284
456	456	456	456	266	172
179	179	179	179	179	343
370	370	370	292	292	292
209	209	209	209	209	268
256	53	450	53	479	203
393	393	393	104	104	104
358	358	358	358	135	30
478	478	478	478	478	362
308	308	308	308	308	215
61	61	61	61	142	403
181	395	181	484	318	63
373	411	334	228	353	229
129	129	129	129	129	369
438	438	438	438	438	251
28	149	366	63	182	327
191	191	191	191	191	197
407	407	407	407	407	24
181	181	181	101	101	101
46	46	46	46	46	64
150	150	150	150	150	243
302	302	302	302	302	383
273	273	270	270	270	473
167	167	167	167	91	10
246	246	197	197	197	219
288	288	288	288	288	330
408	408	408	408	408	490
301	301	17	17	17	418
79	79	79	79	79	221
260	260	260	260	260	8
159	159	159	159	159	256
30	14	38	51	65	409
23	242	215	138	202	294
22	110	190	190	91	260
171	171	171	171	171	14
325	325	325	325	325	56
305	305	473	473	473	377
271	234	44	485	44	13
194	194	194	194	194	448
56	444	21	122	377	320
224	224	224	224	224	332
175	175	175	464	464	464
295	295	295	295	295	414
442	442	442	442	114	287
94	94	94	216	216	216
131	192	286	164	279	315
41	302	7	441	5	295
274	274	40	40	40	87
99	99	99	99	99	450
40	40	40	40	40	316
198	198	198	198	198	380
213	158	188	362	43	37
168	168	445	445	445	164
15	15	15	15	15	248
367	316	383	378	335	68
107	107	107	107	107	79
88	88	88	88	88	455
186	186	186	186	186	13
108	108	108	108	108	357
99	388	196	97	221	137
410	354	256	256	271	258
149	149	149	149	149	328
231	60	44	231	250	147
258	258	258	258	258	43
277	277	277	277	277	39
247	52	229	266	234	334
10	81	412	266	225	20
447	447	447	447	447	159
100	100	100	100	100	490
364	355	124	52	124	220
191	191	391	391	391	328
150	150	150	150	150	19
384	339	204	385	339	498
23	23	23	250	250	250
496	496	496	496	112	15
397	401	380	400	397	194
498	498	407	407	407	397
311	311	443	443	443	74
363	363	363	363	363	205
248	248	248	237	237	237
134	134	134	134	258	121
497	307	166	166	333	403
183	183	183	183	183	87
143	143	147	147	147	459
361	361	361	361	361	211
444	372	67	372	44	182
434	434	434	20	20	20
262	35	359	336	423	237
28	28	28	28	28	108
101	101	101	101	101	448
420	420	420	420	420	477
121	121	121	121	121	289
229	229	229	229	229	468
179	179	179	179	179	131
429	12	35	13	238	310
145	145	145	145	145	104
86	86	102	102	102	322
207	374	366	461	489	106
92	92	92	92	92	316
189	145	111	394	463	444
155	330	351	347	310	427
393	393	393	473	473	473
256	256	251	251	251	205
40	40	40	182	182	182
252	252	299	299	299	49
118	147	452	425	55	166
246	246	69	494	146	194
461	461	461	257	257	257
101	101	101	352	352	352
314	314	314	314	314	249
51	476	105	169	164	343
280	280	185	185	185	32
82	228	136	357	82	437
388	388	388	388	388	188
366	366	366	366	366	86
257	318	357	12	426	268
499	499	499	499	499	122
328	328	328	26	26	26
416	416	377	377	377	262
296	296	84	84	84	364
301	243	460	186	453	24
443	228	235	240	350	422
330	330	493	493	493	268
495	138	495	312	432	89
126	126	126	126	126	190
290	290	290	455	455	455
451	451	451	451	451	177
471	471	471	471	471	131
481	481	481	481	481	260
158	158	158	158	158	53
331	331	331	2	2	2
169	169	169	169	169	222
362	362	362	362	362	88
206	206	206	206	206	337
462	154	161	186	377	12
168	69	114	420	111	446
495	495	495	495	495	101
199	199	199	199	199	274
330	330	347	347	347	147
330	330	330	296	296	296
84	462	462	171	228	333
120	120	120	120	120	417
464	464	254	254	254	289
195	195	195	317	317	317
8	218	493	167	493	32
398	398	398	398	398	289
153	440	63	440	39	315
221	221	221	221	221	322
439	439	439	439	439	17
343	408	464	134	343	6
353	353	353	353	353	243
415	415	415	415	415	165
188	188	382	382	382	456
460	460	224	224	224	255
486	486	486	486	486	35
104	104	104	104	104	32
179	179	179	179	179	157
341	341	341	341	341	395
338	338	338	338	338	465
215	215	215	367	367	367
484	484	484	484	484	222
52	52	208	208	208	127
202	202	202	78	78	78
22	22	22	22	22	395
157	157	157	157	157	226
430	430	430	430	430	225
233	233	233	233	233	276
265	74	32	192	314	351
167	325	395	185	438	235
452	203	358	358	495	230
129	129	129	124	124	124
310	365	482	311	319	241
51	358	442	372	354	311
166	166	166	166	166	349
296	296	296	296	296	378
112	112	112	112	112	348
122	152	295	152	232	494
119	220	400	330	119	340
173	173	173	173	173	163
43	176	176	135	118	85
251	251	251	251	251	84
222	222	222	222	222	416
48	48	48	48	48	290
57	57	57	57	57	175
126	126	126	126	126	443
79	79	79	79	79	267
44	44	44	44	44	218
492	492	492	492	433	216
435	326	276	423	435	487
339	136	168	18	83	406
461	488	478	156	330	157
384	384	384	455	455	455
406	406	406	406	406	303
49	49	49	49	49	355
477	477	477	477	477	398
406	406	393	393	393	440
99	99	99	99	99	153
343	343	343	343	343	147
346	268	460	74	360	245
361	361	361	361	172	348
200	200	200	200	200	343
409	409	409	409	409	43
119	201	319	346	319	490
425	425	425	339	339	339
190	190	190	190	190	438
380	436	10	164	368	176
67	67	67	67	393	178
389	389	389	389	389	207
233	233	233	415	415	415
251	251	251	251	251	215
454	454	454	454	454	99
345	345	345	345	345	316
451	451	451	451	451	301
189	189	360	360	360	387
21	21	21	21	21	101
142	142	142	142	142	35
121	121	121	121	121	257
70	103	443	11	51	494
483	483	483	483	483	121
432	432	432	432	432	175
35	35	35	35	35	400
102	230	49	371	168	231
496	418	344	371	496	328
236	236	236	407	407	407
99	99	99	99	99	215
85	443	188	123	123	387
410	410	410	410	410	317
166	100	114	429	395	399
149	132	69	375	21	14
311	235	471	441	235	179
341	208	155	365	341	85
48	48	388	388	388	304
454	338	155	428	487	477
356	356	356	356	356	208
434	434	434	163	163	163
247	247	247	344	344	344
22	22	22	374	374	374
104	259	458	446	140	361
171	171	171	171	171	197
445	131	173	131	387	250
319	98	201	276	266	303
47	47	420	420	420	100
95	95	95	95	95	455
26	26	26	26	26	366
249	249	249	249	249	242
428	428	428	1	1	1
377	440	238	214	411	276
374	374	374	374	374	419
318	318	318	318	318	372
456	456	456	456	456	314
492	492	492	43	43	43
437	437	437	437	437	12
331	331	331	115	115	115
342	342	342	342	342	358
233	233	233	233	233	40
304	304	289	289	289	318
249	67	151	168	78	273
105	105	489	489	489	344
496	496	496	496	496	286
495	495	495	495	495	9
14	14	14	147	147	147
345	427	66	124	124	177
302	127	108	243	455	1
376	376	376	376	376	363
193	193	462	283	75	362
77	50	99	182	496	453
177	90	186	90	269	141
462	462	462	462	462	47
63	201	29	168	153	65
135	299	476	264	135	271
270	372	358	474	7	364
204	204	204	204	204	51
206	57	92	66	206	277
270	270	270	270	270	330
359	359	359	359	359	357
135	135	135	135	135	59
256	256	228	228	228	440
19	19	19	19	19	95
208	208	208	208	208	236
30	470	408	462	438	214
204	355	125	107	41	349
126	126	126	126	126	24
299	263	61	3	449	183
50	281	341	63	50	455
98	98	98	98	98	13
193	64	458	200	194	204
473	473	473	473	473	45
234	234	187	187	187	449
418	418	400	400	400	174
279	279	279	279	279	163
445	445	445	445	445	1
40	122	175	405	476	491
348	348	348	348	348	381
280	280	318	318	318	386
315	241	79	270	392	490
416	416	53	53	53	480
215	58	470	495	44	165
8	8	8	8	8	37
238	282	308	376	39	350
125	125	125	125	125	304
468	468	468	468	468	284
263	263	263	263	263	120
30	30	30	30	30	235
391	391	221	221	221	327
300	300	331	331	331	369
239	239	239	239	239	332
91	448	371	322	337	54
248	248	248	248	44	147
301	469	277	5	109	178
129	129	129	176	176	176
236	236	236	236	236	406
413	413	413	413	413	28
358	358	358	358	358	478
209	428	54	430	465	161
276	276	276	276	276	423
413	413	413	413	413	165
422	253	25	79	467	309
500	500	500	52	52	52
202	202	202	202	202	326
218	218	218	218	218	435
122	122	122	122	122	424
115	115	115	33	33	33
163	163	163	163	163	388
88	88	88	88	88	98
268	268	268	268	268	25
122	122	122	122	122	189
177	226	498	186	277	493
22	491	263	492	409	478
425	425	425	425	425	314
67	67	67	288	288	288
163	163	163	163	163	400
434	434	434	434	434	183
297	297	458	458	458	172
206	206	206	206	206	56
461	461	461	12	12	12
349	349	349	349	349	317
56	56	56	56	56	498
461	461	461	461	461	477
202	202	202	202	202	359
126	126	126	126	126	448
40	40	40	40	40	399
328	328	425	425	425	498
43	43	43	43	43	93
413	14	287	287	231	347
279	279	279	279	279	213
109	109	109	109	109	425
67	67	67	67	67	330
218	262	124	419	78	63
229	229	229	229	229	312
279	279	279	279	279	118
150	150	150	150	150	426
357	357	357	357	357	490
284	284	284	284	284	242
444	444	444	444	444	112
482	482	482	482	482	77
208	208	208	208	208	283
255	326	193	423	212	478
351	338	355	429	262	260
43	43	43	43	43	420
486	494	282	212	121	167
59	59	59	59	59	252
353	353	353	184	184	184
304	304	304	304	304	432
394	195	131	415	151	262
341	134	87	415	415	166
147	147	147	147	147	361
466	466	466	466	466	44
313	313	313	313	313	432
426	43	493	493	133	183
467	390	402	252	383	302
415	415	415	379	379	379
460	330	370	183	457	427
41	41	41	41	41	357
414	309	101	449	414	267
38	38	38	38	459	191
353	353	353	141	141	141
88	88	147	147	147	251
178	160	178	174	415	427
41	41	41	41	41	488
424	424	424	424	424	269
70	120	47	120	41	439
253	253	253	253	253	440
299	299	299	299	299	388
144	144	144	429	429	429
479	395	357	65	65	425
43	43	43	331	331	331
324	324	324	324	324	164
17	17	17	17	17	392
417	417	417	66	66	66
407	407	407	407	407	497
489	489	489	489	489	216
252	72	357	305	357	393
73	167	445	280	468	234
61	61	61	61	61	454
191	191	243	243	243	62
379	123	34	415	386	435
334	334	334	334	334	41
427	427	427	431	431	431
411	411	411	411	411	38
364	364	364	364	364	442
278	278	52	52	52	15
74	74	74	74	74	53
486	486	486	486	486	182
266	451	267	266	264	466
30	30	30	30	30	198
273	273	296	296	296	177
252	225	91	162	203	136
451	451	490	490	490	351
240	94	461	286	123	483
490	490	490	490	490	114
368	368	368	163	163	163
85	85	85	85	85	475
203	203	203	203	203	74
481	481	481	481	481	256
443	382	164	289	306	253
12	12	12	12	12	179
481	361	7	91	264	376
349	349	349	349	349	255
22	22	22	22	22	420
148	148	148	148	148	2
276	276	276	276	276	264
274	274	274	274	274	340
168	168	168	168	28	454
58	58	58	58	58	251
322	322	322	322	322	33
214	214	214	214	214	195
134	59	134	460	463	131
294	294	294	294	294	468
468	468	468	110	110	110
287	120	95	95	108	352
446	446	307	307	307	149
377	377	377	377	377	28
26	26	26	26	26	270
480	480	480	380	380	380
281	18	493	281	409	99
320	320	320	320	320	491
332	238	72	437	474	466
161	161	161	161	161	404
413	413	324	324	324	224
75	475	2	332	39	240
393	393	316	316	316	355
477	477	477	477	477	228
474	474	474	474	474	152
220	220	220	220	220	166
227	227	227	227	227	28
483	413	343	496	292	193
124	124	124	124	124	21
357	357	357	357	357	109
118	118	118	118	118	439
224	224	224	224	224	77
486	64	215	426	328	11
245	245	245	245	245	493
384	384	384	384	384	167
488	460	460	131	342	290
267	334	344	236	267	281
406	406	406	406	406	199
224	194	81	269	28	455
347	347	347	347	347	472
87	87	87	87	87	193
257	170	36	440	329	480
34	34	34	34	34	332
456	456	456	433	433	433
85	85	85	85	85	498
327	327	327	327	327	439
254	254	133	133	133	370
223	223	223	223	223	353
106	171	171	117	229	28
407	431	431	18	268	388
281	456	456	189	223	290
409	454	127	157	341	340
10	10	10	10	10	2
273	273	273	273	273	200
106	75	196	118	172	292
301	301	301	301	301	327
338	338	23	23	23	59
101	101	101	101	101	100
326	325	326	301	224	368
272	272	272	272	272	482
172	172	172	306	306	306
42	42	42	42	51	249
59	59	59	289	289	289
155	155	155	155	155	301
250	306	229	306	425	467
81	81	164	164	164	332
416	289	443	83	86	306
460	460	441	441	441	325
400	191	87	334	87	20
277	481	184	323	196	92
109	397	290	454	317	467
181	288	438	92	40	7
229	229	432	432	432	309
135	135	135	135	135	395
275	275	275	321	321	321
176	176	176	323	323	323
344	344	344	344	344	228
186	186	186	186	186	149
442	182	382	123	329	156
342	461	229	184	201	494
383	383	383	383	383	219
489	380	267	233	366	371
262	262	262	420	420	420
144	144	144	144	102	461
318	318	318	318	318	70
470	470	470	20	20	20
122	442	227	54	227	450
212	212	212	212	212	139
51	51	51	51	51	20
394	394	394	394	394	215
133	133	133	133	133	30
424	191	58	119	165	214
316	103	169	324	495	137
498	498	498	117	117	117
249	249	249	249	249	122
21	21	184	184	184	310
253	218	298	206	382	184
359	219	22	22	200	247
107	107	107	107	107	32
57	57	368	248	251	189
413	213	336	145	212	439
4	357	267	4	304	55
326	326	326	326	326	97
179	38	453	34	392	300
255	255	255	255	255	24
183	183	183	183	183	145
244	244	244	244	244	93
150	448	483	438	127	211
136	126	447	420	205	470
97	97	97	97	305	453
223	223	223	223	223	315
38	38	38	38	38	242
424	424	9	9	9	433
241	241	241	241	241	231
130	130	130	130	130	334
455	455	455	455	455	216
312	312	312	312	312	468
56	427	425	120	158	395
487	487	487	487	487	418
236	236	236	236	236	358
82	413	107	288	342	282
294	294	294	294	294	29
439	439	327	327	327	493
422	422	422	422	422	411
475	475	475	475	475	40
261	466	245	82	461	154
149	149	149	149	149	150
104	226	77	304	165	133
28	28	28	28	379	109
327	327	88	88	88	177
74	74	74	74	74	467
344	344	344	344	344	113
294	294	32	32	32	301
7	7	7	7	7	218
226	226	226	226	226	280
423	423	270	20	73	406
187	187	187	187	214	216
457	457	186	186	186	337
272	272	260	260	260	21
412	452	109	343	265	339
163	467	205	342	20	257
177	42	432	211	423	247
298	298	298	298	298	171
263	263	326	326	326	284
369	369	369	369	369	460
244	244	244	244	244	50
368	286	488	292	361	167
25	25	25	25	25	6
226	391	449	391	439	171
38	38	38	38	38	119
347	347	347	209	209	209
128	128	128	128	128	302
397	397	397	397	397	418
419	2	33	2	15	383
173	173	173	173	173	414
393	393	393	393	393	455
369	369	369	369	369	255
151	151	151	280	280	280
9	71	231	149	85	193
157	341	341	190	495	375
433	433	148	148	148	417
384	154	496	177	469	206
359	359	359	359	359	95
420	420	420	420	420	349
418	394	129	94	376	425
382	270	280	73	270	54
122	91	40	220	426	369
260	218	149	35	71	348
394	394	366	366	366	302
462	462	462	462	462	317
306	306	306	306	306	172
36	36	36	36	36	440
291	291	155	155	155	374
460	460	265	265	265	350
221	221	347	347	347	252
40	40	40	40	40	371
31	31	31	31	31	492
48	48	48	494	494	494
90	90	90	90	90	221
402	402	402	402	402	293
490	490	490	490	490	62
485	485	485	485	485	2
300	489	432	238	368	60
312	312	312	333	333	333
88	88	88	465	465	465
452	452	452	452	452	185
66	66	66	66	66	133
159	159	159	159	159	71
258	258	258	459	459	459
478	478	478	478	478	34
49	49	49	16	16	16
418	418	418	418	418	102
98	98	98	98	98	355
361	420	286	106	289	374
404	404	404	404	404	75
152	152	147	147	147	182
42	42	42	42	72	459
447	447	447	447	447	262
329	329	329	329	329	467
147	147	147	147	467	384
437	437	437	437	437	171
48	498	45	202	469	232
24	24	24	24	24	295
379	379	379	379	379	279
285	285	115	368	141	226
422	422	422	422	422	219
94	94	189	189	189	333
90	90	90	90	90	316
293	293	293	293	293	360
13	201	213	158	15	353
407	407	407	407	407	342
235	10	488	488	355	254
235	235	235	235	235	48
222	222	222	222	222	154
340	340	340	340	340	27
352	352	352	352	352	269
88	88	88	88	88	181
486	486	486	486	298	222
472	100	208	287	147	363
67	67	67	141	141	141
432	432	432	432	432	149
104	104	104	104	104	131
354	354	354	354	354	438
39	39	39	39	39	412
66	66	495	495	495	252
40	40	40	40	40	363
40	40	40	148	148	148
339	438	133	472	89	168
45	139	443	380	380	379
487	487	487	487	487	89
40	486	202	485	242	304
143	143	143	143	143	145
415	415	415	415	415	371
440	440	61	61	61	193
355	355	355	355	355	62
279	279	279	279	250	307
306	306	187	187	187	474
492	492	492	492	492	166
66	389	487	414	436	83
459	459	459	448	448	448
157	157	157	464	464	464
176	176	176	176	176	271
365	365	365	365	365	245
170	170	170	377	377	377
238	238	238	238	238	494
457	457	457	457	457	452
355	355	123	123	123	356
38	38	38	38	38	498
300	475	340	359	475	106
353	353	353	353	353	203
242	242	242	25	25	25
244	244	244	244	244	236
288	353	138	333	57	302
148	148	148	148	148	315
296	296	296	296	296	380
371	89	342	318	280	366
114	114	114	114	114	414
498	498	498	498	498	424
9	76	76	474	246	243
496	496	496	496	212	86
489	489	489	489	489	262
176	176	176	176	176	316
344	344	344	344	344	389
393	161	343	118	140	483
316	83	362	226	131	105
175	175	175	175	308	414
229	105	468	215	67	216
438	438	438	438	438	82
382	382	382	382	382	398
389	389	389	389	389	20
110	110	110	110	110	415
89	89	255	255	255	217
324	324	324	324	324	107
185	185	185	185	2	233
80	80	80	80	171	371
135	154	493	493	310	425
174	174	291	291	291	420
239	68	451	326	152	105
32	32	32	32	255	483
171	59	439	187	130	252
217	217	217	325	325	325
218	451	237	237	336	472
58	58	58	58	58	442
183	183	183	183	183	211
290	290	290	290	290	239
330	330	330	262	262	262
239	239	239	239	239	285
246	276	221	53	193	50
336	336	191	191	191	62
143	143	143	143	143	427
226	226	226	3	3	3
22	22	22	22	22	110
91	91	91	91	91	58
197	197	197	197	197	483
171	171	171	171	171	292
149	149	149	149	149	133
42	42	42	42	42	341
236	236	236	450	450	450
116	116	116	116	116	63
361	361	361	361	361	94
267	267	267	267	267	164
436	436	436	436	436	61
390	409	55	390	397	400
156	156	156	156	156	117
82	82	82	82	82	154
130	193	166	471	130	277
15	15	15	294	294	294
141	287	451	451	497	330
245	245	245	169	169	169
399	399	399	399	399	40
161	487	77	140	32	38
461	461	461	461	461	384
139	139	139	139	139	296
5	5	5	5	5	9
362	438	137	182	99	247
132	132	390	50	404	129
52	52	52	52	52	255
146	146	146	146	146	366
94	94	94	94	94	222
339	339	339	339	339	314
279	279	279	279	279	351
318	318	318	318	318	434
499	1	197	169	339	166
68	68	68	446	446	446
484	244	253	206	208	381
197	197	307	307	307	436
13	475	200	74	13	28
316	316	316	316	316	216
109	109	430	430	430	117
233	233	233	233	233	83
69	69	69	69	69	398
102	102	102	102	102	493
279	279	190	190	190	411
346	346	407	407	407	11
416	102	486	486	205	424
170	170	170	170	170	349
142	142	142	142	142	419
323	323	323	323	232	20
470	470	470	59	59	59
214	214	214	214	214	144
28	28	28	28	28	415
50	50	50	50	50	224
345	417	131	345	55	13
482	482	482	482	188	176
41	104	380	41	479	389
240	412	239	489	240	23
167	80	71	331	43	238
43	43	43	43	43	318
156	165	224	436	497	342
43	43	43	43	43	430
248	248	248	248	248	104
223	369	14	397	81	91
435	435	435	435	435	490
41	15	71	192	15	339
335	245	40	242	152	307
39	155	385	350	305	308
403	403	403	403	403	248
335	335	335	335	335	269
64	64	348	348	348	280
171	342	475	362	450	382
475	475	475	475	475	126
458	458	458	458	458	206
343	343	55	55	55	283
388	388	388	388	388	151
202	202	202	202	202	358
317	317	317	121	121	121
274	114	225	143	114	194
67	67	67	67	67	424
263	263	263	80	80	80
422	422	28	28	28	465
484	484	484	484	484	178
118	312	373	211	310	113
190	190	190	420	420	420
138	138	138	435	435	435
496	496	496	274	274	274
321	321	321	321	321	198
183	183	183	183	183	330
180	180	180	180	180	43
42	42	42	42	42	99
255	255	255	114	114	114
155	155	155	155	155	185
4	4	4	4	4	110
288	288	288	288	288	129
274	274	274	475	475	475
52	323	213	227	52	330
487	487	487	487	487	59
277	294	491	362	491	359
117	117	117	117	117	223
23	23	23	23	23	83
121	121	121	121	121	88
267	267	267	267	267	171
263	86	464	374	197	322
357	357	357	357	357	417
197	445	69	239	196	433
316	316	316	316	316	271
263	263	115	115	115	59
341	341	341	341	341	161
193	193	193	193	43	246
425	425	425	77	77	77
367	367	447	447	447	356
403	403	403	138	138	138
452	452	452	452	452	4
357	357	357	357	357	39
83	150	83	258	155	306
255	255	255	255	255	400
92	92	92	92	92	421
407	407	407	407	407	135
332	332	332	327	327	327
232	232	232	232	232	219
194	194	194	194	194	50
463	463	463	463	463	295
199	199	199	199	199	88
369	369	369	369	369	396
157	157	157	157	157	475
42	42	42	42	42	382
102	102	102	102	102	448
395	395	395	397	397	397
422	422	59	59	59	250
347	347	347	347	347	80
433	433	433	433	120	93
434	434	434	286	286	286
421	114	366	416	114	245
500	500	500	500	500	401
384	384	384	384	384	16
429	429	429	429	282	389
86	86	86	86	86	178
241	241	241	73	73	73
131	197	178	498	489	286
482	482	35	35	35	445
328	328	328	333	333	333
129	129	129	129	207	209
104	104	104	104	104	322
74	74	74	74	74	90
71	71	71	71	71	194
380	214	190	214	278	124
330	261	442	73	304	393
375	375	375	375	375	225
436	436	436	436	436	135
483	458	296	285	329	96
446	446	446	446	446	43
279	279	279	279	279	89
315	315	315	315	390	90
192	192	397	116	381	35
92	92	92	92	92	353
472	472	472	472	472	179
468	151	451	260	350	461
474	474	474	474	230	424
465	465	465	252	252	252
363	102	190	425	111	354
24	24	24	24	24	141
104	104	487	487	487	406
118	118	118	47	47	47
498	498	498	382	382	382
225	225	225	2	2	2
187	187	187	175	175	175
224	224	224	224	224	376
452	452	452	452	452	3
370	370	113	113	113	40
414	414	414	88	88	88
419	114	130	359	292	264
15	350	244	235	132	42
300	300	300	300	300	46
436	436	436	436	436	495
358	358	358	267	267	267
279	279	279	258	258	258
423	423	423	423	423	28
121	121	121	121	121	300
149	149	149	149	149	244
317	317	317	317	202	108
271	28	136	113	348	423
351	65	337	240	38	63
127	127	127	127	127	494
328	328	328	471	471	471
110	110	110	110	110	192
162	162	162	341	341	341
332	42	42	265	93	183
305	305	305	305	305	267
86	86	86	86	86	5
25	25	25	25	237	382
125	125	125	497	497	497
127	127	127	127	127	141
337	337	337	337	337	360
150	150	150	150	150	210
155	308	379	379	210	226
1	1	1	1	1	26
26	26	26	26	26	250
174	69	172	292	292	323
237	237	237	167	167	167
72	72	72	175	175	175
82	82	82	82	82	365
189	189	189	189	189	371
50	50	50	50	50	173
311	311	311	311	311	131
440	440	440	440	440	293
70	70	70	70	70	15
304	304	321	321	321	271
498	498	498	498	498	319
456	456	32	32	32	399
93	221	42	25	320	214
12	12	12	12	12	125
245	341	305	361	273	271
490	490	337	337	337	231
244	441	34	497	371	129
53	53	53	53	53	222
59	117	386	473	273	291
251	251	251	251	251	499
74	312	123	130	196	471
9	9	9	9	76	143
494	174	131	494	294	140
134	47	465	156	482	479
499	269	161	394	282	42
391	391	391	328	328	328
90	90	90	90	90	82
453	134	44	417	33	182
374	374	374	374	374	276
258	258	258	258	258	54
111	111	111	111	111	425
192	192	280	280	280	60
306	306	306	306	306	345
360	360	360	360	360	49
446	446	446	267	267	267
482	482	482	482	482	61
59	59	59	59	59	85
191	191	191	191	191	357
210	210	28	28	28	73
329	329	329	384	384	384
223	162	340	17	17	418
228	228	228	228	228	220
96	96	96	96	96	154
326	326	326	326	326	117
213	213	213	213	213	47
26	53	1	305	53	378
252	252	252	456	456	456
17	17	17	17	17	104
333	333	333	333	333	335
163	125	471	163	325	297
384	384	384	384	384	99
421	421	472	472	472	168
2	409	413	27	315	13
359	359	359	359	359	152
214	214	387	387	387	179
424	424	424	424	424	46
260	260	260	260	260	330
277	277	277	277	277	60
413	413	413	413	413	96
373	373	373	373	99	64
195	241	162	477	350	85
492	492	492	292	292	292
411	71	427	110	417	481
154	279	317	406	166	256
74	74	74	74	74	392
114	114	114	202	202	202
297	297	297	297	398	330
57	57	57	371	371	371
260	260	260	485	485	485
460	397	135	349	349	380
277	277	277	302	302	302
39	39	39	319	319	319
121	121	121	121	121	166
204	354	218	112	94	372
467	467	467	467	467	78
242	242	242	242	242	409
398	398	175	175	175	66
361	63	471	372	63	250
54	308	293	184	313	437
336	29	1	354	428	191
306	306	306	306	306	150
243	243	243	464	464	464
464	285	438	44	438	78
89	89	89	89	89	423
280	280	280	381	381	381
303	494	76	377	116	357
49	306	49	248	36	286
130	130	130	130	217	241
294	294	294	294	294	18
436	436	436	436	436	426
55	55	496	96	286	321
363	363	363	363	248	390
110	110	304	304	304	319
260	306	201	119	191	152
463	363	23	68	217	396
312	455	389	122	187	336
114	114	114	114	114	441
111	111	111	111	111	298
279	195	116	360	149	270
363	363	363	363	192	293
109	109	109	109	109	416
357	357	357	357	357	105
197	197	197	197	197	71
66	208	66	383	12	408
61	61	61	61	61	454
38	38	38	38	227	443
379	379	379	379	379	387
420	420	420	420	420	356
281	281	281	281	281	489
283	283	283	283	283	143
26	26	26	26	26	496
27	27	27	27	27	133
385	385	385	385	385	446
164	164	164	164	164	303
92	92	415	450	302	149
437	38	344	289	333	407
290	290	290	290	290	120
374	374	407	407	407	348
30	30	30	30	30	427
164	164	385	385	385	131
48	48	369	369	369	82
459	432	100	366	456	136
168	168	168	168	168	178
10	191	252	440	430	245
89	89	89	89	89	347
259	259	259	259	259	400
335	335	335	335	335	267
394	394	394	394	394	352
150	150	275	275	275	299
181	75	252	184	108	435
159	159	159	159	159	491
40	40	40	40	40	320
350	350	314	314	314	451
222	251	325	28	99	366
421	421	421	25	25	25
85	85	85	85	85	385
242	291	444	401	401	465
80	80	80	80	80	482
135	368	225	81	127	464
390	390	390	390	390	36
235	235	235	56	56	56
332	332	332	332	332	40
324	324	324	324	324	177
480	480	480	480	480	475
369	369	369	369	369	443
235	235	235	235	235	166
261	360	55	138	63	441
135	62	280	62	233	350
30	30	30	30	30	313
43	482	205	278	282	7
162	162	162	162	473	178
487	487	487	487	487	326
421	421	421	421	421	142
281	281	281	281	55	282
342	342	342	342	342	472
402	402	402	402	402	494
399	399	399	399	429	55
99	99	99	99	99	451
246	246	246	246	246	56
331	219	48	124	471	494
141	141	141	225	225	225
476	476	476	476	476	33
258	258	258	258	258	489
373	42	25	80	108	274
203	203	203	203	203	493
33	33	33	33	33	50
491	491	491	491	304	150
238	238	442	442	442	77
311	153	457	457	300	364
121	121	121	121	38	301
445	445	445	290	290	290
171	171	171	171	171	78
384	384	384	384	384	237
412	412	412	412	412	99
448	448	397	397	397	425
107	107	423	423	423	445
379	379	360	360	360	249
67	25	250	384	37	400
21	21	21	21	21	141
239	266	413	333	138	114
344	344	344	317	317	317
249	249	429	429	429	97
470	470	470	470	470	50
81	81	81	105	105	105
183	183	183	445	445	445
241	241	241	241	241	186
318	318	318	318	318	72
408	408	408	313	313	313
468	468	468	468	468	163
329	329	220	220	220	368
66	66	66	428	428	428
415	415	415	415	415	179
218	218	218	73	73	73
32	492	425	340	32	423
329	142	334	446	278	159
490	134	134	21	63	400
360	360	360	350	350	350
168	168	179	179	179	270
300	485	147	44	173	425
350	128	276	117	410	219
352	122	352	428	296	280
76	76	76	76	76	131
354	454	303	247	76	296
351	351	351	351	351	378
254	254	254	254	254	447
388	492	492	114	437	257
373	386	18	380	437	74
101	101	101	101	101	179
156	156	156	156	156	185
401	401	401	401	401	431
182	182	182	182	182	442
168	168	168	302	302	302
11	11	11	11	11	398
39	39	39	342	342	342
207	391	36	272	36	239
253	253	253	253	253	43
32	32	32	205	205	205
97	97	97	97	97	184
429	429	429	429	429	219
375	375	466	466	466	307
430	430	430	430	430	135
192	192	192	192	192	336
218	218	218	218	218	287
201	201	50	50	50	114
413	413	413	413	413	391
450	95	285	306	239	113
160	160	160	160	160	175
445	445	445	445	445	294
462	462	462	462	462	494
429	429	337	337	337	132
280	280	173	173	173	350
222	222	222	222	222	100
89	89	89	89	89	92
367	367	367	367	367	85
254	254	254	254	254	148
342	342	342	159	159	159
106	106	106	106	106	447
198	198	198	198	198	308
413	413	413	413	413	89
377	157	436	479	236	264
38	38	38	38	38	403
98	192	415	11	490	354
319	208	208	120	348	52
113	113	113	113	113	53
223	223	223	223	223	88
492	492	492	492	492	31
495	495	495	495	495	244
8	8	8	8	8	407
196	196	196	125	125	125
489	458	316	316	207	88
319	319	319	465	465	465
46	46	46	224	224	224
448	189	351	162	222	60
35	35	35	35	35	150
163	163	163	163	163	461
375	375	375	221	221	221
408	408	408	408	408	165
232	232	232	232	232	403
74	74	74	74	269	373
41	41	41	41	245	451
308	308	308	308	308	484
362	362	362	362	362	487
466	466	466	466	466	161
487	487	487	487	487	372
109	55	262	432	256	13
5	5	99	99	99	231
485	485	151	151	151	133
354	354	354	354	354	491
336	336	336	336	336	288
347	347	434	434	434	359
282	282	308	308	308	401
362	362	362	362	362	192
332	332	332	167	167	167
275	275	275	275	327	175
298	298	298	298	93	249
273	273	273	273	273	25
162	162	162	162	162	425
274	274	274	271	271	271
452	452	452	452	452	160
256	235	427	77	351	443
16	16	16	16	16	303
185	185	185	185	185	425
18	494	249	415	129	198
449	449	449	449	449	201
466	466	466	466	466	415
153	124	345	392	328	460
375	375	375	375	375	421
379	379	379	379	379	14
220	220	220	220	220	286
189	189	189	189	189	52
178	178	178	178	178	323
53	53	53	53	53	209
460	460	460	460	460	475
182	182	182	182	182	453
62	62	62	62	62	196
106	106	106	443	443	443
173	261	342	103	493	398
459	459	459	459	48	156
24	24	219	219	219	288
43	43	43	43	43	274
462	172	172	275	354	434
152	152	152	152	152	213
233	233	233	442	442	442
89	89	89	89	89	31
89	89	211	211	211	348
482	482	482	482	482	284
168	193	318	442	295	60
287	287	343	343	343	475
96	96	51	51	51	172
465	449	373	266	449	362
300	300	300	269	269	269
87	87	87	87	87	41
224	224	224	231	231	231
228	431	327	201	121	448
444	444	444	444	444	114
10	171	497	2	76	240
299	299	299	299	299	266
26	26	26	26	26	336
163	34	34	322	297	58
159	129	308	376	100	61
432	265	133	432	255	238
443	443	443	443	443	240
252	252	252	252	252	13
217	217	217	217	217	277
95	95	151	151	151	299
139	139	139	139	139	246
118	118	118	118	118	438
142	370	280	262	104	303
362	362	362	362	362	290
279	299	465	201	9	123
454	454	454	454	281	377
268	268	268	268	268	26
7	7	7	141	141	141
284	284	284	284	284	405
396	396	396	396	396	218
212	212	212	275	275	275
476	476	476	476	476	330
367	367	367	367	367	86
479	479	479	479	479	74
208	208	208	208	168	317
134	134	287	287	287	93
499	499	158	147	217	448
168	168	168	168	168	300
141	397	409	488	389	349
334	334	52	52	52	361
257	257	257	257	257	171
194	194	194	194	194	241
339	339	30	30	30	191
373	285	316	376	73	103
445	303	129	137	443	192
129	129	129	129	129	499
69	335	365	296	69	40
348	348	348	348	295	290
468	468	468	468	468	37
318	318	318	318	318	290
97	97	97	97	97	165
11	110	237	191	324	385
232	456	465	80	156	26
29	235	7	367	302	318
28	28	28	435	435	435
205	205	205	205	205	340
456	456	294	294	294	66
126	126	126	135	135	135
195	195	195	195	195	433
306	306	306	20	20	20
135	135	135	20	20	20
130	130	130	130	130	158
358	358	195	195	195	495
25	242	474	474	350	10
473	369	194	155	155	101
301	301	301	84	84	84
427	427	129	129	129	2
430	51	485	370	330	440
422	455	353	272	171	304
472	15	14	76	490	387
178	178	8	8	8	283
376	376	376	15	15	15
414	414	332	332	332	203
70	70	70	461	461	461
129	129	402	402	402	422
272	272	352	352	352	199
380	380	380	380	380	331
451	451	451	451	451	25
197	197	197	197	197	218
299	299	299	299	299	136
108	108	108	461	461	461
33	334	40	488	272	92
180	180	180	235	235	235
214	214	214	431	431	431
184	184	184	184	184	334
165	16	388	385	298	351
58	58	58	58	58	166
350	332	146	52	332	156
8	8	8	8	8	107
110	110	110	110	110	223
292	292	292	292	292	185
203	359	343	343	12	127
115	115	115	115	115	458
68	68	68	68	68	416
238	111	38	248	38	216
412	412	372	372	372	165
297	297	297	297	297	122
423	423	423	423	423	406
334	334	334	334	334	224
409	409	409	409	409	173
357	357	357	357	357	428
390	390	390	390	390	24
162	43	162	184	56	169
331	331	331	331	331	177
63	266	109	95	402	406
216	370	175	14	273	312
494	494	494	494	494	486
59	59	59	59	59	42
315	159	118	467	230	59
410	410	194	194	194	389
57	57	57	57	57	111
302	302	302	40	40	40
453	121	80	66	66	228
473	473	273	273	273	199
448	448	448	474	474	474
39	395	337	149	395	341
404	404	404	404	404	392
250	250	250	250	250	159
149	149	139	139	139	365
9	9	9	9	9	62
287	287	287	287	182	304
163	163	163	163	163	459
458	458	458	458	458	123
267	267	267	267	267	416
356	356	356	403	403	403
413	413	413	413	413	260
277	277	493	493	493	16
268	196	239	52	390	205
234	234	234	234	234	300
329	329	329	151	151	151
492	433	376	457	68	192
314	449	192	314	381	88
46	212	171	301	212	5
2	2	2	2	2	24
292	158	127	167	325	60
174	174	174	174	174	228
455	455	455	455	455	363
429	280	312	232	279	271
427	427	427	427	427	172
53	53	53	53	53	384
21	21	21	21	21	146
497	497	497	497	390	282
446	446	446	446	446	249
437	437	437	437	437	363
413	413	413	413	292	174
154	154	154	154	154	480
409	409	409	98	98	98
144	144	144	144	144	494
401	401	434	434	434	138
415	415	415	415	415	328
233	233	233	409	409	409
131	346	38	305	305	402
32	302	316	32	408	210
272	272	201	201	201	170
64	64	64	64	287	14
11	11	11	11	11	7
170	170	170	170	170	345
95	127	425	79	127	343
463	463	463	463	463	44
488	427	268	427	440	258
41	41	41	41	480	88
369	499	351	177	34	318
101	101	101	101	101	354
195	195	195	195	195	491
174	386	197	26	358	59
336	37	498	244	308	207
7	7	7	455	455	455
373	373	373	373	373	352
489	489	489	489	489	264
6	449	6	51	167	309
230	230	230	408	408	408
436	129	451	436	278	95
119	119	119	119	119	274
352	352	352	352	379	297
383	383	383	383	383	161
246	246	246	246	246	200
341	341	341	341	341	334
61	61	61	3	3	3
295	295	295	295	295	4
431	431	431	431	431	191
250	393	68	403	14	482
386	386	386	386	386	499
270	270	270	270	270	212
467	467	467	467	467	355
113	102	340	241	454	476
466	466	187	187	187	3
229	229	229	229	229	367
500	500	500	500	500	400
148	150	220	158	158	189
249	249	249	249	249	69
330	330	330	330	394	390
388	388	388	388	388	426
177	177	177	177	382	82
499	499	499	499	499	143
283	283	283	283	283	30
454	454	454	299	299	299
228	228	228	228	228	99
34	81	39	81	273	165
390	390	390	390	390	29
130	130	130	130	155	246
19	19	19	19	19	455
181	85	432	376	368	391
105	154	453	440	427	400
17	17	17	17	17	133
196	329	196	312	137	487
140	140	140	140	140	217
31	31	31	31	31	28
150	150	303	303	303	11
219	219	219	219	393	261
28	28	396	396	396	227
226	226	226	163	163	163
348	348	348	348	334	164
383	383	383	252	252	252
159	159	159	159	159	401
305	109	109	333	175	291
326	326	326	326	326	256
345	345	345	345	345	228
482	482	482	378	378	378
334	334	349	349	349	255
252	252	252	252	252	72
177	177	295	295	295	60
127	127	257	257	257	443
96	261	117	74	73	406
272	360	100	244	360	288
69	69	69	69	69	313
143	143	143	143	143	475
2	2	2	2	2	189
255	255	255	255	255	32
382	382	382	382	386	359
83	83	83	83	83	155
380	380	32	32	32	182
171	171	171	171	171	87
310	310	310	310	310	377
67	67	67	67	96	275
327	327	327	327	327	454
58	126	113	126	415	172
324	324	324	324	324	437
160	160	160	160	160	126
352	27	79	90	196	318
399	399	399	399	399	209
260	260	61	61	61	482
73	371	376	86	62	487
259	274	423	56	426	395
190	190	190	190	190	258
343	343	453	453	453	325
394	394	366	366	366	376
460	460	460	460	460	357
266	266	266	266	266	488
193	41	40	56	407	105
113	113	113	386	386	386
278	24	304	475	120	484
217	217	77	77	77	274
257	257	257	181	181	181
284	284	284	284	284	15
239	239	239	239	239	185
66	66	66	66	66	10
87	489	120	206	478	111
463	66	166	67	27	459
353	353	353	353	353	175
275	275	275	275	275	385
485	26	272	309	485	98
217	217	217	217	217	145
444	382	433	31	153	194
348	348	32	32	32	257
66	66	66	66	66	335
123	123	123	123	123	479
371	371	371	371	184	67
215	380	246	430	386	437
442	187	340	340	252	164
278	278	367	367	367	355
266	266	266	266	266	131
195	195	195	195	195	421
41	303	273	402	303	379
409	409	409	409	409	429
403	403	403	403	403	333
119	119	119	119	119	69
494	494	494	494	494	455
481	481	481	481	481	384
328	328	328	328	328	221
159	159	159	159	71	144
253	253	253	253	253	331
23	361	280	272	425	218
387	423	228	478	412	79
156	156	156	156	156	140
305	305	305	305	305	12
265	265	265	265	265	245
17	17	17	17	17	82
479	479	479	484	484	484
7	56	396	396	373	86
260	260	260	260	260	160
32	32	32	479	479	479
435	435	435	435	435	236
126	126	126	126	126	276
456	456	456	456	456	204
59	59	59	59	59	236
495	495	495	495	495	307
359	359	359	359	359	406
329	329	329	329	329	337
18	18	18	18	18	150
267	267	267	267	267	483
146	146	146	146	146	62
144	144	144	144	144	484
62	62	62	62	62	107
235	235	235	235	235	140
382	382	382	382	412	481
171	171	171	171	171	95
405	405	405	293	293	293
275	275	275	275	275	155
401	401	401	401	401	448
283	402	168	275	148	267
481	481	481	300	300	300
177	177	177	56	56	56
159	159	159	159	159	210
26	442	414	331	255	105
401	324	324	121	97	224
276	276	276	276	276	371
267	256	202	276	28	387
459	459	459	459	459	41
143	143	139	139	139	280
381	270	333	12	241	220
159	159	159	483	483	483
177	177	177	177	177	441
84	84	471	471	471	407
484	484	484	484	484	284
303	303	261	261	261	320
291	395	31	38	134	218
477	477	477	477	477	423
261	261	362	362	362	227
99	99	99	99	99	25
485	485	485	485	485	358
320	273	84	9	273	2
41	41	41	41	41	381
295	295	295	295	295	165
234	234	234	234	443	42
50	323	23	50	268	273
38	38	38	38	38	378
199	199	199	199	199	56
126	126	126	126	126	14
162	162	162	162	162	345
151	364	101	40	364	460
401	300	88	313	401	201
243	132	244	369	318	116
387	387	387	387	387	385
56	56	56	56	56	202
248	367	333	100	126	90
170	170	170	170	170	168
283	283	283	283	283	56
351	259	491	351	120	286
49	184	28	41	386	418
202	34	366	240	134	177
130	130	41	41	41	490
57	57	57	57	57	82
430	430	430	430	430	226
450	92	173	62	56	286
87	350	341	219	341	151
164	164	164	164	164	78
382	274	7	313	146	330
327	327	327	327	327	395
53	53	53	53	53	451
469	469	469	469	38	297
365	365	365	365	365	402
155	277	424	406	354	181
156	498	96	151	43	348
481	481	481	481	481	456
404	404	404	404	404	215
476	476	432	432	432	414
425	425	425	425	425	83
453	453	453	453	453	475
363	363	363	363	363	231
251	251	251	251	251	161
181	181	181	181	181	493
244	403	149	464	403	152
176	61	276	263	417	411
398	398	398	398	398	430
291	291	341	446	401	435
166	166	336	336	336	29
190	190	190	190	190	450
381	381	381	381	22	344
94	94	94	94	94	43
499	499	499	499	499	172
303	303	303	303	303	405
110	110	110	110	110	305
294	294	294	45	45	45
34	34	34	350	350	350
174	174	174	174	174	452
361	361	361	361	361	412
379	379	379	379	379	280
28	51	270	270	140	77
98	98	98	98	98	94
43	239	15	465	43	334
490	490	490	490	490	122
489	489	489	226	226	226
448	446	459	184	446	44
157	110	371	197	345	192
485	485	485	90	90	90
470	470	470	470	470	91
94	94	327	327	327	472
244	244	244	244	244	404
345	345	345	364	364	364
118	118	118	118	118	157
381	381	381	261	261	261
238	238	238	238	238	408
195	195	195	195	195	85
186	186	186	186	186	243
247	247	247	247	247	335
115	347	349	194	257	359
285	285	285	285	285	482
269	269	269	269	269	484
355	316	389	109	324	215
367	464	464	209	183	89
464	495	438	258	258	8
255	378	166	328	486	38
346	346	346	346	346	215
281	163	366	235	2	499
395	395	395	395	395	337
367	367	367	270	270	270
394	394	394	330	330	330
196	196	196	196	196	126
103	103	454	454	454	352
67	67	67	67	67	61
367	367	367	367	367	13
421	421	164	164	164	175
192	192	192	192	192	132
281	281	281	281	281	482
182	182	182	182	182	183
341	341	341	341	341	55
337	337	90	90	90	375
166	166	166	113	113	113
316	316	414	414	414	145
134	134	134	134	134	68
364	364	364	364	364	15
142	142	142	142	142	405
47	47	47	47	47	400
243	72	292	72	304	277
146	146	146	146	146	379
477	477	477	477	477	22
352	352	352	352	352	361
174	174	174	174	174	257
454	454	454	454	454	469
219	168	130	168	479	262
329	455	381	302	415	89
239	239	239	239	239	172
296	296	148	148	148	401
178	236	236	283	274	316
412	412	412	412	412	75
478	478	484	484	484	395
260	260	214	214	214	16
151	151	151	151	151	451
65	65	65	65	65	211
10	10	10	10	10	274
219	489	450	246	256	258
343	343	343	343	343	324
289	289	289	289	289	291
495	495	353	353	353	198
23	23	23	23	23	243
109	109	109	109	109	443
161	161	161	311	311	311
108	108	108	73	73	73
225	315	89	127	198	149
82	82	82	82	82	475
85	85	85	85	85	348
144	144	144	144	144	254
139	139	139	139	139	99
461	461	461	461	461	206
219	219	70	70	70	249
199	199	199	199	199	228
148	148	262	262	262	289
232	448	485	255	255	289
43	373	349	130	481	316
133	133	412	412	412	9
265	265	265	265	335	145
465	465	465	465	465	408
399	399	399	399	399	105
131	131	131	131	131	457
449	449	449	449	274	278
465	379	487	403	465	454
341	341	341	341	341	336
146	146	146	129	129	129
147	147	147	147	147	39
300	300	300	300	300	70
57	57	236	236	236	139
69	69	69	69	69	143
383	383	383	383	383	346
152	152	152	152	152	316
494	494	494	494	494	207
107	498	406	110	216	235
497	182	485	3	416	493
64	64	359	359	359	350
50	50	50	50	50	231
88	88	88	68	68	68
411	411	411	251	251	251
241	241	198	198	198	250
41	41	41	41	41	264
115	115	115	115	115	54
217	217	119	119	119	464
92	92	92	92	92	281
242	242	242	242	242	201
417	417	417	417	417	225
137	137	137	137	180	239
12	472	66	66	236	229
115	122	95	239	417	422
441	441	441	441	441	252
278	278	278	278	278	288
427	427	427	427	427	14
364	364	364	364	364	196
410	410	410	410	410	157
473	473	498	498	498	126
138	138	98	98	98	149
320	320	40	40	40	173
91	91	91	91	91	6
6	6	372	372	372	96
401	401	401	401	401	49
38	38	38	38	38	68
46	46	498	498	498	354
118	118	118	118	118	409
268	153	242	160	80	299
183	183	183	405	405	405
156	156	156	156	156	414
475	475	475	475	475	247
129	373	50	317	147	276
60	60	60	60	60	191
396	396	396	396	396	318
151	151	151	151	151	47
414	414	414	414	414	298
131	131	131	131	131	242
93	93	93	93	93	224
46	344	299	178	116	340
437	237	89	292	318	364
189	189	189	189	189	464
56	56	56	380	380	380
9	312	420	312	42	173
375	40	324	375	223	238
30	30	30	11	11	11
408	34	19	34	236	474
448	448	462	462	462	191
361	361	361	361	361	39
49	49	49	49	49	113
491	491	491	491	5	94
172	172	172	172	172	131
429	429	429	429	429	472
286	131	202	277	450	321
290	22	43	497	343	124
262	262	262	262	93	456
408	408	408	408	408	466
258	258	48	48	48	365
49	49	78	78	78	437
125	125	125	244	244	244
392	22	320	22	459	304
226	226	226	226	226	148
380	380	380	380	380	98
208	295	257	362	465	162
103	103	103	103	103	127
499	499	499	499	499	197
367	367	367	367	367	235
30	30	30	334	334	334
215	123	235	63	179	292
291	291	291	291	291	96
394	394	394	394	394	4
64	64	64	64	64	426
171	171	171	171	171	96
484	484	484	392	392	392
19	19	19	19	19	128
59	59	59	59	59	498
306	359	305	167	305	229
427	427	427	171	171	171
300	300	300	300	300	233
95	95	95	18	18	18
68	68	38	38	38	420
130	402	104	73	190	226
117	117	117	33	33	33
204	204	204	204	204	331
203	203	203	203	203	306
60	60	60	60	60	278
102	10	253	137	234	168
126	126	126	126	126	373
18	18	18	18	339	239
163	163	163	322	322	322
488	488	488	488	488	163
351	351	351	351	351	298
239	239	239	239	239	482
182	64	252	69	346	464
453	453	286	286	286	193
448	342	51	167	52	367
161	462	138	385	123	304
327	327	327	327	327	473
466	225	146	47	220	75
242	242	269	269	269	494
82	82	23	23	23	127
373	373	373	373	373	33
273	273	273	273	273	404
402	402	402	492	492	492
65	65	65	65	65	278
479	479	479	479	479	380
113	113	113	113	113	499
127	127	127	127	180	360
276	276	276	276	276	221
223	223	223	223	223	463
172	172	172	121	121	121
330	330	330	12	12	12
199	199	199	199	460	272
335	335	335	335	335	414
466	372	431	446	373	161
98	98	98	98	98	204
211	153	340	26	77	402
412	241	194	241	137	86
279	279	279	279	279	412
419	431	421	219	166	41
19	19	19	473	473	473
399	399	468	468	468	150
391	391	391	391	391	188
294	294	294	423	423	423
500	500	500	500	500	125
257	257	257	257	257	354
206	206	89	89	89	353
13	13	13	13	13	227
123	123	123	123	123	176
148	148	148	21	21	21
417	417	417	417	417	50
467	467	467	467	467	152
483	483	483	483	483	344
98	209	143	225	322	346
476	476	476	476	476	387
147	147	147	147	147	139
236	236	236	236	236	33
333	137	69	69	111	68
23	23	23	23	23	474
468	76	306	85	469	462
489	489	489	489	489	226
491	491	491	491	376	68
311	311	311	311	311	216
314	218	218	390	213	331
280	304	369	57	311	372
58	58	58	58	58	140
457	457	457	457	457	53
226	226	226	226	257	274
337	359	386	133	102	335
48	48	48	48	48	86
101	101	113	113	113	55
52	52	454	454	454	291
100	205	96	205	309	124
319	319	319	94	94	94
47	47	47	47	47	309
93	93	93	163	163	163
53	53	53	53	53	100
76	76	76	214	214	214
450	450	450	450	450	34
463	38	134	277	270	260
298	298	181	181	181	435
112	418	11	446	299	490
252	252	252	252	252	202
471	471	471	471	471	310
349	349	349	349	349	402
462	462	290	284	80	386
448	137	84	448	244	1
196	196	196	196	196	139
248	248	248	157	157	157
120	120	120	120	120	30
175	175	175	175	175	174
106	106	106	106	106	141
419	342	11	385	376	162
390	61	109	183	61	52
338	403	338	99	128	192
146	338	124	11	63	438
459	107	189	459	2	304
398	266	235	43	112	371
478	478	478	478	478	291
145	497	420	362	172	199
155	155	155	155	155	109
430	314	314	35	313	405
492	210	494	425	450	270
113	125	240	290	349	143
259	137	333	117	301	120
350	350	350	350	358	340
180	372	451	229	437	383
254	481	138	461	184	494
72	72	72	72	72	130
72	72	72	72	72	256
450	450	255	255	255	17
96	96	96	96	96	245
354	354	354	354	354	3
94	94	94	94	94	154
264	264	306	306	306	249
241	241	241	241	241	161
458	458	458	458	458	104
463	200	210	350	101	224
3	416	85	281	369	430
112	277	464	29	285	170
75	75	75	75	75	461
331	331	331	331	331	3
226	226	17	17	17	353
356	356	356	356	356	30
305	305	191	191	191	254
398	398	398	398	398	112
186	186	186	344	344	344
236	236	236	236	236	226
32	32	32	32	32	111
331	331	331	331	331	172
123	123	123	123	123	304
160	160	160	160	160	98
487	487	487	487	487	318
454	19	402	353	281	395
83	99	198	413	413	42
197	197	197	197	197	432
130	130	319	319	319	183
156	156	156	156	156	394
30	140	100	410	421	106
449	449	449	449	449	92
453	453	453	453	453	419
179	250	359	179	382	120
57	442	225	154	57	35
269	269	269	269	269	8
261	261	261	261	261	459
349	214	168	216	132	451
200	200	200	40	40	40
146	146	146	146	146	39
129	129	129	129	129	286
256	256	256	426	426	426
30	323	15	370	412	433
244	244	30	30	30	12
97	97	97	97	97	259
94	94	94	94	94	189
298	298	298	298	298	258
370	370	370	370	370	358
68	441	135	66	199	327
74	74	232	232	232	373
390	390	390	390	340	114
176	176	176	176	176	6
303	303	303	303	303	9
490	490	490	205	205	205
182	182	393	393	393	266
264	67	99	437	264	455
172	172	172	172	172	329
134	134	134	134	134	59
496	469	153	482	53	273
417	495	357	357	31	347
99	401	207	405	128	66
353	353	353	353	353	438
275	173	160	273	368	52
403	403	362	362	362	421
291	291	291	291	291	47
163	468	163	427	5	42
11	11	11	11	11	493
256	256	256	256	256	12
194	194	194	194	194	473
370	370	370	370	370	17
176	176	176	176	176	400
417	417	417	417	417	441
426	453	111	56	111	190
142	142	142	69	69	69
398	398	398	398	398	273
343	343	343	343	341	486
396	396	396	396	458	163
45	424	338	184	424	400
473	473	473	473	473	234
46	241	383	276	314	292
141	87	259	451	141	104
437	437	437	415	415	415
284	284	284	104	104	104
447	447	447	447	438	440
205	205	205	205	205	165
114	114	114	114	114	26
153	153	153	153	153	428
417	417	417	417	417	460
476	476	476	476	476	160
174	174	174	174	174	21
363	363	363	363	363	112
133	133	133	133	133	301
424	424	100	100	100	264
362	362	362	362	362	100
333	230	437	385	408	207
229	229	229	229	229	173
205	205	50	207	286	481
327	327	327	327	327	380
274	274	274	228	228	228
89	89	89	40	40	40
79	477	284	267	147	419
355	355	355	355	355	92
105	105	368	368	368	212
241	241	241	241	241	219
493	493	493	493	371	463
365	365	365	36	36	36
57	57	490	490	490	367
395	395	395	395	395	256
331	331	331	318	318	318
59	486	293	493	346	212
371	371	371	371	363	330
28	489	413	381	381	467
239	239	292	292	292	82
420	420	420	420	420	306
431	431	431	431	431	311
69	69	69	69	69	11
30	30	30	30	30	159
45	45	45	45	45	7
248	248	248	248	39	182
383	383	383	3	3	3
173	173	173	173	173	456
239	239	239	239	189	273
179	179	179	179	219	390
97	97	97	97	97	176
345	345	390	390	390	356
456	456	381	381	381	291
141	141	141	84	84	84
217	217	217	217	377	278
427	385	413	265	388	10
17	17	308	308	308	392
477	71	45	213	382	368
256	25	299	110	38	42
206	206	206	206	206	87
433	342	463	9	437	153
339	339	339	339	142	497
99	300	136	54	451	150
242	242	442	442	442	462
84	84	84	84	84	375
200	200	200	200	200	276
326	326	326	326	326	28
222	222	217	217	217	195
325	325	325	325	325	285
364	364	364	364	364	234
286	286	286	286	286	420
243	243	243	243	243	331
357	357	357	357	357	298
450	450	450	450	450	464
472	472	472	436	436	436
480	480	267	267	267	7
134	134	134	134	134	233
243	8	133	354	378	250
17	17	17	17	17	370
136	136	136	136	136	38
144	144	144	144	144	350
94	408	94	261	332	381
397	397	397	397	397	279
488	488	488	488	488	203
130	130	130	130	130	470
326	326	326	326	326	249
106	106	106	106	106	24
313	313	313	493	493	493
351	351	351	351	351	284
198	198	198	198	198	287
261	261	261	261	261	23
140	140	140	140	140	224
25	25	25	25	25	103
452	452	452	452	452	198
81	278	278	272	468	156
32	32	32	32	32	221
488	488	488	181	181	181
150	284	163	163	155	42
404	404	467	467	467	247
64	64	64	64	64	296
409	409	409	409	409	214
447	447	447	447	447	369
440	440	440	440	440	230
369	369	369	369	369	52
33	435	97	318	33	198
62	62	62	62	62	408
415	415	415	415	415	384
296	296	296	296	296	38
286	286	157	157	157	119
426	426	426	426	426	207
155	155	155	155	155	390
454	454	302	302	302	369
44	44	44	44	44	264
300	300	300	300	300	348
345	208	345	59	355	186
435	494	489	166	494	320
257	406	86	132	416	239
358	358	358	358	358	248
121	121	121	121	121	94
33	33	33	33	33	5
166	166	166	166	166	164
499	499	499	499	499	468
303	249	74	74	152	405
100	100	100	100	100	479
71	71	71	71	71	461
322	322	322	322	322	89
213	213	213	213	213	154
488	488	488	488	488	312
27	27	27	296	296	296
409	409	409	409	409	488
448	448	448	448	448	428
71	71	71	71	71	95
297	297	297	297	297	84
32	32	32	32	32	16
263	204	98	338	338	321
94	94	94	94	94	255
144	144	144	144	144	61
489	489	489	489	489	379
16	16	16	16	16	429
325	325	325	325	325	160
360	188	298	124	268	312
162	162	54	54	54	85
468	468	468	468	468	55
189	189	189	189	114	340
52	52	52	52	52	227
235	235	429	429	429	471
65	65	65	65	65	114
147	14	6	386	147	169
106	106	11	11	11	402
45	45	221	221	221	367
483	483	274	274	274	229
429	429	429	429	429	15
379	246	390	140	12	326
335	335	335	335	335	86
72	72	72	72	72	293
222	222	222	222	222	411
320	320	320	320	320	421
467	467	467	467	467	375
454	454	454	454	454	67
215	215	215	215	154	326
362	362	468	330	241	312
179	308	300	391	490	127
359	359	359	359	359	198
338	338	338	338	437	347
266	266	266	266	266	276
412	412	412	412	412	247
339	339	339	339	339	82
495	495	495	495	495	475
420	420	420	420	420	132
313	313	313	313	313	391
382	382	382	382	382	423
116	14	7	7	34	315
377	377	377	272	272	272
354	354	354	354	354	439
433	433	433	433	433	241
20	20	20	20	20	112
395	395	395	395	395	150
469	469	469	469	469	47
377	429	498	461	377	402
220	220	220	259	259	259
464	452	166	34	276	341
217	217	217	358	358	358
38	38	38	38	38	107
46	46	46	46	46	495
491	491	491	491	315	197
315	221	221	51	242	5
302	302	302	343	343	343
484	484	484	484	484	135
251	322	145	145	85	418
35	35	35	35	35	112
489	489	467	467	467	145
383	383	383	383	383	419
463	463	463	463	463	295
130	380	6	405	54	56
471	471	471	471	471	341
241	241	241	182	182	182
215	490	229	223	379	496
155	155	155	155	155	450
180	448	68	57	153	23
215	215	215	215	215	32
239	102	301	67	121	132
4	4	4	4	4	419
193	193	193	347	347	347
418	418	310	310	310	383
165	386	380	161	266	493
258	258	258	258	258	114
194	194	194	194	194	295
465	465	465	465	465	490
115	115	320	320	320	107
387	387	387	387	387	240
394	394	394	394	394	152
145	95	412	95	278	6
490	490	490	490	490	265
330	330	330	290	290	290
466	466	454	454	454	114
431	431	288	288	288	40
241	241	241	5	5	5
50	50	423	423	423	383
72	115	115	54	431	42
393	393	393	393	483	326
155	155	155	155	155	153
189	189	189	189	189	379
302	302	302	302	302	456
271	271	271	271	271	444
49	49	49	49	49	19
14	14	14	14	331	243
117	117	117	117	117	180
406	406	406	406	406	264
161	161	94	183	361	182
247	135	52	136	7	49
142	142	142	142	142	161
463	463	373	373	373	446
295	295	479	479	479	147
191	191	338	338	338	392
233	233	233	233	233	267
153	153	153	153	153	337
308	308	308	183	183	183
265	265	265	42	42	42
14	14	201	201	201	113
11	349	378	410	483	238
106	106	106	106	106	15
376	376	376	376	376	263
116	116	48	48	48	402
242	242	242	242	242	335
339	339	339	339	339	141
450	453	164	106	106	434
417	405	124	100	377	241
188	188	188	188	188	265
139	139	139	102	102	102
158	158	158	158	158	65
450	450	450	450	450	332
86	86	86	86	86	389
229	229	229	229	229	123
56	292	217	341	17	108
40	40	40	40	40	57
348	348	348	348	348	460
137	137	137	137	137	394
269	269	269	269	269	85
113	68	339	458	458	164
116	432	105	41	314	204
446	446	446	446	446	115
64	64	64	64	64	379
394	394	133	133	133	183
253	253	253	357	357	357
31	31	31	31	31	433
436	436	436	436	436	169
54	54	54	54	54	29
400	144	470	332	413	404
75	75	75	75	75	126
189	269	405	149	470	152
335	335	335	335	335	374
241	241	241	241	241	477
46	371	320	199	8	304
474	474	474	474	474	438
340	340	340	340	340	490
457	457	457	377	377	377
113	113	113	113	113	140
455	455	455	455	455	171
156	156	156	156	156	322
259	262	65	472	259	142
350	350	16	16	16	47
151	151	151	151	151	129
33	33	33	140	140	140
489	489	489	489	489	196
424	480	270	96	85	313
139	139	139	139	139	168
60	60	60	60	60	119
395	395	380	380	380	153
340	340	340	340	340	148
238	425	474	205	323	214
386	386	386	386	386	172
487	196	235	452	235	68
315	315	315	315	315	450
259	259	259	259	259	215
285	285	285	285	285	315
31	31	31	31	31	271
438	438	438	438	96	333
182	182	182	182	182	71
437	437	437	430	430	430
15	15	15	15	15	45
412	412	412	412	412	77
179	109	179	198	72	462
457	457	457	457	457	170
208	208	208	208	208	485
65	65	188	188	188	469
283	289	177	378	260	286
356	366	240	52	218	272
111	304	25	173	62	223
45	45	45	45	45	500
390	390	402	324	373	48
383	383	383	383	383	317
475	475	475	475	446	56
204	204	204	204	204	65
152	152	152	152	152	70
435	435	435	435	26	105
267	267	329	329	329	120
154	154	154	154	91	107
210	210	486	486	486	291
114	114	114	114	114	138
211	395	150	340	404	469
144	144	144	144	144	288
361	361	361	361	361	32
104	104	104	104	104	41
452	452	452	452	452	318
262	262	262	262	262	246
289	289	289	289	289	211
486	486	486	486	486	378
442	391	490	392	442	12
38	38	38	38	38	498
371	371	371	371	371	416
79	79	79	197	197	197
368	368	206	206	206	39
118	118	118	118	118	299
482	345	35	56	31	420
65	65	65	65	65	19
228	228	228	228	228	176
207	207	207	207	207	219
340	340	340	340	340	103
177	177	177	177	177	379
497	26	311	353	124	490
159	159	159	159	159	361
279	57	8	392	250	97
61	161	190	180	161	409
272	272	272	7	7	7
338	338	306	306	306	90
239	239	239	239	239	420
119	119	119	119	119	148
398	398	398	398	398	43
133	237	22	215	172	101
5	5	5	67	67	67
233	233	144	144	144	92
416	416	416	416	416	389
443	443	443	443	443	484
471	471	471	471	471	146
83	83	83	83	83	259
447	447	447	447	455	284
145	145	145	145	145	344
493	493	493	493	493	197
383	383	383	383	383	303
134	45	314	91	270	80
158	227	267	1	151	199
450	450	297	297	297	179
366	38	303	303	1	37
132	105	460	128	128	68
96	96	96	300	300	300
394	394	394	394	394	147
161	225	2	21	352	193
152	152	152	152	152	456
349	349	349	50	50	50
198	198	450	450	450	281
108	108	108	108	108	124
310	426	241	33	205	185
413	230	52	376	230	20
143	143	143	143	143	199
388	388	388	388	388	209
37	482	482	469	72	166
337	337	337	337	337	389
161	161	161	181	181	181
101	101	101	264	264	264
213	213	213	213	213	169
206	109	51	105	98	288
203	203	203	203	203	323
164	354	185	243	164	447
354	354	354	318	318	318
476	14	311	453	343	193
280	280	280	280	280	175
460	460	460	460	460	328
91	91	91	91	91	312
109	172	13	127	463	163
477	477	477	477	477	220
365	365	365	299	299	299
194	114	343	249	485	393
490	490	191	191	191	195
111	111	111	111	452	217
271	271	271	78	78	78
42	287	418	393	42	138
466	269	245	227	363	52
300	300	253	253	253	383
129	129	129	129	129	406
314	314	314	314	314	3
18	18	18	18	87	485
119	119	189	49	233	441
125	66	418	82	340	41
335	335	335	335	335	309
344	344	461	461	461	178
180	180	477	477	477	496
131	131	131	131	131	175
345	345	345	345	345	429
165	165	165	165	165	327
233	233	233	233	233	375
370	370	370	370	186	271
16	16	16	16	255	127
171	171	171	171	171	458
420	420	343	343	343	281
66	66	66	66	66	440
434	296	386	3	296	15
59	449	343	208	310	270
110	110	110	110	110	497
2	138	9	9	104	348
445	445	445	445	445	150
457	457	457	457	457	363
104	104	104	104	104	323
270	388	388	116	287	262
435	435	435	435	435	74
201	201	201	201	201	278
241	241	403	403	403	297
431	431	431	431	431	246
130	289	326	289	363	385
63	63	63	63	44	487
408	408	286	286	286	364
494	494	494	494	494	158
163	163	358	358	358	400
267	267	267	267	267	98
361	361	361	361	90	103
479	479	479	479	479	325
186	186	186	186	186	23
126	490	247	118	264	438
196	374	65	27	245	43
243	243	228	228	228	426
211	211	211	397	397	397
14	253	321	178	321	493
235	383	199	129	82	155
290	466	347	488	349	400
174	12	71	170	277	241
363	363	363	363	363	233
240	240	240	240	240	215
427	427	427	427	427	90
59	59	59	59	59	430
61	178	20	257	20	54
212	212	212	212	212	283
493	100	131	208	410	388
477	477	477	152	152	152
401	401	243	243	243	54
39	39	272	272	272	483
98	98	98	98	98	333
247	430	185	324	85	138
437	437	437	437	437	478
256	256	256	327	327	327
185	185	185	185	185	379
73	73	73	416	416	416
430	430	430	430	44	91
131	131	415	415	415	82
346	346	346	346	346	289
377	356	338	246	381	297
384	384	384	384	384	448
184	184	184	184	184	497
322	322	322	322	322	408
60	60	98	98	98	22
189	189	189	393	393	393
115	115	450	450	450	262
25	25	25	32	32	32
447	447	447	447	447	279
174	174	174	174	148	4
437	437	437	437	437	452
381	377	381	472	323	101
126	126	126	126	126	194
470	470	470	470	470	353
369	369	274	274	274	66
131	131	131	131	444	470
377	377	377	377	377	420
446	446	446	446	446	406
468	468	426	426	426	192
103	103	103	103	103	479
482	482	482	482	482	125
396	211	211	458	255	362
382	382	382	382	382	3
355	355	451	451	451	90
75	75	75	75	75	406
233	233	233	233	233	388
55	7	497	7	412	206
23	23	23	338	338	338
180	180	180	180	180	62
35	35	35	35	35	293
125	125	125	125	125	105
162	162	162	162	70	232
442	442	442	442	442	381
400	400	400	400	400	304
329	329	329	329	329	252
8	8	382	382	382	218
442	425	320	57	121	237
322	322	322	322	322	227
322	322	322	97	97	97
377	377	377	59	59	59
141	141	141	141	141	479
442	442	442	442	442	430
292	292	292	292	292	394
423	423	351	351	351	149
149	149	149	149	149	34
445	445	445	445	445	99
323	323	323	323	323	263
330	330	330	281	281	281
308	308	308	308	308	158
420	188	188	295	181	86
45	1	325	474	269	182
432	432	432	55	55	55
334	334	77	77	77	264
65	65	65	65	316	3
344	344	344	344	290	421
339	339	339	339	339	410
500	500	500	500	500	442
420	420	420	420	420	128
142	176	483	483	364	58
217	217	217	217	217	332
376	376	376	376	376	135
326	326	326	326	326	280
450	167	431	450	195	203
330	330	330	330	330	143
141	141	141	141	141	463
426	426	426	426	426	288
141	141	141	141	141	180
162	277	230	167	162	286
396	226	255	395	153	402
436	436	436	436	436	126
336	336	336	336	336	389
406	406	406	406	406	101
379	379	240	240	240	49
64	64	64	64	64	173
204	204	204	204	204	492
174	174	174	174	174	189
113	113	113	113	248	58
415	415	415	422	422	422
375	375	375	375	375	16
431	170	203	336	185	3
255	255	255	255	255	189
44	44	44	44	44	421
358	38	261	256	256	458
458	36	62	62	340	18
395	395	395	395	202	379
286	286	286	286	286	475
249	249	249	249	249	323
198	263	66	206	130	455
233	233	233	233	233	342
351	351	351	351	351	106
445	445	445	10	10	10
33	33	212	212	212	308
54	54	54	54	54	281
21	21	21	21	21	483
106	106	368	368	368	448
43	43	43	43	43	258
224	224	224	224	224	20
253	253	81	81	81	319
491	334	410	410	156	181
377	377	377	377	9	202
315	315	315	407	407	407
274	274	274	274	274	327
139	478	405	177	432	13
442	442	442	442	442	448
211	211	211	211	439	472
7	155	250	351	482	304
148	377	406	377	468	249
479	241	218	390	479	330
398	398	398	398	398	237
256	485	205	156	285	348
153	153	153	153	153	50
273	273	44	44	44	329
321	130	280	362	279	416
212	212	212	212	212	335
369	369	369	369	369	237
256	256	256	256	368	274
304	304	304	115	115	115
115	115	115	115	115	419
180	180	83	83	83	334
431	431	431	431	431	80
424	112	421	37	421	148
401	401	457	457	457	52
134	134	134	134	134	110
274	274	113	113	113	71
331	331	331	331	331	168
334	241	218	5	349	183
202	491	293	217	293	262
389	389	389	389	389	482
118	118	118	118	118	317
270	270	270	270	270	346
467	467	467	467	467	380
400	400	400	400	400	355
149	46	219	467	149	143
234	234	234	234	234	366
317	14	75	308	410	280
246	246	246	181	181	181
8	8	8	8	8	225
392	392	282	282	282	253
332	332	332	332	332	247
335	335	365	365	365	363
293	293	293	293	293	268
390	68	23	217	379	450
342	342	96	96	96	275
324	324	259	259	259	136
25	25	25	25	25	149
163	163	494	494	494	464
55	55	55	55	55	110
415	415	415	415	415	472
280	410	4	462	258	324
209	209	209	209	209	203
257	257	257	257	257	157
334	417	31	46	16	108
78	78	78	78	224	497
276	276	276	276	276	316
352	352	352	18	18	18
339	339	339	339	339	396
121	121	121	121	121	359
37	141	207	141	109	166
321	321	321	281	281	281
299	299	299	293	293	293
426	426	426	426	426	444
418	418	418	418	418	259
490	336	115	95	17	329
413	413	413	413	413	78
72	72	72	2	2	2
368	368	368	368	368	347
18	18	18	18	18	166
70	70	70	70	70	395
260	260	260	457	457	457
28	28	28	28	28	316
294	294	294	294	294	24
214	214	214	214	214	125
164	164	164	164	164	389
41	187	418	285	187	125
143	143	143	143	143	215
214	214	214	214	214	390
310	417	57	57	484	75
173	173	173	173	173	479
232	232	232	232	232	317
147	147	147	147	147	308
461	195	138	294	294	370
461	428	477	329	57	124
260	260	71	71	71	13
103	103	103	103	103	316
463	463	463	463	463	164
440	164	161	16	285	300
157	157	157	157	157	26
384	384	446	446	446	219
211	168	263	94	258	32
127	442	256	97	350	221
373	373	373	373	373	490
317	317	317	317	317	280
444	444	444	210	210	210
344	58	333	482	93	75
477	204	391	123	118	202
184	492	366	456	218	369
225	225	225	225	225	433
300	300	300	238	238	238
217	217	77	77	77	291
306	306	306	306	306	307
109	446	487	363	152	154
158	158	158	158	158	354
382	382	382	382	382	299
414	414	414	414	414	331
45	45	45	45	45	40
479	479	479	479	479	463
327	327	327	327	327	324
96	96	257	257	257	158
108	108	108	108	108	254
329	329	329	435	435	435
27	27	27	27	27	20
268	268	268	268	268	429
17	17	17	17	17	70
12	12	12	12	12	390
118	297	446	290	446	41
14	14	14	14	14	303
99	99	99	99	99	319
241	241	241	241	241	34
15	15	157	157	157	241
299	286	151	359	359	82
492	428	142	194	251	345
465	465	465	465	91	316
492	492	492	492	492	299
302	449	194	461	431	114
428	428	428	428	428	307
148	148	148	148	109	438
416	416	416	416	416	305
215	215	215	215	215	119
386	386	386	386	386	34
402	402	388	388	388	323
358	358	358	358	358	420
469	469	469	469	469	42
386	386	386	386	386	422
74	74	273	273	273	394
118	375	493	375	374	409
395	395	395	395	127	340
205	205	205	205	205	295
316	394	145	365	123	249
380	380	438	438	438	306
97	97	97	97	97	373
13	13	13	31	31	31
367	367	367	367	367	377
469	469	469	469	469	290
41	41	41	41	41	392
264	212	487	206	229	93
133	133	133	133	133	60
67	67	67	67	67	83
480	213	480	333	415	201
173	173	173	269	269	269
74	19	347	403	153	210
34	34	34	34	34	384
439	439	439	439	439	387
18	361	300	35	190	92
34	34	34	34	34	201
477	279	393	310	146	404
207	207	207	209	209	209
366	366	366	366	366	66
136	49	202	372	412	41
37	37	37	37	37	23
51	51	51	51	51	292
267	267	291	291	291	419
34	34	34	34	34	191
276	427	7	386	386	157
456	456	456	456	456	177
139	139	130	130	130	165
164	171	434	397	229	429
31	31	31	31	31	222
478	496	246	478	365	226
417	417	417	417	417	422
48	48	48	48	48	153
112	112	112	112	112	41
316	316	316	316	316	373
249	249	249	249	249	113
103	103	103	35	35	35
93	93	93	93	93	103
307	307	307	307	307	472
251	251	251	251	4	31
376	376	376	376	376	289
117	117	117	117	117	114
306	60	277	186	133	62
487	487	487	9	9	9
387	387	387	131	131	131
377	377	377	377	377	363
493	493	493	493	493	143
80	80	80	80	80	298
341	341	341	341	341	149
200	63	372	204	454	19
473	473	473	473	473	7
447	447	447	447	447	97
161	161	161	161	161	91
327	111	270	247	270	127
281	314	233	209	233	251
331	331	331	331	331	50
90	466	311	156	93	271
276	276	276	276	276	436
385	385	385	385	385	47
186	186	186	186	186	130
487	487	487	487	487	262
387	343	429	96	60	16
243	243	243	243	243	369
342	342	342	342	426	11
312	312	220	220	220	141
74	74	74	74	74	454
247	247	247	247	247	257
188	188	188	188	188	162
454	454	454	454	308	63
211	211	211	87	87	87
398	398	398	398	398	63
272	272	272	228	228	228
439	439	126	126	126	318
404	404	404	404	404	495
337	337	337	337	337	30
221	221	221	221	221	451
27	27	27	129	129	129
335	335	335	335	335	183
449	270	193	397	193	56
202	378	303	51	203	57
419	419	419	419	419	401
81	81	81	81	112	245
458	243	364	364	246	137
293	454	87	61	477	317
326	326	326	326	326	69
500	500	500	500	500	215
78	117	150	321	345	255
143	143	394	394	394	275
38	38	38	38	38	357
49	46	126	367	323	289
52	52	52	52	52	130
439	439	439	439	439	430
9	9	9	9	9	311
497	497	307	307	307	33
195	195	195	372	372	372
404	404	404	404	404	438
153	153	153	159	159	159
123	197	475	261	197	477
10	226	371	196	171	184
192	192	192	192	192	497
15	15	15	15	15	97
52	409	283	408	283	76
20	20	155	155	155	224
347	347	215	215	215	165
430	430	430	251	251	251
21	306	231	334	383	113
232	232	232	232	232	324
100	100	22	22	22	198
108	431	108	235	156	48
65	65	65	65	65	383
245	356	376	238	184	40
346	346	346	346	346	321
166	166	166	166	166	404
256	3	481	315	268	410
423	423	423	52	52	52
88	73	168	410	410	11
401	39	377	333	136	260
31	31	2	2	2	234
9	9	270	270	270	246
182	182	182	182	182	263
169	169	169	169	169	224
163	163	163	163	163	231
414	414	414	414	414	61
297	328	333	448	5	48
56	56	56	56	56	434
138	138	138	138	138	121
292	292	292	292	292	67
117	117	117	117	117	128
346	182	28	189	393	390
277	392	402	32	84	257
260	260	260	260	260	271
69	69	69	69	69	357
487	487	64	64	64	13
219	219	219	219	219	39
472	472	472	472	472	413
496	282	496	489	419	303
68	68	68	68	68	400
129	129	129	295	295	295
440	327	450	96	171	493
429	429	22	22	22	361
477	477	477	477	477	303
215	215	215	215	215	98
483	483	483	143	143	143
169	169	169	169	169	198
496	496	496	496	496	110
398	398	398	398	398	229
241	241	254	254	254	303
58	58	58	58	58	93
331	30	151	379	129	28
120	120	120	120	120	298
432	195	484	51	51	178
280	280	280	280	280	128
30	30	30	30	30	100
210	210	210	210	210	108
402	379	53	53	14	263
385	390	425	338	466	285
465	465	465	120	120	120
136	226	210	41	95	189
217	217	217	217	217	293
262	419	9	182	103	212
27	27	27	27	27	215
214	214	214	214	214	493
231	348	165	348	214	178
90	90	90	90	90	253
443	443	443	443	443	472
325	325	325	325	325	126
108	108	108	108	35	367
125	125	291	291	291	232
312	312	312	282	282	282
138	138	138	138	138	26
442	442	442	442	442	117
266	18	154	355	280	95
227	227	227	227	471	167
70	274	334	215	55	14
410	410	410	309	309	309
267	267	267	267	267	216
439	439	439	439	418	124
101	279	387	282	113	84
107	468	415	425	125	381
234	234	234	234	234	258
240	240	240	240	240	363
93	93	93	93	93	73
483	483	483	483	483	429
257	167	50	356	366	497
38	38	38	38	38	166
203	105	336	228	381	285
380	380	328	328	328	367
441	441	401	401	401	324
14	14	14	14	14	446
11	11	11	211	211	211
496	60	83	83	47	493
385	385	385	385	385	134
489	489	489	57	57	57
47	47	47	47	47	427
3	3	143	143	143	244
370	458	410	117	370	224
90	90	90	281	281	281
96	96	96	355	355	355
28	28	28	247	247	247
488	488	488	488	488	68
71	39	259	250	223	171
477	477	477	477	477	2
403	403	403	403	403	236
176	176	176	176	176	317
48	370	11	11	17	87
404	404	404	404	404	462
94	94	200	200	200	155
87	87	87	87	87	224
136	273	273	384	209	154
215	215	215	215	401	92
363	363	409	409	409	443
119	375	4	393	393	322
211	211	211	211	211	70
475	475	475	475	475	330
36	36	36	36	201	62
108	108	108	108	108	227
328	328	328	328	499	315
133	37	408	102	19	308
149	465	308	376	74	131
313	313	313	127	127	127
206	206	206	206	206	303
434	115	393	18	281	362
364	391	365	365	346	34
115	115	115	115	115	43
5	36	178	36	113	423
166	328	329	166	295	105
48	48	48	358	358	358
246	246	246	138	138	138
162	162	162	162	162	449
409	409	409	409	409	93
319	307	426	342	342	410
4	4	4	200	200	200
259	142	289	493	294	281
205	205	205	205	205	296
352	352	352	352	352	478
78	100	25	304	304	137
225	225	225	225	225	25
164	164	164	164	164	141
468	468	468	468	468	300
428	428	428	428	428	484
370	351	434	441	72	182
316	316	412	412	412	492
245	373	355	373	32	65
483	148	208	259	363	72
322	322	322	322	322	363
166	166	166	166	166	264
16	16	16	16	16	280
399	82	372	405	421	316
460	460	460	460	460	376
369	369	369	369	369	393
118	118	118	118	118	409
267	267	267	267	267	253
362	362	362	362	362	415
88	88	88	88	88	492
401	401	401	401	401	150
463	463	463	463	463	476
369	369	369	337	337	337
275	275	275	356	356	356
284	12	109	109	226	57
85	311	151	279	416	290
406	406	406	406	406	248
499	499	499	499	499	222
98	98	98	98	98	67
435	206	333	234	64	105
423	423	423	423	423	462
452	452	452	452	452	91
254	254	254	254	254	200
93	418	177	418	444	3
67	67	67	67	67	411
306	262	163	227	365	136
379	379	379	379	379	317
481	481	481	481	481	456
58	58	58	381	381	381
338	360	124	124	15	248
119	119	119	119	119	344
478	295	89	247	478	340
250	348	348	118	494	195
244	244	244	244	244	339
7	7	7	7	7	145
187	187	187	187	187	344
318	318	318	318	318	354
478	443	269	173	225	319
411	411	411	411	411	401
345	455	455	494	257	262
410	410	410	288	288	288
36	36	307	307	307	234
288	288	288	288	288	174
417	237	38	178	38	238
450	405	405	266	18	285
323	323	323	323	323	340
86	220	440	309	440	256
391	349	339	334	170	342
142	142	142	142	142	499
63	63	63	63	63	499
112	112	112	112	26	170
70	72	303	341	240	412
421	421	421	421	421	434
497	497	497	497	497	225
190	143	230	132	240	78
147	147	147	147	468	356
363	363	363	363	363	448
369	369	461	461	461	345
158	158	158	158	390	178
427	427	427	427	425	25
25	25	25	25	25	243
347	347	347	347	347	452
497	497	497	497	497	472
245	46	344	74	79	37
52	52	52	52	52	288
357	357	357	357	357	168
368	368	368	87	87	87
127	111	308	363	433	480
159	159	159	159	159	401
247	247	187	187	187	58
337	337	72	72	72	146
419	419	419	419	419	217
273	273	93	93	93	295
26	291	127	425	258	468
236	55	33	317	326	128
289	298	281	239	233	439
46	423	46	83	417	111
179	254	159	295	297	433
129	129	129	129	129	19
8	149	240	16	331	53
463	276	31	242	73	368
127	127	127	93	93	93
144	144	482	482	482	422
390	449	250	370	51	125
304	304	304	297	297	297
214	317	169	350	269	64
291	273	352	480	155	390
122	389	229	122	205	413
378	378	378	378	378	110
270	361	162	341	78	190
444	413	145	10	369	336
443	443	443	443	443	150
373	373	373	373	373	495
467	467	159	159	159	48
308	308	308	368	368	368
83	83	83	276	276	276
146	146	146	146	146	11
5	5	5	5	5	31
482	482	482	482	482	477
245	245	245	245	245	196
284	284	240	370	11	435
421	421	421	421	421	180
282	282	282	282	282	355
256	64	202	491	214	292
355	355	355	355	355	56
152	152	152	152	127	456
484	484	484	484	484	251
152	152	152	152	152	255
363	356	283	363	53	214
8	317	40	186	317	170
336	336	128	128	128	213
269	269	366	366	366	39
51	246	19	338	144	90
165	165	165	165	165	60
295	428	427	170	471	414
61	61	61	61	61	234
346	368	56	60	109	421
366	405	105	300	105	418
317	256	56	176	229	341
86	86	86	86	360	56
321	469	469	475	454	110
387	387	387	387	387	450
408	408	408	408	408	292
473	473	473	473	473	268
284	284	284	284	284	91
337	337	337	337	337	384
327	327	327	327	327	80
423	423	423	423	423	30
416	416	416	416	416	481
163	163	163	163	163	351
351	351	351	351	351	398
152	402	236	447	150	154
121	121	121	121	121	76
428	428	319	319	319	326
485	485	485	485	485	458
44	197	114	219	333	248
169	117	446	117	35	441
40	71	244	84	457	228
109	109	47	47	47	372
11	466	191	104	147	125
100	100	100	100	100	327
423	375	39	78	398	66
454	454	454	119	119	119
40	40	40	40	40	220
62	449	462	364	335	323
225	225	225	225	225	289
458	458	458	458	458	79
300	300	300	21	21	21
32	32	32	32	32	9
274	274	274	442	442	442
426	426	426	426	426	301
248	248	423	423	423	182
148	148	148	287	287	287
271	271	271	271	271	71
190	190	190	190	190	265
489	489	489	489	489	204
365	365	365	365	365	251
449	449	449	449	449	212
139	139	139	139	139	434
449	449	449	449	449	13
236	236	236	322	322	322
73	73	69	69	69	495
445	253	314	67	67	345
462	462	462	462	462	27
467	467	467	467	467	23
135	58	362	439	40	174
288	288	288	288	288	352
400	400	400	400	400	256
345	345	345	345	345	214
289	289	289	289	289	32
26	26	26	26	26	7
201	274	211	251	261	103
420	420	420	420	420	25
12	12	12	80	80	80
60	60	60	60	60	32
153	153	153	431	431	431
358	358	447	447	447	71
220	220	220	220	220	169
182	182	182	182	182	33
474	474	144	144	144	471
481	481	481	481	481	79
12	12	12	12	12	497
195	195	195	195	195	312
73	73	73	73	73	500
323	323	323	323	323	276
127	127	127	127	127	300
268	268	268	268	268	482
414	414	414	414	184	65
355	355	355	355	355	421
281	281	11	11	11	489
197	197	197	197	197	321
311	311	311	311	434	355
342	342	80	80	80	77
53	53	223	223	223	255
156	420	119	404	404	448
379	379	379	379	379	28
102	278	372	310	167	452
129	410	164	357	325	213
83	83	83	83	83	312
26	26	26	26	26	92
447	447	447	447	447	206
466	466	466	466	362	305
116	217	483	199	396	344
135	135	135	135	135	18
294	294	294	294	294	470
244	244	244	244	244	292
134	265	440	313	182	125
377	468	281	418	172	74
50	50	50	50	50	32
391	391	391	391	391	360
350	481	123	175	270	478
209	209	209	209	209	381
363	363	363	363	363	481
331	331	331	331	331	33
2	2	2	2	2	325
26	26	241	241	241	128
37	37	37	37	37	260
382	382	382	382	382	267
456	456	456	456	456	496
246	487	487	107	162	109
239	239	239	239	239	370
233	299	163	436	163	246
203	435	344	493	164	485
8	8	8	8	8	23
150	150	150	150	150	122
14	14	14	14	14	436
266	266	266	266	121	126
346	346	346	346	346	243
259	259	259	415	415	415
471	414	397	40	134	299
245	245	245	245	173	356
187	498	498	104	301	429
68	68	68	207	207	207
418	418	418	418	418	207
63	63	63	63	63	35
335	435	240	49	435	357
55	55	99	99	99	499
109	398	32	427	145	149
109	497	242	387	498	197
28	122	338	256	330	180
191	191	191	191	191	112
283	283	283	283	283	139
26	26	26	26	26	337
127	127	127	127	127	425
194	194	194	194	194	479
462	462	462	462	82	390
473	473	473	473	151	100
134	134	134	134	141	404
449	449	449	323	323	323
275	275	275	275	275	349
316	197	131	95	199	231
278	278	278	278	278	395
322	30	6	112	94	340
463	463	463	355	355	355
104	104	159	170	161	237
142	142	142	210	210	210
70	70	70	70	70	44
223	223	223	223	223	196
342	342	342	342	342	384
230	59	211	100	100	455
161	161	418	418	418	1
328	328	328	328	328	50
310	310	310	310	311	499
158	158	158	158	158	441
144	25	373	434	485	55
141	141	141	141	141	10
311	344	104	480	444	349
478	8	95	166	300	114
107	107	107	107	28	482
415	415	415	251	251	251
323	323	323	323	323	200
486	486	486	486	486	401
357	357	357	357	92	294
432	166	331	375	331	77
247	247	247	247	247	107
111	111	111	111	111	449
328	328	328	328	328	165
380	380	380	380	380	396
373	363	221	132	123	140
109	109	109	109	109	267
42	277	277	453	55	293
231	231	231	185	185	185
125	125	125	125	125	127
71	71	71	71	71	467
175	175	220	220	220	496
448	448	448	448	448	457
395	315	228	351	209	39
487	487	487	487	487	112
150	150	150	150	150	424
159	159	159	159	159	310
164	164	164	164	164	206
369	290	84	243	123	139
110	110	110	110	110	365
395	395	395	395	219	282
280	280	280	280	280	253
442	442	442	442	442	429
186	186	186	186	186	127
334	334	334	334	334	407
74	74	74	74	74	295
345	103	103	392	156	482
119	119	119	298	298	298
324	324	324	324	324	286
403	403	403	403	403	188
362	362	362	65	65	65
198	164	57	218	314	483
435	435	435	435	435	262
481	481	481	481	481	409
2	2	2	2	2	27
215	215	215	215	215	419
208	208	208	208	208	370
248	277	60	277	489	424
215	215	215	255	255	255
242	421	314	360	335	101
425	36	93	425	266	189
43	43	43	43	299	431
177	177	177	177	177	18
177	177	177	282	282	282
67	190	328	194	438	92
139	139	139	139	139	88
39	39	39	39	39	274
264	264	422	422	422	488
395	395	395	395	390	90
482	490	477	181	449	108
198	198	198	198	198	41
481	481	481	348	348	348
481	481	462	11	361	419
31	55	231	345	220	423
165	165	165	165	165	75
163	139	139	1	293	55
250	172	355	294	425	160
496	496	496	496	496	236
311	85	244	244	405	29
18	486	276	460	175	143
348	348	92	92	92	347
477	477	477	477	477	494
133	133	133	133	133	186
411	411	411	411	411	308
63	63	63	63	63	445
302	302	302	302	302	368
191	191	191	191	191	166
382	382	382	382	382	121
6	156	369	451	146	420
333	333	333	333	333	294
53	53	53	53	434	141
13	353	401	136	14	3
42	42	185	185	185	270
73	73	73	500	500	500
147	147	147	147	147	6
427	427	427	427	427	299
449	449	449	449	449	433
227	227	227	227	227	52
104	104	104	104	104	156
54	54	54	54	54	160
464	464	464	464	464	45
459	106	428	192	162	251
25	25	25	25	343	258
220	220	394	394	394	107
243	243	243	119	119	119
194	31	387	22	85	405
405	405	405	308	308	308
111	366	44	486	205	279
342	342	342	342	342	206
475	268	39	89	112	251
118	106	8	387	489	132
340	340	340	340	340	313
231	312	164	389	311	294
291	291	291	291	291	85
400	400	400	438	438	438
234	234	234	234	234	396
182	182	182	182	182	489
110	110	110	110	110	499
421	421	421	421	421	3
480	391	480	182	445	431
77	77	77	77	77	128
391	130	408	337	431	139
479	479	415	415	415	399
327	327	327	69	69	69
458	403	403	399	256	59
460	460	460	460	346	283
212	226	212	138	8	56
248	248	248	248	248	130
372	372	43	43	43	241
372	340	57	3	258	383
362	362	362	26	26	26
313	138	103	438	100	212
458	458	458	458	458	54
138	138	432	432	432	243
133	133	133	255	255	255
204	204	204	204	204	147
415	415	415	415	251	184
459	459	459	459	459	371
34	34	34	34	377	44
493	493	493	437	437	437
356	356	356	356	356	45
32	75	326	452	414	388
329	329	329	329	472	252
312	312	312	312	312	464
226	226	50	50	50	151
33	33	33	33	33	417
7	7	7	7	7	381
406	406	406	406	406	153
260	260	260	260	260	370
117	117	124	124	124	24
276	276	276	276	276	362
456	456	456	456	456	486
359	212	219	347	284	188
354	354	354	354	354	352
467	467	52	52	52	406
257	257	257	257	257	477
51	51	51	51	51	222
398	398	67	67	67	355
336	336	336	193	193	193
430	430	71	71	71	250
68	68	68	68	68	387
328	328	328	328	328	57
452	454	372	310	371	139
214	214	214	214	214	198
244	48	118	95	244	259
474	474	474	474	474	488
496	496	496	496	496	423
482	482	482	482	482	149
161	161	161	161	161	100
477	477	477	477	477	355
34	235	100	100	229	328
260	46	68	330	293	229
44	44	44	323	323	323
277	277	277	277	277	217
27	27	18	18	18	174
86	86	86	86	86	434
14	14	14	80	80	80
129	224	288	248	208	480
490	224	177	171	299	296
384	92	396	286	382	131
255	255	134	134	134	175
363	363	363	363	363	287
196	196	196	234	234	234
155	412	55	287	372	194
91	91	91	91	91	100
398	444	294	230	337	90
371	371	371	371	371	271
302	375	165	260	349	55
431	431	431	431	431	476
122	122	122	499	499	499
485	485	195	195	195	395
243	243	243	451	451	451
466	466	466	466	466	73
232	232	232	232	232	418
257	454	469	210	454	250
268	454	29	38	259	474
336	336	336	336	336	104
446	205	308	265	91	219
433	433	433	433	15	89
361	361	361	361	361	42
229	229	229	229	229	186
25	25	25	25	25	208
53	53	238	238	238	331
374	270	61	6	6	20
479	479	479	479	479	385
210	210	210	210	210	361
73	73	73	73	73	287
19	399	353	299	292	64
287	162	221	446	253	133
303	303	303	303	303	333
330	421	53	83	342	477
42	42	42	42	42	249
318	119	69	483	437	122
338	140	209	404	441	319
161	7	161	499	224	349
442	442	442	442	442	422
192	192	192	192	192	169
23	23	23	23	23	183
78	78	78	78	78	223
358	358	358	358	358	271
354	354	354	354	354	455
197	197	197	197	197	47
432	432	432	432	432	457
484	484	484	484	484	99
433	499	412	304	499	12
246	246	138	138	138	494
5	100	237	61	237	155
364	364	364	364	364	474
163	134	186	367	133	1
326	326	197	197	197	352
331	331	320	320	320	20
15	126	66	114	431	61
491	491	491	491	491	301
438	438	438	438	438	17
169	169	109	109	109	351
184	274	352	238	143	434
99	99	99	399	399	399
98	102	428	114	52	238
265	265	265	71	71	71
403	403	403	403	403	60
383	383	8	8	8	354
110	110	110	110	110	434
482	482	482	165	165	165
239	428	252	400	283	461
29	29	29	29	29	477
3	3	3	3	3	494
73	132	132	471	88	388
330	330	330	450	450	450
262	262	262	262	262	181
485	485	485	193	193	193
36	36	138	138	138	175
159	159	159	159	159	263
266	240	232	189	75	393
131	369	444	213	413	411
59	59	59	243	243	243
190	190	190	61	61	61
467	467	467	186	186	186
41	187	220	482	252	490
26	107	179	458	146	130
135	135	135	264	264	264
11	285	452	207	183	319
308	308	308	308	308	69
134	134	134	134	134	151
149	80	226	294	206	10
169	169	169	169	169	107
88	88	88	88	88	123
218	218	48	48	48	499
321	321	321	88	88	88
460	460	460	460	460	46
422	422	498	498	498	206
447	447	447	111	111	111
181	181	181	181	181	99
80	80	80	80	80	405
219	219	219	219	341	394
424	381	162	441	61	353
355	257	469	129	129	66
425	425	425	425	425	247
410	410	410	333	333	333
327	419	103	419	116	16
178	178	178	264	264	264
65	65	65	65	65	147
460	460	460	460	460	135
314	314	314	314	314	70
57	416	320	393	423	262
446	446	446	446	446	292
250	250	250	250	250	71
341	341	341	341	341	299
5	5	5	5	5	498
407	407	407	407	407	84
74	74	44	44	44	27
294	294	294	347	347	347
314	291	174	23	244	145
421	421	421	421	421	45
71	127	150	295	281	195
212	212	212	212	212	24
126	126	126	126	126	198
242	242	242	479	479	479
105	105	185	185	185	36
481	481	481	481	481	383
159	159	159	159	159	450
234	234	234	234	234	475
39	39	105	105	105	316
172	172	172	172	172	188
133	263	238	78	133	293
254	276	276	119	161	335
318	318	44	44	44	260
372	372	372	372	372	492
292	292	292	292	292	390
25	25	25	20	20	20
346	467	139	26	423	318
306	124	341	292	366	435
12	12	12	12	12	91
131	131	131	131	131	202
210	210	210	210	210	456
235	235	235	235	235	459
497	391	18	472	290	319
30	30	30	30	30	284
178	46	198	244	41	290
332	332	332	332	332	206
196	196	196	196	196	26
158	158	158	158	158	78
35	35	35	35	35	4
103	439	57	132	40	468
463	169	128	16	6	211
199	199	199	199	199	193
477	477	477	343	343	343
492	492	415	415	415	95
249	249	249	249	249	313
206	206	206	206	206	465
210	210	210	210	210	293
121	121	121	121	121	401
51	51	51	51	51	466
99	99	99	99	99	72
286	286	286	306	306	306
238	238	238	238	65	390
477	4	376	161	207	61
94	94	94	94	94	417
416	416	416	416	416	46
467	467	467	493	493	493
416	416	416	416	416	306
381	381	381	381	381	96
431	228	305	490	485	191
309	309	309	309	309	131
123	123	123	123	123	382
32	32	32	67	67	67
73	73	73	73	73	303
284	284	284	284	284	398
481	417	385	437	385	325
358	358	358	358	358	348
219	219	219	239	239	239
220	220	220	220	220	278
13	13	13	13	57	246
234	479	255	429	429	20
384	384	384	384	384	487
204	204	204	204	204	144
176	379	290	290	376	431
278	127	250	228	250	16
480	480	480	480	480	137
376	405	447	468	348	486
163	163	164	164	164	404
446	460	294	290	368	215
459	459	459	459	459	355
260	260	260	260	260	59
452	452	452	452	452	256
262	262	262	216	216	216
210	250	20	204	234	277
238	264	304	273	139	414
469	469	469	469	469	442
454	454	454	172	172	172
187	187	187	416	416	416
43	43	332	332	332	225
359	385	454	449	449	61
455	482	162	352	394	313
185	185	185	185	185	181
429	429	429	429	429	17
205	205	205	205	205	203
175	175	175	354	354	354
163	413	176	244	5	161
458	458	227	227	227	150
30	30	30	30	30	48
401	401	401	245	245	245
142	387	31	486	1	466
488	488	488	488	488	229
476	476	476	476	476	19
385	385	385	385	385	309
256	256	256	256	256	65
63	63	63	63	63	307
138	138	138	138	138	353
369	171	364	58	168	493
4	4	4	4	4	53
339	339	339	339	339	47
118	432	118	271	63	435
141	141	141	141	141	171
374	263	70	61	353	24
448	448	448	448	448	353
278	382	130	40	382	296
176	418	323	1	279	43
58	58	58	260	260	260
462	462	462	462	462	324
393	277	393	68	317	145
60	60	60	60	60	322
200	200	200	200	200	110
360	360	360	360	360	164
174	174	199	199	199	87
247	434	210	387	387	439
45	45	45	45	45	445
4	4	4	4	4	39
474	474	474	474	474	39
256	256	13	13	13	369
52	52	52	52	52	480
65	65	65	65	65	51
121	121	121	121	121	333
325	325	262	262	262	478
196	196	154	154	154	87
456	456	456	456	456	205
377	358	373	113	346	78
156	13	307	444	242	110
54	54	61	61	61	8
377	377	377	377	377	174
275	275	275	275	275	59
121	121	121	121	121	248
311	293	90	152	492	448
106	211	8	188	211	488
184	184	184	184	184	357
178	178	178	178	178	242
330	330	9	9	9	80
332	332	332	332	332	124
233	233	233	233	233	79
420	332	103	115	492	424
441	376	328	343	184	498
391	391	391	391	391	353
491	491	491	491	491	95
413	413	413	413	413	401
273	273	168	168	168	142
215	270	241	343	163	202
451	27	418	451	324	216
318	209	296	220	448	423
286	286	286	286	286	390
420	64	35	187	417	326
83	83	83	83	83	418
83	83	83	361	361	361
35	35	227	227	227	343
182	182	182	182	182	445
276	276	86	86	86	374
299	173	278	36	397	489
216	308	361	294	251	274
366	366	366	366	366	398
343	431	178	405	343	477
192	264	56	8	140	440
301	349	301	391	120	42
277	277	277	277	277	245
87	478	19	437	225	356
110	225	45	228	444	393
35	44	139	288	211	331
154	154	154	201	201	201
142	169	393	106	215	159
372	372	372	372	174	88
418	418	418	418	418	329
132	132	132	132	336	111
204	188	15	485	319	182
326	326	326	326	326	365
317	81	348	286	314	88
370	370	370	370	370	305
354	292	352	112	292	419
398	398	398	398	398	55
120	71	386	345	120	481
247	45	355	57	267	20
286	286	286	286	286	125
464	464	464	464	464	248
148	237	239	452	411	446
376	376	2	2	2	284
199	199	199	199	199	207
42	42	42	42	42	103
288	288	288	288	288	37
479	325	305	296	354	427
378	378	378	378	24	298
108	108	108	108	108	361
238	238	238	238	238	116
301	64	389	435	435	391
477	482	113	166	210	424
420	420	420	420	420	226
410	130	205	382	182	141
195	277	148	174	195	449
12	12	12	12	12	272
348	348	348	348	348	273
386	386	386	386	386	271
390	390	390	390	390	374
262	262	396	396	396	208
175	175	175	204	204	204
267	267	267	267	267	415
237	237	237	237	237	125
156	252	136	136	275	419
200	200	200	200	200	357
329	329	119	119	119	14
383	383	383	88	88	88
268	268	268	268	268	154
459	459	459	489	489	489
51	51	51	51	51	469
346	346	346	73	73	73
62	62	62	62	62	428
254	254	254	254	254	150
141	360	311	476	153	70
214	214	214	214	214	277
133	133	404	296	187	386
470	470	470	11	11	11
59	59	424	424	424	466
149	149	149	149	149	23
394	394	394	394	394	138
432	432	432	432	432	495
398	243	398	147	325	224
271	85	93	389	389	364
304	458	268	15	289	482
395	395	395	395	395	270
329	329	329	329	253	152
274	344	467	304	380	205
174	174	174	174	174	11
114	114	179	179	179	269
111	111	152	152	152	471
205	205	348	348	348	251
421	421	421	421	421	48
281	281	281	281	281	317
266	266	266	266	266	188
446	10	29	166	241	118
350	58	21	359	303	52
439	439	439	439	439	251
431	431	431	431	431	132
237	237	237	237	237	366
463	48	173	450	137	349
180	180	180	180	180	386
313	313	221	221	221	48
178	178	178	178	178	443
168	168	168	168	168	177
130	130	130	130	130	467
205	205	205	205	205	101
389	389	389	389	389	279
19	19	19	179	179	179
255	111	443	49	255	83
359	359	359	359	359	233
231	231	231	231	231	367
135	135	135	474	474	474
266	241	345	201	241	470
27	27	27	27	27	212
497	497	497	497	497	64
391	391	391	391	293	149
25	25	25	25	25	382
45	45	45	45	45	326
39	39	39	39	39	141
92	92	355	355	355	86
41	255	226	345	226	189
314	314	129	366	128	178
320	320	320	320	320	58
128	128	128	128	128	177
198	198	198	294	294	294
445	445	445	445	445	182
44	498	498	464	226	493
157	434	74	457	434	252
294	294	294	294	294	76
167	167	167	167	167	329
65	308	159	91	416	96
98	98	98	98	98	388
90	90	90	90	90	7
88	88	426	361	371	269
396	396	396	396	396	7
483	483	97	97	97	494
101	133	108	198	282	315
28	28	28	28	28	259
282	212	5	344	171	10
196	196	196	196	196	479
220	220	220	220	220	280
498	498	498	498	498	287
36	36	36	36	36	242
365	365	305	305	305	246
36	259	278	331	331	237
197	197	197	197	264	29
209	209	209	209	209	164
270	270	270	270	270	320
160	160	298	298	298	476
377	377	377	495	495	495
321	321	321	321	321	136
489	29	489	117	167	276
139	139	139	139	313	211
329	329	329	329	329	277
481	481	365	365	365	479
201	201	201	178	178	178
53	198	424	493	8	292
490	490	490	490	490	27
65	65	65	65	65	280
350	350	350	217	217	217
218	218	218	218	218	438
383	383	383	383	383	29
277	277	277	277	277	451
279	161	169	16	432	53
475	475	337	337	337	242
455	48	14	258	328	53
384	384	384	384	384	335
28	460	394	96	383	188
361	178	36	159	295	341
42	217	316	181	195	168
385	278	453	453	406	251
160	160	160	160	160	351
341	341	71	71	71	219
6	6	6	6	6	419
215	215	215	215	215	286
173	284	302	284	73	150
215	215	215	215	215	80
185	185	417	417	417	128
279	279	279	279	279	379
24	24	24	24	24	305
395	395	321	183	256	30
428	428	428	428	428	499
478	478	478	478	478	461
20	20	20	20	20	309
178	178	178	178	178	260
237	237	237	237	237	384
315	364	364	203	189	373
261	261	250	250	250	418
151	358	358	383	107	175
278	278	278	278	278	331
490	416	83	205	271	260
75	75	75	75	92	181
98	98	222	222	222	339
284	368	180	329	329	287
226	226	226	226	226	196
26	26	26	26	215	113
65	65	65	65	65	340
10	10	33	33	33	192
188	188	188	188	188	465
195	195	195	195	463	81
472	472	472	135	135	135
44	283	282	486	256	178
474	19	142	365	263	169
470	470	470	470	470	72
37	37	37	37	37	64
452	452	452	415	415	415
272	272	272	272	272	474
329	329	329	329	329	43
253	253	253	253	253	33
403	403	403	403	403	195
97	97	97	97	97	162
172	172	272	272	272	11
336	336	336	336	336	320
65	65	65	65	65	90
169	169	169	169	169	65
353	353	353	353	353	217
1	1	1	1	462	265
407	385	417	365	480	174
2	2	181	181	181	336
497	497	497	497	497	185
395	144	247	483	460	330
67	67	67	67	67	334
294	294	329	329	329	413
55	55	55	55	79	11
8	8	8	8	8	48
220	220	220	220	220	251
363	363	363	218	218	218
89	89	89	148	148	148
135	135	135	135	396	232
161	161	161	161	161	381
402	402	324	324	324	115
37	37	54	54	54	442
153	153	153	153	153	67
271	271	271	271	496	460
70	70	70	70	255	285
479	479	146	146	146	174
54	63	63	393	493	439
41	41	41	256	256	256
325	404	388	334	391	426
51	51	51	51	51	315
319	319	319	319	69	263
231	231	231	231	470	207
126	126	126	126	126	22
33	46	52	474	88	210
480	233	197	74	480	376
486	486	486	486	486	79
153	153	153	153	153	10
30	30	30	30	30	16
170	170	245	245	245	195
41	41	41	145	145	145
469	469	469	469	469	146
400	8	187	350	59	375
18	18	18	472	472	472
371	371	371	371	371	123
299	102	128	419	355	119
359	313	9	376	454	88
428	428	428	428	428	255
296	296	296	296	296	57
53	53	53	53	53	440
316	316	316	316	316	289
213	28	365	395	306	43
350	350	350	350	350	452
230	383	464	231	361	100
469	469	469	469	479	179
258	258	258	258	258	148
57	57	57	398	398	398
152	152	152	152	152	105
182	182	182	172	172	172
40	259	68	40	15	427
419	419	419	419	419	189
13	498	422	225	226	231
363	363	363	363	363	405
90	90	90	90	90	458
295	295	295	295	295	381
387	387	387	387	387	129
264	264	264	264	264	144
306	306	306	306	306	23
278	278	278	305	305	305
155	56	102	51	249	186
53	353	7	102	273	45
184	43	385	450	236	357
383	383	383	383	383	11
481	481	481	481	256	360
280	180	90	476	50	330
477	477	477	477	477	315
386	386	386	149	149	149
230	230	230	352	352	352
314	177	184	177	385	363
234	234	234	387	387	387
224	221	145	145	179	478
99	499	101	228	101	284
424	204	70	484	157	437
396	396	396	325	325	325
301	301	301	301	301	387
468	468	468	468	468	439
233	233	233	233	233	342
376	376	376	376	376	433
443	443	443	479	479	479
292	292	292	292	292	22
137	137	137	137	137	172
274	274	274	274	274	454
289	102	92	371	201	184
270	93	20	136	93	446
260	260	260	260	260	157
218	218	218	218	218	398
380	380	446	348	467	147
10	84	234	152	62	355
415	29	223	420	223	119
25	25	25	25	25	369
281	281	203	203	203	69
431	431	431	431	431	188
67	67	67	67	67	447
143	143	143	381	381	381
485	485	485	485	485	496
390	390	9	291	180	301
122	474	165	330	484	397
445	240	379	4	445	498
472	472	472	472	472	269
460	254	348	192	281	121
273	273	273	135	135	135
105	266	322	270	101	419
471	241	214	426	67	251
189	155	155	92	367	363
376	484	375	50	233	336
19	231	187	408	141	23
91	495	442	113	230	463
424	424	424	424	424	397
481	481	481	481	481	150
40	40	346	346	346	84
457	457	457	457	457	293
372	165	152	372	338	147
383	383	383	383	383	88
79	79	480	480	480	28
492	492	492	492	492	260
228	228	126	126	126	410
42	42	42	42	412	355
476	11	408	219	298	400
217	217	217	217	135	408
437	437	437	405	405	405
298	298	298	298	298	421
131	131	131	131	131	133
295	477	51	462	457	361
240	240	240	240	240	456
260	260	180	180	180	310
235	235	235	400	400	400
152	152	152	152	152	321
336	336	464	72	347	23
437	437	437	437	437	168
369	369	369	369	369	305
144	144	144	144	144	284
357	357	357	357	357	467
23	23	23	23	23	278
332	332	332	332	332	453
286	286	286	448	448	448
428	450	124	165	166	324
126	329	495	381	404	12
132	196	380	159	1	483
340	340	340	340	340	384
86	86	86	86	86	324
317	317	317	317	317	126
114	114	159	159	159	386
253	253	253	253	253	363
274	274	479	479	479	279
399	374	205	498	498	253
487	487	487	487	487	64
209	209	209	209	209	440
331	331	331	331	331	406
369	369	369	369	369	303
60	60	60	60	60	61
472	492	137	434	394	297
357	357	357	357	357	234
327	67	298	362	362	98
12	355	339	12	188	390
66	66	66	66	66	75
449	449	449	449	449	148
466	466	466	466	13	223
160	160	37	37	37	455
170	425	65	252	40	13
171	171	171	171	171	96
342	104	499	66	66	457
294	294	294	294	294	242
417	61	451	159	468	157
497	497	497	497	30	337
214	214	214	214	214	142
493	493	493	493	493	347
126	126	126	126	126	118
318	318	318	318	318	244
155	29	475	73	380	196
365	365	365	365	365	47
168	168	168	168	168	261
36	207	141	285	239	28
326	221	486	58	393	35
282	282	282	282	282	295
312	312	312	394	394	394
375	375	375	375	375	475
357	357	357	357	357	447
170	170	170	170	170	495
380	380	380	380	380	429
91	453	2	25	113	279
357	357	357	357	357	14
210	210	210	174	174	174
145	145	31	31	31	87
122	122	122	378	378	378
210	210	210	210	210	78
258	258	237	237	237	175
135	135	135	135	135	293
478	478	478	478	478	434
461	461	461	260	260	260
249	365	118	181	121	26
385	385	385	385	385	302
60	60	60	60	60	239
223	223	223	223	319	248
386	478	6	386	102	351
30	30	30	30	30	8
267	267	449	449	449	399
13	13	13	13	13	15
221	221	221	221	221	483
169	169	169	169	169	189
111	114	363	350	325	257
487	85	199	256	383	238
153	153	116	116	116	255
286	286	286	286	286	325
348	101	391	468	398	430
171	171	171	171	171	113
202	202	369	369	369	360
230	230	230	21	21	21
180	169	218	20	253	320
318	98	72	228	461	192
366	366	111	111	111	157
30	30	30	30	30	264
225	225	225	225	225	48
480	480	480	480	480	495
298	298	298	298	298	361
493	493	493	493	433	372
118	118	118	118	118	370
83	83	83	83	83	248
215	215	215	279	279	279
273	273	273	100	100	100
29	347	111	279	347	217
391	391	391	281	281	281
347	347	79	79	79	447
345	345	345	311	311	311
484	484	484	484	484	17
409	409	409	409	409	89
250	250	250	250	250	422
439	439	439	439	439	332
27	27	27	27	27	425
191	191	417	417	417	244
92	125	58	193	312	253
288	288	288	288	288	492
451	451	451	89	89	89
182	182	182	88	88	88
287	287	287	287	287	151
207	207	207	207	207	111
425	211	87	449	214	499
182	485	241	69	12	263
44	44	44	44	44	453
119	119	119	119	119	499
197	197	197	197	197	386
46	311	229	156	364	182
346	346	346	346	346	375
231	231	231	231	231	28
330	330	330	330	330	113
242	242	242	242	379	475
167	167	167	167	167	295
147	147	147	147	147	448
279	279	279	279	279	51
495	375	246	358	358	1
149	406	155	296	309	254
87	261	94	226	129	317
213	213	213	213	213	439
32	32	42	42	42	225
389	389	299	299	299	464
282	282	282	282	282	253
224	224	224	86	86	86
419	419	419	419	419	401
109	109	109	109	109	387
494	494	261	261	261	39
31	31	31	241	241	241
141	277	109	279	239	161
261	261	261	261	245	237
193	193	193	193	464	348
330	430	193	265	192	451
435	303	306	435	430	437
395	395	395	253	253	253
241	241	241	241	241	191
33	33	33	252	252	252
242	335	462	157	283	487
359	298	212	202	359	172
33	33	126	126	126	402
417	417	417	417	142	101
161	161	161	161	161	373
289	289	289	289	289	294
339	75	8	287	259	146
151	151	248	248	248	182
448	448	448	448	448	126
37	37	37	37	37	211
101	101	101	103	103	103
50	50	50	50	50	265
377	265	187	410	348	458
80	80	361	361	361	371
355	355	355	270	270	270
85	85	85	85	85	58
456	264	147	190	75	383
353	353	353	353	353	153
372	372	372	372	372	221
460	418	184	436	183	236
87	460	240	359	195	429
254	254	130	130	130	311
459	459	459	459	459	100
226	310	35	154	470	466
417	417	417	417	417	426
361	361	477	477	477	27
159	159	159	159	159	22
325	325	54	54	54	358
284	284	284	284	284	207
158	158	308	308	308	85
251	251	251	251	251	7
235	235	235	235	235	362
315	315	315	315	315	194
325	325	325	346	346	346
238	320	254	370	361	302
113	392	68	21	2	308
408	408	408	408	408	433
259	259	259	259	259	47
197	402	266	235	279	214
345	345	345	345	345	336
308	308	308	308	308	339
158	158	158	158	158	297
68	68	68	68	68	255
125	125	69	69	69	66
132	132	132	132	132	328
151	151	121	121	121	442
153	153	153	153	153	13
453	453	91	91	91	206
270	354	210	40	40	408
128	128	128	128	128	416
480	480	112	112	112	344
71	480	71	41	124	219
397	397	397	397	397	190
410	410	410	410	410	347
283	283	283	283	283	44
173	357	249	320	6	487
103	103	29	29	29	52
186	186	186	467	467	467
34	34	34	362	362	362
270	270	270	270	374	413
473	186	431	260	83	105
369	369	369	369	369	258
140	140	140	140	140	159
73	73	73	73	244	378
148	408	408	259	227	468
117	117	422	422	422	88
39	225	383	383	153	448
321	321	321	321	321	69
41	41	41	41	364	46
483	483	483	483	483	496
384	384	384	384	384	160
148	277	162	277	370	415
288	288	288	288	288	58
280	257	355	148	229	265
279	279	279	279	279	141
320	320	320	320	320	434
106	106	106	106	106	331
285	60	315	386	266	465
201	201	5	5	5	465
140	140	398	398	398	383
469	469	469	85	85	85
475	475	294	294	294	325
220	220	12	209	364	418
318	318	318	345	345	345
283	283	283	283	283	426
432	313	354	270	38	255
155	155	155	155	155	305
469	469	4	4	4	26
8	116	179	57	159	97
62	28	28	378	340	492
34	34	34	34	430	165
255	255	255	255	255	335
427	427	427	342	342	342
267	51	233	51	101	161
486	486	486	486	486	469
145	145	145	145	145	359
87	87	173	173	173	322
372	388	450	214	378	490
9	9	9	9	9	94
344	344	344	344	344	108
159	159	483	483	483	105
109	109	109	109	109	159
236	236	236	236	236	419
18	368	368	289	434	211
34	232	97	369	196	10
457	457	457	457	457	189
357	357	357	357	357	19
325	325	325	325	325	35
494	494	494	494	494	385
76	76	76	76	97	300
272	272	272	272	272	305
243	243	243	243	243	456
207	207	207	207	207	247
54	223	280	446	364	143
26	26	26	26	26	76
435	435	435	435	435	454
63	63	179	179	179	70
479	479	479	479	479	246
219	219	219	219	219	268
251	251	251	251	251	322
472	472	472	472	472	273
61	61	61	61	61	435
451	451	451	451	451	97
21	21	21	21	21	118
106	332	311	122	278	45
80	80	80	80	80	296
9	328	444	178	259	476
447	447	447	447	447	92
202	202	202	202	202	395
26	26	26	26	26	297
180	180	180	180	180	212
390	390	390	390	390	151
61	72	360	94	332	453
215	215	215	215	215	426
475	230	267	3	3	406
186	186	186	186	186	296
252	252	252	252	252	270
359	359	359	359	435	220
5	5	5	5	5	461
430	430	430	430	430	442
460	207	41	373	261	292
80	80	286	286	286	270
342	342	342	342	342	125
449	478	227	478	457	407
240	240	240	1	1	1
160	160	160	157	157	157
476	476	476	476	476	49
144	257	221	221	453	35
120	120	120	120	120	438
180	180	180	180	180	449
120	253	442	253	234	324
489	411	11	100	269	464
324	324	324	324	324	319
417	417	417	154	154	154
35	35	35	35	35	419
59	59	59	59	59	430
314	314	314	314	314	223
415	415	415	415	415	76
33	101	473	203	468	168
233	37	345	489	422	223
242	407	490	294	422	30
179	179	102	102	102	269
480	480	480	480	480	174
116	231	151	191	260	13
56	56	56	56	56	52
206	206	206	206	206	107
312	86	481	459	436	310
370	370	370	294	294	294
220	220	220	220	220	465
128	128	128	128	128	315
231	231	132	132	132	2
124	124	124	124	124	53
46	46	46	46	329	200
405	294	91	91	348	414
442	442	316	316	316	25
133	133	133	133	133	204
8	314	6	351	485	197
404	404	404	293	293	293
184	184	184	184	184	404
292	292	292	292	292	157
334	352	153	75	153	327
446	446	84	84	84	23
281	281	281	281	281	421
205	450	437	14	260	423
435	435	435	435	435	333
35	35	35	35	35	108
181	181	181	348	348	348
163	163	163	405	405	405
397	397	397	397	397	277
474	474	474	474	474	383
49	49	111	111	111	160
201	201	201	201	201	281
223	223	223	223	223	11
209	209	209	379	379	379
342	64	64	52	134	422
208	457	102	234	167	161
239	239	239	239	239	388
326	326	326	326	326	23
403	403	403	403	403	386
274	194	274	445	156	218
182	182	182	182	182	318
467	467	467	467	467	222
2	282	422	282	412	390
277	277	277	277	160	386
221	221	221	406	406	406
293	293	293	293	293	250
232	232	232	232	232	191
23	23	23	135	135	135
36	430	445	178	200	91
321	321	321	321	321	457
154	154	209	209	209	228
190	190	439	439	439	232
432	27	293	21	228	84
330	330	330	330	330	14
174	174	174	174	174	185
66	66	66	210	210	210
227	208	344	208	292	452
28	28	28	28	28	387
444	444	415	415	415	376
185	185	414	15	357	431
109	109	189	189	189	261
93	93	93	93	93	23
188	188	188	188	188	230
221	221	221	221	221	325
212	212	212	303	303	303
422	352	265	99	329	240
72	420	284	63	284	69
214	54	371	75	378	433
40	40	40	329	329	329
469	469	469	66	66	66
32	32	32	32	32	370
218	218	218	218	218	315
4	4	4	4	4	93
19	19	19	19	19	195
18	18	18	18	18	233
200	200	200	200	200	43
346	346	346	346	346	308
194	49	428	347	194	97
88	88	88	88	88	265
152	152	152	152	152	98
348	348	348	348	348	498
15	15	15	15	15	447
29	29	29	29	29	137
313	313	313	313	313	302
475	475	475	475	475	281
382	382	98	98	98	359
42	403	162	403	239	390
140	140	140	355	355	355
163	392	242	100	164	267
200	431	138	475	371	114
56	56	56	56	56	112
369	369	369	369	369	424
280	280	280	280	280	392
377	377	377	377	377	47
349	349	349	349	349	452
64	64	64	64	64	462
315	100	113	315	200	176
34	53	254	12	486	177
96	96	96	96	96	473
233	233	447	447	447	92
97	97	97	97	97	251
282	282	27	27	27	134
225	225	225	225	225	234
397	397	397	397	397	3
468	293	293	290	64	160
496	496	496	496	496	328
256	256	256	256	256	482
78	78	78	406	406	406
336	336	289	289	289	389
118	118	118	413	413	413
239	239	239	239	239	250
70	70	70	70	70	126
217	217	87	87	87	439
208	208	208	208	495	346
284	284	284	284	284	487
342	259	274	199	205	431
310	310	310	310	310	165
336	336	336	336	336	108
406	406	406	406	406	339
440	440	440	64	64	64
60	60	60	60	60	20
325	325	325	325	325	491
205	205	205	205	205	11
88	88	88	88	88	290
446	327	327	437	49	493
295	354	437	295	332	310
385	385	385	385	385	439
411	411	411	411	411	5
366	366	366	366	366	117
20	20	20	20	20	164
303	303	303	303	303	161
300	300	300	300	300	334
105	105	105	105	105	282
300	156	12	171	44	323
7	306	69	226	184	222
362	362	362	362	362	227
419	116	301	152	193	478
197	197	197	197	197	414
277	277	464	464	464	166
82	82	82	82	82	475
104	120	292	40	42	224
303	303	307	307	307	229
378	378	378	47	47	47
84	84	84	84	84	218
15	15	15	15	15	202
297	297	297	297	297	442
254	290	225	193	18	492
385	277	249	284	461	124
217	237	212	110	420	328
355	83	281	125	158	19
247	361	137	25	446	245
62	62	62	62	62	367
264	166	25	37	235	107
461	461	461	461	461	191
156	174	274	187	58	123
464	348	479	391	464	344
260	258	264	356	396	365
483	386	30	483	463	90
51	51	100	100	100	212
460	460	460	460	460	66
112	137	69	318	69	313
401	481	331	22	401	62
28	28	28	28	484	390
297	297	297	297	297	500
30	30	30	30	30	326
371	371	371	371	10	457
416	416	416	416	416	189
180	180	180	180	180	143
238	341	58	342	222	95
78	78	78	78	78	483
282	389	282	233	436	104
124	124	124	481	481	481
198	198	45	435	167	149
476	476	476	493	493	493
266	266	266	266	266	269
17	17	206	359	384	416
461	451	484	461	157	299
251	251	251	251	251	436
444	85	413	69	85	82
368	368	368	296	296	296
343	343	60	60	60	186
215	215	215	215	214	394
479	479	479	479	479	2
463	463	463	463	463	382
20	20	20	20	20	103
367	367	2	2	2	392
22	22	22	22	22	448
392	392	392	392	392	105
204	204	204	380	380	380
410	212	459	496	459	237
182	182	182	182	182	267
174	121	479	19	125	299
49	49	49	49	49	3
34	34	210	126	387	184
313	313	313	313	313	269
179	179	298	298	298	195
45	294	180	164	255	113
35	35	35	35	35	124
219	219	219	219	219	452
81	81	81	81	152	405
381	381	381	69	69	69
98	257	349	59	257	126
268	268	268	268	268	118
310	310	310	376	376	376
214	214	214	214	214	299
267	267	267	267	267	472
202	202	202	202	20	22
147	147	147	147	147	265
223	223	48	48	48	229
226	226	226	226	226	482
68	68	68	68	68	377
93	93	93	93	93	265
57	57	57	57	61	486
18	71	201	201	208	164
380	380	380	380	466	492
111	111	111	103	103	103
118	118	118	118	118	116
496	496	496	496	209	287
451	451	451	133	133	133
76	97	190	447	309	119
142	142	142	142	142	310
29	58	11	445	29	267
252	248	494	52	166	132
198	198	198	198	4	230
417	417	417	417	417	498
4	165	215	165	60	372
422	422	137	137	137	226
365	365	365	203	203	203
243	243	243	243	243	289
151	151	151	151	151	345
327	327	327	327	327	296
300	300	300	300	436	412
462	462	462	443	443	443
209	209	328	328	328	349
447	447	447	447	447	101
454	289	65	35	65	12
422	422	422	422	422	473
191	191	191	191	148	41
233	233	233	233	233	193
271	271	271	271	271	252
421	421	421	421	308	103
482	482	482	482	482	164
131	131	131	131	131	90
250	250	250	250	250	458
301	301	301	301	301	408
460	460	212	212	212	394
3	3	135	135	135	134
155	114	249	344	44	460
278	278	246	246	246	331
230	230	230	230	230	423
270	270	270	270	270	431
81	81	81	81	81	325
32	32	32	162	162	162
65	65	65	65	93	446
45	65	322	21	385	245
400	302	12	457	425	150
220	220	220	143	143	143
161	161	161	369	369	369
475	475	475	475	475	374
344	344	344	85	85	85
126	320	63	289	71	331
333	455	76	469	55	420
441	441	441	441	441	8
380	380	266	266	266	377
360	360	360	360	360	15
216	216	216	216	488	243
489	489	489	489	489	188
138	138	138	138	138	268
296	296	296	296	296	228
442	442	442	442	442	225
258	403	3	256	343	226
437	437	437	437	85	429
109	109	109	109	109	257
101	286	101	5	452	242
403	403	65	65	65	294
224	243	294	76	213	261
370	241	36	47	193	257
104	104	104	104	104	171
365	365	466	466	466	234
20	20	20	20	271	292
422	422	422	422	422	483
28	28	28	28	28	327
86	86	227	227	227	133
107	107	107	107	107	392
131	131	428	428	428	404
368	368	368	368	368	371
115	233	464	289	187	496
415	415	161	161	161	53
101	101	101	101	101	261
9	9	9	487	487	487
102	395	65	353	394	104
80	80	80	80	211	183
445	445	445	445	445	471
351	395	395	267	434	173
214	123	347	283	488	188
62	62	62	62	62	384
270	160	443	386	167	422
471	471	471	471	471	182
140	140	140	140	140	262
101	101	101	101	101	323
94	131	230	84	128	304
355	355	355	355	355	411
363	363	363	363	363	277
217	217	217	217	217	354
448	448	448	448	448	127
278	278	278	278	278	435
195	195	195	66	66	66
52	329	416	329	20	12
493	493	493	493	493	448
344	344	344	344	344	110
134	134	134	134	134	83
171	171	171	171	486	380
93	56	216	317	216	310
137	137	137	137	137	105
314	314	314	314	314	12
376	376	376	376	376	455
377	175	202	377	106	88
345	3	280	274	274	374
29	29	29	388	388	388
471	329	471	364	40	126
333	1	99	474	272	372
452	452	452	452	342	433
471	471	471	471	471	208
245	245	245	245	245	76
355	355	408	408	408	230
273	273	273	273	273	237
43	43	43	43	43	8
400	400	400	400	111	209
293	293	293	293	293	83
371	371	371	371	371	300
371	371	371	371	80	311
168	168	168	168	168	52
415	415	415	415	415	252
172	172	172	172	172	321
165	165	165	165	165	174
450	450	450	450	450	6
29	29	29	29	29	13
5	5	5	5	5	23
441	63	238	27	497	225
378	378	378	378	378	238
381	381	381	381	381	13
390	390	390	390	390	432
187	187	187	9	9	9
5	5	5	5	302	39
272	272	272	272	272	405
490	489	392	335	111	347
178	178	178	178	178	191
182	182	182	182	182	176
118	118	118	405	405	405
137	441	137	235	387	408
310	310	310	310	310	83
468	468	67	4	331	176
428	428	428	428	428	149
202	202	202	202	202	167
72	72	72	72	72	411
196	196	196	196	196	201
378	378	378	378	378	80
124	124	398	398	398	17
389	227	413	246	484	304
327	327	327	327	327	286
279	279	279	279	461	382
49	49	49	224	224	224
31	31	31	31	31	113
464	464	464	464	464	232
110	110	110	110	110	464
96	96	16	16	16	472
487	487	487	487	487	170
114	114	114	114	114	252
78	335	269	78	483	347
445	445	445	473	473	473
24	24	24	24	24	175
96	96	313	313	313	223
382	382	92	92	92	253
235	235	235	235	235	156
25	25	25	25	25	238
343	343	371	371	371	395
260	260	260	260	260	231
155	155	155	155	155	206
49	22	139	482	417	419
311	311	311	311	311	174
290	290	290	290	290	246
195	195	306	306	306	346
432	432	432	432	432	75
122	122	274	274	274	295
447	60	345	451	116	19
345	355	96	320	355	315
471	471	391	391	391	103
350	350	350	350	350	56
71	71	71	444	444	444
293	470	493	312	8	174
201	201	201	201	201	373
166	403	199	413	166	181
74	74	151	151	151	129
418	418	418	418	418	463
91	91	91	91	91	55
187	187	187	187	187	404
154	154	154	154	154	276
304	304	304	304	304	52
105	105	105	105	105	417
233	213	292	392	64	401
319	319	259	259	259	137
334	334	334	334	334	169
238	238	238	238	238	320
71	467	344	72	331	38
329	329	329	329	329	446
235	235	235	235	235	43
352	171	48	189	287	113
138	138	60	60	60	219
345	345	345	345	345	490
100	100	100	100	100	372
289	289	289	289	289	16
101	101	392	392	392	68
201	201	201	201	201	325
413	413	413	31	31	31
470	470	300	300	300	279
281	227	460	155	379	214
145	145	145	93	93	93
429	429	186	186	186	250
191	191	191	191	191	217
190	190	190	190	190	278
65	190	390	390	125	35
279	201	121	183	153	406
226	226	226	226	226	134
113	113	348	348	348	120
448	448	448	448	448	161
432	432	432	432	432	193
98	98	221	221	221	178
495	495	495	495	495	384
278	405	436	127	2	214
57	57	57	57	473	233
296	225	228	227	10	424
286	286	286	286	286	132
349	349	349	349	349	500
227	227	423	423	423	124
275	275	275	275	275	104
469	156	395	21	129	222
396	396	396	396	275	397
54	54	54	54	54	369
23	23	23	23	23	413
328	328	328	328	328	391
138	138	138	138	138	139
3	3	71	71	71	30
357	357	78	78	78	356
100	100	100	399	399	399
422	422	94	94	94	339
188	188	188	188	188	65
292	292	292	292	292	371
216	216	216	371	371	371
217	217	217	478	478	478
241	241	243	243	243	380
282	282	282	282	282	301
249	249	307	307	307	383
324	324	491	491	491	266
249	249	249	249	249	138
205	310	475	149	460	103
6	6	6	6	6	396
89	89	335	335	335	467
218	262	84	167	30	450
128	102	102	263	372	224
23	23	23	23	23	304
487	487	487	487	487	75
294	294	294	294	294	306
494	494	494	494	494	22
212	212	212	212	212	144
127	127	127	127	156	10
482	482	482	482	482	310
421	421	421	421	421	375
284	284	284	284	284	77
6	125	389	125	381	386
27	27	27	27	27	322
201	201	201	201	201	184
345	345	345	345	345	416
192	192	192	192	192	255
275	275	275	275	275	336
90	90	90	90	90	94
424	424	424	424	424	327
168	106	159	435	133	306
387	387	387	387	387	394
268	268	268	268	268	400
255	98	166	252	255	452
317	317	317	317	424	52
175	258	43	262	241	452
450	450	450	450	38	335
395	395	395	395	432	492
197	163	157	284	132	469
293	293	293	293	293	491
118	118	118	118	118	270
333	333	333	333	333	231
119	119	61	61	61	210
370	370	238	238	238	244
95	468	464	372	372	70
56	56	56	56	56	271
179	179	236	236	236	337
454	100	416	57	476	303
472	472	472	472	472	258
32	32	32	32	32	43
237	237	237	21	21	21
127	477	273	127	111	68
347	347	347	347	347	188
25	25	25	25	25	159
18	380	333	333	51	394
153	153	153	153	153	11
443	443	443	386	386	386
155	135	260	83	135	64
101	101	163	163	163	256
429	431	150	157	150	386
12	12	12	12	12	337
376	369	376	389	168	309
364	364	364	364	364	457
316	316	316	316	316	92
128	88	425	425	489	176
110	110	380	380	380	462
265	265	265	265	265	82
32	32	32	32	32	25
449	354	354	19	226	10
288	288	288	173	173	173
375	375	375	375	375	129
379	379	379	379	379	21
74	10	357	430	296	204
94	334	496	139	496	389
223	223	187	187	187	366
305	305	305	305	305	291
121	121	121	121	121	434
16	365	217	415	179	168
174	174	174	43	43	43
192	192	192	192	192	72
206	305	471	168	404	193
438	438	438	438	325	466
304	304	304	304	304	415
357	153	51	357	480	43
27	27	27	27	27	13
436	436	436	436	436	35
282	282	282	282	103	147
162	162	18	18	18	400
217	217	124	124	124	87
290	290	290	290	290	6
109	109	109	109	109	206
216	216	216	216	216	375
182	182	182	94	94	94
252	288	390	80	121	465
247	72	399	370	247	289
295	295	295	295	295	218
156	156	156	156	156	481
403	403	403	227	227	227
478	478	478	478	478	493
474	474	474	474	474	184
346	346	346	346	346	365
102	102	102	46	46	46
423	423	423	423	423	291
292	292	469	469	469	451
373	373	373	373	373	258
129	270	429	17	202	280
293	293	293	293	293	496
483	483	63	63	63	152
420	61	401	174	401	81
114	158	20	363	363	104
214	179	432	222	214	2
383	383	383	210	210	210
358	358	358	358	358	440
351	351	351	45	45	45
55	468	64	99	77	436
6	6	6	6	6	54
363	363	331	331	331	381
97	97	97	344	344	344
245	245	245	496	496	496
197	197	197	197	197	88
390	390	390	390	390	479
329	329	329	329	329	415
90	90	90	90	90	57
445	445	445	445	445	387
171	171	158	158	158	68
449	389	19	29	472	108
105	105	105	105	105	76
384	321	211	321	471	135
52	52	52	178	178	178
335	335	335	335	335	291
483	274	477	248	483	273
462	462	462	462	462	161
1	1	1	167	167	167
15	15	407	407	407	308
387	65	65	245	12	181
366	366	366	366	366	73
473	473	473	473	473	378
157	157	224	224	224	362
55	55	41	41	41	150
259	259	259	259	259	483
39	39	39	39	39	276
470	470	45	45	45	191
222	222	222	222	222	366
150	150	150	150	150	116
245	321	205	414	305	88
76	76	76	76	76	214
271	271	271	271	271	245
269	269	269	269	269	73
14	14	14	14	14	55
13	13	13	13	13	240
464	304	492	124	464	51
437	437	437	437	437	500
414	414	172	172	172	277
277	277	277	277	277	124
211	383	367	144	364	174
481	356	73	387	481	2
44	44	44	44	44	145
296	296	296	421	421	421
294	453	427	358	294	100
171	171	171	171	171	496
305	305	305	305	305	191
474	474	474	474	474	271
115	115	115	115	115	174
475	475	475	475	475	479
285	285	285	285	285	242
265	265	244	244	244	378
43	43	43	43	43	6
420	231	464	420	257	467
81	72	451	260	260	125
88	382	89	34	283	216
217	217	217	217	187	153
481	481	481	481	481	194
418	418	418	418	418	205
374	374	374	374	374	111
6	6	249	249	249	20
329	329	329	329	329	287
58	58	58	58	76	180
444	444	444	499	499	499
390	390	488	488	488	370
352	352	352	352	352	388
88	88	88	88	88	118
418	418	418	418	418	411
452	452	452	452	452	454
19	19	19	19	19	42
372	372	372	372	372	41
342	342	342	342	342	130
94	94	94	94	94	399
111	111	111	111	111	118
451	451	451	451	451	30
179	179	93	93	93	292
204	204	9	9	9	288
499	499	499	499	499	144
190	190	190	347	347	347
371	274	275	120	179	198
384	384	179	179	179	252
81	221	261	261	266	172
449	449	449	450	450	450
430	430	430	430	430	201
21	21	21	21	471	337
268	268	268	268	268	370
431	431	431	431	431	326
178	267	377	377	378	447
44	44	166	166	166	415
134	492	378	492	112	83
329	329	329	329	329	42
490	490	177	482	400	118
82	82	392	235	308	342
227	227	124	124	124	159
34	34	34	34	34	223
364	364	364	364	364	152
153	153	153	153	153	456
108	108	108	108	108	409
207	411	355	268	204	36
78	78	78	78	78	452
372	372	372	372	372	39
209	209	209	209	209	42
308	308	150	150	150	333
85	235	73	309	9	401
311	311	311	311	311	493
193	131	363	457	448	22
422	422	422	58	58	58
435	435	435	244	244	244
322	45	368	400	38	296
391	391	391	391	391	251
347	347	347	347	347	374
307	183	266	140	133	191
183	183	183	174	174	174
223	223	223	223	223	254
322	255	421	208	18	422
41	335	7	55	459	170
81	24	248	97	24	271
420	420	420	420	420	202
350	350	350	350	350	95
429	232	309	491	355	337
420	220	420	18	133	234
83	83	83	244	244	244
404	404	164	164	164	161
343	343	343	343	230	394
44	44	44	44	44	169
69	69	69	69	69	210
31	31	31	31	31	170
123	123	123	123	123	393
56	381	381	136	129	87
339	339	339	339	339	78
385	385	385	385	134	248
47	47	47	489	489	489
454	454	454	454	454	442
183	183	183	183	183	374
39	39	39	39	151	161
285	285	285	285	285	234
385	385	385	385	385	44
331	331	76	182	169	176
375	375	375	375	375	290
422	422	422	422	422	347
134	134	134	134	134	203
238	238	238	238	238	261
174	174	174	174	174	28
484	484	484	484	484	249
426	426	426	426	426	382
270	270	265	265	265	232
109	109	109	109	396	78
51	51	51	51	51	226
433	433	433	433	433	323
27	27	27	27	27	299
367	367	367	367	367	241
252	252	252	252	252	202
208	208	208	208	208	211
67	67	67	67	67	210
373	373	373	373	373	136
430	430	193	135	126	130
80	80	80	80	8	253
3	133	96	133	363	165
483	483	483	483	483	371
181	181	181	181	181	200
177	177	177	177	177	192
142	142	336	336	336	79
307	484	487	487	56	109
4	4	4	4	4	266
99	99	99	273	273	273
297	198	262	53	223	255
226	226	226	226	226	8
30	30	30	30	30	75
126	126	213	213	213	68
216	216	216	216	216	145
474	474	474	474	474	199
498	498	498	498	498	235
432	432	407	407	407	161
68	230	394	22	78	148
161	161	161	161	161	286
497	497	497	497	497	181
392	116	142	256	306	191
397	360	492	110	308	441
132	146	232	74	74	139
104	104	104	104	104	25
178	178	178	178	178	337
361	361	459	459	459	133
68	68	68	68	466	64
444	444	444	444	444	143
219	59	448	174	219	117
395	395	395	260	260	260
279	279	279	279	279	413
119	119	119	119	320	257
186	186	186	186	186	465
120	120	120	120	120	423
162	162	162	162	162	426
435	460	127	230	134	270
149	149	149	149	455	274
14	14	14	14	14	346
171	171	171	171	171	371
382	382	167	167	167	61
163	163	163	163	163	275
139	139	139	139	139	450
122	122	10	10	10	186
112	112	112	161	161	161
38	38	38	164	164	164
69	266	126	417	351	496
445	445	445	445	445	154
304	304	304	304	304	467
281	281	281	281	373	88
86	86	86	86	86	15
74	74	74	74	74	116
91	91	91	230	230	230
65	65	10	10	10	261
374	374	374	374	374	398
97	212	328	168	212	186
495	19	374	12	460	259
264	117	393	159	7	158
478	383	89	296	283	195
180	89	338	77	195	387
36	291	101	386	386	327
196	196	196	196	196	225
319	319	319	319	319	180
497	497	497	497	497	429
78	78	78	78	78	274
395	395	395	395	395	367
95	95	95	95	95	209
225	225	225	225	225	181
87	87	87	87	87	52
58	58	58	373	373	373
283	283	283	283	283	17
283	283	283	397	397	397
111	111	175	175	175	118
241	241	241	241	241	325
80	80	466	62	76	422
177	200	118	177	261	335
130	130	130	130	130	227
201	201	201	201	201	331
126	126	126	499	499	499
175	175	175	175	44	214
462	462	462	280	280	280
289	289	289	289	289	150
149	149	433	433	433	158
186	270	407	216	270	166
430	430	430	430	430	88
169	497	50	336	7	441
226	226	494	494	494	378
326	326	326	326	326	65
467	497	387	6	473	75
145	145	145	145	358	134
402	402	402	402	402	172
96	96	96	96	96	454
148	148	148	148	305	34
341	341	341	341	341	374
388	388	388	388	388	385
371	371	371	35	35	35
395	395	395	395	395	18
329	329	329	329	329	295
39	176	71	176	33	379
349	84	3	194	134	446
38	38	38	212	212	212
416	299	366	85	429	288
456	456	456	209	209	209
6	6	2	2	2	227
297	189	260	281	364	140
171	171	171	171	416	470
474	474	474	474	474	103
42	463	62	226	287	324
467	467	467	467	467	180
251	251	251	379	379	379
306	306	96	96	96	50
336	474	33	261	44	226
461	337	4	303	30	282
124	288	131	59	131	108
82	82	82	82	82	461
160	287	317	2	232	473
215	455	76	210	60	182
103	301	434	436	121	407
478	478	478	478	478	427
210	165	165	316	451	452
249	249	249	249	490	384
10	334	96	348	458	468
49	49	49	49	49	484
146	146	146	146	146	437
54	54	54	54	54	22
119	119	145	145	145	200
25	25	25	25	25	171
209	209	209	209	209	63
275	275	275	275	275	194
468	468	468	468	468	2
378	496	346	385	272	372
290	290	290	290	290	214
220	220	220	220	220	41
345	345	217	217	217	426
33	33	33	33	33	38
212	212	236	236	236	95
468	468	468	2	2	2
427	427	427	427	427	307
401	401	401	401	157	253
419	188	228	228	319	485
67	67	172	172	172	30
426	299	426	119	264	147
435	435	435	435	435	284
263	263	263	263	263	361
480	480	480	480	252	20
360	360	360	360	360	242
98	98	98	358	358	358
26	355	223	247	202	339
343	66	88	158	406	219
374	374	374	374	374	285
341	407	2	172	221	349
56	56	56	56	56	431
362	362	362	362	362	497
428	409	460	409	424	360
4	4	4	4	4	157
360	259	256	438	256	238
109	109	256	256	256	28
316	316	316	316	316	334
241	241	241	241	241	231
331	331	44	92	46	463
284	284	284	284	284	147
468	468	82	82	82	97
464	464	464	464	464	240
215	215	215	362	362	362
322	256	37	488	44	410
230	251	288	414	288	325
63	63	63	63	371	62
458	458	458	458	458	159
318	318	318	318	318	403
434	434	434	434	233	73
346	346	346	346	346	461
426	426	426	426	426	67
168	168	168	168	168	13
37	37	37	37	37	241
480	480	354	354	354	340
258	258	29	29	29	239
30	30	30	30	30	259
261	33	412	377	71	142
256	256	256	256	256	66
160	113	251	83	405	159
97	28	307	355	12	139
238	238	238	29	29	29
465	465	200	200	200	67
100	100	100	100	397	194
227	227	293	293	293	425
232	232	232	232	232	26
47	47	47	47	47	424
121	121	121	121	121	487
152	152	273	273	273	104
271	271	408	113	472	274
433	433	433	433	433	26
198	251	63	251	98	425
30	30	46	46	46	435
54	54	54	54	54	381
335	265	216	380	472	251
7	7	7	7	91	42
152	152	152	152	152	346
326	326	326	326	326	359
335	157	84	38	84	30
207	207	207	207	207	156
319	319	215	215	215	413
88	132	499	39	342	217
223	289	121	223	182	463
458	458	269	269	269	19
294	294	294	294	294	403
81	81	81	81	81	251
85	108	45	38	278	291
235	235	235	235	235	48
435	435	435	435	435	58
460	460	444	444	444	118
492	492	492	492	492	428
23	23	23	23	364	225
463	463	463	463	463	119
334	334	334	334	334	418
200	200	200	200	200	21
160	256	214	499	256	6
32	32	32	32	32	399
469	469	469	469	469	101
67	67	67	110	110	110
412	72	72	12	245	281
41	41	41	41	41	79
310	493	1	326	493	208
35	35	35	35	35	108
493	493	493	493	493	255
40	40	40	40	442	114
316	316	316	316	316	86
281	281	435	435	435	273
248	248	248	79	79	79
149	149	149	149	149	137
97	97	97	97	97	325
346	346	346	346	346	450
426	426	64	64	64	427
176	176	176	176	176	15
148	148	148	148	248	497
479	479	479	479	479	341
154	154	154	479	479	479
234	234	234	234	234	46
356	391	125	177	125	241
26	26	358	358	358	296
9	9	9	9	9	278
386	386	386	386	386	130
260	260	260	260	120	444
70	70	70	70	70	400
301	301	301	326	326	326
412	412	412	412	412	382
295	295	295	280	280	280
29	29	29	29	29	357
343	343	343	343	17	465
51	51	51	51	51	401
226	226	226	226	226	474
270	270	270	270	270	248
377	105	105	174	187	96
328	328	328	328	328	251
407	407	392	392	392	300
460	460	460	423	423	423
415	486	373	407	244	291
425	425	425	425	425	203
51	51	51	115	115	115
121	121	121	121	121	264
203	69	324	427	459	169
343	343	343	272	272	272
321	321	321	321	321	478
278	278	278	278	362	395
272	272	272	272	272	174
9	9	9	9	9	427
248	248	248	248	248	162
2	2	2	2	2	114
305	305	305	131	131	131
36	36	36	36	36	77
115	13	8	132	493	428
449	449	483	483	483	314
452	452	452	452	452	461
322	322	426	426	426	359
205	84	395	265	265	155
80	188	293	293	85	224
71	71	71	71	71	280
202	202	202	438	438	438
344	344	344	344	344	318
425	425	256	256	256	482
202	202	202	202	202	20
308	308	316	316	316	24
297	297	297	441	441	441
303	303	111	111	111	141
72	364	51	137	90	366
268	268	268	268	224	490
250	250	142	142	142	241
477	477	477	477	477	468
183	183	183	183	183	397
195	498	14	143	40	22
480	480	480	480	480	316
259	259	259	259	259	428
194	194	194	194	194	436
184	184	184	184	184	87
473	372	473	451	434	458
377	377	377	377	301	54
408	408	408	408	408	43
127	127	127	127	127	11
425	425	11	11	11	13
406	176	86	457	146	278
359	200	185	230	223	37
28	28	187	25	384	148
394	394	394	394	394	299
360	153	182	57	182	80
88	88	88	88	88	286
93	439	472	71	93	64
113	113	113	113	113	408
2	2	111	111	111	186
333	333	333	333	333	295
271	234	281	253	161	90
9	9	83	83	83	188
79	79	473	473	473	432
143	143	154	154	154	235
166	166	166	166	166	245
336	336	336	336	336	112
370	370	370	404	404	404
287	287	287	287	287	3
38	38	38	38	38	465
151	151	151	151	151	473
464	464	464	464	464	234
219	219	219	219	219	370
495	495	495	495	495	464
279	476	35	35	189	410
419	419	419	419	419	346
232	232	232	232	232	344
265	265	265	265	265	291
384	384	384	384	384	3
305	305	305	305	305	184
283	283	283	283	283	255
207	207	207	207	207	471
12	229	8	270	229	157
259	259	259	259	259	462
183	183	183	183	183	222
87	87	87	87	87	311
35	151	157	216	392	341
365	365	365	365	365	402
307	307	136	136	136	218
99	99	190	190	190	168
419	419	419	419	419	116
70	70	52	199	154	208
223	223	223	223	223	19
474	351	13	226	35	234
423	423	423	423	423	489
94	94	94	168	168	168
411	411	411	337	337	337
279	279	279	279	279	158
11	11	11	11	11	423
209	78	148	214	132	206
146	146	338	338	338	204
304	492	465	373	80	250
55	55	253	119	334	39
112	112	112	112	112	263
449	245	17	423	205	6
14	3	76	336	388	394
341	341	341	341	341	187
159	159	159	360	360	360
220	220	220	220	220	194
46	187	159	458	448	135
43	43	43	43	43	70
257	257	423	423	423	59
185	185	185	185	185	225
16	16	493	484	190	382
258	481	139	258	370	147
74	74	74	135	135	135
266	266	321	321	321	427
303	212	292	236	55	189
359	359	359	359	359	277
283	261	472	383	322	313
34	34	34	34	34	206
200	200	200	169	169	169
197	197	197	197	197	234
63	63	147	147	147	240
441	441	197	197	197	280
12	460	87	418	118	307
302	445	315	406	445	216
169	169	116	116	116	348
342	216	473	338	341	70
113	118	118	303	302	390
200	200	200	200	200	420
329	329	329	329	329	257
173	173	173	173	173	228
475	475	475	475	120	80
86	86	86	347	347	347
298	298	298	298	210	369
79	79	79	79	79	422
83	83	83	83	83	489
457	457	457	182	182	182
62	62	62	62	62	70
238	81	485	455	331	229
352	352	352	352	352	1
464	464	464	464	464	127
305	305	305	305	34	246
195	195	12	12	12	334
265	265	265	265	265	420
153	153	139	139	139	1
179	179	179	179	179	445
190	190	190	190	190	247
9	14	56	53	413	107
189	189	189	189	189	255
482	482	482	482	482	106
199	199	199	199	199	56
136	136	136	361	361	361
326	326	326	265	265	265
456	456	126	335	42	55
166	166	166	166	416	420
294	294	294	294	294	120
7	7	7	7	7	218
52	52	52	52	52	364
471	471	471	35	35	35
468	468	468	468	468	247
299	299	305	305	305	278
105	105	105	105	105	67
85	85	85	85	85	474
303	303	303	303	303	155
341	341	189	443	97	39
30	389	89	399	213	111
62	62	62	62	62	139
279	279	279	279	279	114
98	98	98	98	98	398
148	118	175	202	31	3
480	480	480	480	28	308
205	205	205	205	205	172
376	19	431	53	222	389
179	26	477	132	48	73
282	282	282	282	282	321
495	174	407	66	429	127
315	479	270	148	400	471
78	78	78	78	153	370
350	350	350	350	350	189
101	101	311	311	311	57
367	367	367	367	367	127
71	224	372	302	137	455
171	171	171	90	90	90
195	195	149	149	149	78
121	121	121	75	75	75
36	107	251	401	71	211
25	25	25	25	25	419
376	376	376	376	376	111
195	195	410	410	410	247
323	323	323	323	323	11
394	22	300	161	52	406
66	66	66	66	66	481
492	492	492	192	192	192
278	278	278	278	278	496
98	74	312	44	168	47
303	303	303	303	303	317
126	126	126	126	126	427
173	173	173	173	173	22
442	442	442	442	442	36
61	458	458	266	304	92
221	221	221	221	143	107
275	94	245	200	10	96
271	271	271	145	145	145
395	395	395	395	395	99
444	131	322	146	114	66
161	161	161	137	137	137
354	354	354	354	354	423
242	424	296	156	153	415
97	97	97	97	97	500
281	281	281	36	36	36
459	459	459	459	459	338
332	332	271	271	271	164
52	93	110	354	354	339
11	11	11	18	18	18
25	153	70	135	23	308
175	175	175	175	175	245
297	297	297	297	297	32
32	486	305	142	123	347
83	83	380	380	380	293
234	234	234	234	234	226
448	448	448	383	383	383
289	289	289	289	289	488
433	271	289	271	423	359
427	251	123	373	123	85
245	245	245	245	245	186
184	184	184	94	94	94
252	252	252	224	224	224
158	158	158	158	158	74
463	463	463	463	463	275
234	244	62	9	128	466
1	352	461	1	259	5
363	356	103	283	283	328
368	434	434	395	68	460
206	206	206	206	206	250
20	20	20	70	70	70
371	371	371	371	371	369
258	258	258	258	258	476
212	212	212	212	212	82
434	321	348	288	90	214
98	98	98	98	335	404
136	178	294	53	491	196
446	192	376	231	277	451
41	41	41	41	41	431
231	231	231	231	231	301
458	458	149	149	149	273
254	187	262	372	319	392
290	290	314	314	314	456
42	192	343	309	158	144
289	129	316	432	316	439
57	57	57	57	57	16
94	198	454	385	24	317
114	114	114	91	91	91
298	298	298	298	298	499
330	330	330	330	330	370
355	355	355	355	355	316
101	209	217	369	209	287
217	309	50	86	341	328
228	228	228	228	228	76
275	275	275	275	110	85
214	214	338	338	338	193
209	365	399	487	365	407
404	380	404	340	29	395
385	195	335	19	452	482
199	199	199	199	199	374
28	153	448	472	484	357
15	96	153	26	315	212
137	137	137	137	137	57
400	400	149	149	149	353
319	319	319	319	319	198
29	29	29	29	29	247
155	368	363	437	56	334
428	428	428	428	428	351
14	14	14	14	14	406
400	368	195	344	147	312
107	442	435	166	334	174
60	60	60	60	60	40
87	87	87	87	87	439
280	186	448	396	449	269
233	48	47	443	379	461
65	302	203	54	16	462
407	407	407	407	407	206
328	328	328	328	328	166
132	132	132	132	357	282
322	382	322	429	16	237
373	373	52	52	52	278
132	132	132	132	132	486
136	136	470	470	470	119
336	336	208	208	208	353
243	243	244	244	244	92
27	27	27	417	417	417
150	239	205	116	138	300
378	127	182	127	147	445
492	492	492	492	492	354
262	417	393	302	302	447
444	444	205	95	182	330
248	248	248	477	477	477
124	124	124	124	124	185
389	87	122	29	105	296
269	426	74	219	23	468
496	496	496	496	496	394
179	430	395	70	179	161
461	461	461	461	461	304
78	78	78	78	78	427
318	318	318	318	318	167
337	337	256	256	256	139
235	41	484	235	402	419
157	356	101	253	48	50
131	405	225	124	124	16
77	77	77	77	208	260
182	405	150	191	31	167
496	297	389	297	438	226
188	188	188	188	109	314
55	55	55	55	55	91
294	294	267	267	267	289
387	387	387	387	387	82
496	496	496	496	496	7
226	226	226	226	226	285
326	326	326	326	359	342
180	180	180	147	147	147
266	50	365	374	54	267
302	302	302	302	302	474
406	406	406	406	406	361
232	232	232	232	232	361
438	438	438	287	287	287
145	349	379	349	405	426
105	259	5	122	142	75
107	54	246	493	308	178
53	53	53	53	53	214
486	486	486	486	274	321
404	243	245	124	245	30
394	394	75	75	75	459
122	122	122	122	122	39
396	441	479	341	479	367
222	222	406	406	406	448
51	391	283	362	283	140
54	302	259	376	358	26
179	351	67	18	336	194
193	193	193	193	193	357
28	28	28	28	28	17
448	448	448	351	351	351
308	308	308	308	308	207
495	495	495	495	495	384
251	251	251	251	251	181
201	201	201	201	201	184
380	380	380	380	380	74
228	228	228	228	228	227
260	300	247	89	430	110
192	192	192	192	192	388
312	312	312	312	312	488
122	122	122	122	122	112
451	451	451	451	451	140
463	463	200	200	200	35
464	464	464	464	464	425
363	363	318	318	318	90
135	135	135	135	135	310
374	374	374	374	374	306
453	453	453	453	453	235
104	104	104	435	435	435
467	254	45	415	198	173
330	330	330	330	330	98
493	310	55	493	479	86
98	294	257	442	470	304
386	386	386	386	386	157
35	35	35	35	35	393
334	334	122	122	122	439
124	124	124	124	124	24
278	103	256	220	141	471
305	33	447	207	472	238
296	296	296	296	296	113
380	380	380	167	167	167
130	130	350	350	350	207
137	137	104	104	104	390
282	282	282	282	470	6
144	144	144	411	411	411
404	404	404	404	408	266
210	210	210	210	210	275
340	352	152	372	382	93
423	423	423	423	423	422
125	125	125	125	125	82
36	36	36	36	36	310
128	128	128	128	128	197
313	313	313	313	313	486
224	224	457	457	457	196
79	79	79	79	79	102
179	179	179	179	179	256
110	110	110	110	110	456
344	344	344	344	344	239
63	404	390	264	228	19
268	268	268	268	268	407
441	441	441	441	441	285
32	32	32	32	32	26
336	336	336	336	336	65
312	312	312	312	312	187
188	188	188	188	188	448
446	446	446	143	143	143
383	383	383	383	383	207
265	265	265	265	265	89
76	76	76	280	280	280
213	213	213	213	213	292
270	42	178	404	400	463
80	80	80	80	80	97
147	147	147	66	66	66
487	96	234	166	175	428
1	1	1	1	1	430
252	252	481	481	481	499
345	345	345	345	345	188
347	347	347	347	347	299
408	408	408	408	408	142
203	203	203	203	203	388
195	195	195	195	195	428
22	22	22	22	22	216
185	264	184	264	13	175
267	89	305	267	129	38
207	207	207	493	493	493
464	464	464	208	208	208
23	39	220	405	23	175
329	329	329	329	329	378
231	55	127	440	387	261
287	287	287	287	287	104
93	33	310	19	402	58
185	380	368	269	318	434
272	230	31	166	351	286
353	353	353	353	353	456
434	434	434	434	434	16
59	59	59	59	215	151
393	393	393	393	393	457
6	6	6	6	6	425
215	215	215	215	215	32
4	309	119	38	275	373
82	82	82	82	269	231
316	316	316	316	188	131
173	173	173	173	173	308
209	209	209	209	209	459
140	140	140	140	140	96
103	103	103	103	103	157
151	151	151	151	151	392
393	393	393	393	393	173
78	78	78	74	74	74
292	292	292	287	287	287
7	7	7	7	7	331
460	460	385	385	385	305
48	458	496	236	393	307
223	223	223	223	223	421
441	441	441	441	441	316
55	34	431	371	223	341
113	113	113	113	171	361
77	77	77	77	77	397
61	61	61	61	61	411
436	433	313	139	313	153
2	2	2	2	2	102
84	84	84	84	84	379
386	394	114	59	455	252
356	356	356	356	356	132
96	96	96	96	96	253
97	367	46	150	375	341
247	247	247	247	247	455
125	125	125	125	125	492
398	398	398	398	202	117
326	96	237	96	170	159
129	129	129	129	129	255
202	202	202	202	202	184
235	235	235	235	235	374
338	338	338	338	338	230
360	360	360	360	360	129
360	53	137	452	66	192
33	33	33	33	33	66
248	248	248	248	248	82
390	390	390	390	390	456
486	486	486	486	486	382
195	195	195	195	195	3
148	148	148	148	148	291
52	52	52	52	52	420
261	261	261	261	261	29
225	225	225	225	225	357
137	224	201	241	275	134
94	94	94	100	100	100
51	24	253	259	259	258
175	192	117	350	57	452
47	359	162	122	122	482
238	238	238	238	238	418
433	336	257	471	257	201
249	249	249	249	249	122
476	159	19	266	298	307
11	11	11	11	426	48
329	329	329	329	329	289
330	330	330	330	330	4
32	208	396	320	32	380
279	279	279	279	279	222
195	195	195	195	195	256
391	391	391	391	391	238
42	42	42	42	42	145
446	446	446	446	446	87
449	449	449	449	449	181
184	184	184	184	152	452
153	153	153	57	57	57
289	289	289	289	289	275
38	475	455	461	368	396
169	169	85	85	85	468
185	185	185	185	185	330
29	424	74	74	112	438
425	425	425	425	425	358
105	210	127	406	289	44
497	497	497	47	47	47
257	257	257	257	257	111
78	78	212	212	212	216
37	37	37	37	37	109
127	165	184	127	391	185
107	107	107	107	107	206
473	473	473	473	372	21
489	489	489	489	195	440
191	359	53	305	204	425
411	411	411	411	411	163
170	170	170	170	170	234
464	464	464	464	464	387
35	35	35	35	35	455
370	370	208	208	208	348
90	328	223	255	426	86
87	87	87	129	129	129
171	171	171	171	447	40
455	455	455	455	455	183
30	30	30	30	30	458
441	441	441	441	441	327
269	269	269	269	269	280
343	31	307	343	2	378
383	383	383	383	383	411
359	417	335	67	359	4
278	397	251	431	261	199
47	47	129	129	129	55
334	334	334	334	334	116
170	170	170	170	170	266
496	496	496	496	496	62
429	429	429	429	429	415
160	160	273	273	273	289
65	65	65	296	296	296
111	111	111	111	111	360
169	169	169	169	169	445
10	10	10	293	293	293
156	156	29	29	29	64
456	456	456	456	456	325
307	205	334	436	398	195
433	433	433	461	461	461
379	379	379	379	379	73
91	91	91	91	91	284
95	65	234	234	125	397
123	123	123	147	147	147
256	256	256	256	256	188
147	147	147	147	147	53
496	107	259	389	169	484
323	323	323	323	323	63
191	191	191	191	191	6
257	257	257	257	463	25
262	262	401	49	77	57
295	295	295	397	397	397
303	202	437	416	416	411
63	63	63	63	63	106
319	319	319	319	319	241
370	370	370	405	405	405
126	126	126	126	126	437
370	370	370	370	370	60
482	135	42	426	483	364
406	406	406	406	406	45
444	444	444	444	444	316
244	409	49	199	199	192
487	487	487	487	487	447
173	173	173	173	173	165
500	500	500	500	500	396
442	442	442	442	442	77
283	391	279	308	279	212
91	91	91	91	91	204
451	451	451	304	304	304
424	424	424	424	424	449
101	441	498	161	323	265
499	499	499	6	6	6
158	158	158	158	23	89
175	175	175	11	11	11
248	248	248	248	248	1
62	62	62	62	62	14
148	148	148	264	264	264
15	15	15	15	15	161
462	393	382	340	478	447
202	202	412	412	412	140
131	131	131	131	131	253
234	234	415	415	415	369
258	258	258	258	258	5
372	372	372	372	372	482
439	124	370	441	347	186
432	432	432	432	401	90
319	319	319	211	211	211
366	425	396	495	258	331
213	213	213	213	213	312
143	143	79	79	79	497
53	53	53	88	88	88
385	397	30	174	160	227
357	357	357	357	357	181
194	194	194	360	360	360
86	86	86	86	86	77
355	355	355	355	355	478
100	100	100	100	157	473
265	265	265	265	265	166
417	417	417	417	417	272
109	109	23	23	23	434
375	375	442	442	442	127
319	441	152	211	486	427
140	140	195	195	195	158
248	248	248	248	248	27
403	403	9	9	9	361
179	179	179	179	179	475
7	35	179	397	381	97
386	386	386	386	386	351
410	410	410	410	410	208
118	118	322	322	322	50
486	486	486	486	486	464
278	278	278	278	278	411
88	88	88	88	88	242
248	248	248	248	248	336
340	340	340	340	340	359
457	457	457	336	336	336
83	335	76	498	7	465
112	112	112	112	469	170
44	44	369	369	369	23
41	41	41	30	30	30
370	370	370	121	121	121
241	241	449	284	44	478
198	189	245	450	209	238
39	39	39	39	39	270
399	399	399	399	399	233
154	154	418	418	418	174
489	489	489	489	489	2
477	203	143	365	365	196
359	359	359	359	359	102
47	47	27	27	27	407
470	470	470	470	470	57
428	428	428	428	428	21
127	127	127	321	321	321
429	429	429	429	429	452
196	210	96	473	210	339
160	160	160	160	160	219
363	363	363	363	363	255
40	123	137	140	40	5
109	109	109	109	109	480
78	481	243	282	191	76
316	316	316	316	316	166
137	137	137	137	137	260
421	421	421	421	421	21
126	126	152	152	152	487
138	50	334	111	35	435
274	274	274	56	56	56
98	337	32	19	232	90
380	380	380	380	380	320
376	376	474	474	474	134
253	253	253	253	253	263
459	459	459	459	459	335
299	299	361	361	361	39
312	312	312	312	312	437
347	347	347	347	347	232
83	83	83	83	494	384
461	461	461	461	461	468
221	360	414	275	275	318
141	230	440	400	172	454
431	431	431	431	431	224
256	256	256	256	256	4
275	275	275	275	275	317
72	72	72	324	324	324
251	251	251	251	251	77
333	333	333	333	333	99
30	30	30	208	208	208
261	261	301	301	301	469
353	353	353	353	353	298
194	194	405	405	405	307
252	87	444	157	2	213
455	455	455	455	119	473
138	138	138	138	138	78
341	341	341	341	341	2
175	240	316	369	113	75
412	412	412	412	412	210
216	46	127	300	216	352
286	286	286	286	286	312
151	151	151	151	151	203
469	469	469	469	469	153
82	82	82	82	159	77
244	244	254	254	254	396
166	166	166	166	166	44
439	478	28	212	165	144
183	183	183	183	183	262
185	185	185	407	407	407
50	50	2	2	2	137
4	4	4	4	4	151
6	6	6	6	6	96
14	14	14	14	14	44
192	192	192	192	192	455
87	87	87	87	87	258
114	114	114	114	114	441
212	212	212	212	212	358
9	9	9	9	9	309
120	120	120	46	46	46
274	274	274	274	274	446
137	137	137	137	137	105
71	71	71	71	71	282
264	264	264	264	429	461
132	132	132	132	132	51
477	496	486	496	22	257
460	460	460	460	460	17
197	197	197	197	197	489
297	16	352	42	42	457
165	165	165	165	165	497
201	201	266	266	266	196
266	266	266	266	266	213
94	94	94	94	94	68
221	221	221	221	221	380
308	308	308	308	308	82
164	405	11	294	90	492
422	422	422	422	422	373
108	108	108	108	108	350
56	439	433	29	306	435
183	183	239	239	239	107
476	476	476	476	476	224
272	272	66	66	66	181
193	193	193	193	193	198
16	450	470	16	322	233
311	311	311	311	311	492
275	441	81	78	441	16
161	53	80	303	172	482
410	410	410	410	410	415
319	319	319	319	319	110
454	456	456	409	148	213
190	101	239	239	388	349
430	430	430	430	430	27
288	288	288	288	288	348
488	383	289	230	286	293
314	466	226	409	95	128
151	151	151	151	151	165
283	283	283	283	283	63
114	114	114	114	114	426
275	275	275	275	275	450
43	43	43	43	43	461
147	147	147	147	147	218
60	60	60	60	60	14
445	445	445	445	445	11
389	389	460	460	460	469
418	418	418	418	418	63
205	205	205	205	205	108
66	66	66	66	66	495
414	414	414	4	4	4
278	278	278	278	278	431
196	196	196	196	196	193
241	241	241	241	241	306
15	15	15	15	15	48
477	15	335	403	411	475
303	303	303	303	303	41
372	372	372	372	372	461
309	297	26	15	181	282
493	493	493	110	110	110
496	496	430	430	430	373
263	263	263	263	263	97
211	211	211	211	211	427
326	326	326	326	326	287
294	294	294	294	294	128
387	480	362	404	292	402
222	222	222	222	222	359
295	295	295	295	295	394
360	293	266	199	199	51
90	90	90	90	90	166
153	153	153	153	153	446
444	444	444	444	444	352
215	215	215	215	215	179
386	386	304	304	304	76
492	420	103	103	424	312
500	500	500	500	500	398
323	323	323	323	323	141
461	461	461	461	461	114
338	338	338	338	338	10
339	168	392	162	114	345
417	417	417	417	417	129
153	153	153	153	153	117
98	98	98	98	98	141
14	14	14	14	14	303
284	284	284	284	284	393
213	213	213	213	213	349
498	498	498	163	163	163
403	403	403	473	473	473
55	55	55	55	55	333
290	342	114	325	290	335
38	316	87	379	437	157
356	356	356	356	356	219
470	470	470	497	497	497
135	135	135	135	135	370
487	487	487	487	487	287
179	179	179	179	179	452
76	76	76	76	76	313
363	363	279	279	279	323
239	92	373	428	158	499
223	223	182	182	182	229
46	46	175	175	175	450
482	265	414	384	346	246
418	418	418	418	418	421
23	23	23	23	23	279
277	471	125	76	22	170
227	227	227	227	227	152
327	327	99	99	99	13
113	113	251	251	251	332
492	492	492	492	492	105
305	305	378	378	378	343
348	348	348	348	348	239
396	396	396	396	396	9
327	327	87	87	87	489
308	308	308	45	45	45
482	482	170	170	170	444
142	142	34	34	34	450
121	484	49	84	138	409
326	337	326	88	309	355
366	475	390	120	475	124
152	152	152	152	152	271
371	371	371	371	371	183
296	296	296	296	296	193
43	43	43	43	43	142
490	490	490	490	490	16
72	72	72	72	72	348
2	317	10	273	2	338
141	141	141	45	45	45
47	337	481	338	270	438
161	486	280	35	161	100
6	6	6	6	6	382
446	446	163	163	163	410
148	483	156	93	194	410
406	406	406	406	406	119
433	433	45	45	45	208
211	107	107	235	382	27
464	464	464	464	464	15
262	262	262	262	262	24
9	9	9	9	9	355
382	382	382	382	382	419
439	439	26	26	26	378
341	341	341	277	277	277
494	494	162	162	162	192
390	390	390	390	390	77
342	342	342	342	342	341
339	339	339	100	100	100
207	482	147	20	422	52
182	182	182	182	182	328
495	495	495	495	495	264
292	246	308	423	194	40
335	335	335	335	335	89
307	497	276	497	125	408
446	446	446	446	446	280
423	423	423	423	423	47
373	373	373	373	373	289
378	378	378	378	378	490
171	171	454	454	454	360
259	259	259	259	259	405
421	40	70	305	416	274
322	322	322	434	434	434
74	475	162	127	61	213
131	454	324	297	406	39
389	466	94	316	94	130
275	275	187	187	187	178
365	365	365	475	475	475
489	489	489	489	442	153
73	73	352	352	352	231
378	378	446	250	253	365
245	245	245	387	387	387
171	171	171	171	171	341
65	65	65	65	65	470
395	395	389	389	389	147
66	66	66	66	66	350
146	146	146	146	146	449
424	77	251	281	255	183
326	326	326	326	326	298
248	248	248	429	429	429
27	27	27	27	27	271
145	145	145	145	145	190
407	407	407	407	407	239
311	311	311	311	389	150
254	254	178	178	178	464
12	415	354	217	428	181
157	157	157	157	157	65
418	263	326	215	418	237
304	304	304	304	304	290
174	174	174	174	174	44
79	79	79	79	79	146
139	216	361	446	268	444
93	93	93	93	93	310
77	213	219	306	217	10
101	193	466	101	226	294
279	279	279	279	279	30
250	250	250	295	295	295
177	177	177	177	177	113
259	259	259	259	259	48
411	411	411	411	411	309
25	25	25	25	25	93
406	406	406	406	406	434
452	452	452	452	452	39
307	37	255	427	2	121
59	59	59	59	59	408
241	241	241	241	343	8
22	55	110	132	255	81
325	325	325	325	325	204
141	141	141	141	141	213
490	77	24	184	359	114
84	84	84	84	84	494
452	452	452	452	452	241
94	372	459	394	360	391
480	480	480	480	480	199
325	325	325	325	325	94
212	212	212	212	212	185
120	120	120	120	120	241
25	25	25	214	214	214
486	221	61	61	219	140
364	364	364	364	364	21
144	144	144	144	144	473
369	409	399	369	324	379
484	57	154	140	484	371
384	384	384	338	338	338
444	444	279	279	279	5
273	484	428	181	337	310
212	212	212	212	212	353
248	248	248	248	248	13
147	147	110	110	110	135
413	413	413	413	413	450
295	295	295	423	423	423
366	366	366	366	366	432
307	307	178	178	178	368
357	212	471	474	77	383
280	280	280	280	41	65
405	405	405	405	481	367
495	495	355	355	355	89
457	457	457	70	70	70
102	102	102	309	309	309
472	472	472	472	472	381
321	321	321	321	321	196
339	339	339	339	339	185
383	383	383	383	383	232
118	118	118	118	118	371
44	44	44	44	44	200
410	410	421	421	421	95
116	116	116	116	109	412
183	71	348	348	353	81
454	37	408	76	358	321
41	41	403	403	403	148
132	132	144	395	421	216
369	33	287	354	33	336
264	264	264	264	264	196
342	342	342	342	342	51
158	158	158	158	158	22
38	464	348	314	448	95
394	394	394	394	394	95
243	243	243	243	243	226
472	472	472	472	472	266
462	462	462	462	462	428
89	457	372	372	491	431
367	457	245	135	144	255
271	271	271	271	271	54
55	55	55	55	55	163
93	93	93	93	233	254
164	470	432	308	470	140
486	486	486	486	486	433
367	188	485	37	316	385
156	156	156	156	156	432
381	375	22	268	175	290
192	192	214	214	214	210
461	461	461	461	461	144
357	357	357	357	357	383
216	198	198	1	273	454
419	419	419	118	118	118
451	451	451	451	451	277
248	248	228	228	228	87
94	94	94	94	94	221
131	496	448	453	453	208
154	154	154	154	154	473
132	132	132	132	132	94
73	412	127	355	316	52
453	453	453	453	453	441
352	352	352	352	96	480
479	479	479	479	479	176
232	446	362	236	5	220
491	491	491	491	491	457
409	409	409	409	409	443
103	310	127	367	165	265
146	146	250	250	250	83
305	305	304	304	304	18
383	383	383	383	383	76
491	491	491	491	491	301
63	63	63	477	477	477
257	257	257	257	257	392
378	25	329	396	378	77
231	240	158	179	101	64
433	56	38	37	453	18
428	428	428	342	342	342
185	185	185	185	185	176
390	390	390	390	390	399
81	81	81	81	151	308
235	435	456	423	254	34
486	10	11	471	497	422
214	214	461	461	461	264
396	379	318	459	214	16
106	106	106	106	106	82
418	418	418	418	418	5
274	119	34	41	41	293
57	57	57	57	163	334
321	321	321	321	321	54
388	388	372	372	372	66
487	487	487	487	487	374
122	122	122	122	122	404
379	379	379	379	379	457
129	129	129	129	129	206
297	297	297	297	297	163
287	287	171	171	171	267
311	311	311	311	311	113
8	460	213	213	231	424
65	79	162	252	65	154
9	9	204	204	204	21
419	359	313	343	256	117
286	134	162	494	417	47
312	378	26	162	28	111
361	424	221	262	456	353
14	14	14	14	14	118
448	448	448	445	445	445
86	86	86	292	292	292
340	38	438	38	80	133
254	254	254	208	208	208
336	497	336	133	130	247
86	389	86	312	240	379
439	439	439	439	439	53
330	206	330	212	8	465
344	344	344	344	28	159
421	406	421	315	179	493
98	98	98	98	98	152
438	438	438	438	438	64
435	435	435	435	435	170
478	478	478	478	478	155
342	280	84	289	192	396
369	369	369	369	369	161
239	239	239	239	239	36
316	316	316	316	316	35
392	392	413	413	413	41
60	356	317	289	322	178
26	359	430	358	68	313
110	107	324	416	455	363
108	52	177	460	95	448
74	74	74	74	74	138
479	479	479	479	479	58
218	439	194	390	6	289
315	315	97	97	97	112
132	132	132	132	132	118
256	256	256	256	256	312
107	107	46	46	46	234
341	213	445	253	373	87
476	476	476	233	233	233
137	137	222	222	222	249
448	448	448	448	448	399
56	426	366	208	444	423
179	179	179	179	179	153
293	293	289	289	289	177
368	368	348	348	348	128
315	315	315	315	315	360
332	332	332	332	332	338
304	402	389	402	134	114
139	139	139	139	139	132
53	310	299	52	73	339
174	174	174	174	174	419
6	56	291	3	157	302
251	251	251	251	251	406
455	455	12	12	12	477
59	59	59	59	306	199
368	488	212	4	368	466
115	115	385	385	385	153
231	231	231	231	231	303
2	2	2	2	2	434
62	62	62	62	62	464
475	475	324	324	324	496
211	211	455	455	455	494
418	418	418	418	418	63
187	187	187	319	319	319
433	433	497	393	402	323
330	330	330	330	330	29
61	95	114	123	123	408
402	1	346	200	455	307
458	458	458	458	458	139
339	339	339	339	339	262
177	177	177	177	177	201
30	30	30	30	30	173
423	251	312	441	423	362
496	496	496	496	496	210
229	85	175	154	175	35
451	451	451	354	354	354
168	168	168	168	168	305
445	445	445	445	445	167
49	49	286	286	286	489
174	282	43	114	388	51
144	144	144	144	144	445
267	461	105	293	391	350
62	62	62	219	219	219
453	453	453	453	453	485
258	136	136	265	58	12
85	85	75	75	75	266
497	13	14	235	285	294
26	26	26	26	26	41
75	75	75	75	75	133
133	133	133	133	133	112
492	492	492	492	492	354
217	217	217	217	359	428
230	230	230	230	230	415
317	317	317	317	317	491
199	199	199	199	199	298
301	301	301	301	301	336
107	356	209	92	192	384
226	226	72	72	72	424
37	327	330	481	358	392
420	420	420	385	385	385
145	145	187	187	187	362
163	163	163	163	163	126
37	37	454	454	454	448
3	3	3	46	46	46
302	130	25	358	418	140
459	459	335	335	335	209
246	246	246	246	246	301
106	106	106	106	106	358
487	487	487	487	487	206
170	170	170	170	170	269
287	287	287	499	499	499
82	82	82	82	82	363
6	6	6	6	6	94
452	452	375	375	375	477
23	23	23	23	23	125
268	268	268	268	268	165
80	80	80	175	175	175
5	5	88	88	88	169
387	387	387	387	387	444
286	286	286	25	25	25
194	133	173	111	376	412
215	188	465	332	124	476
232	232	232	232	232	447
383	383	383	383	383	282
60	8	8	271	277	38
85	126	14	412	340	169
308	308	308	308	308	205
86	86	86	86	86	132
488	488	488	488	411	206
85	374	374	362	105	229
223	223	279	279	279	234
249	249	249	249	249	355
393	393	393	393	393	364
76	6	264	383	100	283
461	38	418	149	222	247
343	257	230	120	21	160
241	241	241	241	241	244
250	250	197	197	197	211
291	291	291	291	291	185
379	379	379	403	403	403
300	300	393	393	393	231
308	308	308	308	308	123
373	373	373	41	41	41
260	260	260	260	260	388
314	367	23	390	350	369
14	118	281	250	250	292
236	258	48	262	300	132
113	113	266	266	266	58
26	26	26	26	26	352
413	413	413	358	358	358
423	339	30	193	432	171
2	22	472	2	34	88
238	238	238	238	96	434
406	211	12	234	216	296
233	457	125	267	113	8
243	243	243	243	243	152
56	223	127	106	350	403
286	286	286	286	286	420
499	499	499	499	499	432
491	105	491	227	119	230
391	391	398	398	398	210
362	362	362	362	215	77
24	64	63	445	199	417
483	483	483	483	483	403
284	284	284	284	284	384
415	415	415	415	415	11
231	231	107	107	107	316
90	90	90	90	90	489
286	286	286	286	286	165
305	305	305	174	174	174
336	336	336	336	4	277
2	2	2	2	2	494
184	245	151	239	279	291
171	171	171	171	171	280
156	156	156	156	156	226
481	481	481	481	481	23
313	488	413	313	430	374
464	464	464	84	84	84
151	151	151	151	151	201
28	28	28	28	28	124
29	29	162	162	162	251
83	83	83	83	83	64
419	419	419	419	419	129
376	376	376	193	193	193
350	350	350	350	350	220
177	27	336	27	268	81
376	376	376	376	376	285
134	134	134	134	134	454
53	53	53	27	27	27
325	325	325	325	325	457
81	81	81	81	81	468
390	390	390	283	283	283
199	199	199	199	199	68
448	245	380	164	448	265
152	152	152	171	171	171
490	135	162	356	164	347
214	214	214	214	214	345
477	439	401	401	394	176
300	300	12	12	12	36
143	143	143	143	143	139
54	54	54	54	54	78
243	243	243	336	336	336
108	108	108	108	108	274
162	352	77	352	297	381
116	116	116	116	116	87
57	57	57	57	350	356
155	155	155	155	155	136
418	308	338	231	71	409
98	98	98	98	98	232
375	375	11	11	11	362
354	200	200	375	140	70
67	67	67	67	67	499
308	308	308	308	308	117
337	337	337	289	289	289
461	446	357	213	446	447
114	215	264	114	235	132
124	124	124	124	124	40
242	242	20	20	20	125
210	228	421	406	276	61
47	47	47	47	47	355
247	247	247	247	247	113
173	173	173	173	173	368
364	364	364	364	364	480
495	495	495	495	495	406
27	27	27	27	27	471
216	291	164	217	216	127
438	438	438	438	438	257
433	174	166	367	187	435
262	262	262	51	51	51
288	288	288	288	288	157
122	122	122	122	122	459
345	345	345	345	345	423
494	494	337	337	337	374
355	355	180	180	180	61
436	436	436	436	436	414
309	288	470	288	193	84
292	292	292	292	292	353
333	183	111	33	20	24
190	190	190	190	190	403
348	348	348	433	433	433
64	64	64	64	64	68
268	268	268	268	268	255
414	495	209	209	223	229
75	75	75	75	75	110
345	345	345	345	450	12
410	410	410	335	335	335
348	348	348	348	348	55
331	404	404	363	306	420
201	201	201	201	201	313
189	189	189	189	189	40
355	355	355	355	355	130
253	217	421	430	443	100
238	414	473	399	54	90
490	490	436	468	370	463
489	489	489	489	489	313
392	392	392	392	392	227
456	456	456	456	456	354
211	211	211	211	345	37
220	220	220	220	220	239
259	216	443	287	26	43
105	105	105	105	105	98
278	278	278	52	52	52
305	305	305	305	305	474
123	123	123	123	123	396
370	370	370	370	370	161
297	297	297	297	297	190
149	149	149	149	86	22
328	247	71	177	71	436
217	217	217	217	217	399
83	463	364	372	38	408
434	434	67	67	67	231
336	336	336	218	218	218
345	345	56	56	56	397
368	368	368	368	368	25
57	57	57	57	57	206
259	259	259	259	259	304
205	390	486	134	189	480
380	380	380	380	380	447
104	104	104	104	104	282
360	360	290	290	290	123
285	244	36	202	5	87
396	396	396	396	396	398
272	325	497	9	497	30
105	105	491	491	491	262
348	348	348	348	348	455
178	203	178	287	355	30
271	271	271	271	132	228
261	261	235	235	235	487
89	89	89	89	89	246
162	162	162	162	162	279
220	220	220	220	220	197
410	410	25	25	25	179
280	280	280	195	195	195
312	312	312	352	352	352
358	358	358	94	94	94
367	367	61	61	61	499
106	106	106	116	116	116
244	87	192	87	188	249
34	34	34	34	34	164
303	303	303	303	303	113
259	109	147	259	43	112
13	13	13	13	13	331
349	310	470	68	470	308
223	223	223	223	223	442
100	100	331	331	331	459
330	330	428	428	428	294
468	468	468	468	468	21
241	431	319	432	411	302
442	442	326	326	326	373
230	230	376	58	233	40
211	211	211	211	211	3
261	261	261	261	261	248
339	339	339	339	339	463
262	262	262	262	262	345
252	252	252	9	9	9
113	113	113	113	113	449
115	115	115	460	460	460
225	225	225	225	225	402
441	441	448	448	448	73
490	490	490	490	490	211
482	476	350	270	85	202
184	184	184	184	184	428
9	9	9	9	9	174
111	114	217	498	217	22
294	294	294	294	294	176
328	328	404	404	404	12
282	282	282	282	282	174
215	215	215	215	215	347
270	270	270	270	270	29
332	18	194	332	440	410
244	244	244	136	136	136
345	345	345	345	345	232
154	154	149	149	149	84
237	237	237	237	237	477
62	62	62	62	62	138
7	7	208	208	208	142
4	4	4	4	4	236
144	144	43	43	43	426
149	149	149	149	149	20
383	383	383	383	383	422
115	115	115	115	115	103
245	120	149	105	149	378
305	434	162	463	375	56
421	421	421	138	138	138
403	403	403	403	403	459
96	56	364	456	54	427
462	462	462	462	462	225
98	98	98	98	98	417
42	42	42	42	42	229
165	169	225	418	334	416
146	146	22	22	22	102
299	299	109	109	109	461
204	311	204	15	239	232
10	10	10	10	10	48
30	30	30	30	30	41
433	182	286	126	328	123
267	238	406	286	219	125
369	304	285	285	495	246
326	326	326	326	326	109
260	260	260	260	260	238
383	383	372	372	372	169
49	49	499	499	499	231
415	210	415	158	366	131
181	181	181	181	181	171
273	180	71	29	340	455
100	223	278	484	278	279
47	47	47	47	47	234
414	414	414	414	414	473
254	498	254	24	143	263
137	137	137	137	137	403
469	494	446	332	182	476
281	375	471	160	440	164
53	53	338	338	338	167
67	67	67	67	67	363
87	87	87	87	87	176
180	180	180	180	180	289
422	399	103	98	103	6
126	126	126	126	126	410
119	119	119	119	119	72
412	268	223	345	415	33
137	137	137	47	47	47
409	409	409	409	409	235
362	362	192	332	118	83
416	416	455	367	158	490
48	401	130	204	257	355
247	247	247	247	247	79
413	413	413	413	413	53
425	425	425	425	425	494
317	317	70	70	70	160
233	194	395	292	473	211
249	317	137	25	103	408
270	270	270	270	270	355
297	22	30	409	312	490
432	432	432	435	435	435
189	159	159	369	99	380
288	288	288	288	103	290
335	335	335	335	335	104
93	93	93	93	93	357
211	211	211	211	211	227
482	482	482	214	214	214
155	155	155	155	155	318
243	243	243	243	243	12
427	427	427	427	427	73
304	304	304	304	304	129
149	149	151	151	151	286
311	132	492	171	345	227
155	155	155	155	155	141
127	127	127	127	127	204
117	117	145	145	145	281
69	69	69	69	69	326
499	499	499	499	499	130
297	297	297	297	297	318
373	373	373	373	355	182
185	185	185	185	185	9
323	304	100	325	323	41
318	318	318	55	55	55
424	424	424	355	355	355
27	27	27	27	27	272
101	101	101	101	101	66
459	459	459	459	459	497
343	343	343	343	343	280
427	427	427	427	427	98
13	13	13	13	13	155
60	60	60	60	60	205
372	372	372	372	372	454
40	40	40	40	40	405
54	54	54	321	321	321
95	95	95	95	46	233
114	299	291	365	473	121
64	64	64	64	64	438
412	467	388	70	388	188
256	256	256	256	256	81
73	73	73	73	73	68
226	226	226	226	226	389
51	51	471	471	471	437
30	30	30	30	30	96
183	183	183	183	183	215
150	345	125	345	469	307
146	146	379	379	379	256
20	20	20	20	20	248
356	356	496	496	496	136
195	195	195	217	217	217
263	263	263	263	263	480
357	357	357	357	357	468
418	44	107	207	37	111
409	59	341	175	341	430
308	308	308	167	167	167
42	23	453	49	42	192
63	63	63	403	403	403
297	97	275	228	328	291
374	205	100	35	35	150
197	197	197	197	197	169
213	213	213	213	213	326
243	243	347	347	347	296
399	399	399	399	399	21
206	206	206	208	208	208
151	198	485	306	155	63
82	82	82	82	80	319
240	240	240	240	240	245
459	459	459	174	174	174
303	369	488	106	106	47
307	194	135	374	134	286
5	5	5	27	27	27
11	162	312	357	186	13
347	347	347	240	240	240
84	84	477	477	477	101
232	22	22	48	322	296
364	418	371	406	406	172
457	457	457	163	163	163
159	159	159	159	159	38
59	159	158	167	59	29
6	6	6	178	178	178
314	314	314	314	314	488
251	251	251	251	251	400
474	474	474	474	474	20
290	290	290	127	127	127
211	211	211	375	375	375
48	378	411	411	356	133
434	434	434	434	434	75
132	472	488	225	47	480
294	294	294	230	230	230
11	11	11	11	11	401
172	422	365	301	124	213
26	26	26	26	26	490
277	277	277	277	277	170
444	444	301	301	301	160
276	145	145	290	46	458
122	122	122	122	122	199
322	322	322	322	322	182
234	234	234	342	342	342
13	13	13	13	13	243
215	381	60	499	4	349
30	30	30	30	30	282
206	206	206	206	206	35
394	394	394	394	394	65
75	75	10	10	10	179
257	257	257	257	257	71
329	329	329	329	329	119
287	309	309	169	49	141
106	106	414	289	327	246
69	69	69	69	69	182
213	153	195	295	304	472
394	394	394	394	394	470
434	162	107	339	368	466
49	49	49	49	49	426
419	419	419	419	120	143
230	230	230	230	230	297
15	15	15	330	330	330
304	304	304	304	304	19
457	384	268	83	51	114
102	136	102	265	464	4
303	496	496	380	111	181
81	81	81	147	147	147
62	379	82	254	94	189
389	389	389	389	389	164
490	490	490	490	490	89
418	418	4	4	4	324
498	498	453	453	453	362
336	369	24	329	4	30
442	442	442	442	442	83
53	53	371	371	371	178
93	191	230	132	70	123
270	270	270	270	270	180
49	133	147	49	363	290
335	335	335	335	335	170
392	392	392	392	392	65
413	413	90	90	90	14
32	32	32	32	32	89
492	223	464	406	130	108
108	108	108	108	489	245
360	360	481	481	481	114
256	256	256	256	256	80
323	323	323	323	323	186
231	231	231	231	304	310
147	341	147	129	75	294
387	387	387	387	387	470
444	444	444	444	444	5
273	135	232	402	136	176
206	206	206	206	206	479
165	375	416	42	165	487
320	320	320	320	320	334
185	185	185	357	357	357
104	104	104	104	104	314
240	240	229	229	229	440
237	237	237	237	237	151
333	333	333	333	333	399
419	419	419	211	211	211
179	179	472	472	472	102
186	186	342	342	342	166
410	410	410	410	410	131
390	390	347	347	347	269
186	186	186	186	186	328
237	97	112	21	21	14
425	425	425	425	425	343
482	482	482	482	482	389
2	2	2	2	2	140
396	396	396	396	396	329
491	491	491	491	491	357
384	384	129	129	129	283
491	491	491	468	468	468
262	122	138	122	30	264
243	243	243	243	243	226
267	183	395	236	183	42
289	289	289	289	289	20
439	439	439	439	439	117
144	144	144	144	144	64
62	208	395	75	288	421
195	195	195	445	445	445
92	464	466	393	466	165
406	406	406	406	406	378
1	492	409	461	441	482
102	12	114	208	37	416
480	480	480	480	480	174
4	402	103	4	6	69
303	303	303	303	303	390
288	10	135	474	446	336
367	177	413	221	101	293
4	4	4	4	4	216
366	366	177	177	177	206
417	417	417	417	417	13
29	460	256	341	268	248
142	142	142	469	469	469
290	290	290	290	290	247
448	448	192	167	403	349
392	392	392	392	392	10
230	304	358	481	4	373
49	49	49	49	260	288
390	489	233	189	17	9
217	217	217	217	217	432
146	146	146	146	146	231
57	57	57	57	57	161
8	8	8	8	8	223
337	337	337	337	337	432
239	239	239	239	239	466
103	103	103	103	103	99
188	188	188	188	188	368
390	247	463	375	405	39
303	303	303	303	303	428
396	396	396	396	396	465
383	210	354	210	321	245
413	413	490	490	490	365
175	400	28	382	309	216
422	422	422	422	422	430
387	340	370	248	499	374
326	326	326	70	70	70
64	177	177	415	173	194
426	426	191	191	191	281
237	155	344	43	155	342
65	125	420	420	87	49
143	335	98	51	106	22
16	36	244	372	215	24
499	285	136	405	318	107
444	444	444	444	444	57
430	430	430	430	430	155
72	72	72	72	322	114
475	475	412	412	412	471
198	198	198	198	198	6
130	130	130	130	130	464
276	276	276	276	276	200
230	132	391	482	230	353
78	78	312	312	312	12
230	315	88	9	88	183
486	486	486	486	486	278
113	126	204	188	324	372
239	239	239	239	239	176
122	110	402	265	407	244
108	77	476	402	137	310
56	56	56	81	81	81
288	29	331	109	330	389
274	387	480	204	168	12
498	498	498	498	498	258
132	132	132	132	132	195
312	312	312	312	312	214
455	455	455	455	455	401
429	429	429	387	387	387
17	464	437	202	254	215
285	285	285	285	285	164
345	345	345	345	345	397
167	167	28	28	28	29
428	130	68	297	408	212
306	306	306	306	306	175
16	16	16	16	16	242
325	325	325	325	325	67
331	331	331	331	331	367
489	489	250	250	250	84
355	355	355	355	355	250
497	497	497	35	35	35
98	324	364	293	394	373
32	59	475	5	59	126
265	265	265	265	265	289
142	35	40	209	8	158
129	129	129	129	129	48
376	376	376	29	29	29
79	79	222	222	222	308
431	431	431	431	431	108
50	50	50	50	50	357
178	352	113	186	352	16
423	423	423	423	423	142
318	318	197	197	197	381
240	240	240	240	240	250
447	117	259	174	51	59
312	312	320	320	320	112
497	497	497	497	497	383
301	301	301	301	301	462
11	11	11	11	11	301
56	56	56	56	56	451
459	459	459	459	459	166
196	196	196	196	196	282
332	332	332	332	332	11
278	191	17	17	60	79
244	244	244	244	244	318
271	271	271	271	271	464
173	415	260	253	173	204
164	164	164	401	401	401
231	231	231	231	231	323
267	267	267	267	267	210
479	479	479	479	479	209
148	148	148	148	148	340
220	220	220	220	51	92
163	163	163	163	163	415
5	5	5	5	5	333
241	241	241	241	241	38
52	52	52	52	52	188
136	216	76	41	488	193
233	233	233	233	233	354
253	253	465	465	465	428
328	328	328	328	328	124
402	402	402	402	402	424
386	386	386	317	317	317
12	330	314	437	37	275
219	219	219	153	153	153
41	41	41	41	443	277
219	219	219	219	219	436
342	342	342	342	342	447
118	118	496	496	496	401
212	208	135	230	440	217
145	145	145	145	155	464
316	316	316	316	316	197
157	157	157	157	157	409
323	323	323	323	323	170
37	105	244	262	240	356
140	140	140	71	71	71
399	399	399	399	399	367
44	306	306	451	45	492
402	402	402	402	402	268
491	491	491	491	491	307
87	412	269	357	421	39
232	40	399	343	189	180
306	306	306	306	306	182
123	123	123	359	359	359
83	83	83	83	83	431
303	377	160	301	434	460
34	34	34	34	34	428
198	198	198	198	198	362
402	307	378	234	106	239
484	484	484	361	361	361
383	438	438	222	498	269
427	27	350	438	456	413
197	221	164	342	195	488
148	204	472	205	205	390
167	167	167	113	113	113
310	310	310	310	310	101
151	151	151	151	151	275
333	333	207	207	207	285
169	169	169	169	169	485
308	308	308	308	308	229
443	197	282	197	224	270
316	407	318	146	386	204
414	171	79	224	224	201
192	192	192	192	192	197
453	453	453	453	304	233
314	314	314	314	314	140
345	345	345	345	345	155
276	326	192	102	28	104
138	138	138	138	138	412
417	417	417	417	417	323
300	300	300	300	300	448
428	228	428	250	369	370
124	124	124	124	124	480
103	103	103	103	103	453
180	77	407	300	180	130
355	355	355	355	355	69
439	439	439	378	378	378
272	242	447	4	242	60
499	499	499	280	280	280
409	409	409	26	26	26
303	303	303	303	303	5
173	173	173	173	173	452
74	74	74	74	74	495
186	186	186	186	186	271
263	473	302	263	387	317
338	338	360	360	360	499
215	215	215	215	215	234
225	225	225	225	225	466
456	456	456	456	456	332
246	166	122	284	378	87
450	450	450	450	450	262
286	286	64	64	64	399
25	73	485	23	73	74
240	240	240	489	489	489
393	393	393	393	393	166
437	437	437	437	437	135
64	64	404	404	404	272
282	282	287	287	287	279
411	89	167	100	313	87
301	301	301	301	301	28
416	367	203	83	132	162
332	44	44	262	364	161
364	364	364	364	364	107
241	241	241	241	241	58
231	231	231	231	231	431
483	483	118	297	499	328
112	275	287	311	430	65
332	332	332	332	332	141
122	122	122	122	127	377
487	487	487	487	487	358
57	57	57	57	57	115
14	345	70	350	222	83
13	443	268	447	362	279
344	344	414	97	127	167
419	419	419	419	419	93
429	429	429	169	169	169
67	67	67	67	67	240
221	203	414	10	37	424
56	157	202	247	396	346
342	342	342	342	342	29
494	481	344	328	382	169
308	308	308	308	308	367
425	158	184	358	158	485
382	382	382	382	382	103
303	202	150	58	262	207
209	209	209	209	209	323
276	276	63	63	63	273
190	190	65	65	65	410
127	10	111	111	210	179
464	464	464	464	464	58
260	260	260	350	350	350
228	228	228	228	228	214
41	41	41	427	427	427
302	302	302	302	302	63
347	283	330	180	228	110
282	282	282	186	186	186
391	391	391	391	391	483
454	454	454	339	339	339
409	218	492	406	218	34
325	325	325	325	325	28
320	320	320	320	320	428
238	238	238	238	238	5
486	486	486	486	486	315
468	468	468	468	468	148
212	52	180	195	293	331
74	74	74	74	74	430
419	419	419	419	419	35
404	404	404	404	404	119
374	160	201	448	298	340
469	442	450	363	318	489
142	142	142	142	142	84
390	20	138	20	86	399
255	255	255	255	255	400
440	108	487	446	3	359
154	154	154	154	493	151
252	252	252	252	252	491
149	149	149	149	149	201
348	348	348	348	348	112
5	427	268	399	268	109
409	409	358	358	358	147
144	144	144	144	144	1
405	405	405	246	246	246
473	473	473	473	473	302
208	336	154	405	430	122
229	229	229	229	229	437
43	43	43	43	43	56
395	395	395	395	395	194
438	438	438	438	438	405
340	340	340	340	340	414
48	48	48	48	48	11
467	194	467	470	155	304
97	97	97	97	97	199
150	150	150	150	150	432
70	70	70	70	70	51
397	397	397	397	397	409
433	433	12	40	196	456
404	404	404	404	404	188
196	196	196	196	36	462
70	70	70	70	70	251
279	279	279	279	279	155
63	63	63	63	63	388
239	239	239	239	239	362
401	401	401	401	401	268
167	167	167	117	117	117
492	492	139	139	139	293
483	483	483	483	483	123
383	383	383	383	383	250
285	149	221	39	85	325
57	57	57	57	57	3
33	33	33	33	33	134
179	179	179	179	179	207
259	441	259	349	386	94
274	274	61	61	61	362
396	396	396	396	396	425
65	89	175	399	323	375
24	24	24	24	24	447
194	194	194	194	194	74
145	145	145	145	145	349
342	342	342	342	342	226
226	149	350	298	482	288
291	291	223	223	223	370
396	396	396	396	396	179
137	137	137	137	137	219
56	56	56	56	56	448
115	115	115	115	115	257
273	273	273	273	273	339
250	250	487	487	487	269
205	205	205	205	205	188
371	371	371	371	371	204
82	82	82	82	82	111
349	328	253	397	471	133
382	382	382	382	382	71
326	326	326	326	326	351
117	204	30	231	68	410
92	92	92	76	76	76
81	81	108	108	108	20
186	186	186	95	95	95
55	121	333	153	158	324
421	421	421	421	315	378
350	350	350	350	350	43
127	127	127	127	127	235
104	104	404	9	350	363
356	356	356	356	356	300
5	5	5	5	5	205
274	274	274	274	274	28
87	87	87	87	27	462
494	279	439	121	403	321
417	417	417	417	417	294
401	144	310	287	144	122
230	376	361	81	230	92
71	71	71	71	440	401
167	498	378	430	274	405
2	2	2	2	421	346
363	62	90	130	178	245
5	5	308	2	191	412
221	221	221	221	221	255
386	281	164	226	177	468
312	10	50	457	410	353
34	34	34	34	34	25
166	166	166	166	166	172
94	94	388	388	388	267
54	169	348	123	326	328
141	141	141	141	334	215
461	172	424	344	172	64
408	408	408	408	408	73
394	394	394	394	394	45
405	405	405	405	405	135
353	397	111	185	111	319
312	312	416	416	416	173
274	274	274	274	274	169
272	272	272	272	272	146
310	483	325	435	435	375
243	243	243	243	243	126
389	389	389	389	389	222
88	88	88	88	88	485
241	241	241	241	241	447
77	77	339	339	339	32
14	14	14	101	101	101
251	251	251	251	239	298
379	379	379	379	379	468
108	393	128	139	139	186
116	116	116	116	116	76
495	495	495	495	495	463
223	439	72	372	428	253
214	214	214	214	214	305
417	417	417	417	184	174
444	97	360	360	269	379
16	16	16	16	16	416
43	43	43	43	43	404
418	418	418	418	418	492
212	232	455	232	466	374
450	450	450	450	450	45
247	247	347	347	347	416
31	31	31	31	31	184
392	392	392	392	392	414
298	298	298	298	298	116
4	4	4	4	4	242
111	111	111	111	111	32
70	70	70	67	67	67
81	81	81	139	139	139
340	340	340	340	340	407
447	447	308	308	308	282
449	449	449	449	449	453
227	227	227	227	227	50
113	113	113	113	113	495
396	396	396	396	396	457
349	264	349	71	96	181
289	382	82	372	97	463
342	342	342	469	469	469
342	342	342	143	143	143
492	492	492	356	356	356
5	223	355	348	388	160
50	481	481	192	269	86
96	96	96	96	263	312
101	101	405	405	405	109
98	98	98	181	181	181
245	245	245	245	338	100
74	74	74	446	446	446
128	128	128	128	128	308
371	27	107	282	173	390
387	387	387	387	387	440
168	168	168	465	465	465
425	425	425	425	425	336
436	436	338	338	338	263
72	72	72	72	72	286
212	212	232	232	232	132
332	332	332	332	332	47
391	391	391	391	391	297
104	104	104	104	104	304
447	329	209	204	320	281
30	30	30	30	30	346
182	112	3	297	334	102
103	309	373	337	275	497
287	127	197	214	213	77
64	64	64	64	64	15
58	58	58	58	58	162
106	106	106	106	106	368
200	200	200	200	200	301
52	52	52	52	52	272
486	362	154	70	62	126
111	111	111	111	111	197
400	400	400	400	400	467
268	268	442	442	442	302
39	39	109	109	109	237
21	21	21	21	21	332
425	425	425	425	425	62
220	299	330	452	452	473
334	334	334	334	334	127
321	321	321	321	422	210
489	443	339	246	489	56
18	18	18	18	18	118
87	87	87	87	87	343
487	487	487	487	487	398
358	358	358	358	358	452
400	220	330	154	458	66
432	36	473	400	157	297
324	108	372	485	333	60
386	386	386	386	386	480
37	37	37	37	37	329
51	51	51	51	51	348
266	406	195	305	266	256
108	108	108	30	30	30
398	398	398	398	398	323
459	459	459	459	459	286
166	166	166	166	166	486
461	461	461	461	461	444
381	381	381	381	381	91
91	91	91	91	91	189
118	118	118	118	118	346
243	271	396	485	495	273
260	260	260	260	16	107
391	391	391	391	391	482
22	22	22	124	124	124
412	412	412	412	412	368
357	357	357	446	446	446
157	157	157	157	187	143
247	206	247	336	131	461
253	253	220	220	220	341
179	179	179	179	179	441
391	391	391	207	207	207
343	343	343	343	343	246
351	351	351	351	351	3
101	101	108	108	108	328
96	335	461	236	96	251
62	62	62	259	259	259
411	411	411	28	28	28
228	228	228	228	353	95
143	143	143	143	143	393
420	458	179	443	310	192
436	436	436	436	436	168
363	363	359	359	359	309
426	426	426	426	426	339
53	53	58	58	58	142
457	457	457	161	161	161
440	440	440	440	440	354
236	236	236	236	236	406
42	42	42	42	42	380
59	59	59	59	59	460
382	382	382	382	382	410
346	346	346	346	346	381
351	351	351	351	351	101
94	94	94	94	94	229
289	431	256	220	480	169
437	437	437	437	437	31
237	237	31	7	203	24
474	474	474	474	474	429
468	184	470	205	205	404
492	492	492	492	492	214
177	177	177	177	177	499
12	12	12	12	12	22
357	357	357	463	463	463
389	389	389	389	389	481
494	494	494	494	494	4
43	180	56	197	56	149
87	87	87	87	87	457
191	191	60	60	60	156
193	354	90	354	105	48
319	319	319	319	319	384
222	281	40	336	40	332
396	396	396	396	396	168
318	497	47	318	241	374
100	100	339	339	339	310
136	136	72	72	72	308
108	108	108	398	398	398
484	484	161	321	343	352
82	82	82	82	82	26
138	138	407	407	407	284
432	432	432	432	432	56
471	471	471	471	471	85
141	107	138	86	246	325
344	373	150	450	62	58
444	444	444	444	444	33
465	465	465	465	465	385
253	449	428	272	72	220
242	242	242	242	242	432
500	500	500	500	422	237
283	158	18	92	283	81
108	108	46	46	46	55
471	471	211	255	152	199
83	83	83	83	83	211
227	227	227	312	312	312
213	213	213	268	268	268
357	357	357	357	357	69
67	400	261	122	179	332
435	435	492	492	492	439
495	495	284	284	284	146
482	45	475	333	235	458
391	391	391	391	391	276
330	330	330	330	330	225
28	28	28	28	28	187
475	15	388	294	303	427
303	303	303	303	303	364
435	435	435	435	435	257
1	1	1	1	87	488
440	440	434	136	368	470
466	466	466	294	294	294
265	265	265	265	265	187
322	322	34	34	34	22
407	270	237	368	407	330
110	110	110	110	110	240
286	286	286	286	286	161
311	311	311	311	311	16
63	69	282	470	470	107
237	237	237	237	445	493
114	363	268	492	285	438
62	62	62	62	151	140
475	475	475	475	475	82
450	450	450	450	450	260
177	177	177	177	202	416
273	273	273	108	108	108
463	463	463	463	463	238
40	40	40	40	40	259
268	267	16	56	212	166
410	410	410	410	410	357
341	314	391	442	139	55
15	15	408	408	408	180
455	455	128	128	128	63
303	303	303	303	303	221
234	234	234	162	162	162
443	443	9	9	9	406
480	480	480	480	480	33
196	196	196	196	196	350
12	12	40	40	40	297
163	163	163	163	163	120
197	197	197	197	197	312
265	17	69	189	346	399
254	254	254	254	254	277
345	345	345	345	345	437
342	456	100	180	389	217
357	375	164	19	259	237
121	48	121	17	118	386
415	415	415	415	471	79
286	286	286	286	286	331
328	328	328	392	392	392
117	355	26	305	495	315
303	303	303	303	303	199
27	27	226	226	226	308
452	452	452	452	452	69
353	353	353	353	353	357
427	337	15	15	117	44
411	411	411	345	345	345
97	38	308	478	272	453
161	391	391	402	315	385
77	77	77	77	147	474
311	311	311	311	311	119
216	216	183	183	183	194
356	356	356	356	356	192
378	227	229	10	22	300
446	345	366	176	15	312
156	156	156	156	156	448
339	339	339	339	339	178
252	139	106	314	377	35
301	301	301	301	301	219
406	406	158	343	28	335
316	316	316	316	316	422
43	203	322	207	28	309
83	83	83	83	142	279
290	283	419	419	152	88
18	18	18	81	81	81
308	308	308	308	308	110
13	13	13	13	13	355
396	396	396	396	396	262
326	326	326	326	326	392
225	225	225	225	225	2
383	383	383	383	383	113
48	48	48	48	490	213
290	427	269	46	343	220
142	104	282	196	142	314
335	335	418	418	418	494
494	494	351	351	351	76
61	72	72	373	37	44
366	330	445	90	90	52
271	271	271	271	271	73
90	90	90	90	90	86
81	81	81	81	461	111
372	372	372	150	150	150
444	444	444	444	444	147
359	134	69	266	308	200
51	242	40	40	142	454
433	433	433	433	433	417
3	3	3	3	3	30
117	101	388	266	446	302
304	304	304	304	304	140
58	58	58	58	58	134
60	60	60	60	60	127
302	211	402	271	463	270
152	152	251	251	251	203
164	164	164	348	348	348
382	382	382	382	382	395
337	337	337	337	22	2
482	482	482	482	482	270
58	58	142	142	142	368
374	303	73	371	374	404
195	326	343	25	499	373
413	97	350	313	338	428
207	207	207	207	207	155
2	2	2	2	2	100
184	391	327	444	483	160
482	293	410	428	271	364
388	388	388	388	388	318
281	281	281	281	281	405
460	460	460	460	460	452
151	151	151	151	151	300
305	305	305	305	305	90
321	321	321	321	321	113
48	48	48	48	48	243
109	423	352	109	113	184
430	430	430	380	380	380
286	286	286	286	286	450
368	368	403	403	403	308
452	452	133	133	133	390
181	131	372	432	251	409
175	219	490	92	71	74
218	218	218	218	218	424
484	484	484	484	484	107
221	221	221	221	221	383
473	473	473	473	473	360
159	159	159	159	159	339
5	78	454	78	336	2
285	224	112	168	107	15
348	348	348	348	348	401
259	259	259	140	140	140
309	309	309	377	377	377
255	329	323	329	259	140
255	255	255	420	420	420
135	135	135	135	112	14
481	481	303	303	303	362
266	266	266	266	266	49
42	42	203	203	203	72
61	61	61	73	73	73
51	51	51	51	51	264
373	373	373	373	373	382
263	263	263	263	263	69
234	234	234	438	438	438
76	76	76	76	76	59
25	25	25	25	25	51
23	23	4	4	4	494
410	410	410	410	410	150
416	416	416	416	416	243
264	264	264	264	264	314
25	25	181	181	181	196
309	309	309	309	309	383
109	109	171	171	171	132
76	445	170	101	243	366
263	263	263	263	263	14
48	78	59	59	330	321
72	72	72	72	72	447
409	302	46	146	46	441
441	441	482	482	482	286
377	377	377	377	377	191
328	328	328	197	197	197
54	58	432	103	346	29
52	52	52	52	52	101
258	258	258	258	258	78
2	2	429	429	429	118
350	176	64	173	258	427
119	119	119	119	119	367
163	163	163	163	167	335
242	242	316	316	316	80
392	119	85	204	166	68
229	173	347	347	290	319
439	116	61	461	111	447
79	361	325	255	325	31
396	396	396	396	396	322
306	306	314	236	244	476
177	78	66	450	200	261
320	320	320	320	370	281
75	219	149	149	73	44
245	245	147	147	147	6
21	307	107	416	53	127
132	132	132	132	132	279
448	448	448	448	448	482
185	60	185	210	10	95
477	477	477	477	477	420
148	148	445	445	445	430
100	100	100	100	100	256
173	173	173	173	41	288
452	452	452	452	452	29
480	480	480	480	480	84
160	311	160	166	178	127
314	314	314	314	192	64
350	432	44	350	161	235
152	152	322	322	322	72
31	31	31	31	31	108
225	225	441	441	441	86
179	410	442	140	410	93
226	441	192	441	476	79
393	393	393	393	393	366
318	318	318	318	318	51
420	420	420	161	161	161
190	93	186	408	473	289
15	15	285	285	285	358
361	361	361	309	309	309
340	133	115	464	319	91
289	373	82	26	178	233
60	60	60	60	60	425
497	497	497	497	120	39
83	83	83	83	83	155
120	120	120	120	120	469
180	486	61	23	209	251
473	473	321	321	321	201
200	200	150	150	150	434
183	183	183	183	183	300
387	387	387	425	425	425
34	34	34	34	34	193
421	421	421	421	421	189
331	498	78	283	35	384
90	90	78	78	78	497
132	132	132	132	132	17
61	61	61	201	201	201
384	384	86	86	86	68
456	456	456	456	456	141
214	449	58	178	178	128
69	69	69	69	69	219
361	361	361	361	361	89
318	318	318	318	318	203
196	132	48	453	371	23
190	190	190	190	190	17
447	209	300	68	267	208
148	148	169	169	169	402
436	436	436	436	436	325
271	271	271	334	334	334
68	68	68	68	68	181
7	7	7	7	7	466
233	233	443	443	443	314
240	240	240	240	240	4
52	52	52	52	52	95
53	53	117	117	117	461
56	56	346	346	346	369
291	97	333	468	428	255
388	339	147	38	388	260
59	59	59	59	59	172
54	54	54	54	54	390
175	170	237	170	21	497
54	54	54	54	54	84
123	266	417	154	154	312
96	96	96	96	96	226
71	71	482	315	79	279
333	333	333	333	333	329
73	73	73	280	280	280
185	185	185	185	185	320
495	62	337	374	439	489
230	230	230	252	252	252
85	85	85	85	85	195
422	422	422	422	452	299
22	22	22	279	279	279
476	476	476	476	476	184
93	93	93	93	93	275
111	111	111	403	403	403
153	153	153	153	153	118
323	323	323	323	323	320
232	232	232	232	232	329
87	157	157	3	229	343
82	82	82	82	82	236
106	106	106	106	106	246
242	242	242	242	242	187
154	154	375	375	375	471
406	406	406	406	406	368
4	4	391	391	391	456
53	53	53	53	53	435
473	473	473	473	304	474
218	345	91	461	159	152
181	337	377	345	254	238
340	495	325	456	209	5
277	347	389	455	135	84
419	418	425	109	109	417
363	363	363	315	315	315
217	109	350	133	39	259
443	250	73	324	304	197
446	446	462	462	462	128
464	117	384	250	351	226
184	102	102	82	382	203
370	370	370	370	370	112
401	386	140	217	140	294
214	46	416	389	319	278
124	124	124	124	146	189
355	231	137	492	196	334
30	30	255	255	255	478
159	159	112	112	112	355
365	365	365	365	365	186
412	412	412	412	412	280
55	55	55	55	55	28
377	377	377	377	377	363
61	61	61	61	61	362
144	193	153	357	133	37
148	465	455	49	326	496
151	151	151	151	151	43
298	298	298	298	298	85
36	139	333	428	167	52
60	60	60	60	60	489
454	454	454	454	454	449
118	118	118	118	118	70
1	1	1	1	1	483
273	273	273	91	91	91
225	134	241	388	225	451
321	321	321	321	321	205
219	219	219	219	484	157
354	354	354	354	401	412
356	356	356	356	356	59
315	315	315	315	427	239
458	458	458	458	402	228
229	229	229	229	306	495
256	429	325	439	10	460
465	465	465	465	465	476
258	121	489	258	54	176
43	43	58	31	290	234
227	427	386	149	427	343
422	422	422	422	422	199
371	307	229	198	393	328
309	309	309	309	309	315
17	13	117	499	178	411
253	253	253	253	253	266
366	409	283	359	70	257
479	479	479	479	479	123
237	237	237	237	237	267
461	63	92	105	92	101
90	90	15	15	15	209
449	449	449	449	449	288
379	379	379	379	379	52
114	114	114	114	220	311
99	99	99	99	99	324
219	404	404	327	139	100
107	105	330	465	242	70
437	410	477	393	461	440
478	478	28	28	28	152
162	162	22	22	22	168
205	205	205	205	205	384
68	68	68	68	68	27
299	353	298	265	353	161
92	92	92	388	388	388
134	134	134	134	134	170
191	191	191	191	191	492
210	269	75	238	281	89
210	210	210	210	210	156
497	497	497	497	497	109
182	414	182	438	51	495
229	229	254	254	254	113
150	200	78	490	26	296
141	141	141	141	141	380
332	314	289	332	492	378
342	342	117	117	117	300
450	37	134	420	134	310
114	114	114	114	114	249
82	82	82	82	82	452
449	449	449	285	285	285
18	18	18	18	278	499
289	99	255	317	317	268
371	371	371	24	24	24
406	406	406	406	406	156
155	155	155	200	200	200
62	62	62	62	62	115
206	450	265	255	101	426
338	338	338	338	338	212
126	126	126	64	64	64
305	305	305	305	305	41
3	411	498	130	498	333
81	81	81	81	81	486
319	319	155	155	155	493
436	117	320	429	436	458
258	445	391	147	167	276
420	420	420	420	420	419
56	243	56	175	253	120
230	230	230	230	230	37
413	413	413	413	413	36
379	379	314	314	314	378
445	188	106	55	144	479
308	308	308	308	308	370
18	18	354	354	354	480
381	381	381	381	381	114
348	348	348	348	348	438
112	112	112	112	112	441
226	226	226	371	371	371
393	393	393	393	393	301
454	369	24	369	232	305
330	478	330	331	431	193
490	490	490	298	298	298
224	224	202	202	202	343
227	227	178	178	178	308
459	459	459	459	459	245
14	205	88	464	355	254
436	436	436	340	340	340
275	275	275	275	275	243
475	475	475	475	475	314
45	428	190	45	416	232
289	289	137	137	137	407
14	14	14	14	14	269
265	363	265	236	404	116
190	190	354	436	250	393
354	127	201	66	435	63
287	287	412	412	412	357
294	294	302	302	302	162
233	437	361	397	361	257
164	164	164	164	164	272
189	240	492	475	377	306
393	176	62	176	266	377
260	260	260	260	260	145
248	25	61	114	61	75
244	244	244	244	65	473
240	240	240	240	240	192
252	252	252	252	252	4
283	283	225	225	225	277
146	158	34	430	158	19
192	192	192	192	192	384
239	458	20	407	371	105
31	31	31	31	31	402
137	137	137	137	137	381
431	465	199	246	52	294
267	267	267	267	267	64
243	243	453	453	453	20
468	468	468	468	468	382
482	482	293	470	138	450
38	38	38	38	38	500
225	225	225	225	225	90
66	66	66	66	66	169
68	4	64	327	430	185
432	203	436	293	442	96
373	373	373	373	373	251
366	366	366	366	366	434
66	66	66	66	66	432
198	198	198	329	329	329
354	66	223	74	66	37
73	221	376	377	73	330
403	403	403	403	403	272
20	20	443	443	443	35
309	227	140	90	313	154
208	208	208	208	208	432
341	101	262	440	68	216
329	329	329	329	329	305
255	483	76	483	135	321
176	176	176	176	176	153
468	468	468	468	468	64
39	39	39	39	39	359
404	112	118	127	287	352
481	481	481	481	481	244
424	424	424	424	424	498
309	309	309	309	309	175
104	157	377	467	106	15
162	135	306	123	306	373
428	428	484	91	28	410
321	268	389	27	354	479
88	88	88	88	88	43
61	61	61	61	61	454
50	50	167	167	167	253
198	198	198	198	198	58
198	198	198	130	130	130
403	403	403	403	403	117
241	241	241	241	241	265
175	175	462	462	462	264
133	133	103	103	103	27
43	43	43	43	43	269
33	240	28	304	480	160
299	299	299	299	476	285
49	49	49	49	102	128
186	186	186	395	395	395
497	497	497	497	497	163
496	496	496	269	269	269
370	370	370	370	370	274
300	300	277	277	277	378
432	432	432	432	432	3
288	288	288	288	288	350
180	180	180	180	180	24
211	211	85	85	85	232
347	312	448	499	499	213
157	157	157	157	157	439
211	211	211	211	211	413
487	487	193	423	309	485
259	259	259	203	203	203
14	14	14	14	14	403
376	376	376	376	376	420
12	274	418	322	6	436
29	29	3	3	3	68
1	137	349	256	235	37
425	367	467	167	450	266
42	42	42	169	169	169
103	103	103	103	103	107
146	146	146	146	146	325
392	392	392	392	392	322
222	331	455	222	47	133
364	364	364	364	364	497
179	179	179	179	179	320
148	148	148	148	148	351
416	416	416	416	416	349
74	74	74	74	74	357
3	187	152	102	111	471
474	369	207	475	165	462
413	100	487	28	220	71
5	5	469	469	469	339
456	456	456	456	456	16
381	288	392	12	385	416
116	413	221	116	411	465
468	468	468	468	468	472
45	45	45	45	45	176
102	102	102	102	102	410
395	395	194	194	194	468
302	344	399	47	114	155
185	185	185	185	314	2
131	131	131	131	131	291
102	102	102	102	102	420
393	393	321	321	321	160
422	422	422	422	422	259
300	300	300	300	300	48
72	72	72	72	72	341
371	371	371	371	415	309
281	328	344	119	344	433
325	325	325	325	325	386
333	333	333	333	333	290
117	117	117	117	117	355
166	166	166	166	166	12
152	152	152	152	152	391
93	119	220	78	277	80
460	460	460	364	364	364
399	399	399	386	386	386
29	481	255	247	193	388
333	333	333	333	333	98
77	77	77	149	149	149
396	396	396	396	396	492
396	396	396	396	396	151
169	169	302	302	302	29
206	314	296	300	296	123
217	230	281	378	51	381
461	284	219	189	284	481
140	140	128	128	128	249
49	49	49	49	49	25
196	29	123	449	449	250
282	282	282	282	282	165
470	470	470	470	401	68
400	400	400	400	400	114
303	303	303	303	303	168
162	162	470	470	470	82
340	213	131	158	67	283
157	157	157	157	157	482
335	214	274	481	192	387
228	228	228	341	341	341
57	57	57	57	57	353
340	340	340	340	77	469
111	111	349	349	349	22
195	195	194	194	194	135
318	318	318	318	336	190
401	401	401	401	401	44
104	327	104	496	355	373
361	483	26	305	400	50
339	339	339	339	339	213
277	115	434	32	444	96
367	367	367	367	129	452
453	476	412	301	453	42
242	242	242	242	495	296
314	314	314	314	314	163
41	41	41	41	41	138
273	273	273	273	273	414
426	426	426	188	188	188
307	370	307	115	212	465
436	436	436	436	436	226
383	383	489	489	489	278
470	470	455	455	455	359
431	431	431	431	431	157
358	91	38	109	387	426
341	375	373	302	375	197
185	185	185	185	185	461
462	462	462	462	462	364
168	243	26	288	308	341
285	79	70	229	191	400
260	260	260	260	260	68
352	352	379	379	379	275
230	230	230	230	230	208
104	104	104	104	104	23
379	379	239	239	239	438
288	288	288	288	288	133
334	334	334	334	334	9
144	144	144	144	144	354
441	233	300	336	178	139
292	291	148	148	405	219
14	14	14	14	14	438
172	172	172	172	172	258
73	73	73	73	73	12
185	185	185	185	185	256
110	364	436	358	23	457
19	19	19	19	19	194
235	269	173	173	197	33
361	361	474	474	474	108
360	360	360	492	492	492
105	105	105	105	105	192
493	493	493	493	493	82
186	247	363	247	288	430
455	99	144	385	44	227
412	412	412	412	412	151
328	498	323	54	54	204
159	177	240	488	203	454
46	221	70	221	212	99
50	50	50	499	499	499
269	269	269	269	269	354
328	230	447	436	328	220
289	289	289	289	289	341
226	226	226	226	226	311
255	255	181	181	181	147
159	159	159	159	159	195
235	376	319	295	25	292
182	182	182	182	182	476
127	127	127	127	80	420
407	249	491	75	350	400
118	262	44	44	214	15
354	354	354	354	354	244
194	137	277	196	277	311
422	483	65	422	85	112
75	75	75	75	170	421
18	18	18	140	140	140
335	335	335	183	183	183
428	428	428	428	428	218
347	347	347	171	171	171
403	403	403	281	281	281
271	271	271	271	271	485
210	210	210	210	210	54
497	497	497	497	497	465
409	409	409	409	409	165
445	445	445	445	445	480
117	117	117	381	381	381
15	15	15	15	15	489
123	123	123	123	123	351
114	114	114	114	114	360
329	329	329	329	329	373
278	278	278	278	278	229
397	139	66	426	426	225
265	265	265	265	282	137
224	224	224	46	46	46
111	111	111	111	111	322
135	135	135	135	135	302
6	289	9	386	76	88
107	308	100	169	108	371
28	28	28	28	28	122
108	108	108	108	108	129
332	332	160	160	160	417
41	41	41	303	303	303
378	378	434	434	434	389
150	257	458	458	63	403
376	376	376	376	376	159
72	72	72	36	36	36
93	93	93	93	93	89
165	420	486	165	140	238
256	412	449	383	93	254
354	354	213	213	213	190
413	413	413	413	413	250
28	342	28	455	212	34
88	314	79	74	443	365
379	379	379	379	379	370
388	402	132	91	245	300
446	446	446	446	446	442
288	488	4	242	56	265
408	408	408	408	408	498
76	41	31	139	214	115
12	12	12	81	81	81
422	422	422	422	422	415
441	38	108	113	268	317
77	77	77	77	77	131
293	293	311	311	311	118
75	265	455	464	291	34
84	84	84	84	84	306
196	196	196	167	167	167
367	367	367	367	367	248
112	492	244	175	112	485
379	379	379	458	458	458
48	48	48	98	98	98
420	482	12	343	102	454
9	9	9	396	396	396
353	353	353	353	353	97
167	167	210	210	210	169
34	34	34	34	34	139
433	433	480	480	480	328
252	215	7	7	271	80
245	245	245	245	245	91
354	273	389	355	389	251
273	273	128	128	128	154
309	274	229	462	14	160
331	331	331	331	315	238
395	395	395	338	338	338
111	111	111	111	111	300
173	170	102	40	338	347
382	382	382	382	382	269
390	390	390	390	62	283
323	335	107	370	214	238
497	497	497	497	497	460
41	41	41	144	144	144
307	249	307	111	72	56
293	293	293	293	293	91
393	59	10	46	159	208
342	342	342	342	342	74
265	279	198	486	331	315
76	76	76	76	76	498
222	222	222	222	222	284
393	423	309	253	314	184
327	327	327	327	327	464
453	453	453	453	453	355
326	326	326	326	326	436
233	271	443	443	418	498
224	449	175	179	478	265
293	293	293	293	293	215
63	63	43	43	43	139
327	327	327	23	23	23
148	148	148	148	148	374
179	179	494	494	494	324
392	392	165	165	165	379
182	182	182	182	182	79
321	321	321	472	472	472
302	379	415	346	93	74
463	463	490	490	490	308
378	378	378	378	378	343
293	415	411	125	364	182
297	297	297	297	297	362
493	493	493	493	493	56
137	137	137	227	227	227
123	386	274	34	195	402
428	428	428	428	428	13
4	4	4	465	465	465
403	403	403	403	403	172
245	245	245	245	245	152
318	318	318	181	181	181
188	188	188	188	188	328
459	135	154	353	293	395
187	187	187	187	187	429
197	197	121	383	451	159
489	422	40	134	293	237
14	14	14	14	14	479
141	141	141	141	141	144
400	400	400	400	400	300
401	401	487	487	487	458
153	153	153	153	153	201
462	462	462	96	96	96
388	370	305	287	457	425
302	302	432	432	432	320
199	199	341	341	341	302
327	327	327	327	327	130
408	408	408	408	408	311
194	194	194	194	194	289
14	14	14	14	14	271
71	71	71	71	71	266
416	416	416	416	416	269
427	164	228	77	77	131
38	38	38	371	371	371
333	333	142	142	142	423
279	279	279	279	279	449
213	213	213	299	299	299
426	426	195	195	195	467
296	296	296	296	296	70
289	289	32	249	386	30
358	358	358	471	471	471
158	158	158	158	158	398
374	374	351	351	351	341
466	430	35	305	132	282
158	158	158	158	158	121
312	312	312	312	312	24
350	10	346	161	10	149
494	494	494	494	494	99
294	294	294	294	294	163
215	215	215	215	215	202
219	259	6	331	470	268
225	417	438	35	77	289
389	389	389	389	389	452
191	191	191	191	191	9
413	413	413	413	413	405
182	182	182	293	293	293
337	337	337	337	337	463
224	224	224	224	224	100
131	433	455	148	407	400
164	164	164	164	57	132
198	198	198	198	198	22
143	139	139	340	98	213
8	8	8	8	8	90
367	367	198	198	198	143
337	415	34	127	211	132
465	96	96	32	281	290
73	73	73	73	73	28
466	466	466	163	163	163
62	62	62	62	62	439
210	297	257	389	389	476
411	411	411	411	411	187
333	333	333	85	85	85
249	249	249	249	249	389
375	491	375	179	65	12
185	185	173	173	173	20
36	36	36	36	36	180
249	249	249	77	77	77
94	94	94	94	94	461
86	118	39	361	265	14
266	75	266	330	486	368
236	236	236	236	236	214
447	447	447	447	447	30
133	133	133	133	133	338
473	473	473	473	473	104
433	433	433	240	240	240
102	102	102	311	311	311
468	468	468	468	468	117
429	429	209	209	209	139
376	239	75	75	28	248
174	174	174	174	174	324
268	268	268	268	268	129
113	229	328	78	290	338
323	323	323	323	323	69
191	191	191	191	191	474
33	33	33	33	33	496
361	84	356	84	345	30
407	2	497	388	424	279
64	64	64	299	299	299
172	172	455	455	455	184
306	306	306	147	147	147
260	260	260	260	260	35
90	90	416	416	416	93
92	181	456	410	61	78
340	340	340	340	340	121
102	102	102	102	102	108
206	377	424	372	156	31
321	321	321	321	321	426
313	313	313	313	313	229
195	195	195	374	374	374
114	215	274	356	380	84
473	473	473	473	473	335
16	16	16	427	427	427
48	48	48	48	48	221
38	38	38	38	38	356
471	471	471	471	471	157
406	159	200	80	252	85
284	284	33	33	33	351
357	85	85	309	94	373
28	28	28	28	28	452
377	377	377	164	164	164
177	177	118	118	118	222
276	296	466	489	84	421
280	358	478	465	414	93
342	342	342	342	342	325
206	206	206	206	206	199
258	258	118	46	443	229
22	252	94	337	252	107
439	439	439	439	439	214
223	223	223	419	419	419
11	11	11	344	344	344
175	175	175	185	185	185
132	114	273	177	177	201
128	450	119	46	20	335
452	452	452	452	452	202
198	93	32	93	250	413
394	394	394	394	394	435
336	228	217	431	217	448
220	87	300	379	220	183
483	483	483	483	483	408
214	214	214	214	214	340
56	56	56	56	56	416
30	30	30	30	30	170
29	29	29	137	137	137
28	443	286	330	443	206
399	271	343	399	295	426
23	23	88	88	88	113
187	374	487	95	9	81
356	356	356	356	356	24
285	285	285	141	141	141
100	100	100	100	100	420
144	144	144	144	484	31
135	135	135	135	135	58
300	300	300	473	473	473
20	20	20	20	20	170
436	436	436	436	436	130
86	86	86	493	493	493
70	70	70	70	70	89
216	216	216	216	216	74
200	200	200	200	39	339
461	461	461	338	338	338
77	77	77	77	77	150
120	120	120	120	120	189
379	379	379	379	379	64
106	106	106	106	106	404
360	360	360	360	360	341
193	363	212	84	248	228
48	48	48	48	48	406
329	329	329	329	329	196
381	381	381	381	193	280
421	421	493	493	493	434
193	113	117	206	135	17
135	135	135	135	135	133
372	372	372	372	372	110
148	148	195	195	195	1
447	447	447	447	447	337
180	180	180	180	180	323
156	156	105	105	105	372
36	36	36	36	36	329
158	158	158	269	269	269
225	225	225	225	225	371
11	11	11	11	235	252
363	363	363	363	363	381
320	320	320	320	320	231
96	96	96	96	96	70
90	90	90	68	68	68
409	409	409	409	409	82
339	339	339	339	400	83
63	63	63	444	444	444
367	367	367	367	367	290
166	166	166	308	308	308
216	216	216	216	216	364
103	103	103	103	103	121
376	376	376	376	376	177
81	81	81	81	81	378
105	286	267	353	286	334
178	178	178	87	87	87
259	259	259	259	259	378
210	210	210	210	210	344
362	392	74	68	392	104
110	110	110	110	110	354
497	497	497	497	497	359
39	39	39	39	39	335
460	460	460	460	494	309
470	338	275	227	435	317
59	59	59	59	59	316
466	466	466	466	466	407
19	19	19	185	185	185
324	324	324	226	226	226
316	316	316	316	316	5
153	153	133	133	133	448
108	108	108	108	108	186
457	457	457	457	457	145
203	203	203	203	203	86
220	81	30	240	52	341
482	482	482	482	482	262
135	162	462	325	464	106
213	213	213	213	269	294
394	394	394	394	58	114
413	413	413	413	342	134
458	350	478	62	348	206
445	445	445	445	445	342
322	256	442	498	365	467
193	485	76	150	78	173
413	413	413	413	413	206
200	497	450	97	390	264
18	18	144	144	144	103
355	355	355	355	355	287
357	357	357	357	357	487
335	335	335	496	496	496
264	195	412	195	105	219
336	336	336	336	336	247
408	408	408	408	408	441
227	299	202	449	162	207
400	400	400	400	400	275
474	474	474	474	474	289
276	276	276	276	276	463
74	74	74	74	74	281
64	64	64	198	198	198
104	369	99	230	268	26
382	382	382	382	382	311
340	340	340	340	340	496
104	104	104	104	104	28
64	64	64	177	177	177
57	143	81	57	451	207
476	257	73	475	454	56
138	138	138	138	138	105
10	10	10	10	30	228
487	355	29	9	235	346
202	202	202	202	202	134
451	310	426	316	451	21
316	316	316	316	316	93
496	181	375	308	236	53
398	398	398	398	398	288
385	385	385	385	385	60
433	452	35	150	396	125
228	228	228	228	228	196
187	187	187	187	187	190
237	311	333	308	213	172
184	184	76	76	76	203
257	257	257	257	257	412
144	361	113	202	216	12
415	33	153	415	238	365
279	279	279	279	279	167
458	458	458	374	374	374
287	352	96	31	259	209
382	382	382	382	382	257
327	315	193	124	193	477
313	58	399	7	7	41
10	455	343	10	205	393
394	394	394	394	394	117
475	127	319	102	119	404
40	40	40	374	374	374
196	196	196	196	196	138
429	429	429	429	109	211
174	174	174	174	174	387
58	58	58	58	58	327
234	234	234	234	234	482
1	1	94	94	94	89
492	492	492	492	492	138
39	39	39	39	39	124
108	108	108	108	108	24
329	329	329	329	329	428
237	237	237	237	237	485
215	215	215	440	440	440
280	112	269	280	199	94
292	292	484	484	484	354
244	244	244	244	244	389
27	27	27	27	27	437
440	404	499	201	197	424
484	484	484	484	484	255
381	381	381	381	381	136
110	110	110	110	110	302
346	346	346	346	346	104
374	374	237	237	237	322
17	17	17	334	334	334
79	119	73	73	153	283
273	273	273	273	273	277
335	335	418	207	199	231
254	86	109	254	3	124
219	174	464	464	343	236
110	110	110	110	110	488
151	151	151	418	418	418
194	194	328	328	328	470
362	82	294	127	362	435
464	464	464	464	464	60
400	400	400	400	400	19
4	4	4	350	350	350
389	26	24	486	389	216
479	479	479	479	479	68
123	123	271	271	271	340
388	388	388	388	388	291
227	227	470	470	470	109
330	114	194	494	114	246
260	260	260	260	260	16
126	435	440	322	296	442
475	475	255	101	459	379
195	14	240	463	240	30
390	390	390	329	329	329
128	128	128	128	128	367
497	419	419	322	224	109
457	457	457	457	457	295
147	147	147	147	147	116
71	71	71	71	71	385
269	269	159	159	159	24
111	111	111	111	111	189
50	233	405	233	47	418
29	29	29	47	47	47
43	43	43	494	494	494
220	220	206	206	206	334
121	121	121	121	121	376
317	46	115	435	65	143
412	412	412	412	412	466
34	34	34	34	34	151
275	275	275	275	275	164
232	360	134	443	49	6
430	430	430	261	261	261
442	478	79	70	289	131
95	95	95	95	95	38
365	365	365	293	293	293
302	302	302	302	302	332
263	263	263	263	263	441
383	383	68	169	23	458
170	416	446	261	55	187
83	83	83	83	83	464
228	66	93	459	228	213
79	79	79	380	380	380
416	416	416	416	416	442
97	23	319	23	353	351
290	306	480	290	310	222
147	147	147	147	147	474
444	444	444	444	444	100
177	494	367	101	39	164
172	413	141	413	48	87
254	254	254	113	113	113
424	424	333	333	333	487
415	415	415	415	415	425
361	361	361	361	361	401
181	104	71	253	253	115
68	252	440	397	252	371
274	93	469	455	93	228
236	59	220	170	74	28
276	276	276	276	276	97
157	114	103	49	36	19
91	91	91	401	401	401
323	323	323	323	323	223
166	166	166	166	166	484
306	306	366	270	371	221
468	468	468	468	468	259
298	298	298	298	298	147
313	313	313	313	313	6
421	235	197	351	342	272
329	329	329	329	329	166
146	146	146	146	146	283
155	10	69	5	210	55
275	275	275	275	275	465
301	301	301	301	86	238
345	345	345	345	338	184
332	332	332	408	408	408
426	426	426	426	426	278
202	202	202	202	202	79
79	423	423	232	87	491
343	343	343	343	343	148
319	319	319	319	319	81
201	201	201	201	201	11
108	111	220	80	375	305
458	458	458	34	34	34
230	230	230	230	230	43
401	401	203	203	203	121
388	388	388	388	388	497
56	56	56	56	56	257
99	99	99	491	491	491
203	471	363	483	122	352
115	115	350	350	350	118
490	351	351	244	132	225
162	162	162	162	162	27
342	407	412	157	384	463
140	140	140	140	140	293
434	227	317	71	59	122
171	171	171	171	171	158
166	166	166	166	166	442
182	182	182	182	182	290
111	111	111	144	144	144
448	448	315	315	315	27
11	11	11	11	11	423
355	355	190	235	45	418
336	336	336	351	351	351
183	183	183	183	183	326
208	208	115	115	115	233
451	451	363	363	363	239
355	355	355	355	355	338
7	7	7	7	7	40
212	212	212	212	212	325
264	264	264	264	264	182
256	256	256	256	256	85
31	31	31	31	31	364
360	361	251	62	251	28
320	320	320	320	320	170
342	491	485	365	152	232
171	313	281	198	415	390
288	288	288	288	288	492
12	260	34	124	148	353
452	452	452	452	452	18
187	187	187	187	187	218
42	42	42	42	42	404
284	246	363	422	114	491
38	38	38	38	38	297
289	439	55	490	289	496
490	494	230	365	297	469
379	379	379	379	379	2
36	36	36	36	36	212
213	213	213	213	213	14
87	87	63	316	40	176
121	121	491	491	491	7
46	46	471	471	471	222
448	448	448	448	448	210
392	392	392	392	392	276
141	141	141	141	88	233
5	5	5	5	5	88
221	79	326	443	51	215
471	471	471	471	471	261
149	149	149	410	410	410
345	26	170	357	163	442
309	309	309	309	309	134
179	179	179	104	104	104
204	204	204	204	204	1
448	448	345	345	345	450
497	160	266	175	266	302
430	63	405	81	54	486
302	302	302	302	302	349
121	121	121	121	121	31
397	105	106	388	173	78
468	468	468	468	486	79
245	245	98	98	98	42
459	146	77	409	138	9
137	34	178	95	323	358
423	423	423	423	423	173
75	75	75	75	368	183
465	465	465	465	465	439
210	210	210	210	210	104
280	350	115	228	209	365
476	476	476	476	476	111
487	487	487	487	487	237
125	125	125	125	125	455
127	259	48	424	11	207
478	478	478	478	478	229
212	212	212	212	212	156
18	18	18	18	18	124
191	335	335	90	459	472
470	470	470	470	202	137
235	235	235	67	67	67
276	499	53	53	106	143
72	72	72	72	72	472
431	74	431	307	355	4
269	269	269	269	269	497
55	55	378	378	378	256
178	200	132	60	465	64
10	375	384	465	435	273
238	288	368	243	61	5
249	435	3	280	55	198
117	117	117	117	117	273
183	183	231	231	231	30
202	202	202	202	202	152
180	228	5	297	418	227
236	236	236	236	236	385
458	458	458	458	458	215
32	32	32	32	32	432
31	31	31	131	131	131
435	78	86	218	236	52
143	143	353	131	424	378
40	40	50	50	50	33
164	164	164	164	164	224
499	499	499	499	499	17
364	364	232	232	232	158
72	405	319	381	381	290
497	497	497	497	497	341
175	175	175	175	175	404
329	329	329	329	329	201
359	359	359	359	359	382
388	388	388	388	388	30
295	295	295	295	295	177
204	204	204	204	204	495
407	407	407	407	407	222
298	298	298	76	76	76
307	307	307	307	307	249
267	267	267	321	321	321
323	72	274	103	435	59
496	496	260	260	260	420
38	38	38	38	38	500
82	82	82	80	80	80
237	237	237	237	237	197
51	389	302	347	295	18
83	83	83	411	411	411
250	250	293	293	293	452
163	163	163	163	163	427
124	124	124	124	124	50
443	21	427	255	379	109
494	494	494	494	494	105
412	412	412	412	483	466
324	324	324	324	324	114
451	451	395	395	395	322
43	43	43	43	43	160
461	461	379	379	379	207
319	496	333	78	47	197
255	255	255	284	284	284
457	457	457	457	457	276
213	213	213	213	213	220
177	177	177	177	177	318
392	369	14	398	350	342
214	214	214	214	214	232
154	154	347	347	347	112
126	126	126	126	126	286
269	269	269	269	269	189
296	296	296	296	296	116
36	69	40	36	476	61
450	450	450	450	450	53
396	396	396	396	396	292
370	370	370	482	482	482
50	50	494	164	24	37
450	471	75	437	228	255
459	459	459	459	459	1
453	453	367	367	367	394
317	317	317	317	317	137
262	262	262	262	262	275
47	435	384	384	480	265
181	181	181	181	181	185
126	448	295	40	55	221
433	433	433	433	433	83
423	423	423	423	423	231
309	491	70	309	111	486
189	189	189	189	431	426
357	357	357	357	357	3
148	148	256	256	256	85
325	325	325	469	469	469
445	477	383	311	311	295
358	358	358	358	358	359
30	30	30	9	9	9
135	135	135	484	484	484
56	56	56	56	56	257
430	430	430	430	430	498
413	413	413	413	413	424
327	327	327	327	327	299
149	149	173	173	173	250
282	282	282	282	282	293
373	373	87	87	87	7
2	2	2	2	2	269
23	23	23	23	23	303
259	259	259	259	259	203
189	189	189	189	189	163
132	132	132	132	215	5
160	160	160	160	160	333
463	486	90	5	371	459
354	118	416	82	226	210
314	314	314	87	87	87
45	71	341	176	112	472
31	499	377	390	17	195
61	61	61	15	15	15
394	494	219	369	329	330
104	104	104	104	104	178
439	439	439	439	439	59
240	158	192	178	82	42
388	388	388	388	388	227
117	117	117	117	117	340
394	394	394	394	394	25
475	475	475	475	475	234
397	397	397	397	397	113
67	50	346	118	387	18
88	88	88	88	88	408
303	303	303	249	249	249
468	468	468	147	147	147
79	79	79	79	79	478
333	333	333	333	333	385
334	334	299	299	299	141
349	349	349	349	349	137
423	423	423	423	464	331
496	496	398	398	398	13
170	170	170	170	450	412
132	132	132	132	132	101
365	365	344	344	344	189
335	483	480	59	318	252
65	65	432	432	432	144
100	100	100	100	100	399
153	153	153	153	177	18
323	323	323	323	323	137
145	145	248	365	370	208
56	56	56	56	56	412
235	235	43	43	43	321
304	497	426	47	191	310
119	119	119	119	119	452
25	25	25	25	171	211
363	363	363	363	363	181
370	370	370	370	370	72
452	132	303	86	444	213
94	94	94	94	94	41
497	497	497	497	143	324
165	165	165	165	165	291
174	174	174	174	174	118
98	98	98	98	98	246
459	459	459	459	459	365
333	333	185	185	185	113
274	274	274	274	274	32
131	131	131	131	131	296
405	405	405	405	405	292
87	87	87	87	87	321
464	464	464	464	400	457
356	356	356	356	356	118
104	104	104	104	104	247
65	65	108	108	108	321
452	452	452	452	452	423
159	6	186	173	159	396
10	10	10	209	209	209
43	43	72	72	72	86
156	156	156	156	156	374
115	115	397	397	397	47
162	162	162	162	162	179
323	237	279	117	117	399
271	271	271	271	271	470
287	287	287	287	287	478
268	268	268	457	457	457
178	178	178	178	178	315
393	393	138	138	138	425
6	6	6	6	6	52
11	11	11	11	11	23
22	22	22	22	22	109
416	271	80	354	222	404
369	369	369	369	369	294
367	367	423	423	423	122
445	287	376	260	279	136
287	287	287	287	287	134
490	490	490	490	490	106
374	374	374	374	177	201
321	321	321	321	321	350
82	82	82	82	82	264
174	174	174	174	174	331
235	50	428	429	430	293
221	221	221	221	221	64
390	390	390	390	359	23
101	101	101	101	101	159
164	4	370	318	72	259
253	281	262	214	459	289
296	296	296	296	296	390
463	463	463	484	484	484
210	173	54	24	82	112
81	81	81	81	81	25
22	22	22	22	22	16
489	489	489	489	489	355
114	114	114	114	114	110
333	333	333	333	177	188
371	371	371	371	371	219
291	291	291	291	291	281
268	268	268	268	268	383
224	224	224	224	224	153
99	99	171	171	171	39
92	92	92	92	92	30
335	335	335	335	335	362
249	487	299	346	299	132
307	307	307	307	307	492
6	6	6	6	6	419
79	79	79	79	79	384
294	114	66	404	337	406
229	1	380	59	444	353
422	282	390	307	198	237
309	309	309	318	318	318
3	3	3	3	459	61
23	72	336	173	333	444
449	449	449	449	449	287
380	380	380	380	380	257
492	1	405	292	322	431
187	187	489	489	489	460
105	105	105	105	105	11
242	242	242	242	242	47
228	374	323	219	468	364
266	140	114	266	483	280
98	121	77	77	55	278
76	76	76	76	76	154
204	484	151	62	127	219
280	304	390	312	414	336
57	57	57	57	57	360
419	419	419	419	494	492
268	268	268	268	268	412
401	401	401	401	401	246
110	110	110	110	110	418
169	169	169	169	169	106
147	147	147	147	147	103
274	274	251	251	251	318
149	149	149	149	149	239
421	421	421	421	421	72
240	240	240	265	265	265
60	60	60	60	60	276
56	56	56	56	56	191
366	366	366	366	366	5
428	428	428	69	69	69
20	20	20	20	20	235
263	263	263	263	263	369
234	234	234	234	234	154
185	261	185	148	130	209
76	76	76	76	76	96
234	298	355	116	298	360
340	340	340	340	340	282
228	228	228	25	25	25
230	46	461	424	424	296
156	156	156	156	156	254
249	249	249	249	249	257
346	346	346	346	346	214
115	245	124	239	451	406
357	357	357	357	357	47
14	14	14	187	187	187
435	435	435	435	435	252
243	243	176	176	176	302
93	93	93	393	393	393
20	20	169	169	169	382
461	429	374	400	24	52
239	239	239	239	239	433
490	490	490	490	490	355
499	361	408	5	40	161
360	360	360	360	360	378
437	437	437	437	437	290
476	476	287	287	287	172
297	319	240	314	498	254
145	145	117	117	117	70
499	499	499	499	499	108
199	391	199	194	23	275
121	255	121	79	349	12
264	264	264	264	264	124
306	306	306	306	307	123
170	170	170	170	170	323
15	15	15	15	15	286
106	106	106	106	106	36
18	18	56	56	56	178
258	258	258	258	258	61
308	179	396	396	177	269
425	121	50	423	121	259
343	343	343	343	343	252
7	26	406	128	185	142
444	444	444	444	444	397
388	388	388	47	47	47
179	179	170	170	170	444
464	486	271	464	442	317
384	17	344	106	171	42
151	151	151	151	151	411
179	281	92	395	182	212
447	447	447	447	364	105
60	60	60	60	60	73
315	315	315	315	315	354
298	298	298	83	83	83
8	8	8	8	8	315
408	408	408	408	408	100
256	256	256	256	256	290
109	109	109	109	109	226
63	63	63	63	63	131
356	431	8	161	105	171
8	8	8	8	287	57
270	451	347	105	451	279
251	251	251	251	251	281
295	295	174	174	174	283
104	61	459	37	138	231
433	433	433	433	433	365
354	354	354	215	215	215
380	380	380	380	380	473
90	90	90	90	90	88
233	233	233	233	233	399
449	401	475	200	117	355
375	481	68	375	487	9
438	438	438	438	438	258
274	274	383	383	383	166
247	247	247	247	247	159
275	275	275	275	275	204
20	20	20	20	20	114
43	43	43	43	43	177
352	352	352	352	352	349
220	220	220	220	220	257
244	244	244	244	244	329
358	394	387	115	21	202
420	420	420	420	420	146
18	18	18	18	18	104
342	217	26	114	139	360
412	412	412	412	412	94
267	267	267	267	4	226
413	384	18	141	63	441
470	470	470	470	470	51
286	416	226	340	286	131
107	107	107	107	26	177
119	407	37	142	179	443
53	53	53	53	53	97
126	126	126	126	126	379
187	187	199	199	199	202
351	180	65	11	1	492
329	329	476	476	476	217
81	81	81	81	81	44
132	132	474	474	474	226
216	216	216	216	216	313
144	365	357	90	276	445
461	461	461	461	461	373
56	56	56	56	56	328
180	180	180	180	180	466
277	277	277	106	106	106
493	493	493	493	493	312
363	363	363	309	309	309
374	374	374	374	374	79
227	227	227	227	227	204
191	404	75	265	117	423
216	216	46	46	46	16
452	452	452	452	452	285
170	170	170	170	170	134
89	89	89	89	291	18
91	91	91	91	91	336
40	40	40	40	40	181
379	379	379	379	379	394
479	479	479	479	479	296
72	72	72	72	72	203
80	1	394	157	294	407
490	109	176	223	55	327
35	35	35	35	35	144
464	464	464	464	464	238
275	275	275	275	275	38
25	25	25	25	25	403
155	155	155	155	155	332
491	491	491	473	473	473
485	485	485	485	485	103
213	213	213	213	213	335
383	383	383	383	383	384
454	454	108	108	108	264
439	439	439	439	439	53
116	4	304	215	366	412
220	220	220	220	220	463
391	391	391	391	391	294
315	315	315	315	463	278
161	161	161	161	161	422
226	226	269	269	269	450
426	378	86	387	74	203
16	254	289	116	376	349
258	258	258	258	258	454
219	219	219	219	219	214
206	206	206	206	285	346
378	378	378	378	378	268
82	82	82	82	82	425
88	188	24	228	230	499
368	368	368	368	368	439
213	281	202	182	154	64
230	221	287	267	253	462
439	412	209	16	59	79
399	399	399	399	399	329
332	332	242	242	242	275
84	84	84	84	84	379
53	53	53	53	53	434
257	159	94	159	379	71
40	162	426	473	473	127
317	317	307	307	307	54
28	28	28	28	28	408
138	138	138	138	138	263
23	23	23	23	18	148
423	423	423	423	423	490
435	96	132	185	258	394
260	260	260	260	260	77
222	222	222	222	222	438
471	471	471	471	471	258
488	60	54	202	163	342
141	141	453	453	453	279
490	43	166	85	229	64
133	133	133	406	406	406
273	273	45	252	161	243
311	311	311	35	35	35
86	86	86	181	181	181
137	137	137	137	137	184
103	103	103	103	103	326
430	430	430	377	377	377
175	175	175	175	330	208
273	273	273	273	273	201
216	216	216	216	216	181
38	38	38	38	38	199
331	331	331	331	331	420
168	168	371	371	371	380
466	466	193	151	368	391
385	385	385	385	385	186
233	233	155	155	155	228
142	441	142	137	388	11
219	219	219	219	219	1
67	67	67	333	333	333
22	22	22	22	22	72
364	364	364	364	82	286
89	89	89	89	89	70
306	306	306	306	306	369
414	414	414	414	414	96
323	323	323	323	323	263
123	123	123	123	123	377
152	152	152	152	152	339
73	73	73	481	481	481
489	243	489	399	431	262
185	185	185	185	185	377
149	149	149	149	149	434
53	221	52	60	116	102
190	190	190	190	190	8
499	499	499	499	499	335
13	13	13	13	13	261
484	484	484	484	484	422
114	114	114	114	114	144
67	67	67	67	67	106
397	397	397	397	397	440
316	316	27	27	27	173
170	170	170	170	290	476
316	202	41	461	14	438
447	101	70	447	164	474
261	261	261	261	261	306
30	30	30	30	30	105
108	108	108	108	108	87
36	368	301	194	185	14
479	479	479	479	479	470
83	83	83	83	83	237
468	468	468	468	468	130
119	263	83	344	342	348
346	346	346	346	114	267
34	242	447	34	74	80
49	49	368	368	368	366
294	309	321	304	294	364
472	472	472	472	472	236
237	33	157	101	80	443
381	381	282	282	282	405
136	136	136	136	136	116
344	176	308	267	308	263
276	276	276	276	276	234
246	227	211	216	287	58
280	280	280	280	280	181
31	354	332	478	109	433
231	231	231	231	231	372
150	150	150	150	473	146
484	484	484	484	484	29
408	408	408	408	165	276
423	423	423	423	423	269
266	315	71	266	17	413
66	473	462	57	191	27
81	379	295	254	55	122
172	494	81	395	300	85
85	85	85	85	85	425
73	209	64	286	40	282
140	182	428	227	23	266
419	419	419	419	419	483
346	346	346	346	346	96
394	394	394	394	394	285
180	328	332	180	482	146
87	87	87	87	87	138
168	168	168	168	168	261
434	434	434	434	434	272
233	233	233	233	233	11
389	484	25	484	291	305
362	362	362	362	422	185
208	208	436	436	436	51
154	154	154	154	154	471
90	90	90	90	90	176
311	311	311	311	311	60
398	398	398	410	410	410
32	32	32	32	32	492
401	401	401	401	5	310
302	302	302	302	174	105
392	392	392	392	392	257
127	127	127	127	47	51
48	48	48	48	215	3
437	437	437	437	437	109
358	329	253	477	80	196
332	332	332	332	332	477
411	411	411	399	399	399
253	253	1	1	1	249
285	285	285	482	482	482
427	83	458	221	7	353
265	265	265	265	265	14
73	134	383	460	134	384
436	436	436	436	436	22
328	328	328	35	35	35
367	464	465	253	464	458
441	293	15	15	59	166
163	163	67	67	67	195
97	97	97	97	97	26
285	285	285	285	285	17
302	302	302	104	104	104
28	28	465	465	465	22
300	300	300	300	300	283
15	15	15	15	15	25
75	75	75	323	323	323
414	180	290	140	330	268
117	117	117	117	117	213
475	335	38	491	475	492
166	166	166	166	166	440
40	40	40	40	40	179
312	312	312	312	312	8
353	114	261	385	296	46
408	408	408	408	408	251
141	141	141	141	141	165
198	343	362	204	143	474
39	39	39	436	436	436
227	227	227	227	227	423
158	158	158	158	158	169
38	157	130	377	416	337
262	74	76	482	482	259
232	232	248	248	248	370
86	86	86	86	86	339
291	291	291	291	291	3
337	268	13	26	250	345
442	213	66	391	151	495
380	486	184	283	380	425
53	53	53	53	53	366
243	260	125	469	260	26
271	271	271	271	271	333
401	401	401	401	401	456
452	19	159	63	306	334
194	393	282	196	44	92
498	498	498	498	498	341
34	34	34	34	34	489
268	268	268	268	268	494
344	344	344	344	344	37
301	11	89	291	12	356
276	276	276	276	276	448
397	397	397	397	397	148
409	409	409	409	409	186
152	152	71	71	71	166
85	85	85	85	85	119
91	91	91	91	91	405
97	185	285	303	259	353
454	454	454	454	454	19
487	487	390	390	390	45
273	273	273	273	273	189
164	164	164	164	164	397
35	35	35	35	35	380
259	259	259	259	259	361
287	400	209	325	381	157
466	466	466	466	466	125
68	356	485	38	16	161
272	272	272	277	277	277
379	425	441	65	339	254
484	484	348	348	348	307
435	435	435	493	493	493
398	398	398	235	235	235
119	119	119	119	119	321
377	377	377	377	377	182
230	230	230	394	394	394
202	202	202	202	202	457
183	183	299	299	299	202
226	344	279	444	4	56
292	292	292	292	445	46
30	30	30	379	379	379
403	403	403	403	403	217
404	404	404	404	404	30
9	9	9	9	9	425
98	338	110	266	76	88
131	131	131	222	222	222
93	93	93	93	93	393
221	221	221	221	221	222
234	234	234	234	234	67
154	140	154	495	272	482
438	28	369	266	207	214
174	174	174	458	458	458
356	356	356	356	356	296
161	161	161	161	161	364
30	30	30	30	30	285
380	401	80	473	473	356
273	158	417	495	237	432
226	226	226	226	226	206
88	157	157	305	97	165
129	129	129	129	129	116
122	122	122	172	172	172
171	171	291	291	291	12
419	419	419	419	419	498
385	464	130	432	138	453
192	192	192	192	192	33
457	282	188	167	155	44
354	354	354	354	354	415
77	77	77	77	77	262
386	386	386	386	386	367
273	322	477	181	340	3
159	159	159	159	159	189
266	266	485	485	485	218
171	171	171	171	171	273
499	499	499	499	485	386
420	420	420	420	420	394
234	234	234	234	234	311
213	213	213	213	213	496
410	376	350	435	367	458
322	322	322	322	322	433
305	305	305	305	305	206
106	357	342	385	238	270
20	310	367	493	450	222
249	132	28	312	130	110
411	411	411	411	411	107
335	335	335	335	335	11
309	309	309	309	309	497
290	290	290	290	290	109
105	105	444	444	444	321
40	40	40	40	40	77
133	133	133	133	133	322
460	460	460	460	460	122
190	178	383	428	178	34
307	307	307	307	307	177
96	96	96	47	47	47
340	353	167	167	319	92
58	58	58	349	349	349
24	24	24	24	24	59
414	414	414	414	414	142
327	327	327	327	327	87
62	62	62	62	266	440
143	239	363	254	445	459
170	170	170	170	170	85
19	19	19	19	19	481
237	237	237	226	226	226
442	442	442	459	459	459
148	148	148	148	148	73
50	50	50	50	50	483
437	413	475	409	112	14
496	496	496	496	496	479
30	345	345	221	246	62
255	283	175	429	174	42
477	477	477	477	477	247
325	325	325	325	325	31
41	41	41	41	41	325
480	499	95	34	82	180
396	396	396	396	254	482
259	259	259	259	259	273
67	67	67	67	67	136
19	19	19	19	19	366
486	486	486	486	486	323
149	149	149	500	500	500
390	390	390	390	390	125
117	378	170	146	146	75
56	373	35	159	206	405
449	449	130	130	130	161
138	301	385	107	392	356
460	460	460	460	460	248
109	109	109	109	109	234
41	41	41	41	41	249
469	469	469	100	100	100
299	299	472	472	472	72
89	462	37	340	473	391
117	117	4	4	4	108
143	143	143	143	143	152
212	212	212	212	212	291
308	308	308	308	308	363
107	107	107	107	107	15
168	168	414	409	11	383
487	487	487	487	487	121
153	153	153	153	153	258
41	41	41	41	41	37
117	394	270	458	365	250
224	224	224	224	224	68
35	5	99	310	409	42
27	27	27	27	27	178
168	70	457	32	224	42
384	384	384	384	384	175
373	373	373	373	373	160
373	373	373	373	373	49
369	369	369	369	369	443
398	398	398	398	389	364
466	466	466	466	248	419
249	336	357	226	387	319
377	377	377	377	377	157
28	230	140	211	355	69
364	364	364	364	342	266
163	163	163	181	181	181
78	78	14	14	14	427
469	469	482	482	482	223
76	371	132	43	105	63
466	466	466	466	466	322
341	341	341	341	341	276
347	347	347	347	347	61
119	299	181	142	110	216
231	479	14	491	3	80
225	478	478	477	116	429
359	359	359	359	359	299
95	95	388	388	388	106
243	243	243	243	243	338
275	275	275	275	174	140
309	309	309	309	309	259
100	100	100	100	441	312
304	304	304	304	304	308
281	281	388	388	388	16
255	255	255	255	255	14
478	478	478	478	478	54
99	99	99	99	99	486
100	100	100	100	100	327
47	47	47	47	94	369
258	258	258	258	258	456
247	247	247	247	247	418
30	284	333	190	437	489
362	8	51	362	222	102
336	336	336	336	336	225
484	484	484	158	158	158
28	28	28	28	28	65
293	68	443	431	64	33
215	215	215	215	184	262
258	258	258	258	258	348
221	221	221	221	221	359
136	136	136	136	136	370
276	276	276	276	276	148
442	442	146	146	146	249
242	242	242	242	273	51
419	419	419	209	209	209
294	28	180	180	342	38
266	437	246	112	238	283
359	359	359	359	359	170
8	8	8	8	8	51
232	147	221	195	287	378
406	406	406	290	290	290
454	454	454	454	454	348
223	223	223	223	223	379
440	440	84	84	84	496
403	403	403	403	403	363
197	197	422	422	422	437
51	51	38	38	38	244
373	373	373	373	373	413
281	418	281	196	292	178
467	99	99	191	60	40
115	115	115	115	115	468
352	352	461	461	461	10
3	3	3	3	3	53
111	111	105	105	105	162
445	445	117	117	117	132
290	290	290	290	290	97
437	154	252	444	437	35
134	134	76	328	190	36
432	432	432	432	432	68
491	491	491	491	491	100
117	117	117	117	117	219
423	426	170	71	423	419
369	369	170	170	170	262
291	291	132	1	225	387
92	498	197	316	495	375
447	447	447	447	447	182
165	165	165	493	493	493
124	124	124	124	124	363
481	481	481	54	54	54
240	240	240	240	240	329
232	232	232	479	479	479
420	420	420	420	420	103
22	131	22	391	226	222
14	214	311	78	185	285
44	44	44	44	44	292
428	428	428	428	428	280
492	347	484	418	446	73
246	246	246	246	246	37
112	491	257	375	491	400
399	399	399	399	399	223
108	108	108	431	431	431
271	271	271	271	264	418
286	286	286	286	286	332
233	233	233	233	233	104
450	450	450	450	450	368
267	267	267	267	267	74
191	211	164	388	248	200
451	451	451	451	121	177
59	59	46	46	46	204
156	156	156	156	156	127
414	414	414	414	414	240
386	269	394	286	396	77
198	198	198	198	198	443
252	252	252	252	252	437
108	108	108	108	108	167
413	413	413	413	413	192
142	142	142	142	142	9
169	169	169	169	169	1
447	447	447	447	447	401
45	45	45	45	45	34
178	178	178	178	178	383
50	50	50	429	429	429
349	349	349	349	349	102
262	262	262	262	262	177
161	161	341	46	477	296
174	93	100	344	74	414
440	440	440	440	440	308
494	494	494	494	313	90
432	432	146	146	146	76
154	154	435	435	435	70
425	425	425	425	347	5
144	144	144	144	144	46
87	87	87	87	87	120
112	112	459	459	459	485
450	467	261	175	175	406
223	223	223	304	304	304
401	401	401	147	147	147
423	423	423	423	423	10
290	290	290	108	108	108
43	43	43	43	43	220
231	231	231	231	231	162
339	339	406	299	328	306
125	491	234	75	308	178
23	23	23	23	23	31
136	136	136	136	136	468
192	272	77	192	331	74
282	282	282	291	291	291
409	409	409	409	409	70
461	80	74	316	214	109
498	498	147	147	147	66
339	339	424	424	424	463
374	374	374	374	374	376
418	479	273	447	1	169
121	121	121	121	121	261
2	2	2	2	2	94
430	430	430	430	430	232
299	299	299	299	299	295
313	313	313	313	313	482
322	322	322	322	322	156
142	142	142	142	142	423
179	179	179	179	179	250
380	196	380	39	411	393
139	78	161	315	115	11
388	388	388	388	388	451
416	280	455	302	302	147
210	210	210	210	210	3
363	363	363	363	363	445
184	205	481	459	34	67
290	290	290	281	281	281
381	381	381	381	381	44
434	159	241	218	159	327
89	89	89	89	89	218
105	105	334	334	334	207
180	449	40	410	138	171
176	176	176	176	176	444
52	52	52	52	52	479
434	434	434	206	206	206
186	186	186	186	186	162
153	153	153	153	406	363
315	315	243	243	243	21
117	117	117	117	117	58
409	409	409	409	409	19
169	169	191	191	191	408
151	151	151	151	222	288
474	474	474	474	474	367
496	496	496	496	496	204
148	148	36	36	36	233
259	259	259	259	259	431
208	208	472	472	472	344
347	347	347	347	347	218
174	478	238	82	238	352
59	59	59	39	39	39
413	413	413	472	472	472
242	242	242	242	242	212
70	70	70	70	70	399
461	461	461	461	461	269
467	467	467	467	467	197
140	140	140	295	295	295
80	80	80	80	80	424
117	117	117	117	117	399
38	38	38	38	38	435
318	318	318	318	318	92
473	473	473	473	473	89
297	297	297	297	297	85
383	383	383	383	383	367
94	293	12	133	94	217
113	294	294	266	361	371
74	74	74	74	74	182
28	28	28	208	208	208
259	259	259	259	259	359
22	22	22	252	252	252
317	317	317	317	317	377
50	50	50	50	50	74
333	333	484	484	484	362
46	46	33	33	33	40
129	129	129	129	129	305
17	17	17	17	17	184
323	362	323	83	476	416
21	111	201	201	257	286
333	271	110	6	349	22
383	383	383	383	383	280
134	134	134	115	115	115
472	78	345	409	35	450
101	321	40	366	401	388
389	389	389	389	389	290
22	215	26	247	425	349
214	214	214	214	214	218
91	91	91	91	91	226
107	107	107	107	107	329
131	131	131	131	131	143
113	113	113	113	113	124
475	475	475	475	475	197
61	61	61	27	27	27
448	448	448	448	448	180
400	74	28	421	357	253
440	440	440	440	440	27
60	60	60	60	60	284
72	72	247	247	247	490
186	186	186	186	186	220
6	6	43	43	43	29
29	29	29	29	29	489
93	93	93	93	93	396
29	417	446	198	90	174
29	29	29	29	29	310
390	390	390	80	80	80
166	166	166	166	166	313
199	199	199	102	102	102
144	144	144	144	144	280
202	202	202	202	202	110
28	28	28	28	135	281
323	323	323	464	464	464
71	95	361	183	92	270
449	449	449	449	449	63
59	59	59	59	59	259
441	441	441	441	441	201
380	380	380	380	380	332
36	36	36	36	36	348
51	415	113	167	366	102
226	324	147	18	147	123
250	250	250	250	250	399
76	76	76	76	76	132
435	435	435	435	435	35
210	210	210	210	210	490
431	431	431	335	335	335
398	20	315	49	49	213
418	394	281	418	59	203
239	239	239	50	50	50
273	273	436	436	436	206
470	470	470	470	470	341
401	401	401	401	401	27
27	27	158	158	158	36
223	223	223	223	223	200
473	85	78	38	151	313
123	123	123	123	295	145
202	202	202	202	202	41
494	494	494	494	494	485
87	87	87	87	87	262
280	280	280	280	280	407
28	28	28	28	28	192
350	16	8	96	96	401
30	298	240	187	243	361
126	107	149	99	402	209
61	61	61	61	61	461
142	142	142	142	277	144
399	399	266	266	266	467
56	56	66	66	66	238
496	496	496	496	496	296
310	310	310	310	310	447
146	146	146	146	146	20
427	427	346	346	346	110
286	286	451	451	451	395
36	36	36	36	36	372
429	429	429	429	429	436
73	73	73	73	73	178
495	495	495	495	495	1
92	92	173	173	173	13
226	226	226	226	226	467
360	360	487	487	487	400
149	149	149	149	149	7
453	434	24	453	390	178
328	328	328	138	138	138
171	171	171	171	171	222
62	139	435	442	305	272
445	445	445	445	352	189
365	365	365	365	365	201
187	164	243	472	178	497
395	395	395	395	395	198
458	124	106	243	452	342
495	46	290	305	495	444
75	75	75	75	75	300
472	472	472	472	472	461
399	399	399	399	391	440
79	79	79	79	79	238
209	209	209	221	221	221
130	130	130	130	130	177
276	276	450	450	450	24
152	253	339	155	415	319
203	203	203	203	203	165
255	255	255	255	255	284
48	48	48	237	237	237
240	240	240	268	268	268
280	280	280	280	280	490
454	454	454	454	454	72
347	347	347	347	230	203
95	95	95	95	95	435
240	390	359	439	215	109
15	15	15	270	270	270
195	195	327	327	327	80
215	215	215	215	215	33
28	28	28	28	28	62
441	106	121	45	30	380
170	170	170	170	170	288
464	464	464	205	205	205
481	481	481	481	481	265
31	467	64	233	108	328
376	404	110	79	463	425
259	259	259	259	259	187
149	460	7	194	94	360
109	109	109	109	109	60
63	63	63	63	63	442
51	184	439	130	94	172
213	213	213	213	256	483
16	16	256	256	256	277
443	443	443	443	443	357
19	19	19	19	19	213
72	102	213	463	251	67
371	53	342	171	495	228
75	75	115	115	115	410
155	155	155	155	479	309
104	86	351	161	326	487
347	153	160	333	310	408
173	176	460	238	107	165
360	360	360	360	360	55
419	467	71	66	185	153
21	21	496	496	496	132
188	188	188	188	188	132
429	429	429	429	429	282
96	96	96	96	106	427
195	195	195	195	195	134
257	257	257	257	257	73
135	135	135	135	135	453
241	241	241	241	241	358
285	285	285	285	285	82
204	204	204	204	204	75
491	491	491	491	491	300
404	404	404	404	404	113
297	297	297	297	297	247
295	295	464	464	464	184
22	122	404	480	177	123
255	255	255	255	255	380
435	435	142	142	142	27
7	7	7	7	7	27
286	286	286	286	286	71
245	261	190	393	50	483
180	277	246	180	443	465
39	3	470	279	228	396
296	296	296	296	296	392
95	95	95	95	95	458
111	111	311	311	311	255
93	93	93	93	93	359
284	284	284	284	284	447
35	35	35	35	35	120
98	98	98	98	98	387
81	423	81	114	437	358
478	478	478	478	478	158
206	206	223	352	273	1
487	487	360	360	360	179
377	433	285	27	139	459
148	148	148	148	148	422
269	269	269	269	269	11
68	68	68	68	68	386
199	199	199	199	210	424
36	36	36	36	36	268
155	155	155	355	355	355
146	146	146	146	146	68
260	351	93	93	218	145
106	106	106	417	417	417
452	452	452	452	452	301
383	383	383	383	383	267
493	493	493	493	493	187
286	286	286	286	286	202
97	97	97	97	97	479
321	321	321	321	321	361
191	78	1	17	279	478
402	402	402	402	402	494
127	169	175	127	341	240
199	199	281	281	281	91
262	373	319	320	418	346
79	421	445	245	417	363
375	375	375	375	375	231
499	499	499	17	17	17
481	481	481	481	481	25
295	295	295	295	318	249
170	170	170	170	170	125
232	232	232	232	232	119
332	332	332	332	332	181
110	110	110	173	173	173
450	450	450	450	450	93
329	329	58	193	450	98
284	284	284	284	284	87
329	329	458	458	458	460
85	85	83	83	83	25
391	391	391	391	391	232
374	374	374	295	295	295
277	277	277	186	186	186
452	452	452	452	452	189
145	145	145	145	145	57
156	156	435	269	288	324
122	122	122	122	122	456
126	195	192	492	222	490
375	375	375	375	375	205
298	298	298	62	62	62
459	459	459	459	459	478
295	295	295	295	295	483
195	195	195	195	195	465
160	160	160	160	160	404
418	418	418	418	418	111
257	257	257	257	257	480
337	337	337	198	198	198
368	368	368	368	368	158
397	397	397	397	397	213
79	79	79	79	79	422
293	293	293	293	293	428
233	233	233	233	233	403
121	121	121	121	121	125
266	266	266	266	266	225
10	10	10	10	10	454
453	453	453	114	114	114
368	368	368	368	368	341
207	207	207	207	207	288
329	421	252	421	155	429
201	201	201	451	451	451
368	368	151	151	151	338
384	384	384	384	384	430
436	436	436	436	209	47
171	171	171	171	171	102
166	166	166	166	166	83
468	468	468	468	468	97
318	318	318	318	318	72
138	320	16	499	320	60
469	303	209	469	315	204
243	243	243	243	243	228
201	50	137	16	107	44
147	147	147	279	279	279
282	282	282	282	282	350
299	299	299	34	34	34
446	446	446	446	446	113
406	406	406	406	406	305
108	381	151	444	155	379
390	390	147	446	424	288
177	177	177	177	177	339
497	478	92	58	172	421
453	453	453	453	453	236
364	364	199	199	199	451
35	35	35	35	35	364
131	131	131	131	131	168
290	290	290	290	290	334
489	9	232	4	6	58
64	64	64	64	64	294
369	369	369	369	369	471
45	45	45	188	188	188
168	168	168	168	168	178
216	216	216	216	216	40
84	84	84	84	84	60
103	103	103	465	465	465
261	214	103	142	254	42
224	386	307	42	386	347
398	473	204	262	320	202
20	20	20	20	20	370
191	191	191	191	306	404
251	194	272	158	194	144
490	366	207	275	56	144
390	373	346	243	243	131
77	77	276	276	276	294
413	356	341	369	356	14
383	383	357	193	453	289
112	112	112	112	112	359
122	80	344	352	122	220
220	220	298	298	298	276
373	373	373	373	373	407
279	279	279	279	279	256
7	254	11	120	120	39
174	174	174	174	174	28
8	8	8	8	8	311
149	204	149	104	229	181
157	157	157	157	157	72
128	128	128	128	128	27
123	123	123	123	123	307
203	407	242	331	292	237
232	232	232	163	163	163
359	359	359	359	359	117
489	400	80	310	71	74
417	417	417	417	417	254
135	135	135	135	135	404
353	356	385	452	452	28
111	111	111	111	111	161
333	333	325	325	325	116
62	62	62	62	391	134
130	130	130	130	130	69
128	128	128	465	465	465
342	342	342	342	342	289
420	420	420	178	178	178
82	82	474	474	474	346
406	406	261	261	261	305
438	438	438	305	305	305
260	260	260	129	129	129
110	110	227	227	227	241
250	250	250	422	422	422
389	206	475	282	445	372
194	349	88	410	59	104
132	132	132	132	261	225
229	229	229	229	229	496
205	205	407	407	407	263
7	380	224	127	304	367
144	178	274	274	298	229
60	60	60	60	60	406
148	148	148	148	148	297
89	489	491	159	489	353
224	324	203	156	44	471
393	226	197	125	393	179
228	228	228	228	228	143
273	273	273	273	273	222
185	185	185	185	185	269
247	247	247	212	212	212
162	162	82	82	82	423
475	475	475	475	48	263
31	31	31	31	31	34
424	424	216	216	216	137
283	174	27	346	335	129
70	70	70	70	476	220
64	64	64	64	64	349
160	160	160	160	160	231
26	26	26	26	26	278
264	264	477	477	477	1
127	127	127	127	127	106
73	73	73	403	403	403
351	99	378	409	55	457
369	369	369	369	369	255
362	15	318	318	259	92
484	5	97	427	5	346
461	229	464	192	63	89
42	42	42	42	412	117
321	321	321	321	321	341
92	92	92	92	92	421
361	420	4	404	381	108
2	2	2	2	2	497
281	375	192	281	196	339
63	63	63	63	63	429
415	415	339	339	339	247
297	46	306	489	457	326
409	409	125	125	125	253
61	61	61	378	378	378
371	371	371	371	371	41
43	43	43	43	43	351
431	295	405	431	444	334
306	306	306	306	306	233
74	74	74	74	74	56
12	12	12	499	499	499
280	378	280	206	66	481
285	285	285	263	263	263
28	28	28	28	28	60
401	401	401	401	401	81
171	171	171	171	171	39
5	5	5	5	5	418
200	200	200	259	259	259
425	425	425	425	425	288
350	350	350	350	350	113
441	441	424	424	424	232
229	366	177	452	177	368
218	130	244	379	349	482
68	68	68	68	17	286
393	393	393	393	393	307
425	425	425	425	425	243
62	62	62	62	62	63
222	222	222	222	222	414
319	60	285	285	289	292
84	84	84	84	84	184
214	214	214	26	26	26
243	190	439	275	11	429
131	131	131	131	219	236
493	493	493	493	256	370
255	255	255	255	55	224
25	25	25	472	472	472
450	450	294	294	294	6
88	88	88	88	88	154
144	144	144	144	144	145
405	415	264	244	351	40
423	468	399	12	399	498
457	457	457	13	13	13
202	202	202	202	281	137
214	214	214	214	214	412
424	424	424	424	19	3
38	38	242	242	242	232
313	60	398	346	268	460
300	300	489	489	489	440
311	311	311	311	311	348
453	142	377	453	338	440
100	98	72	424	100	269
76	76	76	76	76	471
499	499	499	499	499	360
131	186	35	241	63	19
42	42	42	42	42	164
404	404	404	404	404	180
302	302	302	302	302	342
280	452	154	357	157	16
463	463	463	463	296	115
475	475	475	475	475	101
344	344	344	344	344	376
322	322	322	322	322	178
499	499	499	499	499	115
166	166	166	338	338	338
498	498	498	498	228	144
225	225	225	225	225	386
270	270	270	270	270	72
251	466	301	372	321	86
457	438	313	457	299	491
94	94	465	465	465	379
83	83	83	83	83	377
165	453	165	157	126	9
104	104	104	104	104	315
323	323	323	323	323	24
45	460	210	74	74	282
139	26	420	490	192	313
138	138	286	286	286	65
268	268	268	268	268	474
460	25	457	34	299	393
368	368	368	368	368	424
164	164	164	164	164	485
217	217	217	217	217	343
264	264	264	264	264	397
193	193	193	193	193	368
489	489	489	489	489	289
30	328	433	99	327	90
169	169	169	169	169	396
3	292	130	54	349	397
222	222	222	222	222	476
118	127	470	10	261	72
376	376	376	376	376	272
301	301	301	301	301	81
145	145	145	145	145	152
339	113	234	485	154	23
36	36	36	36	36	141
16	72	106	119	423	429
460	460	460	393	393	393
217	217	217	274	274	274
86	86	86	86	86	58
139	139	139	139	139	392
158	456	325	456	92	69
309	309	456	308	137	192
373	373	373	373	373	234
146	146	146	146	146	499
76	454	39	199	93	142
317	317	317	317	7	456
148	148	148	443	443	443
23	23	23	23	23	196
195	100	100	226	94	196
328	328	328	328	328	435
237	237	237	237	237	306
390	410	302	86	189	135
56	56	56	56	114	171
172	192	361	231	177	362
295	295	295	295	295	433
451	313	59	339	25	47
44	44	44	469	469	469
460	460	460	460	460	356
47	47	47	47	47	477
246	246	246	246	246	455
207	207	207	207	207	236
467	191	444	482	54	463
57	57	57	57	57	460
471	471	471	471	471	433
410	410	410	410	27	493
90	15	285	440	90	403
142	142	142	142	142	189
434	434	434	1	1	1
396	396	396	491	491	491
494	295	223	33	494	213
81	81	81	81	81	211
223	223	223	223	68	127
365	365	365	365	365	227
310	310	310	310	310	347
50	48	251	249	469	216
321	321	321	321	321	2
91	91	91	91	91	390
378	378	378	378	290	187
409	93	18	409	75	117
368	368	176	176	176	7
405	405	272	272	272	206
439	439	439	439	439	361
383	383	383	383	383	82
453	453	453	364	364	364
495	495	169	169	169	152
233	233	233	233	233	104
206	206	206	206	79	455
401	56	211	485	248	277
181	181	181	181	181	381
65	65	65	65	470	393
475	475	475	318	318	318
143	143	143	143	143	442
407	250	275	176	441	43
105	105	129	129	129	77
180	180	180	180	180	335
63	56	310	328	375	446
406	406	358	358	358	192
498	498	372	372	372	81
345	345	345	345	345	404
284	284	327	327	327	332
418	418	418	418	418	469
51	51	51	348	348	348
289	289	289	289	289	119
32	32	32	32	32	333
221	221	221	221	221	316
364	364	364	364	364	310
54	54	54	54	54	361
212	212	212	212	212	326
365	365	365	365	365	57
269	269	269	269	269	344
323	323	323	323	323	284
380	380	380	273	273	273
285	285	285	349	349	349
97	97	97	97	97	410
456	456	456	456	456	207
456	456	456	456	456	431
396	396	396	396	396	278
170	120	364	120	258	6
107	283	408	462	62	495
400	400	400	400	400	364
435	435	435	195	195	195
311	311	311	311	311	148
34	238	118	402	306	326
400	400	400	5	5	5
30	30	30	30	30	257
47	47	47	47	47	51
489	489	204	204	204	303
448	448	448	448	448	238
136	136	405	405	405	105
431	431	383	383	383	374
348	348	348	303	303	303
399	399	399	399	399	196
15	15	15	15	15	78
52	412	77	19	319	286
325	260	260	365	243	389
197	197	197	358	358	358
300	363	363	124	149	463
499	284	160	148	385	307
191	191	191	340	340	340
151	151	151	151	151	226
222	222	222	222	233	469
430	430	430	430	430	5
322	322	322	322	322	263
444	444	70	70	70	300
373	373	373	373	373	162
66	66	66	66	66	95
292	292	292	292	292	73
265	347	265	359	340	58
68	68	68	68	68	202
399	399	399	399	399	472
359	247	195	449	85	147
457	457	457	457	457	66
164	164	164	164	164	293
204	204	204	204	311	343
177	177	177	177	412	454
333	333	333	333	333	81
273	273	273	273	273	92
311	4	374	427	3	335
435	435	435	435	435	185
155	280	291	425	50	373
283	283	283	268	268	268
75	220	332	220	46	339
114	244	264	96	490	381
453	453	453	453	453	169
174	174	174	174	215	173
186	186	186	186	186	202
354	354	354	332	332	332
433	433	433	238	238	238
424	424	424	424	424	354
98	293	98	457	284	303
245	202	186	53	245	385
372	372	309	309	309	360
80	80	80	80	80	369
353	353	353	353	353	451
409	409	409	409	409	10
235	235	235	235	235	170
342	342	342	342	342	327
150	150	150	150	150	372
16	101	221	172	387	24
398	398	398	339	339	339
87	87	87	87	87	78
406	406	406	406	406	198
101	101	101	101	101	149
311	311	375	375	375	372
477	477	477	477	477	70
345	178	171	245	178	433
421	421	421	421	398	159
462	462	462	462	462	97
409	409	409	409	409	105
63	63	352	352	352	482
319	319	319	319	319	292
179	263	376	333	179	61
354	354	134	134	134	59
154	154	361	361	361	53
84	90	492	361	76	481
268	268	268	268	268	123
47	47	360	360	360	4
451	451	451	451	451	129
51	475	51	368	299	114
220	220	220	393	393	393
401	401	401	401	401	52
155	155	155	155	155	272
328	148	263	206	206	24
500	500	500	500	500	445
5	5	5	5	5	430
288	288	317	389	231	191
298	298	298	298	298	368
29	244	467	472	29	493
128	128	128	128	128	447
98	98	98	98	405	183
263	263	263	263	263	466
11	11	11	11	11	437
244	362	414	105	340	166
433	433	433	433	433	103
14	14	133	133	133	122
238	238	238	283	283	283
63	63	63	63	63	36
280	280	18	18	18	157
499	112	251	79	463	269
309	309	309	177	177	177
308	308	308	308	138	127
368	368	102	102	102	166
341	341	341	341	341	179
448	448	21	21	21	278
23	23	23	39	39	39
39	39	39	39	39	117
219	219	219	187	187	187
402	402	402	402	402	267
424	424	424	424	424	369
342	342	342	342	342	102
440	305	149	448	448	335
10	10	10	10	10	452
112	112	112	112	112	484
179	179	179	179	179	162
202	313	404	177	330	284
391	20	309	394	70	468
319	164	21	486	486	193
448	448	448	448	448	311
493	59	32	222	222	76
163	163	3	251	416	106
444	2	196	124	453	161
284	284	284	284	284	346
291	291	291	291	291	211
414	49	57	414	87	92
431	431	431	192	192	192
415	418	441	131	482	379
122	122	122	122	98	75
497	177	346	49	95	44
259	370	92	259	119	11
171	497	438	393	450	451
97	188	187	187	104	133
315	315	315	315	113	233
398	398	398	398	398	109
213	213	213	213	213	362
357	357	357	357	357	382
436	436	436	436	408	2
117	117	117	394	394	394
177	177	177	177	177	441
497	497	497	497	497	305
331	331	331	331	331	495
309	309	309	309	309	208
455	203	319	451	449	135
190	190	190	190	190	289
270	270	270	270	270	286
125	125	125	125	125	183
441	441	441	441	441	211
74	126	163	447	74	173
15	15	460	387	200	274
121	121	121	121	121	52
486	486	181	76	194	454
399	399	399	271	271	271
451	451	451	451	451	202
481	481	481	481	481	78
374	374	374	452	452	452
310	310	310	310	310	318
222	74	247	329	341	95
73	73	73	73	73	123
63	63	63	63	63	257
334	334	334	334	334	328
424	424	424	424	424	458
200	437	491	283	438	473
372	372	372	372	372	329
295	295	295	295	295	202
455	237	39	411	226	303
293	293	293	293	187	255
402	402	402	402	402	1
432	157	239	138	65	486
299	374	35	463	137	293
330	453	432	334	358	371
193	193	193	193	193	499
252	77	140	55	319	456
255	414	121	102	102	438
12	281	210	12	305	462
220	220	220	220	220	307
204	204	292	292	292	464
462	462	462	462	462	409
62	62	62	62	62	33
464	40	143	368	77	486
218	218	218	218	218	126
262	262	262	262	118	225
174	174	174	174	174	209
160	160	160	160	160	368
370	256	73	315	244	229
376	376	376	376	376	373
262	262	262	262	262	342
280	261	280	113	256	3
30	30	30	28	28	28
53	53	53	53	53	115
143	143	143	151	151	151
191	191	191	191	191	250
23	23	23	483	483	483
49	49	49	34	34	34
366	366	366	366	366	150
385	385	385	385	385	228
322	199	98	95	70	133
52	52	52	52	52	133
91	91	91	91	91	65
329	329	329	329	329	429
256	170	336	15	313	329
161	161	161	161	161	381
362	362	362	362	362	198
420	420	420	420	323	314
112	410	311	422	470	486
211	211	211	333	333	333
424	424	424	487	487	487
170	170	170	117	117	117
286	38	70	38	338	64
227	227	369	31	404	192
31	31	31	31	31	263
278	278	278	278	278	127
103	368	112	65	57	478
422	422	422	350	350	350
453	453	45	45	45	324
260	260	260	260	260	65
149	149	149	149	149	256
345	345	345	345	345	330
177	177	38	38	38	216
87	87	87	87	87	477
255	224	255	164	77	58
22	22	72	72	72	158
308	308	308	308	308	222
164	164	164	164	164	402
252	252	252	252	252	355
344	344	344	344	344	316
187	187	187	187	187	214
77	148	77	67	483	289
296	296	296	296	296	108
303	303	303	303	303	87
71	71	71	71	71	160
478	478	478	478	478	374
438	438	438	276	276	276
186	186	186	94	94	94
487	487	487	487	487	424
449	449	449	449	449	368
440	440	440	347	347	347
271	271	271	271	271	481
242	242	242	281	281	281
373	342	27	303	67	321
413	413	413	413	413	438
489	489	489	489	489	118
106	106	106	106	106	270
125	125	125	125	125	367
251	251	251	251	251	186
169	169	38	38	38	132
470	470	470	470	470	394
161	161	161	161	161	402
330	330	330	330	330	12
243	243	243	243	243	389
225	390	117	117	86	443
351	351	327	327	327	28
348	348	348	348	348	431
329	329	329	329	329	320
60	60	60	60	60	326
442	442	442	442	442	247
360	360	360	360	360	240
266	363	54	189	189	343
456	456	456	456	123	198
210	210	210	210	232	254
158	414	48	340	207	113
495	495	495	27	27	27
441	441	441	441	403	70
186	477	151	437	304	418
3	3	3	3	3	4
452	452	452	422	422	422
55	55	55	55	55	57
383	42	459	459	407	499
101	101	101	101	101	220
330	330	330	330	330	240
298	298	298	298	298	10
253	19	79	253	345	239
231	231	231	231	231	278
103	103	103	103	103	286
343	343	343	343	343	409
378	378	378	378	378	363
112	112	112	112	112	43
379	379	379	379	379	99
92	189	92	432	326	54
446	446	446	316	316	316
433	433	433	433	433	59
400	400	221	221	221	389
29	29	29	29	29	401
65	65	65	120	120	120
32	32	32	32	296	203
79	79	79	79	79	263
296	296	296	296	296	455
267	267	267	267	267	96
264	264	264	264	264	475
168	168	175	175	175	13
399	167	399	451	484	384
439	439	20	20	20	462
411	381	128	426	412	259
127	127	127	153	153	153
165	358	80	329	165	245
389	333	159	492	459	362
236	236	333	333	333	93
24	24	24	24	24	496
334	334	334	334	373	267
169	169	169	169	169	118
292	292	208	208	208	431
389	389	389	389	389	147
239	239	239	239	92	405
178	178	82	82	82	19
217	217	217	217	292	26
318	318	370	370	370	481
442	442	442	442	442	429
382	91	494	209	261	323
48	397	440	453	390	114
354	354	354	354	354	196
444	444	444	444	88	308
366	125	282	189	436	194
145	131	462	306	34	170
299	30	299	23	267	345
398	398	398	398	398	306
313	313	313	313	313	176
455	455	455	455	455	39
413	141	211	146	146	168
427	203	79	316	33	174
176	176	33	33	33	35
160	160	160	160	160	235
152	394	239	24	152	329
35	20	35	274	259	294
256	441	94	427	278	275
410	410	410	487	487	487
138	138	191	191	191	22
150	150	150	150	181	492
483	305	340	282	474	71
412	412	412	412	412	389
317	317	317	317	317	300
443	443	443	443	443	362
276	276	276	276	276	75
482	456	459	320	320	298
18	18	18	18	18	262
452	332	100	239	99	430
173	173	351	351	351	220
457	108	409	372	307	304
415	415	415	415	415	369
213	213	213	213	213	133
244	244	244	244	244	124
3	179	59	203	26	103
50	50	50	50	50	110
243	243	243	243	243	140
393	393	393	393	393	170
165	165	165	165	165	379
239	239	239	167	167	167
189	189	189	328	328	328
268	268	268	49	49	49
59	59	59	59	59	466
132	132	132	132	132	102
311	311	311	311	311	19
450	450	450	450	450	453
445	445	445	445	445	453
1	1	112	112	112	267
387	387	387	387	387	267
427	427	427	410	410	410
150	150	23	187	82	311
216	216	216	216	73	173
105	105	105	105	105	385
352	352	352	149	149	149
297	297	297	284	284	284
269	63	267	129	240	462
83	83	364	364	364	375
402	402	402	482	482	482
453	453	453	453	453	351
156	156	156	156	156	367
186	186	186	499	499	499
220	220	220	220	220	365
74	74	74	74	79	300
189	8	245	353	353	454
401	401	401	401	401	403
387	387	387	387	387	380
244	133	76	420	401	450
106	106	106	294	294	294
319	319	292	292	292	251
495	191	126	191	185	398
379	379	379	379	379	85
200	200	200	200	200	277
456	456	456	456	456	105
485	209	488	29	426	442
46	46	46	46	46	342
230	92	299	21	21	480
403	403	403	403	403	345
482	344	280	378	385	425
338	338	338	218	218	218
371	371	371	371	371	462
263	263	167	167	167	478
444	444	444	444	444	296
409	409	213	213	213	110
243	103	103	448	292	317
158	407	455	392	61	317
485	485	457	457	457	327
109	60	172	30	491	237
153	153	153	153	153	71
86	86	86	86	86	147
175	240	69	327	240	286
339	339	339	51	51	51
71	71	121	121	121	199
374	374	374	69	69	69
342	342	342	342	342	358
113	113	113	113	113	37
5	5	5	213	213	213
252	264	496	410	277	457
196	10	100	445	378	338
282	282	282	282	282	248
457	457	457	457	457	37
368	368	368	368	368	193
300	300	300	300	300	106
421	421	421	421	421	68
435	435	435	435	435	287
109	109	109	419	419	419
422	422	422	165	165	165
249	249	249	249	249	490
98	98	98	98	98	78
2	166	302	401	137	33
179	179	179	179	179	341
178	178	178	178	178	215
305	305	305	305	305	479
333	333	333	333	333	426
104	399	325	374	374	401
394	394	394	394	394	397
310	310	310	310	310	492
129	129	129	129	129	431
436	189	189	217	297	135
414	19	258	258	294	313
209	209	209	209	434	352
345	345	345	345	345	101
54	252	299	117	252	452
485	485	485	485	485	238
291	291	291	291	291	136
456	358	391	310	426	236
128	128	128	128	4	420
472	158	278	81	390	56
331	72	331	18	189	418
241	241	241	241	241	198
90	90	90	90	90	388
24	24	24	24	24	231
344	344	344	344	344	422
313	313	313	313	313	148
225	93	206	200	189	41
390	390	390	390	390	67
444	444	444	444	444	91
386	386	386	287	287	287
62	62	62	62	62	326
48	48	48	48	48	100
284	284	284	284	284	313
353	313	139	405	139	74
324	324	324	324	324	204
199	199	199	199	199	172
496	186	370	256	72	25
473	473	473	473	473	239
38	38	38	38	38	499
190	190	190	190	190	110
230	230	230	102	102	102
165	498	141	141	177	205
325	299	83	320	299	53
110	331	393	240	379	298
38	38	38	38	38	413
190	190	190	109	109	109
369	369	29	29	29	455
399	399	399	9	9	9
93	93	93	93	486	146
334	334	334	334	334	422
201	310	188	342	412	111
432	432	432	432	432	245
355	355	355	355	355	210
226	226	226	226	226	334
22	22	22	22	22	439
300	87	357	124	497	269
175	263	54	158	492	194
369	369	369	398	398	398
468	468	468	206	206	206
6	6	452	170	461	245
489	489	489	489	489	306
159	159	159	159	159	79
436	70	255	52	362	64
385	385	385	16	16	16
323	323	323	323	323	42
264	264	264	264	264	321
193	193	321	426	297	473
433	433	433	433	433	129
78	78	78	78	78	114
85	85	85	85	85	114
105	105	105	244	244	244
373	57	253	158	316	43
362	362	362	362	362	186
113	113	113	180	180	180
152	152	152	152	152	445
101	101	291	291	291	160
234	234	418	418	418	11
293	16	190	476	274	12
310	310	360	360	360	376
280	280	280	103	103	103
210	210	210	330	330	330
274	274	480	480	480	115
478	478	478	478	478	2
132	132	132	132	132	266
408	408	408	408	413	232
72	72	72	72	72	486
429	429	429	429	429	249
43	43	43	43	43	144
119	119	119	119	119	84
308	188	166	219	308	55
253	253	253	253	253	220
309	309	309	309	309	435
68	68	68	68	68	31
41	41	41	41	41	77
342	342	342	342	342	102
44	44	211	211	211	227
348	348	348	212	212	212
206	206	206	206	206	358
190	190	190	190	190	94
499	499	499	145	145	145
333	333	333	333	333	390
167	167	167	167	167	152
468	468	468	468	468	226
308	308	308	308	308	4
344	494	451	418	385	53
144	144	144	144	144	473
197	197	197	197	197	97
165	165	165	165	165	38
495	490	495	374	336	6
272	21	494	331	29	37
274	274	274	274	274	70
101	101	101	101	101	341
22	306	58	458	372	442
60	87	310	17	172	32
66	66	66	66	66	46
225	225	225	225	225	124
79	418	398	398	24	397
332	332	332	465	465	465
302	486	73	33	30	288
400	400	400	400	400	168
256	256	256	256	256	311
156	156	156	156	156	408
282	282	282	282	282	271
283	283	283	283	283	156
199	199	199	199	199	28
26	26	26	26	26	242
437	437	437	437	437	130
338	338	338	338	338	354
233	233	233	233	233	203
91	297	235	458	164	440
249	394	249	278	467	8
415	461	63	178	289	48
1	1	1	1	27	3
373	373	226	226	226	72
213	213	213	213	213	327
108	108	161	161	161	407
364	364	364	364	364	221
196	78	141	200	141	499
145	145	145	145	145	159
27	27	27	27	27	100
489	489	489	489	489	17
492	492	492	492	492	343
22	22	31	31	31	236
126	126	126	174	174	174
104	104	104	104	104	82
378	378	378	453	453	453
168	64	261	240	445	315
469	469	469	469	469	8
21	21	21	21	21	178
132	132	461	461	461	426
276	276	276	276	346	406
447	447	447	447	447	93
202	202	202	202	202	421
356	356	356	356	356	293
336	336	336	365	365	365
114	114	114	114	114	125
18	18	237	237	237	454
39	39	39	39	417	79
499	499	499	499	499	51
323	323	323	323	323	458
393	393	393	393	393	73
339	339	339	339	339	132
139	139	139	274	274	274
243	9	33	152	259	462
287	287	287	287	287	484
325	195	450	104	359	436
141	108	256	328	108	122
27	436	197	55	7	52
64	415	185	358	6	305
302	302	302	302	302	118
432	450	242	77	190	293
252	252	252	252	252	475
206	206	142	142	142	239
288	288	288	288	127	173
252	252	204	204	204	424
158	158	158	269	269	269
426	426	426	426	426	446
12	12	12	12	12	290
428	428	428	428	428	287
3	180	36	473	36	33
360	68	360	193	404	112
68	68	68	68	68	251
360	360	360	360	360	146
163	163	163	163	163	389
434	434	434	434	434	461
441	441	441	441	441	277
226	162	135	484	372	246
358	358	358	52	52	52
105	105	105	105	105	80
227	227	227	227	227	122
261	261	261	261	261	369
108	108	108	108	108	182
227	227	227	227	227	228
393	393	393	393	393	93
9	369	299	34	363	171
103	103	103	103	103	100
107	107	107	107	107	433
52	52	52	52	52	435
193	193	193	193	193	210
255	255	255	255	255	248
436	436	436	436	436	93
316	316	316	316	316	212
491	491	491	491	491	376
67	67	436	436	436	343
273	19	36	205	181	207
252	252	252	332	332	332
99	415	484	243	178	364
311	311	311	311	311	433
479	479	479	479	479	355
389	389	389	389	389	225
220	398	364	298	498	314
207	207	207	132	132	132
34	339	38	477	21	265
132	132	132	132	199	66
397	397	397	75	75	75
456	456	456	456	456	124
465	465	465	465	465	86
419	419	419	419	419	349
257	257	257	257	257	118
316	425	139	244	376	384
22	22	22	22	22	476
18	132	193	349	116	108
62	350	24	480	378	30
61	320	259	259	382	111
209	209	404	404	404	6
359	313	160	313	86	276
388	388	388	388	388	31
327	327	327	327	327	346
282	282	282	400	400	400
85	85	85	85	85	214
92	92	92	92	92	304
196	196	196	196	196	288
130	130	130	130	251	27
155	155	155	155	155	466
170	170	170	170	170	137
260	209	41	291	321	419
157	157	467	348	285	276
357	357	357	357	357	416
440	440	440	253	253	253
157	157	157	157	157	253
476	476	476	476	476	20
286	286	286	286	212	251
280	280	280	201	201	201
6	6	6	79	79	79
197	197	317	317	317	57
244	244	244	244	244	441
11	11	11	56	56	56
447	21	349	455	73	133
344	344	344	344	344	42
455	455	455	455	455	313
304	304	304	304	304	157
386	386	452	452	452	111
68	184	68	230	158	144
376	376	376	376	376	200
99	99	99	99	99	10
353	474	428	418	413	84
328	328	328	328	328	300
97	97	97	97	426	401
60	60	60	60	60	489
30	336	336	458	417	126
240	240	240	240	254	68
11	11	416	416	416	124
297	297	21	52	353	240
88	255	56	36	257	43
436	436	436	436	436	472
481	481	481	481	481	129
383	197	194	64	136	245
30	30	30	30	30	210
209	209	209	209	209	190
495	495	495	495	495	418
398	398	416	416	416	157
467	467	467	467	467	470
213	213	495	495	495	266
464	464	464	264	264	264
28	28	28	28	28	24
22	22	22	22	22	26
386	386	386	386	386	364
430	430	430	430	430	400
360	117	193	16	334	400
153	259	323	34	221	212
68	99	38	141	495	272
13	13	13	13	13	309
16	251	258	114	114	227
156	22	389	171	146	84
421	421	421	421	421	86
8	8	185	175	23	270
157	157	157	157	157	496
318	353	160	99	456	293
198	198	291	291	291	111
60	60	60	60	60	82
295	295	203	203	203	352
468	468	75	75	75	476
166	38	477	84	159	316
104	104	77	77	77	284
210	132	25	206	142	130
2	2	463	463	463	474
223	223	223	223	223	75
111	111	111	111	111	462
184	454	496	325	492	465
150	150	150	150	150	213
75	75	75	75	75	257
126	126	126	97	97	97
249	249	249	249	299	137
79	79	207	468	414	249
465	465	465	465	465	428
364	49	449	253	422	59
93	93	93	478	478	478
41	41	41	41	163	58
113	226	237	235	493	461
470	470	470	470	470	126
34	34	34	311	311	311
471	471	471	471	471	312
174	174	174	174	174	376
404	376	359	354	262	38
401	489	235	333	165	257
238	25	152	47	190	363
493	493	220	220	220	49
209	209	209	209	209	294
101	101	101	101	101	214
262	262	262	262	262	52
461	461	461	461	461	400
7	7	381	381	381	32
77	360	12	27	77	467
50	50	357	357	357	223
37	37	37	37	37	498
116	116	116	276	276	276
82	82	82	82	82	419
286	286	286	286	314	379
472	472	472	472	472	486
482	482	482	482	482	108
162	162	162	162	162	78
284	284	284	284	284	120
496	496	496	496	496	119
401	401	401	401	401	184
132	192	59	185	169	471
108	108	108	108	187	245
204	204	204	204	204	418
218	218	218	218	218	222
448	448	448	448	448	306
449	256	256	329	24	29
366	366	385	219	375	376
93	93	93	93	93	467
219	219	219	434	434	434
188	270	487	335	330	303
87	239	307	273	382	218
16	16	16	16	125	478
395	395	395	395	395	77
78	78	49	49	49	373
225	366	241	463	395	283
3	3	3	3	3	490
465	465	465	465	465	96
38	38	38	193	193	193
221	221	221	135	135	135
321	321	321	321	321	272
256	256	141	141	141	52
276	276	276	276	276	323
277	277	277	277	277	406
315	315	315	315	315	206
445	445	395	395	395	264
282	282	282	282	282	387
31	52	393	371	414	126
481	84	122	327	277	272
357	357	319	319	319	119
465	465	465	71	71	71
373	373	373	373	373	319
270	218	118	45	306	414
438	438	438	438	438	242
188	188	188	188	188	71
228	228	228	228	299	498
500	500	500	500	500	462
377	270	270	412	107	358
56	56	472	472	472	388
120	131	215	264	131	341
155	381	289	147	18	115
374	374	374	374	374	144
359	359	359	359	359	122
6	6	6	6	6	72
204	330	188	460	403	179
337	291	164	230	35	157
291	291	291	291	291	194
195	195	195	195	195	162
270	270	270	270	270	30
467	261	395	214	214	415
458	458	458	458	458	186
471	471	224	224	224	194
300	300	300	300	300	376
67	67	67	67	67	82
428	428	428	428	428	349
391	391	397	397	397	378
77	77	77	77	77	111
221	221	221	221	221	48
245	472	49	143	251	197
422	422	422	422	422	200
324	452	488	26	201	336
196	196	196	196	196	211
145	145	145	145	145	149
285	285	285	385	385	385
6	6	6	6	6	322
211	211	211	211	211	280
338	338	338	338	338	23
120	120	120	120	120	184
420	420	376	376	376	35
295	394	377	377	411	399
74	74	74	224	224	224
109	401	486	452	374	233
286	286	105	105	105	351
212	212	212	212	86	465
141	141	344	344	344	193
277	277	485	485	485	494
118	118	121	121	121	280
156	184	411	86	124	152
148	148	148	247	247	247
142	142	142	142	142	299
426	426	426	426	426	248
62	51	406	390	496	156
277	44	273	136	136	454
203	203	81	81	81	65
126	126	126	126	126	316
419	419	419	419	419	220
22	133	285	491	429	458
110	110	110	110	110	217
398	398	398	398	398	491
474	474	474	474	474	482
30	30	30	30	30	418
204	204	342	342	342	27
96	86	175	435	96	76
353	353	353	353	353	414
19	19	19	19	19	333
77	141	180	322	86	373
338	338	433	433	433	485
99	389	4	255	334	390
392	392	392	392	392	39
76	76	76	76	76	458
163	111	111	305	308	213
457	457	457	457	457	115
8	212	463	328	11	258
236	236	236	236	236	448
478	478	478	114	114	114
446	446	446	446	446	8
195	207	470	407	394	28
410	410	410	347	347	347
56	277	312	138	138	360
250	250	250	250	250	205
101	101	143	143	143	112
386	243	371	165	199	225
491	491	491	491	491	122
220	303	462	182	370	46
370	370	370	369	369	369
79	79	79	79	320	438
247	247	247	247	247	112
47	108	1	212	96	390
99	99	99	99	99	423
197	197	197	197	197	64
290	57	85	164	319	391
30	30	30	30	30	379
276	276	276	249	249	249
330	330	330	330	330	390
195	195	195	195	195	254
238	342	342	360	487	252
35	35	35	35	35	160
294	294	294	294	294	342
351	351	351	351	351	422
39	39	39	494	494	494
263	263	263	263	263	17
5	5	235	235	235	308
397	397	397	397	397	11
71	71	71	71	71	12
480	480	480	173	173	173
4	4	4	305	305	305
329	475	268	162	224	76
457	457	457	457	457	207
352	352	235	235	235	37
310	310	310	310	310	356
390	390	390	390	390	131
108	108	108	44	44	44
176	466	53	333	333	19
377	5	377	408	491	370
282	282	282	282	282	246
494	494	494	494	494	469
7	7	7	7	7	260
345	345	345	345	345	250
34	34	34	34	34	301
71	71	71	71	71	370
443	443	443	443	443	420
83	83	83	83	83	189
176	176	176	176	176	220
27	27	27	118	118	118
325	325	325	325	325	408
261	261	261	14	14	14
447	292	216	25	456	394
126	126	126	126	126	491
79	79	79	79	79	447
386	386	386	386	386	357
328	328	328	361	361	361
176	412	415	203	265	418
389	28	265	447	53	112
328	328	328	328	328	410
277	277	277	277	277	431
155	155	155	155	155	23
262	262	262	427	427	427
119	270	404	264	386	464
360	198	131	148	46	55
396	396	396	253	253	253
43	43	43	43	43	454
482	482	482	482	482	11
465	465	407	407	407	132
280	280	280	280	280	230
58	449	152	309	478	143
133	30	490	410	133	466
304	304	304	376	376	376
27	27	27	27	78	174
317	317	317	77	77	77
288	288	288	288	288	329
468	468	468	468	468	228
308	308	308	308	308	62
186	186	186	186	439	57
239	239	239	239	239	386
170	370	66	9	56	120
75	75	75	75	75	191
451	150	493	289	387	481
391	233	327	6	391	466
469	469	469	469	469	162
208	208	208	208	208	59
394	267	361	407	32	298
41	41	41	41	41	68
346	78	244	78	279	109
120	120	120	451	451	451
282	388	413	436	368	18
235	235	235	235	235	420
346	346	346	346	346	404
341	341	341	341	354	473
436	408	408	234	171	185
316	432	250	20	181	435
143	73	231	179	296	7
172	172	172	172	172	107
436	481	341	281	205	478
57	169	400	497	216	251
325	345	283	187	302	137
203	203	203	203	126	280
331	331	331	331	331	206
384	384	384	384	384	493
233	233	233	233	233	108
221	221	221	221	303	189
189	189	189	189	189	266
457	46	176	300	420	53
416	416	416	416	416	460
192	192	192	192	192	25
248	248	203	203	203	55
115	115	115	115	115	111
284	284	284	284	284	269
227	227	227	227	227	452
269	269	269	269	269	40
265	265	265	265	265	131
345	345	345	345	345	199
13	239	82	336	91	90
253	253	253	253	233	347
419	66	303	486	160	91
375	375	375	375	375	200
303	303	303	303	303	404
394	394	394	290	290	290
96	96	96	96	96	183
59	59	303	303	303	464
203	203	203	203	203	119
17	17	17	17	17	126
46	345	45	302	46	305
469	469	469	469	469	249
211	211	211	211	211	397
360	360	264	264	264	38
100	100	100	100	100	470
466	466	466	33	33	33
443	275	135	135	434	46
79	447	37	115	458	138
496	131	199	55	395	302
21	21	21	21	21	494
347	347	347	347	347	282
249	249	249	249	251	326
391	442	391	399	108	205
418	418	418	484	484	484
353	94	319	433	78	38
161	161	161	161	301	356
402	402	402	402	402	344
28	28	28	28	28	309
179	179	179	179	179	499
50	50	50	50	50	329
100	100	100	100	100	262
444	7	447	486	444	294
47	47	47	333	333	333
174	204	305	190	260	262
448	363	363	104	89	450
33	33	33	33	33	278
302	302	302	302	65	66
148	7	139	173	425	397
152	152	152	152	152	405
302	302	302	302	302	228
38	38	38	38	38	204
233	233	233	233	233	213
267	267	267	267	267	377
394	353	389	353	297	6
359	359	359	359	359	408
167	167	167	167	167	278
176	176	176	176	176	18
253	253	253	253	253	334
243	243	243	243	243	412
6	6	6	412	412	412
38	38	38	38	38	245
490	490	490	490	490	99
497	497	497	497	31	477
281	281	281	281	281	239
138	138	138	138	138	449
28	28	28	28	28	53
148	148	148	148	148	376
213	213	213	213	213	13
407	407	407	407	407	44
498	498	498	498	498	462
236	236	224	224	224	490
382	382	382	382	382	47
126	126	126	126	194	441
100	100	100	100	35	224
205	205	205	205	205	337
132	132	132	132	447	166
445	445	445	88	88	88
461	461	390	390	390	225
400	89	434	57	11	74
161	484	484	389	290	48
434	434	434	434	434	173
118	118	118	118	118	447
192	192	192	192	192	87
288	288	40	40	40	305
421	421	421	421	421	42
167	167	167	167	167	477
117	117	117	117	117	410
331	331	331	331	331	436
283	283	26	26	26	268
304	304	304	304	304	284
322	322	180	180	180	60
86	86	86	86	86	131
308	308	308	308	308	35
494	494	494	494	494	240
239	475	367	288	122	418
1	1	250	250	250	247
185	65	397	446	485	492
396	396	396	312	312	312
440	440	440	440	440	311
64	64	233	233	233	263
357	357	234	234	234	96
2	2	2	351	351	351
488	488	488	488	488	30
325	325	484	484	484	140
342	342	342	342	342	274
405	18	357	374	18	266
11	11	11	11	11	225
394	394	394	394	394	304
111	111	111	111	111	257
493	493	493	493	493	57
256	256	274	274	274	455
454	454	454	400	400	400
129	129	129	373	373	373
299	299	240	240	240	77
201	201	201	201	201	45
28	28	28	28	28	185
437	437	437	447	447	447
308	308	308	196	196	196
409	415	452	399	415	391
371	371	343	343	343	460
160	160	160	160	160	417
91	91	91	91	91	422
496	383	382	402	289	435
323	323	323	278	278	278
365	365	365	365	365	272
206	206	206	206	206	9
211	211	211	211	211	93
83	83	83	83	83	320
306	476	271	277	415	67
96	96	96	181	181	181
247	247	247	247	247	347
292	292	157	157	157	365
236	240	412	499	13	472
427	427	427	427	427	489
432	432	432	432	432	332
406	406	406	406	406	237
2	2	2	2	2	313
194	194	194	194	331	114
328	328	328	497	497	497
459	459	459	459	459	413
480	480	480	480	480	98
6	262	138	72	70	390
219	219	219	219	219	235
305	305	69	69	69	467
460	460	249	249	249	209
263	263	263	263	263	271
332	332	332	332	332	34
6	257	441	499	26	337
350	350	350	350	350	482
155	155	155	155	155	76
88	88	88	88	88	275
22	22	22	22	22	359
447	447	447	447	447	466
324	93	128	109	324	58
247	247	247	78	78	78
357	357	357	357	357	383
466	466	31	31	31	232
215	215	211	266	417	257
131	131	131	131	131	95
463	346	463	128	203	107
252	252	252	252	252	417
62	62	62	62	62	235
218	458	458	301	445	190
298	298	298	367	367	367
353	353	353	353	353	404
273	273	101	101	101	162
126	126	126	126	126	302
144	144	144	144	144	13
32	337	476	179	448	361
54	54	54	54	54	220
366	465	213	465	83	305
6	458	95	29	262	386
349	349	349	6	6	6
338	338	338	338	338	19
212	212	212	212	212	353
88	88	88	88	88	490
424	424	424	61	61	61
419	419	419	419	419	367
189	189	189	307	307	307
123	123	123	123	123	130
498	498	204	204	204	259
38	38	435	435	435	49
89	45	125	434	17	460
29	29	29	29	29	85
238	40	263	215	365	227
149	149	149	149	149	287
76	76	76	76	27	37
337	337	407	407	407	410
363	363	363	363	363	332
19	19	19	152	152	152
27	334	27	105	188	429
473	473	473	473	473	127
331	170	395	164	164	155
494	494	484	484	484	125
391	391	391	391	391	338
353	353	353	311	311	311
321	321	321	412	412	412
66	66	66	66	66	498
427	427	187	187	187	114
346	445	444	321	321	357
239	239	239	239	239	241
296	296	296	296	296	63
435	435	435	435	435	332
265	265	265	265	124	336
461	461	461	461	461	102
58	58	58	44	44	44
61	61	61	61	61	348
103	103	103	103	274	222
133	133	133	133	133	318
429	429	416	416	416	344
258	258	314	314	314	95
7	7	7	7	7	138
40	279	97	348	57	52
19	19	19	399	399	399
473	335	257	335	363	439
386	386	386	386	386	414
187	187	187	187	187	117
339	339	339	339	339	265
159	159	159	159	159	138
454	454	454	454	454	394
374	374	374	374	374	23
212	212	212	212	464	2
8	8	8	8	8	445
8	8	8	8	8	420
323	323	323	323	323	18
368	103	391	85	463	378
108	108	108	108	108	349
89	89	89	89	89	410
261	194	335	478	356	381
195	195	195	195	195	445
440	440	440	440	440	486
405	405	405	405	405	232
298	298	298	298	298	313
72	158	58	296	358	66
449	449	449	329	329	329
155	155	155	155	155	113
365	365	365	365	365	186
369	369	369	369	369	155
155	458	445	436	160	442
478	478	478	478	478	276
340	340	340	420	420	420
466	466	466	466	466	209
369	347	50	119	119	440
103	103	103	103	103	18
389	389	389	389	389	279
91	91	175	349	438	99
12	12	84	84	84	29
484	484	484	484	484	494
248	248	248	248	248	60
415	415	415	415	415	142
38	38	38	38	38	312
324	324	324	423	423	423
5	356	93	308	278	403
294	195	451	89	438	217
365	365	365	365	365	110
284	284	284	284	284	41
163	286	402	357	165	177
93	249	25	8	41	319
472	395	395	167	76	152
384	384	384	384	384	427
203	154	434	434	168	164
163	384	117	127	163	297
466	466	466	466	466	142
319	319	319	319	319	12
379	379	379	379	379	396
152	152	152	152	152	307
309	309	309	309	309	116
466	466	466	466	466	309
200	290	22	373	227	401
468	468	468	468	468	486
456	456	456	456	456	245
37	37	37	37	37	409
265	265	265	183	183	183
333	333	333	337	337	337
423	423	423	257	257	257
153	153	153	153	153	68
303	303	303	303	303	179
139	378	155	192	308	342
215	215	215	215	215	352
89	89	89	89	89	346
148	148	148	148	148	294
158	158	223	223	223	367
86	86	182	182	182	396
153	67	153	477	37	421
371	371	371	371	371	29
41	41	41	218	218	218
197	197	197	197	197	70
296	296	296	296	296	392
205	205	205	205	205	161
35	35	35	35	35	367
306	306	306	306	306	13
275	275	497	497	497	341
25	25	313	313	313	453
31	31	21	53	244	241
406	406	406	406	406	391
287	287	287	287	287	338
368	104	98	157	98	85
470	187	187	54	234	449
43	77	360	133	410	91
314	314	314	314	314	388
281	281	281	457	457	457
135	121	51	60	424	385
356	356	31	31	31	355
211	211	211	211	211	63
469	469	469	469	469	348
357	357	357	357	260	148
337	61	74	131	458	129
195	195	195	195	406	183
429	429	429	429	429	498
429	429	207	207	207	4
99	99	99	99	99	391
330	227	142	499	206	357
150	150	150	150	350	89
22	22	22	22	22	160
282	282	282	282	282	424
270	232	296	301	124	255
434	434	279	279	279	479
492	435	321	108	224	406
304	69	400	398	486	109
9	372	9	98	95	153
61	161	170	362	71	69
442	201	311	489	1	330
43	43	43	43	43	482
19	19	19	162	162	162
111	111	111	181	181	181
459	459	459	459	459	117
347	284	462	350	196	171
424	424	424	424	424	46
226	226	226	226	226	129
462	462	462	462	462	13
336	336	336	336	336	435
299	299	299	299	299	495
297	322	10	7	130	106
70	495	35	57	363	1
30	30	30	404	404	404
376	376	376	376	376	14
266	61	490	403	492	163
287	287	287	287	287	216
417	417	417	417	417	271
192	192	192	192	192	497
9	9	352	352	352	193
118	118	118	118	118	122
3	3	25	25	25	441
259	259	259	259	259	336
224	224	224	224	224	236
190	190	190	420	420	420
3	138	424	125	138	23
82	302	469	444	469	264
189	189	189	189	189	156
112	112	112	112	112	90
174	174	174	336	336	336
3	3	3	3	3	364
140	140	140	140	140	177
361	361	361	361	361	105
368	184	113	262	1	225
45	45	45	45	45	106
35	415	209	209	40	10
178	178	178	178	178	153
123	471	75	496	24	412
313	47	414	436	406	306
79	79	79	79	79	359
35	35	35	35	35	51
13	13	51	51	51	443
444	444	376	376	376	254
93	93	93	93	93	313
390	390	390	390	390	440
431	358	150	308	64	385
267	267	267	415	415	415
249	249	249	249	249	134
127	127	127	127	127	231
174	174	174	372	372	372
431	431	346	346	346	154
241	241	241	241	241	464
129	129	129	129	129	183
209	209	209	209	209	431
354	214	19	20	352	411
181	181	181	387	387	387
425	425	206	206	206	423
337	87	248	341	449	13
201	201	201	201	201	324
169	156	222	222	153	33
350	71	212	218	167	144
91	91	91	91	91	64
333	380	225	306	142	156
353	353	353	353	353	399
419	419	139	394	469	195
342	342	208	208	208	159
489	497	178	178	85	39
291	291	98	98	98	191
441	441	441	441	441	489
288	288	288	288	288	139
431	431	431	431	431	156
12	12	444	444	444	29
39	345	345	494	272	255
274	274	274	274	274	396
131	224	142	200	294	163
69	69	69	69	69	128
64	64	64	64	64	334
150	150	150	150	431	366
110	110	110	110	68	103
344	344	344	344	344	499
421	421	421	421	421	93
130	130	130	130	130	318
288	288	288	288	288	129
283	283	283	283	283	421
438	370	217	217	297	394
74	74	74	74	74	119
374	374	374	374	374	66
403	403	403	403	403	231
266	363	31	485	31	134
330	330	330	330	330	368
345	153	101	89	273	78
82	92	99	99	1	222
353	353	353	353	353	338
372	372	372	372	372	377
452	70	141	64	249	465
148	148	148	148	148	76
495	495	495	474	474	474
496	496	496	496	496	403
81	483	115	81	353	298
441	441	441	441	441	111
274	274	274	274	274	496
266	266	266	266	266	465
164	164	164	164	164	393
187	187	37	37	37	319
392	392	392	392	392	376
342	342	342	381	381	381
259	259	69	69	69	276
98	98	98	438	438	438
470	470	470	337	337	337
233	233	233	233	233	8
255	255	460	443	481	320
101	325	325	259	313	173
141	50	263	432	212	192
43	43	43	43	43	487
63	170	434	386	489	18
88	88	88	88	88	334
225	225	225	225	225	343
380	380	380	380	380	406
493	493	493	493	493	24
202	211	379	423	239	255
249	418	67	72	249	441
305	305	305	305	305	64
251	251	251	251	251	485
343	305	115	305	168	318
301	301	301	301	301	152
394	394	394	394	394	416
495	15	22	213	36	91
65	65	67	67	67	281
419	419	288	288	288	494
470	403	388	470	67	223
128	128	128	102	102	102
410	149	374	149	488	111
135	135	135	135	135	203
58	58	58	58	490	248
408	408	220	220	220	136
26	26	26	26	26	416
167	167	167	167	167	53
126	126	126	333	333	333
285	285	99	99	99	186
498	498	498	498	498	237
409	316	73	407	379	283
56	358	341	102	180	176
49	49	49	49	49	82
130	130	130	2	2	2
208	208	208	208	208	276
485	17	123	316	269	319
414	414	414	414	414	71
463	463	463	253	253	253
137	137	137	137	137	250
309	309	124	124	124	272
256	256	256	256	256	370
472	472	74	74	74	143
9	9	9	9	9	446
165	242	100	182	243	156
277	277	277	277	277	488
47	47	47	47	47	37
208	326	52	208	37	365
142	142	142	142	142	331
191	301	468	272	468	403
294	294	294	294	294	91
430	430	430	42	42	42
74	74	74	74	74	137
194	194	194	194	194	399
152	152	1	1	1	15
229	229	229	364	364	364
105	105	105	105	105	127
481	481	302	302	302	352
169	169	169	169	169	445
371	371	371	371	371	304
111	247	231	307	296	215
331	331	331	331	331	16
180	180	180	180	180	313
440	440	440	440	440	185
246	246	246	246	246	96
439	439	439	439	439	425
384	384	384	384	384	145
140	140	140	140	140	488
471	471	471	471	471	153
441	441	441	441	441	145
58	81	283	365	93	463
344	344	344	344	344	322
149	149	149	149	149	496
93	93	93	93	93	405
59	59	59	59	59	431
63	63	63	63	152	470
226	344	226	263	414	61
220	35	139	42	97	460
356	356	356	356	356	352
221	221	221	221	221	224
168	168	168	168	168	162
187	187	290	290	290	453
430	275	275	116	272	92
214	214	214	214	214	409
399	369	47	415	95	3
231	231	231	231	420	60
6	6	245	245	245	438
107	107	107	107	107	220
419	129	213	58	213	257
408	408	408	408	408	262
162	162	162	162	162	212
294	294	294	294	294	324
104	104	385	385	385	42
101	101	294	294	294	33
376	376	376	376	376	228
318	318	318	318	318	209
109	109	109	109	109	497
432	432	432	432	432	44
368	435	380	113	56	445
356	356	356	356	356	384
233	59	389	395	266	364
411	411	80	80	80	339
397	397	397	402	402	402
42	42	42	42	42	454
28	28	28	28	28	377
476	476	476	476	476	199
435	173	386	209	3	314
21	277	343	152	409	346
221	221	221	221	221	396
253	253	253	253	253	256
158	492	405	91	175	499
359	359	252	252	252	415
39	39	39	39	39	409
298	298	298	75	75	75
29	29	29	29	29	325
296	296	345	345	345	367
27	27	27	27	27	112
320	492	491	492	206	84
428	428	256	256	256	328
124	124	459	459	459	496
348	348	348	348	348	360
182	182	182	182	182	400
76	76	76	76	76	240
241	241	241	241	241	344
171	273	41	97	424	328
324	368	324	494	453	224
128	128	128	128	128	219
127	127	127	382	382	382
481	481	481	481	481	326
66	66	66	66	66	203
161	161	161	161	161	92
205	61	413	205	98	76
194	194	194	194	194	139
297	126	346	297	356	1
169	169	169	169	169	208
18	18	18	18	18	122
401	401	212	212	212	431
53	53	53	53	53	201
142	142	142	142	142	102
146	146	146	146	146	118
204	204	204	204	204	279
154	154	154	154	154	280
340	340	340	340	340	142
341	33	462	74	410	212
245	245	474	474	474	462
104	104	104	104	104	446
2	2	2	2	2	332
291	291	291	291	291	197
36	389	113	260	281	216
52	52	52	34	34	34
361	361	361	361	246	439
267	267	267	267	267	347
234	234	234	234	234	252
99	99	99	99	99	499
443	492	362	430	223	404
203	203	203	203	203	251
95	20	299	161	95	202
416	416	416	416	416	261
227	259	66	227	35	312
53	53	53	380	380	380
472	429	266	48	352	92
220	264	422	121	220	354
409	409	409	409	384	15
224	224	224	237	237	237
173	173	173	173	173	14
227	227	227	227	227	139
295	159	481	43	328	84
219	219	219	219	219	83
303	303	303	303	303	291
145	145	145	145	145	325
484	82	279	356	356	459
105	105	105	105	105	211
99	99	99	99	99	432
194	194	194	194	194	187
241	396	51	247	107	158
475	459	400	150	150	465
497	497	220	220	220	165
445	445	445	445	445	454
302	86	360	86	113	47
208	208	208	208	208	144
341	341	341	341	341	428
392	392	392	392	392	487
207	207	207	207	207	311
494	280	200	494	205	454
23	23	23	23	23	280
81	81	399	399	399	238
498	498	498	498	498	224
383	181	271	279	317	443
326	96	277	486	277	340
45	45	307	307	307	38
406	406	406	406	406	176
420	420	420	420	420	320
392	392	392	392	392	339
224	224	224	224	224	205
150	150	150	150	150	494
335	335	335	317	317	317
143	143	117	117	117	399
203	203	203	203	203	223
54	54	54	72	72	72
473	473	473	473	473	165
223	223	223	223	223	346
283	283	283	283	283	390
325	353	6	491	41	206
422	102	413	413	251	105
79	79	79	79	79	452
65	65	65	65	65	371
7	7	7	7	7	189
167	167	167	167	167	46
285	285	285	285	62	82
83	83	83	83	83	72
353	352	118	118	408	439
257	257	257	31	31	31
279	279	279	279	279	162
423	423	423	423	423	375
293	293	293	293	293	118
146	146	146	146	146	429
58	58	58	58	58	221
102	373	487	370	288	439
144	144	144	144	144	253
439	270	369	3	166	423
18	384	339	370	339	276
234	234	234	234	234	358
212	212	212	212	212	15
179	477	451	154	477	479
247	163	81	160	160	248
31	31	31	31	31	244
392	392	392	79	79	79
78	358	346	397	228	102
336	336	80	389	460	157
367	367	367	367	367	102
152	152	152	152	134	31
356	356	356	356	356	333
481	481	481	481	481	363
45	433	325	41	45	384
321	471	493	22	493	307
331	331	331	331	331	351
229	229	229	229	229	105
456	456	456	456	456	47
426	426	426	426	426	331
259	259	259	259	259	402
499	193	328	366	351	129
182	338	128	465	45	47
275	461	128	104	336	79
347	347	406	406	406	102
310	310	80	80	80	37
135	103	437	130	18	304
229	229	229	229	229	11
489	489	489	489	489	271
424	424	424	424	424	362
305	305	281	281	281	35
409	409	409	409	409	172
470	470	470	470	470	484
156	278	87	354	171	36
72	72	72	72	72	178
156	212	400	76	130	365
368	181	384	155	23	272
386	214	283	214	53	241
6	404	404	185	392	190
446	446	446	397	397	397
134	134	134	134	134	90
320	320	320	422	422	422
450	450	450	450	450	308
294	294	294	294	294	3
128	128	128	128	128	328
444	444	444	444	444	198
158	158	158	461	461	461
128	128	128	128	128	427
470	470	470	470	470	407
117	262	396	63	154	9
368	368	382	382	382	49
117	117	117	117	117	68
45	45	45	45	45	225
84	84	84	84	84	299
7	367	337	73	73	48
416	115	400	47	115	119
33	33	33	33	33	199
319	319	319	319	319	164
102	102	102	102	102	277
456	372	201	456	400	289
344	344	41	20	280	466
128	3	128	245	141	110
281	281	281	281	475	407
416	268	63	306	63	87
168	448	390	366	216	295
429	268	244	397	201	118
479	48	48	341	311	102
38	38	38	38	38	267
285	285	285	285	285	110
24	380	43	144	193	107
105	105	105	105	393	351
428	13	233	309	406	148
146	146	146	146	146	91
235	235	235	235	235	455
179	179	179	179	179	266
310	310	310	310	310	319
211	211	211	488	488	488
461	461	461	461	461	179
107	107	107	107	107	372
114	114	114	114	114	58
194	194	194	194	194	96
164	228	421	439	259	122
71	71	71	71	71	338
486	423	323	67	5	227
409	409	409	409	409	490
85	85	342	342	342	91
238	238	238	238	238	374
9	9	9	9	9	381
70	70	37	340	487	398
118	118	118	118	118	392
437	437	437	437	437	291
45	45	45	45	45	119
104	104	329	329	329	470
98	43	454	43	158	38
361	361	361	361	361	390
195	195	195	195	195	289
79	79	79	79	422	334
455	210	490	67	260	235
215	215	215	215	215	38
75	75	75	75	75	234
496	496	496	496	496	151
121	411	449	392	449	408
53	53	45	11	295	79
207	65	177	177	263	471
158	424	343	391	476	141
275	442	275	15	274	228
156	156	156	156	493	227
202	202	202	202	202	401
309	309	309	309	309	76
350	350	129	129	129	68
175	175	175	295	295	295
369	16	381	299	440	98
2	2	2	2	306	482
457	457	457	457	457	70
50	50	50	50	50	80
381	98	214	245	458	118
8	8	8	8	8	398
120	120	120	120	120	128
354	354	354	354	354	165
148	148	148	148	148	253
313	164	1	402	299	450
227	227	227	227	227	167
394	394	10	10	10	132
468	468	468	180	180	180
43	43	43	43	43	76
144	144	144	144	144	470
199	199	199	199	199	220
244	177	221	176	121	145
54	54	256	256	256	115
157	157	157	157	157	92
396	426	483	492	437	340
63	63	63	485	485	485
71	254	363	424	133	399
13	13	13	13	13	202
271	358	341	402	271	496
351	351	372	372	372	285
80	80	80	265	265	265
371	371	371	371	371	28
420	59	318	157	195	292
28	28	168	168	168	409
453	453	453	453	453	4
257	257	257	257	257	12
170	170	125	125	125	38
444	444	444	444	444	249
464	464	464	464	464	238
493	436	436	80	240	491
215	215	215	311	311	311
369	369	369	214	214	214
294	294	294	294	294	61
246	246	246	246	246	445
438	438	438	438	438	49
434	434	434	434	434	451
27	343	271	293	424	54
49	49	49	49	49	326
447	447	447	447	32	212
90	90	90	90	90	6
99	353	137	324	107	266
85	85	85	85	85	461
156	156	156	156	156	346
196	196	116	116	116	185
375	375	375	375	375	322
185	185	185	185	185	409
266	266	266	266	266	399
174	174	174	174	174	196
426	426	426	426	426	443
42	42	42	42	42	416
109	109	109	109	109	229
405	405	405	404	404	404
311	311	311	311	311	97
323	323	323	169	169	169
286	286	286	286	286	444
359	359	359	359	359	393
475	458	415	493	469	10
29	29	373	184	31	244
123	123	123	123	123	374
306	5	277	184	289	271
65	482	254	271	251	200
170	170	170	170	170	241
273	402	273	31	78	181
343	343	343	57	57	57
322	322	322	322	322	418
340	206	344	321	170	167
122	103	122	165	116	90
315	315	313	313	313	111
142	142	142	142	142	8
16	16	16	16	16	366
463	463	463	206	206	206
247	247	247	212	212	212
223	223	223	271	271	271
108	108	108	108	108	83
491	491	491	491	491	29
111	111	111	111	111	325
401	368	401	96	354	152
259	215	129	471	91	6
195	195	195	204	204	204
152	152	152	152	238	315
315	315	315	493	493	493
147	147	147	147	147	166
15	15	15	429	429	429
214	214	104	102	356	279
284	284	206	206	206	441
114	114	442	442	442	152
266	266	54	54	54	443
244	244	244	244	244	97
60	60	60	60	60	79
188	129	188	64	237	377
293	293	293	293	293	339
290	290	290	290	290	305
335	448	354	406	354	146
7	7	7	7	7	472
117	117	117	117	205	368
234	77	468	477	419	413
13	13	13	48	48	48
493	357	199	342	311	167
399	399	399	399	399	450
253	232	205	444	63	419
236	236	94	94	94	419
31	31	200	200	200	450
239	405	389	183	113	93
483	483	483	483	483	13
455	455	271	271	271	310
375	375	375	375	375	87
159	159	159	159	159	109
399	399	399	399	147	59
470	470	470	470	470	76
464	88	22	441	441	264
276	276	340	340	340	275
422	422	422	422	422	251
399	399	318	318	318	156
480	480	480	480	480	319
150	150	466	466	466	225
175	461	286	488	319	345
309	309	309	309	309	199
396	396	396	396	396	466
487	193	487	421	191	125
140	140	140	140	140	491
443	443	443	443	107	166
150	150	150	150	150	440
127	128	232	216	216	200
58	58	58	58	58	325
29	29	29	29	29	291
429	429	429	429	429	323
238	238	238	238	238	211
345	122	326	343	345	165
86	86	86	86	86	116
390	390	390	390	390	271
24	24	24	24	24	401
438	438	438	438	438	434
120	120	120	120	120	476
169	97	344	348	349	490
333	171	499	373	442	62
429	233	139	483	466	68
284	298	201	205	196	423
299	299	299	299	299	365
229	229	229	229	229	349
160	231	214	255	488	334
185	185	20	20	20	106
301	223	429	105	107	460
359	359	431	431	431	231
412	412	412	412	412	495
258	258	67	67	67	408
228	228	228	228	228	44
76	76	224	177	321	426
411	411	411	411	411	354
481	216	213	385	417	353
91	91	91	91	91	342
469	469	469	469	469	34
125	125	125	125	125	273
32	32	32	32	32	496
442	442	442	442	442	207
80	96	391	463	408	302
284	284	284	284	284	117
403	403	403	403	403	394
192	192	192	192	192	126
344	344	344	344	205	144
332	332	332	332	332	21
204	160	367	204	244	138
393	393	117	117	117	17
486	486	486	486	486	95
342	342	342	342	342	317
271	271	271	271	271	278
56	168	124	168	480	278
47	47	47	47	47	315
73	73	8	8	8	295
109	63	53	58	14	294
264	264	264	264	264	222
266	266	266	266	266	234
381	381	402	402	402	248
284	284	284	284	284	420
222	324	218	10	10	274
472	472	472	472	472	151
194	194	194	194	194	237
406	319	11	135	231	460
83	83	83	83	83	242
141	141	141	141	141	98
452	452	452	452	452	139
326	326	326	76	76	76
60	60	217	217	217	221
327	393	146	273	327	472
382	382	468	468	468	189
122	122	122	122	122	259
430	458	430	196	435	256
337	337	337	337	10	403
221	221	199	199	199	292
390	390	390	390	390	237
87	385	432	277	431	127
35	421	91	304	74	208
84	84	84	84	84	419
370	370	370	370	370	33
50	50	50	50	50	494
439	439	439	439	295	81
74	74	74	151	151	151
435	435	435	435	435	8
240	240	240	240	240	233
306	306	306	306	306	385
75	75	75	75	75	37
381	381	381	381	348	238
347	347	347	347	347	436
216	216	216	216	216	245
497	497	497	497	497	425
37	37	37	37	37	38
223	324	28	95	38	383
101	101	101	101	101	347
400	400	400	400	400	296
75	75	75	75	75	98
230	230	230	76	76	76
488	488	488	488	488	362
36	36	363	303	89	91
149	149	394	16	410	310
147	147	147	147	147	142
55	109	66	494	135	88
18	18	18	354	354	354
489	489	489	489	489	39
11	11	11	11	176	354
237	237	237	237	237	102
93	93	93	93	93	169
346	346	346	346	346	345
352	352	352	352	352	148
444	444	444	58	58	58
131	131	150	150	150	227
249	249	249	249	250	343
223	62	33	223	270	480
174	174	174	174	174	393
420	420	420	491	491	491
9	9	467	467	467	253
15	15	15	15	15	28
330	330	330	330	330	486
355	355	355	355	355	389
152	24	410	334	410	95
310	310	310	310	380	328
427	405	226	226	497	101
437	457	218	38	495	344
136	211	119	131	459	35
81	2	47	197	103	311
404	404	404	404	404	31
250	250	7	7	7	217
325	325	325	325	325	176
231	231	324	324	324	48
302	302	302	302	302	301
341	341	341	305	305	305
201	201	201	201	21	101
107	107	343	343	343	10
378	378	378	378	378	337
356	356	356	356	356	453
165	165	165	368	368	368
439	439	439	419	419	419
171	171	171	171	171	255
380	380	75	75	75	250
75	75	75	75	75	161
345	345	345	345	345	85
474	474	389	410	471	443
425	19	38	156	425	340
245	245	245	245	245	55
140	140	140	140	140	382
466	455	61	42	455	113
44	44	44	44	44	391
63	63	63	63	63	146
461	88	76	148	323	392
160	412	487	394	96	386
243	243	243	154	154	154
30	30	30	30	30	309
278	43	485	311	75	44
155	155	155	155	155	235
90	90	90	90	248	427
199	199	199	199	280	427
154	154	154	154	154	3
408	408	408	408	408	7
403	403	403	403	403	351
186	186	186	186	186	102
371	371	371	371	371	374
258	258	258	258	258	73
15	15	15	15	15	115
293	293	293	293	293	171
25	25	25	25	25	249
498	498	346	346	346	76
154	154	154	154	154	262
458	20	269	74	264	17
141	141	141	141	141	368
197	497	30	441	434	178
264	356	225	154	451	401
449	449	449	449	449	255
341	341	49	49	49	19
138	138	138	138	138	439
335	83	215	261	107	205
478	41	45	331	48	302
208	208	208	208	208	118
223	223	223	223	223	410
323	323	302	302	302	247
124	124	124	124	124	6
41	482	4	262	243	271
319	168	342	416	478	435
312	312	312	312	312	140
171	468	170	468	86	316
44	127	86	20	86	478
88	88	88	405	405	405
402	402	193	193	193	271
173	173	173	173	173	174
457	407	127	155	138	365
190	190	190	190	190	480
280	280	280	280	280	17
336	336	336	336	336	344
192	192	192	192	296	477
380	380	17	17	17	162
20	20	20	20	20	246
481	481	329	357	341	139
238	238	238	238	238	21
68	443	425	252	190	462
274	274	274	274	274	272
349	349	349	349	349	363
349	349	349	349	349	429
151	195	239	239	170	74
374	374	374	374	374	395
28	28	28	28	28	455
74	74	74	162	162	162
257	354	345	378	357	109
101	101	101	101	101	316
452	452	452	452	452	195
468	393	57	46	356	224
309	309	309	309	309	484
79	79	79	232	232	232
190	413	378	190	148	374
441	441	441	441	441	283
301	301	301	301	301	299
242	242	242	242	242	340
273	86	379	410	379	321
63	63	63	56	56	56
231	231	231	231	231	446
500	500	500	500	500	283
361	65	263	470	263	197
267	267	267	267	267	446
356	371	61	359	194	153
113	50	316	158	429	262
101	101	101	101	101	131
32	32	32	32	32	367
355	355	355	355	355	120
211	211	211	211	211	174
245	245	245	245	245	158
375	375	375	375	375	23
270	176	327	425	385	77
21	21	21	21	21	145
13	13	13	13	378	246
391	391	391	391	391	380
483	483	483	483	483	448
92	388	280	458	307	57
373	465	373	67	43	337
200	200	200	200	200	59
472	442	44	273	303	362
420	420	420	420	420	377
457	457	457	457	457	328
262	262	262	262	381	32
312	312	312	312	312	179
13	13	13	13	13	34
189	189	277	277	277	246
423	423	423	371	371	371
74	74	74	44	44	44
350	350	350	350	350	334
481	481	481	481	481	156
481	481	211	211	211	55
312	312	312	312	312	142
391	391	391	391	391	206
202	202	202	202	202	472
1	20	1	306	362	292
161	161	161	161	161	257
109	109	109	109	443	339
342	457	301	349	243	105
188	188	188	188	188	61
51	51	51	51	51	406
491	491	491	491	431	378
232	232	232	232	232	438
451	451	348	348	348	167
458	92	97	53	26	338
215	215	215	215	336	321
214	214	12	12	12	113
186	186	186	186	186	28
27	129	404	63	345	40
53	53	53	177	177	177
216	216	216	216	216	247
283	268	167	241	116	232
341	341	341	341	341	64
176	176	176	176	176	69
109	109	109	109	109	363
27	27	27	27	165	315
155	155	89	89	89	63
492	465	492	197	474	119
372	372	489	414	157	484
439	439	235	235	235	254
53	53	53	53	53	195
131	131	131	131	131	361
441	441	353	353	353	237
199	45	45	9	48	68
415	415	415	415	415	321
16	16	16	16	16	480
187	187	187	394	394	394
326	326	326	326	286	369
422	422	422	458	458	458
347	347	18	93	50	176
271	271	271	271	271	423
104	104	104	104	348	171
134	134	134	134	134	234
130	130	130	130	130	160
235	235	471	471	471	68
219	23	298	417	46	442
473	473	473	105	105	105
383	383	383	383	383	491
396	82	120	370	370	357
410	410	410	410	410	71
295	295	295	295	295	57
55	55	55	55	55	492
403	248	121	275	121	100
136	136	136	136	136	102
94	94	94	104	104	104
140	140	140	291	291	291
289	289	289	289	289	8
69	69	55	55	55	474
258	258	258	258	258	217
324	266	312	263	61	385
260	101	466	101	438	66
155	172	101	155	191	87
63	63	198	198	198	457
61	461	116	64	105	45
207	207	207	207	207	240
172	172	172	172	172	355
461	461	461	195	195	195
412	412	412	412	412	326
78	78	78	78	78	77
375	375	375	375	114	51
156	156	50	50	50	299
391	24	84	200	397	406
404	404	404	404	232	451
472	472	472	206	206	206
423	423	423	423	423	496
272	272	272	272	272	296
396	396	396	280	280	280
37	37	37	37	37	155
128	128	128	128	128	497
479	479	479	479	19	41
109	266	320	358	109	161
151	151	151	151	151	12
354	354	354	354	354	106
132	132	132	379	379	379
125	125	125	125	125	113
106	106	106	106	106	367
115	115	115	115	115	446
186	186	127	127	127	6
266	266	266	266	266	183
129	129	129	245	245	245
144	144	144	144	144	369
343	343	42	42	42	384
466	466	466	466	466	38
434	434	434	434	434	391
156	157	360	494	157	397
2	2	2	2	2	140
232	232	232	232	232	500
383	383	383	383	383	223
170	20	61	259	112	297
111	111	111	111	111	30
254	254	254	374	374	374
115	302	156	370	434	195
404	100	145	173	218	101
269	269	269	269	269	343
295	295	295	295	295	142
261	261	261	106	106	106
473	473	473	473	473	453
240	240	240	240	326	372
355	355	355	355	355	105
38	38	38	38	38	289
278	278	278	278	278	92
384	384	384	384	384	102
307	18	185	241	28	122
86	86	86	86	86	69
199	199	199	199	199	495
422	422	422	422	422	423
60	60	60	60	60	411
170	170	351	351	351	414
226	226	226	226	226	75
249	249	249	249	249	320
251	388	388	443	445	327
154	154	154	397	397	397
106	106	106	120	120	120
333	41	169	317	363	368
285	285	285	285	285	161
206	206	206	206	206	85
1	1	1	1	1	439
49	324	368	202	49	330
326	326	326	326	326	180
9	9	9	9	9	117
321	321	321	321	321	355
441	441	441	441	441	243
160	160	417	417	417	106
216	216	226	226	226	444
435	435	435	435	435	217
44	75	39	454	280	102
410	410	410	410	410	495
296	296	296	214	214	214
12	8	52	8	308	86
457	457	458	458	458	30
203	418	237	237	345	20
495	495	495	495	495	404
170	170	170	170	170	47
74	74	74	74	74	190
475	475	166	166	166	366
456	108	323	104	390	159
247	17	145	145	131	415
28	28	28	28	28	107
322	322	233	233	233	282
253	253	253	253	157	206
284	284	284	284	284	290
391	428	167	354	382	284
417	417	417	417	417	344
25	53	25	352	427	399
181	181	177	177	177	150
21	21	21	487	487	487
182	231	387	148	259	25
276	276	276	276	276	141
280	280	177	177	177	56
379	379	157	157	157	30
413	413	413	413	413	264
248	248	248	248	248	353
347	146	342	8	338	55
221	221	221	221	221	195
496	496	496	496	360	323
77	47	261	347	347	262
53	53	53	53	53	137
135	135	135	135	135	132
462	207	55	55	411	75
306	203	70	203	67	164
324	324	324	324	324	410
215	215	215	215	215	16
318	373	227	222	412	264
498	498	498	498	163	195
102	102	102	102	102	13
459	459	459	459	459	335
383	494	87	189	393	276
264	264	264	264	264	151
316	316	180	180	180	254
413	413	28	28	28	131
275	130	275	17	329	93
369	369	369	369	369	347
191	191	191	191	191	444
193	463	126	446	180	51
359	56	324	447	222	332
286	286	286	286	286	121
119	119	119	119	119	491
270	270	270	270	270	37
293	99	192	279	315	420
50	50	50	50	50	116
387	387	387	71	71	71
412	412	412	412	412	96
31	31	31	496	496	496
24	24	24	24	24	133
377	377	377	377	377	455
18	18	18	18	18	397
289	289	289	289	289	373
92	92	92	153	153	153
120	120	120	148	148	148
19	19	19	19	19	155
5	5	85	85	85	33
80	80	80	163	163	163
213	213	213	213	213	136
175	211	218	269	418	154
55	55	55	55	397	327
153	153	153	344	344	344
153	153	153	153	153	21
35	8	96	489	113	328
435	435	435	435	488	125
108	108	108	108	108	76
355	82	408	85	408	223
289	289	116	116	116	96
130	130	163	469	251	397
103	103	171	171	171	286
184	184	184	184	184	102
114	114	114	114	114	59
421	421	421	421	421	218
203	203	203	203	203	368
19	19	19	19	450	373
286	397	496	268	201	4
414	442	354	7	414	145
259	259	259	259	259	360
320	320	320	108	108	108
199	199	394	394	394	34
325	325	325	325	325	109
159	159	159	159	159	268
56	56	56	56	140	13
11	11	11	106	106	106
451	434	10	380	434	114
6	6	6	6	6	143
280	280	498	498	498	312
173	234	199	89	112	151
281	281	281	281	281	419
56	65	464	167	56	497
354	354	354	354	354	202
157	157	157	157	157	395
19	19	19	19	19	343
171	142	258	62	173	257
407	407	407	407	407	245
448	448	448	448	448	51
301	301	301	301	301	468
287	59	359	55	55	201
382	382	382	382	382	211
226	226	99	75	121	244
86	86	86	86	45	97
498	498	498	498	498	260
464	464	464	464	464	413
76	76	76	76	76	26
109	109	109	109	109	96
271	271	271	271	271	181
228	446	116	150	158	160
203	203	203	203	203	1
419	419	419	419	419	434
208	208	208	208	208	112
14	14	14	14	150	489
367	367	367	367	367	72
484	261	330	449	327	173
13	13	13	13	13	106
196	196	196	196	196	485
32	32	103	103	103	160
270	270	270	270	270	206
429	429	429	308	308	308
342	342	342	342	342	225
261	468	208	261	29	118
369	113	305	305	283	38
439	172	12	369	172	49
363	363	152	152	152	268
316	316	316	316	316	366
495	495	495	495	495	438
55	55	55	55	55	351
154	154	154	154	154	92
173	118	166	398	283	402
304	304	304	91	91	91
462	462	462	273	273	273
174	174	174	174	174	198
457	457	457	457	457	304
194	194	194	194	194	328
347	347	347	347	347	183
102	102	102	102	102	170
145	145	145	33	33	33
292	292	292	292	292	302
159	489	268	208	474	364
414	414	414	414	414	19
61	61	61	61	61	402
16	16	16	16	16	101
200	200	200	200	346	222
235	235	33	196	345	384
128	128	128	128	128	238
139	139	139	139	139	485
172	172	172	172	172	350
399	399	342	342	342	210
275	373	275	150	388	104
48	336	40	63	372	499
226	226	226	226	226	63
352	352	352	352	352	131
44	44	44	494	494	494
415	304	44	448	334	138
172	172	172	263	263	263
240	95	393	334	171	266
216	183	183	306	368	16
233	233	233	233	233	265
305	305	305	177	177	177
303	303	303	303	303	77
432	432	432	432	432	134
150	150	150	150	150	360
143	143	143	143	143	71
197	197	418	418	418	299
105	105	105	415	415	415
270	270	443	443	443	464
42	42	42	42	235	221
330	330	330	500	500	500
268	268	277	277	277	366
268	189	476	171	224	341
27	206	9	113	470	362
154	326	87	56	417	105
162	391	162	399	167	145
220	220	292	292	292	18
287	194	491	405	405	440
445	448	185	329	471	324
145	145	145	145	145	325
344	344	344	344	344	334
445	445	445	445	445	42
322	322	464	464	464	138
115	115	115	115	115	414
128	128	128	128	128	248
227	227	282	282	282	190
102	161	166	313	175	423
476	476	476	476	476	271
240	240	240	240	240	5
246	246	246	246	246	297
425	425	245	245	245	207
135	135	135	135	60	252
316	316	316	316	316	305
198	198	198	198	198	365
147	147	147	147	147	421
213	213	213	213	213	8
463	463	463	179	179	179
127	127	127	127	127	265
492	152	477	152	205	255
362	362	362	362	362	27
22	22	22	22	22	58
372	372	372	372	372	457
376	376	376	376	376	458
31	224	377	316	296	449
125	125	125	125	125	456
417	417	417	417	417	308
123	123	123	123	123	71
30	30	30	30	30	24
500	500	500	500	500	85
174	145	242	470	111	91
85	85	85	184	184	184
461	461	461	461	461	421
483	402	426	341	341	16
242	389	253	454	253	267
35	35	35	35	35	443
283	283	283	283	283	61
372	372	89	89	89	268
175	175	175	175	175	275
291	291	291	291	143	166
225	157	299	232	213	201
36	142	59	148	142	329
198	198	198	68	68	68
169	169	169	169	169	217
2	2	2	2	2	91
236	236	236	236	236	6
169	169	169	169	169	22
286	286	286	286	286	114
200	200	200	200	200	108
21	21	21	21	21	128
158	107	134	100	445	491
356	385	169	58	305	44
297	297	297	297	297	495
264	241	3	327	372	19
4	395	99	209	42	306
10	10	10	26	26	26
321	121	433	69	486	402
227	227	227	227	227	200
405	405	405	405	405	451
492	492	492	492	492	211
57	57	57	456	456	456
456	456	67	67	67	62
429	429	290	290	290	108
395	395	395	395	395	346
262	171	153	260	465	483
216	338	129	431	359	155
343	343	343	343	343	423
272	451	381	222	226	140
99	391	28	392	391	79
314	314	314	314	314	206
213	213	213	244	244	244
157	464	134	269	134	233
253	253	253	374	374	374
2	2	2	2	2	439
92	92	92	92	92	458
94	94	94	109	109	109
352	352	352	352	352	153
448	448	450	450	450	276
251	182	251	189	69	459
216	284	442	314	314	175
109	488	446	113	44	380
33	33	33	33	493	211
490	490	490	490	490	115
310	310	125	125	125	77
267	208	194	194	404	73
401	401	401	401	401	44
173	173	173	173	173	285
373	373	373	396	396	396
34	213	213	67	223	369
202	202	202	202	202	225
193	193	193	193	193	83
88	142	457	432	88	400
364	364	364	364	364	212
304	304	304	304	304	263
207	207	207	207	207	464
40	124	40	283	317	488
326	367	426	426	355	84
134	383	233	383	119	55
88	464	464	52	129	56
14	14	14	14	14	214
269	269	269	269	269	97
177	410	286	24	458	10
200	460	460	28	171	181
144	144	144	144	144	257
480	480	480	480	480	39
27	27	151	151	151	265
481	304	267	299	194	401
50	50	50	50	50	32
345	345	345	345	345	443
384	488	330	1	330	32
455	455	455	455	455	9
59	59	485	485	485	165
480	480	480	480	480	304
219	159	219	49	48	130
372	466	475	429	105	441
391	391	457	457	457	126
151	19	435	104	493	199
328	328	328	328	328	441
241	241	241	241	241	46
296	296	296	296	296	223
9	9	9	9	9	70
389	389	389	22	22	22
482	482	482	482	482	189
288	288	165	165	165	206
475	475	475	475	475	149
10	10	10	10	10	146
409	214	249	76	52	280
42	42	42	42	42	204
346	493	195	144	450	419
350	350	350	309	309	309
44	44	44	44	44	452
385	385	385	385	385	418
360	360	360	360	476	69
269	187	368	368	262	60
254	254	254	254	254	489
284	284	284	284	284	23
184	184	184	430	430	430
294	294	294	294	294	489
58	58	58	58	58	196
18	203	96	263	201	182
353	353	185	185	185	313
308	26	26	61	419	444
484	484	484	484	484	133
151	58	11	184	296	275
181	258	234	213	362	20
271	271	271	379	379	379
325	325	325	325	325	237
381	381	381	435	435	435
116	116	116	14	14	14
16	16	16	16	402	471
83	83	83	83	83	261
243	243	243	243	243	400
76	76	331	331	331	163
391	391	391	391	391	294
108	108	108	108	108	19
16	16	16	16	16	73
53	473	221	166	421	333
376	376	376	376	376	237
226	226	63	63	63	40
108	423	436	366	485	292
193	193	193	193	193	225
128	265	370	406	248	192
238	296	82	71	286	361
13	13	13	13	13	344
36	36	36	36	251	493
85	85	85	85	85	123
177	177	177	177	177	140
410	280	199	34	163	213
97	97	97	97	97	458
124	124	124	124	124	409
146	146	146	146	146	229
282	282	282	282	282	500
79	79	79	79	79	479
428	428	428	428	428	444
486	254	448	28	214	60
409	409	409	409	409	334
434	434	317	317	317	226
106	106	106	106	106	61
100	100	100	100	100	11
264	264	264	264	54	368
403	403	403	403	403	259
405	405	405	405	405	348
14	14	14	14	14	199
395	395	395	395	395	165
463	463	244	244	244	344
345	345	345	345	345	274
290	290	290	290	257	357
406	406	406	406	406	259
440	440	215	215	215	171
44	38	392	110	392	296
168	96	60	96	12	150
389	72	451	232	155	444
29	29	29	29	29	48
83	83	83	248	248	248
463	463	463	141	141	141
400	299	85	172	70	86
312	312	312	312	312	279
3	3	3	43	43	43
84	84	84	284	284	284
145	145	145	145	145	87
494	147	83	266	83	119
158	158	158	158	495	303
80	403	40	437	417	373
112	112	112	112	112	345
238	254	85	392	291	317
423	423	126	461	220	445
191	191	191	191	191	359
243	174	174	48	90	323
318	318	318	318	318	305
399	399	124	124	124	14
335	335	335	335	335	389
171	171	171	171	171	400
401	401	401	401	401	29
492	492	492	492	492	292
487	302	180	124	253	495
499	499	499	291	291	291
309	309	309	249	249	249
89	89	89	89	89	36
474	476	360	474	238	61
41	106	337	421	49	38
409	406	437	191	288	234
226	163	2	378	466	69
254	254	254	254	254	243
327	168	84	492	175	45
410	410	410	410	410	126
144	144	144	144	144	29
456	456	456	456	456	149
221	221	221	221	221	348
156	113	113	123	151	317
78	78	78	78	78	255
177	177	177	177	177	427
465	465	465	465	130	165
342	342	342	342	342	196
492	287	438	381	31	494
271	271	271	271	271	326
10	10	10	10	10	461
121	121	121	121	121	278
250	250	250	250	401	442
433	401	340	334	401	428
347	347	347	347	347	334
92	92	92	92	92	346
153	153	153	153	153	500
410	410	149	149	149	39
167	167	167	167	167	145
242	52	255	277	274	150
453	453	453	453	453	388
456	456	456	456	456	155
372	372	372	372	372	244
343	343	60	60	60	424
90	90	90	90	90	354
90	90	90	90	90	158
341	341	341	341	341	488
486	486	486	486	486	209
451	44	64	108	155	248
459	459	459	459	78	299
159	90	232	379	160	55
326	326	326	326	326	315
198	198	198	198	198	70
170	377	205	444	284	92
476	476	367	367	367	449
81	81	81	81	81	184
441	441	166	166	166	84
257	257	257	257	257	159
14	14	14	225	225	225
238	238	238	238	238	242
210	210	210	210	210	338
240	120	406	120	443	67
191	191	191	191	191	13
17	17	17	17	17	189
492	492	492	492	492	165
467	467	467	467	467	112
200	200	200	97	97	97
231	231	231	231	231	184
12	12	12	93	93	93
231	215	145	145	234	349
357	357	357	357	357	166
289	289	289	289	289	413
462	462	462	197	197	197
68	68	68	68	68	204
97	97	97	426	426	426
206	206	206	206	206	356
258	258	258	258	258	77
190	190	190	105	105	105
15	15	15	98	98	98
317	317	317	317	317	340
192	192	192	48	48	48
207	434	331	244	331	263
110	110	110	110	110	449
214	214	214	214	214	68
337	337	337	337	337	91
81	81	299	480	198	59
468	439	468	207	429	204
142	142	142	142	142	89
46	46	46	46	46	353
23	23	227	227	227	289
466	349	248	284	62	183
141	141	141	141	141	285
475	475	475	475	475	393
284	284	284	284	284	105
180	180	302	302	302	344
72	72	72	72	72	140
60	405	367	284	284	212
234	417	492	482	391	288
11	318	397	284	60	229
94	94	384	233	399	348
73	73	73	73	73	367
261	261	261	261	261	197
439	278	114	224	44	20
265	68	122	265	149	418
389	389	389	68	68	68
257	210	69	343	62	454
463	463	463	463	463	477
221	221	221	221	221	463
1	492	474	459	459	212
197	197	461	461	461	267
454	454	454	454	454	307
456	456	456	456	456	454
199	122	374	355	240	47
342	342	342	193	193	193
120	120	120	120	120	160
209	209	209	209	209	213
433	433	433	100	100	100
74	74	74	74	74	453
391	95	265	265	11	89
496	496	496	496	496	13
202	358	331	198	307	157
349	349	349	349	349	214
413	413	413	413	413	354
157	157	157	157	157	8
360	360	360	360	360	212
346	346	346	346	346	53
265	32	15	75	75	165
363	362	110	375	353	21
236	236	236	236	236	350
167	167	167	167	167	500
52	160	52	436	51	320
20	20	20	423	423	423
16	16	16	16	16	321
450	335	270	43	138	426
499	499	499	499	499	167
312	312	312	312	285	15
81	81	81	81	81	321
361	297	498	105	297	409
335	335	335	335	335	492
236	236	236	236	236	155
352	352	352	352	352	414
319	319	319	319	319	121
400	400	400	400	400	396
408	408	408	408	408	147
144	144	144	144	144	451
441	441	441	441	441	26
231	298	219	266	106	450
102	325	436	99	221	486
224	485	396	492	271	17
466	466	466	466	466	181
218	218	218	218	218	144
33	33	173	173	173	165
157	306	467	430	87	204
323	492	479	190	272	119
52	52	52	52	52	2
186	186	186	186	186	180
407	407	407	407	407	335
120	120	120	120	120	140
67	67	67	67	67	189
416	416	416	416	416	389
500	500	500	500	500	290
169	169	169	169	169	280
372	467	498	413	205	275
314	314	314	314	314	248
492	436	207	67	26	173
17	199	186	385	450	211
427	427	427	427	427	197
36	36	36	36	330	248
460	425	443	242	467	42
180	180	355	355	355	397
165	165	165	165	165	375
411	411	411	411	411	255
250	296	319	296	378	49
56	478	305	154	125	30
65	65	65	14	14	14
275	275	275	189	189	189
117	117	117	117	117	60
320	320	320	320	320	51
491	491	491	402	402	402
473	473	473	473	473	75
42	42	21	21	21	14
379	379	379	379	379	174
109	437	210	306	75	390
253	253	253	253	253	465
49	7	43	392	366	469
9	9	9	492	492	492
479	479	479	479	479	109
182	182	182	271	271	271
84	84	247	247	247	169
111	111	111	111	111	239
150	150	150	150	150	117
409	409	409	409	409	361
480	480	480	480	445	39
264	322	136	85	143	216
341	341	341	341	341	109
56	172	150	397	228	446
438	438	438	438	438	76
328	328	328	328	328	345
483	75	483	277	142	55
55	365	136	292	292	185
13	402	211	169	30	232
285	285	285	285	285	97
114	114	114	114	114	436
71	71	71	71	71	229
296	296	296	296	296	197
309	309	309	109	109	109
430	430	430	430	430	297
322	322	322	322	493	240
162	162	443	443	443	120
64	64	64	64	64	179
440	440	440	440	440	245
89	89	89	89	89	384
245	245	34	34	34	323
461	13	13	273	205	294
289	453	434	75	167	116
257	257	257	257	257	71
113	113	113	463	463	463
386	386	386	386	348	288
438	476	45	476	173	59
280	262	384	188	151	347
258	462	413	246	258	425
485	485	162	162	162	311
229	229	229	229	229	259
101	124	445	43	400	332
370	370	370	370	370	130
285	285	285	34	34	34
189	189	416	416	416	190
15	15	15	15	15	420
71	71	71	71	433	68
7	7	7	7	7	374
67	67	67	67	67	40
465	465	465	465	465	446
88	284	84	125	362	291
2	2	120	120	120	300
71	71	71	71	71	298
240	240	30	30	30	130
245	245	245	245	245	210
421	421	421	421	421	317
246	3	302	434	18	44
372	372	372	258	258	258
93	93	93	93	93	103
67	67	67	67	67	440
267	267	267	267	267	196
332	332	332	332	332	86
123	123	123	123	123	59
111	111	111	111	111	243
409	409	409	409	409	318
44	44	44	44	44	205
345	233	303	430	345	438
34	34	54	54	54	134
276	276	276	276	276	104
413	413	413	413	259	343
317	383	400	22	237	498
276	276	276	276	276	497
343	343	343	445	445	445
86	486	119	333	355	111
332	470	436	381	141	499
385	385	385	385	385	249
393	393	393	393	393	340
182	182	182	182	182	385
373	373	373	373	346	263
313	310	405	272	350	315
351	351	351	351	351	259
442	130	444	471	444	106
73	73	290	290	290	379
151	285	117	418	109	116
40	40	349	349	349	195
261	132	366	47	366	65
54	54	54	54	54	244
131	131	131	131	131	86
392	351	119	167	498	250
365	365	22	471	322	434
15	15	15	15	15	402
227	13	428	276	239	205
390	390	390	390	390	142
216	216	216	216	216	333
132	132	132	132	132	100
314	148	314	32	182	450
152	152	152	152	265	248
3	3	3	3	3	401
306	306	306	306	306	475
17	17	17	54	54	54
194	194	194	453	453	453
180	362	264	433	433	273
331	331	376	376	376	319
327	327	327	327	327	416
191	191	191	191	29	231
96	349	198	101	252	8
204	204	204	204	204	20
487	487	487	487	487	277
162	162	448	448	448	120
28	28	28	28	28	448
336	405	468	405	93	415
317	317	317	317	317	22
464	291	373	407	120	97
438	438	438	438	438	386
433	433	433	433	433	428
444	444	444	444	444	351
178	178	178	178	263	228
495	495	495	495	495	2
370	370	224	224	224	442
278	278	278	208	208	208
314	314	314	314	314	185
250	250	250	18	18	18
39	39	39	39	39	262
309	309	309	309	309	350
100	310	318	490	75	191
426	426	426	426	426	139
450	21	52	31	350	393
90	90	51	51	51	113
184	184	184	184	30	247
198	198	198	198	198	157
94	94	94	94	94	373
122	154	395	307	484	230
5	5	5	5	5	163
117	117	117	117	117	290
190	190	190	438	438	438
367	367	367	367	367	258
207	463	463	338	274	11
392	392	392	392	392	25
223	223	223	472	472	472
88	88	88	88	88	114
27	149	13	462	21	371
331	331	90	90	90	356
63	63	63	474	474	474
8	8	8	8	8	431
466	466	466	466	466	460
245	269	330	379	389	337
294	294	294	294	294	129
280	280	280	77	77	77
256	256	256	256	442	1
19	19	19	254	254	254
423	423	423	423	423	53
493	365	493	189	6	16
164	7	298	7	318	443
375	375	491	270	458	153
395	395	287	68	416	267
287	287	287	287	287	396
71	298	78	157	376	120
257	257	257	257	31	494
215	215	215	215	215	114
207	207	207	207	207	53
233	233	233	233	233	143
434	434	434	434	434	491
231	231	231	231	231	101
28	11	359	169	11	280
9	9	9	84	84	84
192	192	192	483	483	483
189	189	189	189	189	52
303	180	60	67	158	384
12	12	12	12	12	49
239	171	59	70	171	454
439	439	439	43	43	43
38	409	38	440	482	301
237	237	237	146	146	146
158	158	158	158	158	99
65	65	65	65	65	60
251	251	251	251	251	154
438	438	438	438	438	268
375	375	375	375	375	449
129	483	456	471	429	207
409	234	439	358	427	192
468	468	468	468	468	171
375	375	375	375	375	435
300	300	300	300	300	99
174	174	174	174	174	282
112	199	326	24	463	377
437	29	372	208	32	111
244	244	244	186	186	186
131	131	131	131	131	229
264	364	145	162	335	65
148	23	393	189	174	290
500	500	500	500	500	299
404	404	404	454	454	454
123	123	123	123	388	441
368	368	368	453	453	453
314	461	430	285	61	486
126	339	339	362	253	291
364	364	364	364	364	500
380	350	380	151	405	209
130	378	397	314	130	303
466	466	371	371	371	323
314	34	202	96	143	220
126	126	126	100	100	100
51	51	51	51	51	417
384	384	384	132	132	132
83	134	187	497	129	328
50	50	50	50	50	11
143	143	143	143	143	414
402	402	402	402	402	99
56	56	56	56	56	407
129	129	129	129	129	68
14	14	14	14	14	266
341	341	341	341	341	335
163	163	140	140	140	86
45	45	45	45	45	255
48	48	48	48	48	397
70	70	70	78	78	78
96	462	224	103	342	441
238	238	238	238	238	109
383	383	383	383	383	140
244	244	244	43	43	43
330	330	259	259	259	192
492	492	492	492	39	408
407	407	407	407	407	390
161	161	161	108	108	108
120	120	120	120	120	106
54	92	92	409	373	180
308	308	308	308	308	425
278	278	278	278	278	475
5	427	328	224	427	437
408	408	408	408	408	308
201	201	201	115	115	115
283	283	283	283	283	207
460	460	460	460	460	118
59	452	347	264	314	256
365	365	171	171	171	443
426	426	426	426	426	353
201	201	201	201	201	32
468	468	468	468	468	230
426	150	83	429	289	252
486	486	486	486	486	161
300	300	300	300	300	76
124	124	124	124	124	43
259	259	259	259	259	153
379	379	379	379	379	380
449	269	438	231	171	314
26	26	26	26	26	307
60	60	492	492	492	298
174	174	174	174	174	335
283	283	283	160	160	160
322	322	322	322	322	447
390	26	321	132	390	292
179	179	179	179	179	257
422	422	422	422	422	336
430	430	430	430	430	350
220	220	220	220	448	494
186	186	55	55	55	411
470	470	470	470	470	14
360	360	297	297	297	315
228	228	397	173	193	31
321	160	296	244	195	317
180	180	180	180	180	32
87	160	312	6	156	252
14	17	285	17	137	15
295	295	295	295	295	480
376	376	376	376	376	63
229	97	407	140	171	334
314	314	422	422	422	107
79	79	79	259	259	259
254	254	254	254	254	468
344	344	344	344	344	77
294	294	294	294	188	22
353	353	353	353	353	274
421	421	421	421	421	351
253	253	253	253	385	241
54	54	54	54	54	32
434	434	434	434	434	240
447	447	267	267	267	52
311	115	246	180	378	352
407	407	407	407	407	17
490	490	490	498	498	498
131	131	131	131	229	256
370	22	492	91	370	114
387	387	387	387	387	213
218	218	218	33	33	33
115	191	359	359	9	23
124	124	124	380	380	380
36	36	36	36	36	487
222	222	222	222	222	105
464	182	76	336	309	430
471	471	471	471	471	341
380	380	380	387	387	387
234	234	234	234	234	319
152	152	180	169	384	159
117	117	117	117	117	336
126	126	126	126	126	86
139	469	45	365	365	342
139	139	139	139	139	317
377	228	420	420	196	25
487	487	487	487	487	117
336	336	336	336	336	97
220	220	220	220	220	294
42	42	42	42	285	360
48	48	48	48	48	353
199	199	199	199	199	142
120	146	329	440	418	181
284	284	284	284	284	487
346	346	355	355	355	382
375	375	273	273	273	102
196	196	86	86	86	106
12	477	441	285	313	310
460	460	460	460	460	229
237	237	237	237	237	370
479	479	153	153	153	167
53	321	41	324	165	195
293	293	203	203	203	384
138	138	401	401	401	296
441	441	441	441	441	295
329	329	61	61	61	444
398	398	398	398	398	433
411	411	411	474	474	474
275	275	275	275	275	359
102	102	102	102	102	309
254	204	433	43	190	309
156	156	156	156	156	127
461	354	207	203	118	188
157	214	404	27	124	433
36	36	36	36	36	247
88	88	88	88	88	331
137	137	137	137	137	376
4	164	398	289	123	84
328	328	328	328	328	96
285	285	285	285	285	160
48	48	48	48	48	342
470	470	470	470	470	335
107	107	107	107	107	106
251	251	251	251	251	361
346	221	300	185	140	484
451	451	451	451	451	274
268	268	268	268	268	351
297	106	170	371	161	47
181	181	181	181	181	481
447	485	112	64	428	290
317	406	125	424	424	448
214	214	243	364	77	169
42	42	42	42	42	166
185	185	185	348	348	348
133	133	133	133	133	400
358	358	358	358	358	41
82	82	82	82	82	21
129	129	365	365	365	468
39	39	73	73	73	416
180	180	130	32	435	345
86	207	165	311	458	344
462	462	462	462	462	279
242	242	242	242	242	396
304	304	304	304	304	18
368	368	368	368	52	388
340	98	453	271	142	240
201	201	201	474	474	474
353	353	353	353	353	167
101	101	101	101	101	418
156	156	156	156	156	418
132	132	132	132	132	263
403	403	403	149	149	149
184	184	184	184	184	248
389	41	41	142	476	492
288	206	480	143	289	63
124	124	124	124	124	82
60	60	60	60	60	307
128	283	199	145	197	258
18	350	43	138	368	342
162	496	212	77	130	293
100	18	72	202	88	22
277	350	68	165	165	156
399	399	399	399	399	13
467	467	467	467	467	486
434	434	434	497	497	497
380	241	152	28	380	381
138	271	420	212	21	396
469	469	469	469	469	358
354	206	293	489	489	253
272	272	272	272	272	281
327	327	278	278	278	251
11	11	11	11	293	337
304	304	304	304	304	218
385	385	385	75	75	75
354	6	6	218	224	64
320	320	320	320	320	382
410	410	410	410	410	87
84	84	400	400	400	416
467	467	467	467	467	69
409	409	409	409	409	155
132	132	132	494	494	494
310	441	91	123	105	121
170	170	170	170	170	18
187	187	187	187	187	100
409	409	409	100	100	100
313	313	313	313	313	172
374	374	374	374	330	53
351	480	136	275	480	130
18	399	304	119	304	208
73	73	73	73	73	91
12	35	12	9	270	95
103	430	294	67	16	246
290	185	24	183	440	166
178	178	178	178	178	84
401	401	275	275	275	73
285	285	285	285	285	464
276	276	381	301	470	232
196	196	196	98	98	98
487	487	487	487	487	481
153	153	153	153	73	296
312	312	312	312	312	15
159	270	39	348	348	442
253	253	253	253	253	306
36	137	51	51	443	327
431	431	431	167	167	167
109	109	109	109	109	118
308	308	308	257	257	257
280	280	280	280	280	290
427	65	392	214	338	111
408	408	408	408	408	131
387	387	387	387	49	293
193	193	193	193	165	91
91	91	91	91	91	87
200	490	308	161	113	414
489	489	489	489	489	354
170	170	170	296	296	296
167	167	167	167	167	368
350	350	153	153	153	299
260	260	172	172	172	493
284	284	284	127	127	127
152	152	152	152	67	142
463	463	463	463	463	292
86	86	86	86	86	136
167	167	167	51	51	51
19	32	180	472	220	372
81	81	81	81	81	103
99	99	99	99	99	208
244	181	492	272	478	254
244	244	244	244	244	468
224	224	224	224	224	257
376	376	376	376	376	119
221	221	221	354	354	354
203	203	387	148	22	272
493	212	295	442	313	149
278	278	278	278	278	447
253	253	253	359	359	359
460	460	460	275	275	275
391	391	310	310	310	488
344	344	344	344	344	246
154	154	154	154	154	151
140	140	140	140	140	35
317	317	317	317	317	106
59	59	59	59	59	461
141	141	141	141	141	498
75	75	75	75	75	304
266	266	376	376	376	431
439	439	439	373	373	373
355	355	355	355	355	151
185	185	185	185	185	338
23	23	23	23	23	446
285	285	285	285	285	343
139	139	139	139	139	68
156	8	341	81	81	117
412	412	412	412	412	55
71	71	71	71	71	496
56	56	56	56	56	39
435	435	435	435	435	140
339	284	495	434	67	7
487	487	487	487	487	385
417	417	356	356	356	103
429	429	429	429	429	223
495	495	495	495	495	224
439	439	439	439	439	487
326	326	326	326	326	155
126	85	359	496	359	237
179	179	179	179	179	244
247	492	135	283	138	445
79	79	79	79	68	52
211	211	211	211	211	280
56	56	112	112	112	281
239	239	239	239	239	413
214	473	321	392	190	180
180	180	180	180	180	185
384	384	384	384	384	44
303	303	303	303	303	122
249	249	249	249	249	223
483	483	483	483	483	401
346	346	346	346	346	206
477	477	477	477	477	304
243	243	243	243	243	395
475	475	475	475	475	80
221	221	221	221	221	445
140	140	140	140	140	110
74	74	74	74	74	294
144	144	144	144	144	256
466	466	466	466	466	285
353	353	353	353	353	168
282	109	114	4	432	439
187	187	187	187	187	373
462	462	386	386	386	38
465	465	465	465	465	394
459	459	459	459	459	371
408	408	408	408	408	156
427	427	427	427	427	298
327	327	327	463	463	463
489	489	489	489	489	52
194	194	194	194	194	478
325	325	325	325	325	358
497	126	144	215	379	148
462	150	297	298	238	283
489	121	489	55	192	359
299	299	182	182	182	390
36	36	36	36	36	181
429	320	440	177	10	131
107	107	107	107	107	85
35	131	275	297	275	154
67	67	67	67	221	152
134	134	134	134	134	187
80	80	80	80	67	303
320	320	320	320	320	270
218	237	308	218	432	24
152	152	152	152	152	335
357	357	357	357	290	477
429	429	429	429	429	401
475	475	475	475	475	30
17	17	17	17	17	260
423	423	423	423	423	16
16	16	16	16	16	419
274	274	274	274	274	309
191	221	310	159	411	285
223	223	223	223	223	414
26	26	26	26	26	407
58	58	58	453	453	453
120	120	120	120	120	414
262	262	262	262	262	442
432	432	320	320	320	443
326	326	326	326	326	245
432	99	282	304	120	41
324	324	324	194	194	194
73	73	73	73	73	241
211	211	211	211	101	349
448	429	426	137	228	453
22	22	22	22	22	218
124	124	124	124	124	61
273	273	273	314	314	314
181	444	237	255	116	282
33	33	33	33	33	252
198	198	198	198	198	313
2	241	300	193	241	119
88	88	88	454	454	454
3	3	3	3	3	162
271	271	271	271	271	275
416	416	416	416	416	176
4	4	4	4	4	482
43	43	43	43	43	56
85	85	155	155	155	333
312	312	312	312	312	3
296	296	296	296	296	154
139	137	137	118	85	9
325	325	325	325	325	120
108	442	360	411	360	278
49	49	49	49	49	457
314	314	314	314	314	162
166	166	166	166	166	35
296	290	164	164	474	240
444	444	444	226	226	226
7	74	460	16	318	454
441	441	441	450	450	450
146	146	146	146	274	105
355	17	81	485	226	94
256	256	256	256	256	84
412	267	26	232	111	497
35	274	274	167	99	196
74	74	74	74	74	486
166	166	196	196	196	140
356	356	125	125	125	214
32	38	28	32	299	7
396	396	106	106	106	494
143	143	143	143	143	62
300	300	300	300	300	223
425	182	250	340	369	305
343	40	102	415	422	152
318	421	352	182	352	141
483	483	483	483	483	44
252	252	252	252	253	420
387	387	387	239	239	239
492	492	492	492	492	140
381	381	381	381	165	147
299	299	299	299	299	145
79	79	79	216	216	216
342	342	342	342	342	161
493	493	493	493	493	100
337	337	337	337	337	300
325	325	325	325	325	381
481	481	110	110	110	420
260	260	341	341	341	288
73	73	479	479	479	366
132	132	132	421	421	421
268	319	319	103	183	144
221	221	480	480	480	18
216	190	445	50	90	79
373	373	373	373	373	265
383	383	446	446	446	263
75	75	75	75	75	419
428	215	341	428	85	388
333	333	302	302	302	482
371	371	47	47	47	233
381	381	381	472	472	472
500	500	500	500	500	318
93	93	93	93	93	354
308	308	308	308	308	460
172	157	393	406	289	197
4	4	4	4	4	9
196	196	196	196	196	331
417	417	417	417	417	463
375	375	375	375	375	423
377	377	377	389	389	389
68	68	68	68	68	149
226	226	226	17	17	17
265	265	265	265	244	445
215	215	215	215	215	3
467	467	467	467	467	144
470	470	470	470	264	353
232	232	232	432	432	432
231	231	231	231	231	26
194	151	88	103	194	337
68	125	176	160	394	291
495	495	495	495	495	23
286	286	307	307	307	496
230	230	230	460	460	460
131	131	131	131	131	151
329	329	329	329	329	451
172	172	449	206	395	416
46	46	46	64	64	64
51	51	51	212	212	212
28	275	148	275	141	184
414	189	190	185	185	78
322	322	397	397	397	475
380	495	300	249	249	123
386	184	174	386	236	300
246	246	246	246	246	459
34	34	34	34	34	251
102	102	102	102	102	345
42	42	245	245	245	182
384	384	384	384	384	109
307	307	307	307	307	100
366	366	366	366	366	246
468	468	468	468	367	462
203	203	203	203	203	179
360	360	360	360	360	231
154	154	154	154	154	123
488	488	488	304	304	304
349	349	349	349	349	321
340	340	340	340	340	432
418	418	418	418	148	278
453	453	453	453	453	183
306	306	306	30	30	30
420	420	420	420	420	355
23	23	23	23	23	311
27	27	27	368	368	368
159	159	159	159	409	457
422	422	422	422	422	366
297	297	297	297	297	446
281	281	281	415	415	415
281	281	314	476	131	78
199	223	94	141	88	3
189	189	189	189	189	197
412	412	412	412	412	68
369	369	369	369	431	405
391	391	391	391	391	298
78	78	495	495	495	436
494	494	494	494	494	157
471	102	46	376	68	331
390	390	390	390	456	325
298	298	298	298	298	42
376	179	288	390	199	58
67	67	67	67	67	304
334	334	334	334	334	150
53	53	53	53	282	204
231	231	231	231	231	51
30	30	30	30	30	46
464	464	464	464	464	86
2	2	2	2	2	228
429	429	212	212	212	293
309	343	177	177	1	335
149	246	417	160	265	358
414	6	174	103	117	186
114	12	437	98	399	285
149	149	98	98	98	454
125	455	299	406	154	413
72	461	128	337	337	40
427	185	346	185	122	433
172	58	132	144	199	45
316	225	64	140	225	328
170	170	170	243	243	243
378	378	378	378	378	24
154	154	154	154	154	92
104	195	91	451	229	92
216	216	216	216	216	421
165	165	165	165	165	451
238	238	238	238	238	222
257	61	203	458	458	454
3	3	277	277	277	11
253	253	253	324	324	324
283	283	283	444	444	444
143	143	143	143	143	475
462	462	462	339	339	339
116	116	116	116	116	500
453	453	453	453	89	293
419	419	419	419	419	33
37	37	37	37	37	92
8	8	8	8	354	97
351	351	351	311	311	311
415	415	415	415	415	479
137	397	357	447	447	416
17	17	17	17	17	179
294	482	49	275	419	389
126	126	126	126	126	461
305	305	305	15	15	15
43	273	388	12	184	228
407	354	496	388	407	291
421	450	248	357	59	69
421	421	421	213	213	213
313	313	313	313	313	341
168	168	168	168	168	321
386	386	386	386	386	61
152	152	152	152	152	201
38	38	38	183	183	183
319	17	319	133	311	465
383	350	321	103	61	157
152	220	3	133	243	118
322	182	139	10	182	161
390	390	306	306	306	339
150	289	27	171	276	265
403	403	401	401	401	476
479	479	479	103	103	103
129	129	129	129	129	103
137	415	222	176	423	384
496	496	496	496	496	80
240	240	449	449	449	415
201	201	201	201	201	309
62	62	62	62	62	33
458	458	458	171	171	171
322	322	322	322	322	258
329	329	329	329	329	190
165	165	165	165	165	259
314	314	314	314	314	478
478	478	478	478	478	193
186	186	186	186	186	236
234	234	234	234	234	20
164	164	164	164	164	469
176	176	176	267	267	267
456	456	456	456	456	465
424	424	424	424	424	56
162	162	162	162	162	378
48	154	366	342	186	455
254	254	499	499	499	291
433	433	433	433	433	80
211	211	211	211	211	350
186	186	186	186	50	492
376	381	44	417	433	445
250	448	247	123	416	431
103	103	103	103	103	178
303	303	303	303	303	171
267	131	132	86	144	473
17	17	17	17	17	316
179	179	179	179	179	431
10	10	467	467	467	187
8	8	8	8	8	291
222	222	222	330	330	330
137	137	137	137	137	314
375	375	375	375	375	287
54	54	426	426	426	481
31	465	59	59	244	446
432	432	432	432	432	294
187	187	187	187	187	385
84	84	84	367	367	367
239	239	239	239	239	357
65	65	394	394	394	433
17	17	17	17	17	444
160	271	335	43	47	273
390	390	390	390	390	323
208	280	150	308	282	482
465	465	465	465	465	199
422	189	382	156	242	158
147	147	147	147	147	149
62	62	62	62	62	227
415	415	415	415	488	10
313	313	313	313	313	103
409	409	201	295	447	13
331	331	331	331	331	103
374	374	374	374	374	125
446	446	13	13	13	161
397	397	397	397	397	381
183	183	183	311	311	311
3	419	363	353	434	91
230	230	230	34	34	34
47	190	115	409	39	274
350	322	101	111	364	158
55	491	51	182	196	157
208	208	208	208	70	18
130	130	130	130	295	335
410	410	410	410	410	301
249	205	350	193	154	477
485	407	207	407	206	236
235	173	428	100	212	467
288	288	10	10	10	7
47	47	47	47	47	48
397	116	18	492	340	270
210	210	31	31	31	273
473	246	246	67	162	135
343	348	378	431	348	281
238	101	34	438	365	434
202	202	202	202	202	487
498	498	287	405	96	68
237	220	425	65	193	119
363	363	363	363	363	297
345	345	345	345	345	338
374	374	374	374	374	331
230	230	230	230	230	36
55	55	55	300	300	300
241	241	241	241	241	336
35	35	35	161	161	161
467	467	297	297	297	388
44	44	44	275	275	275
286	286	286	286	286	143
108	108	108	108	108	210
38	38	38	38	38	375
422	422	422	422	422	463
394	394	394	394	394	448
229	229	229	229	229	22
203	203	203	436	436	436
330	330	330	330	330	189
189	189	70	70	70	83
382	382	382	382	382	280
307	307	307	307	307	146
319	319	319	319	319	279
38	38	38	38	38	46
126	179	218	326	179	372
463	463	463	463	463	454
257	257	257	257	257	262
161	161	451	451	451	423
221	221	221	221	221	282
57	57	57	57	399	136
330	330	330	330	330	372
68	68	488	488	488	401
85	85	85	85	85	343
122	122	122	122	122	274
367	367	367	367	367	11
359	359	359	359	359	150
120	120	409	409	409	134
141	141	141	141	223	419
38	38	38	38	38	386
494	494	494	494	494	365
48	208	306	45	45	264
214	214	214	214	214	390
77	52	60	346	217	51
170	170	170	170	170	31
182	467	89	457	146	447
344	344	344	344	344	80
473	473	473	203	203	203
383	383	383	383	383	385
425	425	425	425	425	201
263	263	263	263	263	272
422	422	422	173	173	173
393	393	393	215	215	215
365	365	365	365	365	269
484	484	484	484	484	132
175	175	175	175	175	121
377	377	377	377	377	92
311	311	174	174	174	326
347	347	347	347	347	44
491	491	491	491	491	326
32	32	114	114	114	323
85	85	85	85	85	79
41	18	485	441	485	116
149	149	149	149	149	45
351	351	351	493	493	493
101	101	101	101	101	193
91	91	91	91	91	266
171	468	416	34	397	454
327	327	327	327	327	452
326	296	157	167	217	29
58	58	58	73	73	73
312	312	312	312	365	94
171	171	171	171	171	147
176	324	238	176	254	323
269	269	269	269	269	416
261	261	261	261	261	418
344	344	344	344	344	322
259	259	259	259	259	92
221	56	24	489	106	233
194	194	194	194	194	329
385	385	74	74	74	127
109	109	109	464	464	464
488	488	488	472	472	472
4	4	4	4	4	55
53	53	53	53	53	151
244	244	100	100	100	258
269	269	269	269	269	172
126	126	126	365	365	365
75	75	75	75	75	97
112	112	90	90	90	246
382	382	382	382	399	475
165	165	165	165	165	71
8	175	95	381	287	67
291	291	291	291	291	264
323	323	323	323	323	344
350	350	7	7	7	182
103	103	103	408	408	408
356	356	356	356	356	108
315	315	315	315	315	14
280	280	413	413	413	86
104	104	104	104	104	68
77	77	77	77	77	104
154	151	451	187	494	267
224	224	285	285	285	328
78	78	78	78	78	433
415	415	415	415	415	137
229	229	229	229	229	65
39	39	39	39	39	82
244	130	177	167	167	468
466	466	466	466	466	87
196	262	444	76	262	16
119	119	119	119	119	258
226	73	188	53	73	354
236	236	38	38	38	168
328	328	328	328	328	193
407	1	247	430	1	148
374	374	374	374	374	372
344	344	344	344	344	19
9	9	9	126	126	126
365	365	365	365	365	126
24	24	24	24	259	28
164	437	127	35	153	331
144	127	32	346	270	108
120	120	120	120	120	246
197	273	375	263	479	255
196	448	193	496	69	427
231	231	231	231	231	99
417	417	417	84	84	84
190	190	190	237	237	237
497	316	389	126	421	360
436	436	459	459	459	346
457	352	432	2	394	64
183	183	183	183	183	386
147	253	86	109	12	165
18	18	18	441	441	441
256	256	46	46	46	459
303	303	303	303	303	404
14	14	14	14	14	408
218	112	112	24	327	172
154	154	55	55	55	78
151	382	22	293	27	72
215	215	215	215	215	423
446	446	446	446	446	396
338	338	338	338	338	423
371	371	371	371	371	138
280	389	78	389	41	80
137	137	137	137	137	427
110	189	231	168	10	463
24	24	24	24	24	421
357	357	357	357	357	345
24	24	24	24	24	426
207	207	207	207	207	377
227	227	62	62	62	453
167	167	167	167	167	391
112	112	112	112	112	305
279	279	279	279	279	47
239	239	239	239	239	278
346	346	346	346	346	207
369	369	369	369	369	270
409	282	331	205	331	85
20	20	369	369	369	409
257	257	257	44	44	44
202	202	202	202	202	96
182	182	265	265	265	164
401	237	166	387	305	277
145	145	145	145	145	37
215	215	215	215	215	102
330	330	330	330	330	198
499	499	499	499	499	421
183	183	226	226	226	425
265	122	135	67	121	17
161	161	161	161	161	442
20	20	20	20	216	429
185	185	185	185	185	339
272	272	272	272	272	267
146	146	146	146	146	241
325	325	313	313	313	374
173	173	147	147	147	302
92	92	92	92	92	320
487	226	293	30	226	481
368	368	368	368	368	142
460	460	460	460	460	327
393	393	393	374	374	374
291	291	100	100	100	425
414	414	414	414	414	326
444	451	330	428	139	171
124	124	124	124	124	327
474	474	474	474	474	17
91	91	91	91	91	107
170	170	170	170	170	323
341	307	138	231	196	291
349	349	349	349	349	314
169	169	169	169	169	264
445	445	445	453	453	453
171	171	448	448	448	22
298	298	298	298	298	488
481	471	36	381	160	75
211	211	211	211	211	363
337	337	337	337	337	103
450	450	450	125	125	125
265	265	265	265	265	378
393	393	393	288	288	288
383	383	228	228	228	430
443	443	443	393	393	393
141	141	141	141	232	462
482	482	482	482	466	386
334	334	334	445	445	445
193	398	351	77	34	174
5	44	268	243	226	477
319	319	319	104	104	104
271	271	271	173	173	173
196	196	196	196	196	137
213	321	465	427	488	99
330	330	330	330	268	455
340	340	340	340	340	83
219	219	219	219	219	1
314	314	210	210	210	275
48	48	48	48	48	46
332	332	332	332	332	223
254	254	254	143	143	143
231	231	231	231	231	353
106	106	52	52	52	418
184	218	324	415	390	170
428	428	428	428	428	106
284	284	284	284	284	114
339	339	339	339	339	125
332	332	332	332	332	302
455	455	455	455	455	430
63	63	63	63	163	113
280	105	258	258	98	158
84	84	84	61	61	61
256	256	256	256	256	358
20	20	340	340	340	215
82	82	453	453	453	460
30	30	30	30	30	61
126	126	126	192	192	192
484	484	484	484	484	163
232	232	232	232	232	267
186	440	104	227	177	239
64	64	64	64	64	192
207	451	224	401	379	235
475	475	73	73	73	281
377	377	377	377	377	118
440	440	440	440	440	30
79	79	79	79	79	360
210	210	210	210	210	440
326	244	101	334	264	52
246	211	455	246	493	307
293	293	290	290	290	146
307	307	307	265	265	265
176	176	176	176	176	343
290	459	264	124	264	192
454	454	454	454	90	355
335	335	335	103	103	103
285	285	285	285	285	478
155	155	155	155	155	252
41	41	41	41	41	52
144	144	144	144	144	14
260	147	402	414	428	173
421	421	481	481	481	159
193	193	193	75	75	75
318	318	318	318	318	401
458	458	458	458	458	131
348	348	348	348	91	345
324	387	168	155	255	417
484	488	383	324	212	266
53	53	53	53	53	80
110	110	110	110	110	5
434	73	214	211	97	7
413	413	413	413	413	266
379	379	379	261	261	261
207	207	397	397	397	251
467	494	321	123	23	226
438	438	438	44	44	44
30	30	30	41	41	41
387	93	233	487	31	109
170	170	170	334	334	334
130	352	228	300	68	167
46	46	46	46	46	271
421	421	421	421	421	241
488	488	488	488	488	155
273	236	236	474	335	328
479	306	90	304	365	170
46	46	46	46	46	467
101	101	101	101	101	212
110	110	110	110	110	86
181	181	181	181	181	398
361	361	7	7	7	406
107	107	107	161	161	161
47	370	47	254	175	319
382	382	382	382	382	400
168	168	168	282	282	282
492	431	280	280	103	130
167	167	167	167	167	98
81	81	81	81	81	402
57	57	57	57	57	370
57	298	348	124	209	211
160	160	160	160	160	117
210	319	178	238	467	8
23	23	23	23	23	391
433	89	424	161	40	465
94	94	94	94	94	428
443	443	443	443	443	55
220	220	220	220	220	274
150	150	150	150	150	272
94	94	397	397	397	114
447	447	447	447	447	276
280	280	280	205	205	205
27	27	277	277	277	117
368	4	162	187	4	8
47	47	72	72	72	55
285	478	483	42	359	92
149	48	23	329	188	130
240	75	319	82	240	425
57	57	57	57	57	13
156	156	156	156	156	462
339	339	339	339	339	472
436	436	436	436	436	417
421	421	421	421	221	262
36	36	36	36	36	379
410	410	410	410	410	103
148	148	148	148	148	34
295	295	295	295	295	81
213	160	23	297	340	462
299	299	299	299	299	212
78	78	78	224	224	224
209	209	209	209	209	445
306	306	306	306	403	405
430	430	430	430	430	100
36	201	319	185	483	273
65	304	193	382	365	38
225	200	200	184	240	87
489	8	137	63	449	53
396	396	396	396	396	303
126	126	147	147	147	84
341	341	341	341	341	305
423	423	423	423	423	165
71	71	71	71	71	257
372	372	372	372	372	246
262	224	401	224	378	10
469	469	469	79	79	79
397	13	341	93	32	17
361	361	361	361	361	250
485	366	322	230	141	120
378	442	247	419	183	479
494	494	494	494	494	375
70	466	452	117	147	295
147	147	147	147	434	167
84	84	84	84	68	365
75	75	75	75	75	451
292	292	93	489	242	228
440	440	440	440	440	498
122	134	27	448	134	420
135	135	135	135	135	316
134	134	134	260	260	260
63	63	488	488	488	376
202	202	202	202	202	252
72	72	72	72	72	47
341	487	261	341	430	450
295	295	295	295	295	484
391	391	14	14	14	271
162	294	453	220	343	144
148	148	148	148	148	161
469	469	469	397	397	397
70	460	440	122	269	31
469	400	489	475	63	146
139	139	139	139	139	472
364	81	349	484	216	393
242	242	242	242	242	385
63	63	63	151	151	151
240	240	240	63	63	63
171	290	353	112	290	498
429	429	429	429	429	481
472	472	472	472	472	441
28	28	28	28	28	69
339	339	339	339	339	341
194	194	6	6	6	189
12	12	12	12	12	278
221	221	221	221	221	217
73	73	73	455	455	455
405	405	405	405	405	365
66	66	66	66	66	36
486	353	155	343	78	470
122	122	122	122	428	348
482	482	482	482	482	469
274	274	91	91	91	446
269	269	269	269	269	43
358	358	358	358	358	152
198	198	198	198	198	207
79	79	79	79	79	113
45	165	321	81	431	326
376	461	263	376	111	450
141	141	141	415	415	415
95	95	95	95	95	365
485	485	485	45	45	45
46	46	46	46	46	475
237	444	43	407	43	127
446	446	446	446	446	299
243	466	74	385	373	16
172	172	172	228	228	228
495	495	495	495	104	340
229	229	376	376	376	189
310	310	38	38	38	324
198	287	152	355	270	493
58	58	55	55	55	201
124	124	124	124	124	362
499	499	499	499	499	136
79	79	79	79	79	391
188	188	188	188	265	444
139	139	139	139	139	409
25	25	25	271	271	271
320	320	384	384	384	81
51	418	67	420	1	194
307	237	141	128	259	341
79	79	464	464	464	440
160	160	160	160	160	353
130	130	130	130	411	133
31	161	337	138	31	305
209	209	209	209	209	480
472	472	472	472	472	37
493	493	493	493	493	22
286	286	286	286	105	126
357	357	262	262	262	403
385	385	385	385	454	205
277	277	291	291	291	194
92	92	92	92	92	434
114	114	232	232	232	329
447	447	447	447	447	282
205	205	205	469	469	469
395	384	269	428	377	31
376	376	376	376	376	210
268	268	268	157	157	157
243	243	243	243	243	49
285	285	285	285	285	140
71	71	71	71	71	118
267	267	267	267	183	39
194	194	194	194	194	342
97	97	97	97	97	465
464	464	464	139	139	139
494	494	479	479	479	138
81	411	50	369	183	13
295	295	295	295	295	344
263	263	263	263	263	468
165	382	185	296	165	22
253	253	253	253	253	440
409	409	409	409	409	134
5	5	5	5	5	302
324	324	324	324	324	302
168	168	147	114	102	129
256	256	256	256	256	286
361	443	187	443	333	34
34	34	34	34	34	347
497	497	497	243	243	243
90	90	226	226	226	470
232	232	232	232	232	47
25	25	25	25	20	428
41	41	41	41	41	317
248	248	248	248	248	317
223	223	223	223	132	271
109	109	109	109	109	444
473	473	473	473	473	309
415	415	415	415	415	96
32	32	358	358	358	326
418	330	83	242	418	222
463	463	463	463	463	108
323	323	153	153	153	112
495	46	46	97	464	478
250	250	250	250	250	452
184	128	68	88	55	76
300	1	177	480	1	371
212	212	212	212	212	480
292	292	292	292	292	328
36	36	36	36	36	273
499	499	499	499	499	168
482	482	482	482	482	261
321	321	321	321	321	123
142	142	142	142	305	408
404	404	81	81	81	79
226	226	226	226	226	373
221	221	221	221	221	5
347	347	347	347	347	411
44	44	44	44	44	24
196	253	60	357	100	419
141	141	328	52	364	417
454	454	454	454	454	399
376	376	376	376	376	220
12	142	74	77	129	160
245	245	245	245	245	463
417	417	417	417	128	143
330	330	330	330	182	264
23	10	265	265	272	171
118	118	118	118	118	163
148	148	148	249	249	249
287	287	287	61	61	61
222	222	222	222	222	188
175	384	430	232	74	19
292	292	292	292	292	392
180	180	180	180	180	393
452	452	452	452	257	138
102	102	102	102	102	29
356	102	3	259	259	478
419	419	419	419	419	59
235	235	235	235	235	18
204	204	204	204	204	384
33	33	33	33	18	362
425	425	425	170	170	170
146	146	146	146	146	250
92	475	280	406	294	402
338	338	338	338	338	178
403	283	120	458	371	248
92	92	92	92	92	135
280	280	21	21	21	122
115	490	441	238	261	32
431	357	291	415	120	146
18	18	18	280	280	280
183	183	357	357	357	269
296	296	296	296	296	292
315	315	315	55	55	55
179	145	347	347	483	442
256	256	256	256	256	477
164	233	29	23	234	120
485	485	485	485	485	313
295	291	382	88	13	70
427	427	183	183	183	139
120	120	120	161	161	161
63	261	261	493	118	336
480	480	472	472	472	430
194	194	331	331	331	78
91	418	460	460	16	44
407	407	407	81	81	81
283	190	190	350	437	284
381	381	381	381	381	54
489	489	489	489	489	453
361	131	122	343	131	56
129	369	21	150	129	264
444	444	444	444	444	311
453	69	264	33	495	13
385	25	25	451	34	13
258	258	258	258	258	85
341	453	73	113	402	398
417	384	331	10	378	46
282	282	282	282	282	404
480	480	480	483	483	483
405	405	405	405	405	28
300	494	359	240	494	109
330	330	330	330	412	83
87	389	389	81	377	300
434	434	434	434	434	364
297	297	297	447	447	447
350	350	350	350	350	62
182	182	182	182	182	168
96	96	96	96	383	393
483	327	343	258	141	165
6	29	315	142	133	297
386	386	386	386	386	105
334	336	427	153	336	89
472	472	472	472	472	66
191	311	23	61	204	259
110	110	110	110	110	337
289	289	289	289	289	181
388	403	407	154	77	376
45	233	457	403	3	416
61	417	417	34	23	312
228	228	228	228	228	247
206	206	206	82	82	82
101	199	101	66	463	198
206	206	206	206	206	49
89	89	89	89	89	482
112	112	112	112	112	46
280	280	280	280	340	171
381	381	381	381	381	12
232	232	232	232	232	48
305	305	305	3	3	3
358	307	277	44	277	494
35	35	483	483	483	140
311	311	311	492	492	492
316	316	316	316	316	156
352	477	307	131	279	164
158	194	214	274	77	48
222	222	222	222	222	332
148	148	148	148	148	428
209	209	209	209	209	131
280	280	280	280	280	135
59	59	59	59	59	470
330	88	498	498	334	49
331	130	38	493	81	173
251	251	251	404	404	404
467	467	467	467	467	378
91	91	91	91	91	190
272	272	272	272	272	253
111	111	111	176	176	176
126	126	126	126	126	131
232	232	232	232	232	305
330	330	330	330	330	81
412	412	412	412	266	470
386	386	386	386	239	62
264	264	264	264	264	271
345	345	345	345	345	189
283	458	198	426	458	329
23	23	23	23	23	62
409	409	437	437	437	82
415	470	152	470	146	90
27	27	27	27	27	162
177	76	19	19	8	415
18	18	18	18	18	44
437	437	437	437	437	14
144	144	382	382	382	137
467	467	467	467	467	386
254	222	172	31	208	397
156	156	156	156	156	442
247	247	372	372	372	111
85	85	85	85	85	23
206	206	206	206	206	281
439	439	439	439	83	327
237	237	237	188	188	188
364	364	364	364	364	92
265	456	251	251	178	317
149	492	360	306	275	192
51	51	51	51	51	405
136	136	136	136	136	409
270	188	72	197	207	138
293	293	293	293	293	221
231	231	231	231	231	298
389	389	389	389	389	327
176	337	201	330	337	438
109	109	109	109	109	476
472	472	195	195	195	201
287	287	287	287	287	49
382	200	124	46	303	159
210	210	210	210	210	445
137	137	137	137	137	474
11	11	213	213	213	459
51	406	121	329	384	187
362	125	136	396	165	41
61	346	248	194	346	480
66	66	66	66	66	23
24	134	38	114	455	363
158	158	158	158	158	229
305	305	305	305	305	165
464	464	464	464	464	17
354	43	208	208	48	409
467	467	467	467	467	493
162	162	162	162	162	28
90	90	90	90	90	71
413	413	413	413	413	389
64	64	64	64	327	444
261	261	261	261	480	322
474	474	474	474	474	482
32	32	128	128	128	436
25	25	25	25	25	65
159	159	159	159	159	310
404	395	83	251	19	137
429	113	370	203	203	53
212	212	212	212	212	82
30	319	126	225	289	453
110	110	110	110	110	214
482	482	87	87	87	270
249	249	249	249	249	83
428	428	428	428	428	424
432	432	432	230	230	230
159	159	159	146	146	146
72	72	72	72	72	333
172	172	172	172	172	313
492	492	492	233	233	233
299	299	299	299	299	227
197	102	340	357	340	134
283	283	283	283	283	188
102	102	102	102	7	449
403	403	403	403	403	83
130	130	92	92	92	320
206	69	105	451	55	459
288	288	352	352	352	431
496	429	103	475	12	93
377	377	377	377	377	14
185	185	185	185	185	274
56	56	56	56	56	426
498	498	498	498	498	234
444	444	444	444	444	3
300	300	300	300	210	343
248	248	373	373	373	483
19	19	19	19	19	421
100	133	466	298	100	71
314	314	314	314	314	232
23	35	481	144	143	449
261	33	386	336	33	29
465	465	465	465	465	175
101	101	101	101	342	331
382	382	382	494	494	494
382	382	382	382	5	84
103	472	311	219	203	198
310	310	230	230	230	237
13	384	116	105	384	102
427	112	427	231	207	170
147	147	282	282	282	3
450	160	450	390	436	152
30	101	60	169	30	283
10	10	23	23	23	194
175	400	355	147	119	260
451	451	451	451	451	81
34	34	34	34	34	490
237	237	237	237	237	174
274	360	404	353	106	47
278	278	278	278	278	4
67	67	67	67	67	80
277	277	277	277	277	283
213	450	108	15	315	426
220	220	220	220	220	357
331	331	331	331	331	448
257	257	257	257	257	43
58	58	58	58	58	35
447	447	447	447	447	82
281	281	281	281	137	272
108	108	183	12	143	239
15	15	15	226	226	226
484	484	484	443	443	443
430	430	301	301	301	212
5	5	5	5	5	125
66	66	66	66	66	290
369	369	369	369	369	101
185	185	185	493	493	493
472	472	472	472	472	260
224	224	224	224	45	465
414	414	400	400	400	333
285	285	285	327	327	327
296	296	345	345	345	274
52	8	356	230	152	499
13	13	13	13	13	325
398	398	398	398	398	436
317	317	286	286	286	356
450	450	450	450	53	496
430	430	430	430	430	264
305	234	493	483	323	74
133	133	133	496	496	496
192	192	192	192	192	362
13	13	13	13	13	300
348	348	348	348	278	445
373	329	348	426	426	178
221	221	221	221	221	201
474	474	474	474	474	240
4	4	4	4	96	219
66	188	252	492	213	409
437	239	371	63	46	343
278	278	278	278	278	291
87	87	87	87	87	126
5	494	291	413	326	463
260	260	260	260	260	78
154	154	154	154	154	330
310	111	432	38	283	443
259	484	320	132	130	190
154	75	75	88	285	405
170	144	324	84	398	337
11	11	11	11	11	488
388	388	388	388	388	117
237	237	237	237	237	149
113	113	113	113	113	458
33	33	33	33	33	107
184	342	458	162	80	95
72	72	72	72	72	196
69	69	69	69	69	2
427	427	427	427	427	297
273	273	273	273	273	426
409	349	249	140	373	158
56	324	434	382	432	422
54	54	54	490	490	490
83	87	244	328	27	159
266	266	266	302	302	302
228	228	228	228	228	404
312	312	312	312	312	247
283	283	283	283	283	47
263	263	263	263	263	169
386	386	386	71	71	71
147	147	147	147	147	64
250	250	250	250	250	20
495	495	495	495	495	278
283	130	262	246	269	66
193	193	193	193	193	8
482	97	482	138	373	279
137	137	137	137	137	289
317	317	317	317	317	461
59	59	59	59	59	398
313	313	488	488	488	86
129	214	360	391	214	164
163	412	142	323	412	19
25	25	25	25	25	366
57	101	28	102	397	256
24	24	316	316	316	264
70	70	70	70	70	95
87	28	45	385	87	111
390	390	390	390	390	8
151	151	368	368	368	306
269	269	269	269	269	192
295	295	295	295	295	205
134	134	134	134	134	351
349	453	396	78	45	112
94	94	310	310	310	436
192	263	200	462	163	283
122	122	122	122	122	191
418	418	418	418	418	428
487	487	487	487	487	70
179	179	179	179	179	155
255	84	267	487	298	253
407	407	177	177	177	411
441	441	441	441	441	160
303	303	303	406	406	406
162	162	162	162	162	142
348	348	348	348	348	73
14	14	14	14	14	259
166	22	213	188	252	328
291	132	85	366	291	368
67	67	67	67	67	153
498	498	467	467	467	393
110	17	260	251	486	182
446	446	446	315	315	315
268	335	34	394	304	123
162	94	413	413	422	208
288	163	273	47	120	42
205	205	205	205	205	140
478	478	478	478	478	133
400	417	409	87	257	382
347	497	12	106	136	309
303	303	303	303	303	472
199	199	226	226	226	358
207	207	207	207	207	331
83	83	83	233	233	233
465	465	465	465	465	60
195	482	386	319	319	266
184	184	184	184	184	146
240	343	397	343	345	235
224	224	224	224	474	324
288	379	430	114	199	412
310	310	310	128	128	128
310	310	310	310	310	243
451	496	494	479	28	2
483	393	145	170	393	403
182	182	182	86	86	86
203	480	106	476	457	220
125	125	125	125	125	496
84	84	293	174	271	382
325	467	323	235	138	399
163	342	228	174	163	65
499	499	499	499	499	162
130	425	11	29	15	426
58	489	237	42	240	357
316	363	2	290	252	142
342	342	342	342	342	312
281	284	7	278	274	30
354	354	354	354	354	482
476	476	476	476	476	387
470	470	470	470	470	467
178	178	178	178	178	426
223	144	201	223	94	142
491	491	491	491	491	338
144	144	72	72	72	150
196	196	196	256	256	256
327	327	313	313	313	496
406	406	406	406	406	88
398	398	431	431	431	13
475	475	475	475	475	452
277	277	277	419	419	419
129	129	129	129	129	217
259	259	259	259	259	397
114	70	68	192	68	313
295	295	295	295	295	495
386	386	386	386	386	297
448	242	178	141	484	121
176	176	176	176	176	289
390	390	390	390	390	61
482	482	482	482	482	354
369	369	369	369	369	249
120	5	280	5	366	254
123	16	411	459	347	71
350	350	350	350	262	370
324	324	324	324	324	251
248	213	232	425	445	30
72	72	72	72	72	44
500	500	500	500	500	343
130	130	130	130	130	419
416	111	196	111	282	134
483	483	483	483	483	361
348	348	348	348	348	66
291	291	291	31	31	31
199	199	199	199	199	139
470	470	470	470	470	66
192	192	192	406	406	406
269	269	269	269	269	190
462	462	462	354	354	354
56	56	336	336	336	477
154	438	397	425	146	194
236	330	49	237	285	208
296	296	296	296	296	443
493	493	493	493	493	465
63	63	63	63	63	465
228	458	348	79	8	395
128	370	442	110	75	239
100	100	100	100	100	422
178	178	178	53	53	53
382	382	382	382	382	192
173	173	278	278	278	140
243	243	174	174	174	466
166	166	166	166	166	442
69	69	69	480	480	480
472	472	472	472	472	64
2	2	2	2	2	263
412	412	412	412	224	306
7	486	248	130	248	19
178	385	108	335	303	390
149	149	149	149	149	109
246	475	266	368	169	31
303	303	303	303	303	90
40	40	40	40	40	214
356	356	382	382	382	71
173	173	173	173	173	394
347	347	347	347	347	252
427	427	427	427	427	191
313	313	469	469	469	259
471	471	471	471	471	192
448	417	44	227	218	285
281	281	281	281	281	172
10	10	393	393	393	206
2	2	2	478	478	478
290	24	158	497	319	82
435	366	153	366	491	192
114	114	114	114	114	35
91	91	91	91	91	121
357	357	357	357	357	170
65	297	263	367	104	211
175	94	96	121	261	35
250	250	250	406	406	406
438	481	176	314	436	285
475	475	475	475	475	321
498	131	251	498	143	159
4	499	446	234	234	122
225	225	225	225	81	74
301	301	301	301	301	171
355	410	132	410	2	237
51	51	51	51	51	359
439	175	246	439	137	183
470	470	470	470	470	318
472	472	472	423	423	423
436	436	436	436	436	457
127	127	127	127	127	470
483	483	483	483	483	13
424	424	311	390	326	420
119	119	119	119	119	40
120	73	253	37	495	91
180	180	180	180	180	29
235	406	406	248	117	436
305	305	305	305	305	387
460	460	460	460	460	223
482	482	482	482	482	326
167	167	167	167	167	446
336	336	336	336	336	322
485	485	485	485	485	292
68	68	68	68	68	106
399	399	399	399	399	200
463	463	463	463	463	495
154	154	154	154	154	235
298	298	298	298	298	435
440	440	440	393	393	393
207	207	207	207	207	150
284	284	284	284	284	203
496	271	101	48	460	46
54	54	54	54	54	67
110	276	364	134	290	213
282	282	282	282	282	223
29	29	29	29	29	191
396	396	243	243	243	22
16	16	16	16	16	345
478	478	478	478	478	318
110	110	110	110	110	377
375	375	375	375	375	460
406	406	406	406	406	198
214	214	214	214	214	128
39	39	39	39	407	379
225	225	436	436	436	291
171	171	171	171	171	159
65	65	65	65	65	416
306	306	306	306	306	403
244	244	486	486	486	113
3	3	3	3	3	477
292	292	292	250	250	250
66	460	66	359	493	107
19	19	19	19	19	381
393	393	393	393	393	125
390	266	290	363	242	493
313	313	313	313	313	277
415	114	415	265	295	335
369	472	241	168	369	94
7	7	7	7	7	352
166	166	166	166	166	49
66	66	66	66	66	273
413	413	413	413	413	102
308	308	308	308	308	53
398	398	398	296	296	296
379	379	351	351	351	41
203	203	203	203	427	223
160	197	197	225	152	352
420	420	420	420	420	107
410	410	361	361	361	147
389	330	120	498	320	344
288	288	288	288	288	308
341	341	341	341	341	239
400	400	400	400	400	489
143	143	143	143	143	198
295	295	106	106	106	473
276	276	276	297	297	297
130	130	130	130	130	378
450	75	121	396	396	67
410	410	410	410	387	206
18	123	299	210	418	256
296	296	296	109	109	109
51	51	345	345	345	109
138	138	138	138	138	234
83	83	83	83	83	262
133	133	133	133	7	90
159	159	159	159	159	369
95	405	297	25	111	344
192	192	192	192	192	124
220	220	171	171	171	336
133	133	133	48	48	48
381	381	381	381	359	122
388	318	373	118	32	404
205	205	205	205	205	225
53	53	53	53	53	138
250	3	17	189	360	12
265	29	494	445	183	293
70	70	70	70	70	135
370	370	471	471	471	153
277	277	277	277	277	411
209	209	209	209	209	385
272	272	272	272	272	309
412	412	412	412	412	450
250	250	250	250	250	438
78	454	319	474	319	166
119	119	119	119	119	450
145	472	315	276	179	91
363	363	363	363	418	193
485	485	485	99	99	99
223	375	186	253	58	491
166	166	166	166	166	473
403	403	403	403	403	489
458	458	458	458	86	208
286	286	286	286	286	284
304	304	304	304	304	119
18	18	18	18	18	26
353	204	448	272	375	278
113	113	113	113	113	455
258	258	258	258	258	403
168	135	63	453	63	84
253	264	431	447	273	475
337	19	154	42	154	369
344	428	205	428	239	160
278	243	278	244	359	108
255	255	255	255	255	449
215	215	215	215	215	14
284	284	284	284	284	136
2	2	118	118	118	236
317	317	317	317	317	343
204	340	164	33	204	1
358	358	358	358	173	355
206	206	206	206	206	314
424	235	134	87	176	7
375	375	375	362	362	362
145	145	145	458	458	458
28	28	28	28	28	29
379	379	320	320	320	41
45	20	13	267	174	334
493	493	493	493	493	31
174	187	86	162	384	324
492	492	492	492	492	442
462	462	462	462	462	307
87	87	87	87	87	431
344	344	397	397	397	234
311	311	311	311	311	484
338	338	338	270	270	270
108	108	108	108	108	338
373	265	391	225	406	382
289	289	208	17	262	147
450	450	105	105	105	205
344	344	344	344	344	70
381	381	186	186	186	409
153	153	153	153	153	395
146	146	238	238	238	72
458	458	458	458	458	441
52	52	52	174	174	174
315	315	315	315	315	443
432	432	63	63	63	335
127	127	127	127	127	80
456	214	403	150	100	10
22	22	22	22	22	245
412	412	412	412	412	107
226	226	226	226	226	279
26	347	57	422	463	466
163	163	163	163	163	326
370	370	370	370	370	220
52	52	52	178	178	178
13	13	13	13	13	214
7	13	328	336	13	326
28	345	358	358	150	387
410	410	410	410	204	160
402	402	179	179	179	276
464	464	464	464	464	212
252	252	252	221	221	221
429	429	429	429	429	89
144	299	7	153	48	278
160	160	160	160	160	332
101	101	101	101	101	270
370	370	370	416	416	416
214	162	447	175	452	267
281	281	281	281	281	210
324	324	324	324	324	166
93	178	267	132	93	95
387	387	387	387	387	22
322	109	150	364	196	112
122	122	163	163	163	425
25	25	25	25	25	190
454	454	454	318	318	318
230	230	230	230	230	168
138	395	231	404	231	462
188	86	190	233	259	74
116	116	116	113	113	113
441	69	38	11	209	93
336	336	419	419	419	334
146	146	146	146	146	206
257	257	257	257	257	275
359	359	359	359	359	473
408	408	198	198	198	341
111	111	111	111	111	462
381	381	147	147	147	236
491	491	491	491	491	266
154	154	154	457	457	457
330	330	330	127	127	127
444	444	444	444	444	442
61	61	61	61	61	115
275	275	275	275	275	337
290	396	120	90	396	457
39	86	480	447	438	325
397	330	389	489	76	325
500	500	500	500	500	497
234	234	234	234	234	97
416	460	460	26	129	480
369	369	369	249	249	249
172	47	400	92	11	254
241	275	18	437	467	121
424	424	424	424	424	466
397	397	397	397	397	457
158	158	158	158	158	267
40	40	40	40	40	357
29	29	29	29	29	131
162	375	70	168	314	165
132	132	132	132	132	244
156	156	293	293	293	116
259	259	139	139	139	442
246	288	41	246	63	318
56	56	56	56	56	459
158	158	158	158	494	190
296	302	69	383	252	373
368	368	368	368	368	382
338	73	384	469	469	362
292	292	292	292	292	84
488	488	488	488	488	378
81	81	81	81	81	139
24	24	24	24	266	29
493	493	493	493	493	385
99	99	99	99	99	291
237	237	237	237	237	320
183	183	183	183	183	493
448	448	448	448	448	319
333	15	440	440	470	171
7	7	54	54	54	467
362	362	362	362	362	74
350	367	359	274	163	50
191	191	191	191	191	455
451	451	451	451	451	478
115	115	115	115	115	391
441	441	441	441	441	305
467	467	467	380	380	380
352	352	476	476	476	491
92	92	92	92	92	33
374	374	374	374	374	14
222	222	222	222	222	462
304	304	226	226	226	488
336	336	324	324	324	400
142	59	405	142	337	322
459	257	487	53	315	466
207	308	24	32	321	494
118	373	413	413	5	318
330	330	330	330	330	369
492	492	492	492	339	488
154	154	154	154	154	73
239	128	26	26	255	85
442	297	92	408	408	41
208	221	474	223	150	301
304	304	59	59	59	185
69	69	69	69	69	329
253	253	253	253	253	140
484	484	484	484	484	100
233	233	233	339	339	339
425	52	166	470	150	207
62	62	62	330	330	330
354	301	361	3	212	28
112	112	112	112	112	316
85	9	210	120	144	325
77	230	77	1	420	354
248	248	248	248	248	319
273	273	273	273	273	26
271	271	271	271	271	300
304	304	304	346	346	346
158	158	158	158	158	279
361	112	253	205	111	127
475	475	475	475	475	52
119	119	119	119	437	408
99	243	131	75	357	246
83	83	83	83	83	23
368	368	368	368	368	326
100	118	259	37	389	35
348	55	190	310	74	141
11	154	85	134	85	474
353	353	383	383	383	298
277	277	277	277	277	259
284	284	284	284	284	103
490	490	490	68	68	68
58	409	327	474	389	491
15	15	15	115	115	115
384	384	384	384	384	254
353	94	168	168	36	427
216	216	216	216	216	433
309	309	309	47	47	47
305	199	463	460	214	180
426	94	481	225	466	152
189	189	328	328	328	344
151	354	260	416	101	330
236	21	63	21	411	355
275	275	275	275	275	374
288	288	288	288	288	374
342	321	365	342	208	421
34	34	69	69	69	423
376	376	376	376	376	406
442	442	442	442	442	319
497	497	497	16	16	16
41	497	497	463	18	444
134	91	452	134	89	447
389	389	389	389	389	87
499	183	382	148	316	455
335	378	254	492	378	281
471	471	471	471	471	50
203	163	335	251	259	389
493	106	310	321	34	203
325	325	325	325	325	178
34	34	187	187	187	331
365	365	365	365	365	2
100	100	100	100	100	84
370	370	370	370	370	386
316	316	316	490	490	490
36	36	36	36	36	308
316	316	316	316	316	133
145	145	145	145	87	88
177	177	177	177	177	321
212	212	212	212	478	250
180	180	180	180	180	5
127	127	127	127	127	425
456	174	87	125	69	168
12	12	52	102	433	289
91	91	91	91	409	114
247	247	201	240	379	363
105	105	105	105	465	146
244	244	244	279	279	279
357	357	357	357	357	130
426	426	426	257	257	257
442	442	442	442	442	178
208	352	208	212	343	317
350	350	350	350	350	357
201	201	201	201	201	315
442	341	82	228	219	168
71	71	130	130	130	64
274	274	274	212	212	212
205	166	244	318	130	23
412	120	120	47	213	427
455	455	455	455	455	350
412	88	402	76	423	477
262	485	90	430	90	202
137	137	137	137	137	330
472	472	187	55	210	325
414	13	198	13	157	192
498	498	498	498	498	63
274	274	274	274	274	198
286	286	286	286	286	417
135	135	135	135	135	231
386	386	386	386	386	341
364	364	426	426	426	489
42	42	42	42	42	211
468	468	53	53	53	335
460	460	460	460	460	50
70	70	70	70	70	268
294	294	294	294	294	58
252	275	202	251	180	29
33	33	33	33	33	484
33	33	33	33	33	153
143	195	455	451	455	36
432	432	432	432	432	95
157	157	157	157	157	40
349	349	349	349	349	336
91	143	406	395	408	73
164	164	164	164	164	292
470	470	470	470	470	394
347	347	347	311	311	311
286	286	286	286	286	135
230	230	230	230	230	159
144	423	423	401	82	73
344	139	56	259	267	430
492	492	492	492	492	233
183	496	174	496	16	264
223	223	223	223	223	446
469	469	469	469	469	385
325	325	325	325	325	201
335	429	390	422	432	347
398	398	435	435	435	419
146	146	146	273	273	273
20	166	478	162	487	175
360	360	360	360	360	152
350	350	113	113	113	362
206	81	434	85	434	193
51	51	51	51	51	304
298	298	298	298	298	467
304	304	304	304	304	438
303	331	21	168	319	224
106	106	106	106	106	63
160	227	77	160	150	424
350	350	350	293	293	293
309	309	135	135	135	375
188	188	188	188	188	98
49	49	49	441	441	441
271	366	366	436	216	483
448	448	448	448	448	224
364	364	364	364	364	394
452	452	452	13	13	13
162	162	162	162	162	293
474	474	474	474	474	20
153	153	153	153	153	195
143	143	143	143	143	344
148	148	148	148	148	356
53	191	212	60	53	196
204	204	204	204	204	145
441	441	441	441	441	202
401	401	401	401	401	146
262	417	82	455	409	126
427	427	427	427	427	387
43	43	43	43	43	378
148	180	43	11	311	455
395	395	395	395	395	227
174	455	4	150	205	324
290	289	69	496	82	248
268	272	412	126	60	66
187	435	358	42	384	378
474	154	336	33	154	478
40	106	31	58	149	116
391	9	421	86	168	392
281	311	441	10	277	329
313	313	313	313	313	344
9	9	9	9	9	175
350	350	15	15	15	62
448	448	448	448	448	83
333	459	431	52	468	42
343	343	343	343	343	118
404	404	404	231	231	231
29	29	29	244	244	244
390	390	390	390	390	264
467	467	467	467	467	432
160	149	166	250	260	406
108	108	108	108	108	299
484	473	48	327	447	395
207	337	85	216	155	265
249	57	380	31	191	352
67	257	165	126	290	32
329	329	329	329	329	362
241	313	241	57	469	81
210	210	210	210	210	241
31	31	31	31	31	205
496	496	496	496	411	485
137	75	307	438	137	458
392	392	392	345	345	345
190	190	190	190	190	108
94	94	94	94	94	216
314	314	314	314	314	250
13	112	30	363	30	255
57	57	57	57	57	155
57	57	57	57	57	299
334	334	334	169	169	169
218	210	236	155	260	421
339	339	40	40	40	343
467	467	467	467	316	172
118	118	118	118	118	246
27	27	27	139	139	139
130	130	376	376	376	17
229	147	94	138	138	465
200	200	20	20	20	441
335	335	335	335	335	463
371	371	371	371	371	222
310	310	442	442	442	16
326	108	226	226	251	84
95	95	363	363	363	90
179	179	179	179	179	24
471	471	471	471	471	283
441	214	71	471	329	229
304	304	304	304	304	390
73	73	73	73	73	213
334	334	334	334	334	159
498	43	357	16	76	476
215	268	268	134	395	310
371	371	371	371	371	123
62	62	62	62	62	214
353	353	353	353	112	433
173	171	135	349	349	485
297	297	357	357	357	232
308	308	420	420	420	360
262	262	262	262	262	368
32	32	32	32	32	311
494	494	494	494	284	136
167	439	325	481	325	392
222	222	222	222	222	15
155	155	155	8	8	8
172	172	491	491	491	46
457	457	457	457	457	194
323	323	323	323	138	466
69	69	69	69	69	25
455	357	244	3	455	323
73	73	73	73	73	204
4	4	4	4	4	497
268	268	268	268	174	332
78	78	78	78	78	370
363	363	363	363	363	315
257	257	257	257	257	342
324	324	324	324	324	113
315	315	189	237	267	231
419	129	42	56	66	31
425	425	425	425	425	392
237	237	237	357	357	357
414	125	205	205	469	245
427	427	427	427	427	34
390	390	383	383	383	436
377	247	377	119	307	65
481	481	481	481	481	327
389	389	389	158	158	158
100	100	100	100	100	335
208	208	342	342	342	93
163	163	163	327	327	327
301	301	1	351	124	288
340	340	340	340	250	323
112	366	306	306	39	248
22	22	22	22	22	235
381	381	381	381	381	107
460	460	460	460	460	224
478	478	478	478	478	227
257	235	231	490	393	305
54	57	91	437	54	15
141	141	314	314	314	337
319	319	319	395	395	395
161	161	161	161	161	46
128	128	128	128	128	178
366	366	366	366	366	108
473	473	473	473	473	379
76	76	76	320	320	320
222	12	193	274	193	43
200	200	200	200	200	137
348	348	348	348	348	269
139	139	167	167	167	66
85	85	85	85	85	186
166	166	166	166	166	448
461	461	461	461	461	320
205	205	205	205	205	168
436	117	356	353	263	390
496	496	496	496	496	396
400	400	400	400	400	280
399	399	399	399	399	306
34	34	34	34	34	451
380	380	380	380	380	392
270	270	270	270	270	497
428	428	428	428	428	307
85	85	85	85	85	13
472	472	472	472	472	164
155	368	20	470	115	205
55	22	241	241	346	224
290	290	290	290	290	275
38	413	485	178	306	169
33	33	33	33	33	434
192	192	192	192	192	369
227	227	125	125	125	200
255	255	255	255	255	232
250	247	250	233	281	276
360	360	360	360	360	248
236	236	236	236	236	314
131	131	131	131	131	89
424	424	424	424	424	304
238	395	429	240	406	490
197	197	197	197	197	471
333	333	447	447	447	272
350	350	350	350	138	97
34	34	34	34	34	145
362	362	362	362	362	152
116	116	116	116	116	399
366	366	366	366	366	155
473	473	204	204	204	395
281	281	281	121	121	121
439	439	283	283	283	250
242	242	242	242	242	399
85	279	279	463	26	180
319	319	319	319	319	88
490	267	129	428	428	489
351	351	351	351	477	284
92	92	92	92	92	428
264	264	264	264	264	30
108	108	108	108	108	61
271	271	271	271	271	348
323	323	38	38	38	142
291	291	138	138	138	207
479	479	479	479	479	50
403	403	403	403	403	270
35	35	35	35	35	336
108	108	108	108	108	274
127	127	247	247	247	346
136	100	345	127	345	229
215	334	166	36	4	255
131	354	135	233	267	379
105	105	105	372	372	372
51	345	92	345	60	389
210	210	210	210	210	10
331	331	157	157	157	132
441	441	441	441	441	401
35	35	1	1	1	51
142	142	142	231	231	231
114	114	114	114	114	240
151	151	151	151	151	437
460	491	134	482	134	349
312	449	359	223	474	74
271	271	271	271	271	134
83	83	83	83	83	165
382	382	382	382	382	348
392	392	392	392	392	232
286	56	276	295	56	244
234	234	234	234	396	290
296	296	296	219	219	219
262	262	272	272	272	106
231	231	231	257	257	257
183	183	183	183	183	431
307	307	307	220	220	220
274	274	137	137	137	428
283	283	283	283	283	121
327	327	327	327	327	437
500	500	500	229	229	229
184	184	184	184	184	297
231	315	21	217	240	369
83	83	83	83	83	324
152	152	152	152	152	270
142	252	376	411	376	210
328	328	340	340	340	347
135	135	135	135	135	311
281	281	281	281	281	209
321	321	321	321	338	421
457	457	457	457	457	447
298	298	298	298	298	315
468	468	468	468	468	170
363	363	363	281	281	281
287	287	287	471	471	471
219	219	219	219	219	438
254	254	254	254	254	63
319	319	319	428	428	428
139	139	483	483	483	366
290	290	290	290	290	496
409	374	283	205	205	127
124	209	360	360	31	287
488	488	488	169	169	169
414	414	2	2	2	383
15	181	403	218	181	368
315	315	315	315	315	408
124	124	124	124	124	96
416	138	237	404	430	78
168	168	295	295	295	155
90	144	371	272	424	202
140	140	140	140	140	462
231	215	128	209	353	444
468	468	468	468	468	385
304	304	304	304	304	14
378	378	378	378	378	121
276	276	276	276	276	398
434	434	434	434	434	328
290	34	235	181	194	17
457	457	457	457	457	316
240	348	303	243	33	379
343	343	343	343	343	103
289	289	289	289	289	432
51	51	51	51	188	398
18	25	485	71	237	338
468	468	468	468	468	316
121	121	121	121	204	366
461	461	461	461	247	322
221	221	221	221	221	409
237	237	237	237	237	311
490	200	415	273	212	93
202	202	202	202	202	7
315	315	315	315	315	296
396	396	396	396	396	437
233	233	233	409	409	409
248	248	132	378	227	486
162	162	162	230	230	230
313	313	313	452	452	452
160	160	176	176	176	419
458	458	458	458	458	216
72	72	242	242	242	256
82	82	346	346	346	65
328	256	163	284	12	160
90	90	90	90	90	145
123	320	103	6	157	414
421	421	421	421	421	487
107	107	107	107	107	486
80	80	80	80	80	16
361	361	361	361	361	80
189	189	189	189	189	306
379	379	379	379	379	141
271	271	271	271	271	15
93	93	93	93	93	155
361	31	476	433	74	227
12	12	12	12	12	394
276	276	276	276	276	468
283	27	229	174	124	349
73	73	73	31	31	31
287	287	287	287	287	311
49	426	49	42	22	34
73	73	73	406	406	406
166	166	166	166	166	103
123	438	86	33	239	359
48	486	351	375	375	323
277	277	149	149	149	165
61	61	61	444	444	444
268	268	268	268	268	258
307	307	307	307	307	83
291	291	291	291	291	420
302	302	239	239	239	63
288	288	288	288	288	9
80	80	80	80	80	72
291	465	227	147	176	76
145	145	145	145	145	168
492	62	309	446	317	215
343	156	178	194	247	95
35	35	323	323	323	343
110	110	110	110	110	200
324	184	410	247	247	121
414	414	214	214	214	164
71	71	71	71	71	269
360	360	360	360	360	169
60	60	151	151	151	304
420	420	420	420	420	320
418	418	418	418	418	135
286	286	286	286	257	194
401	401	401	401	401	451
291	291	291	291	291	134
112	463	463	255	388	402
142	308	220	116	142	60
126	126	126	126	126	49
35	35	35	35	35	487
440	440	129	129	129	449
106	106	106	106	106	440
187	187	187	187	187	389
250	250	250	250	407	306
271	271	271	441	441	441
437	437	437	437	437	241
439	439	439	439	439	278
87	87	87	87	87	447
385	385	385	385	385	130
180	342	10	432	432	42
397	397	397	327	327	327
290	288	335	335	396	55
32	32	32	32	32	24
150	150	150	150	150	435
304	304	304	304	304	379
431	431	431	385	385	385
347	347	347	16	16	16
359	170	385	216	359	175
333	333	333	333	333	259
272	272	272	272	272	231
84	84	84	5	5	5
106	106	106	106	106	12
140	140	140	408	408	408
495	495	495	394	394	394
170	170	170	170	170	371
427	427	427	427	427	29
324	465	55	70	55	460
376	376	376	376	376	73
42	42	42	42	42	191
490	490	490	490	490	154
54	54	54	54	54	41
146	261	322	236	402	40
336	336	51	51	51	187
47	47	47	47	317	242
314	474	186	200	200	290
293	293	293	293	293	218
320	320	320	320	320	474
253	210	354	36	492	408
169	169	169	359	359	359
310	310	310	310	310	79
382	382	382	382	382	60
320	320	320	320	320	496
256	256	131	131	131	406
486	486	486	26	26	26
284	284	284	284	284	375
367	367	458	458	458	291
478	478	52	52	52	238
285	285	285	285	285	133
427	408	61	61	308	184
120	267	34	34	133	72
164	164	164	164	164	200
198	198	198	198	198	286
454	454	454	454	454	136
46	46	46	46	46	452
261	261	261	276	276	276
463	463	463	463	463	316
433	185	224	361	448	292
149	149	149	390	390	390
2	2	2	2	2	106
19	19	19	19	19	232
212	348	174	97	288	195
416	416	416	416	416	198
482	195	195	233	4	426
44	422	187	197	187	190
41	414	243	414	242	15
106	106	106	106	106	111
327	327	327	327	327	395
457	457	457	457	457	269
294	294	294	294	294	254
389	389	389	389	389	21
93	93	93	93	93	487
44	44	44	44	44	239
190	190	190	265	265	265
79	79	79	79	79	20
404	404	404	404	404	187
428	428	428	428	428	362
50	50	50	50	50	184
318	318	318	318	193	255
335	335	335	335	335	62
458	458	458	458	458	40
207	207	58	58	58	88
353	353	283	389	28	324
328	341	244	128	128	445
459	103	450	136	241	172
170	171	151	105	171	429
337	337	337	337	337	260
335	335	335	335	335	201
277	277	277	277	277	217
38	38	38	38	38	325
468	42	446	331	305	488
73	73	73	73	73	155
216	216	216	216	403	248
35	35	35	35	35	120
421	421	421	4	4	4
22	22	22	22	127	55
452	452	452	452	394	402
238	238	238	238	238	220
463	217	40	144	123	210
32	32	159	159	159	265
196	196	196	196	196	389
53	53	53	53	53	459
303	303	303	408	408	408
179	179	232	232	232	461
45	360	266	1	360	343
146	146	146	146	146	107
142	142	142	142	142	295
80	80	80	80	80	98
354	354	354	354	354	412
459	459	459	459	459	306
427	427	427	427	427	113
448	366	471	411	22	295
15	15	15	15	15	303
109	109	109	109	109	272
470	470	470	470	470	248
266	266	331	331	331	428
341	341	341	446	446	446
468	468	468	468	468	1
71	71	71	71	71	207
8	8	8	8	8	46
447	447	447	447	447	56
211	427	402	301	142	242
205	463	352	480	54	483
19	381	405	442	33	166
23	23	23	23	23	388
14	14	14	14	14	52
110	110	110	110	110	205
24	24	24	24	24	452
391	391	391	391	178	297
213	213	213	213	213	294
326	326	326	17	17	17
463	340	456	405	214	155
454	454	454	97	97	97
435	435	435	435	435	226
492	492	492	492	492	89
424	424	424	337	337	337
22	22	22	22	22	417
271	277	314	131	374	208
131	131	131	268	268	268
291	317	337	468	320	366
24	337	24	11	356	185
17	17	17	17	17	154
32	32	32	32	32	349
411	411	411	411	411	457
91	91	91	91	91	162
294	294	294	294	294	97
397	397	397	397	397	175
251	251	251	251	251	218
239	239	239	239	239	135
27	66	266	267	66	317
389	389	389	225	225	225
307	307	307	307	307	358
261	261	403	403	403	208
473	473	473	473	473	481
134	134	302	302	302	392
348	209	351	320	87	335
108	108	108	108	108	58
235	235	235	199	199	199
63	63	63	63	63	76
28	28	28	201	201	201
194	194	194	194	194	243
216	221	53	418	216	299
4	4	4	4	4	175
207	207	468	468	468	314
302	302	302	302	302	132
89	89	435	393	291	70
360	447	447	56	110	101
355	355	355	355	355	280
324	324	324	187	187	187
70	311	73	204	408	331
113	113	113	113	113	286
250	250	250	250	250	236
384	384	384	384	384	398
455	455	455	61	61	61
415	415	415	415	415	291
225	225	225	225	253	221
414	414	177	177	177	296
276	276	276	276	276	97
137	137	137	137	137	330
472	472	472	91	91	91
233	233	233	233	450	387
130	130	132	132	132	175
244	244	244	244	244	355
369	369	369	369	369	41
189	189	189	189	189	12
15	15	15	15	15	298
55	55	55	55	55	419
342	203	395	314	144	329
297	297	297	297	297	361
295	295	295	295	295	236
477	477	212	212	212	361
13	13	13	13	13	478
50	50	50	50	50	229
32	32	32	344	344	344
399	399	399	399	399	147
33	33	33	33	33	166
359	359	81	81	81	131
13	13	13	13	13	202
248	248	248	248	248	266
106	106	106	106	190	236
231	231	231	231	231	188
235	235	235	235	235	349
225	225	225	225	225	214
176	224	16	419	393	390
449	155	321	449	30	275
98	98	98	98	98	103
446	446	446	446	446	487
223	223	223	75	75	75
304	304	304	304	304	56
28	446	402	286	2	349
130	130	130	284	284	284
313	313	313	52	52	52
447	261	385	270	261	187
404	404	82	82	82	281
317	317	317	317	317	112
17	17	17	17	17	286
39	39	39	39	39	393
179	179	179	179	179	287
262	262	262	262	481	353
305	75	225	313	70	268
97	252	137	82	39	109
154	24	456	160	24	111
192	192	192	192	290	351
12	12	449	449	449	199
169	473	199	440	314	24
395	395	395	395	395	260
274	274	274	251	251	251
233	233	233	173	173	173
104	64	172	426	172	179
396	396	79	79	79	194
210	210	480	458	111	23
28	28	28	28	28	441
316	156	261	316	164	143
410	410	410	410	410	408
69	415	147	268	137	215
296	296	305	305	305	5
343	134	272	185	5	180
101	101	101	101	101	296
224	224	224	224	224	40
494	494	494	494	494	97
340	340	340	340	340	258
444	444	444	444	444	27
42	42	42	42	42	310
104	104	104	104	104	373
188	188	188	188	188	7
366	366	366	366	366	327
372	481	37	481	31	339
28	28	28	28	28	24
119	129	24	485	24	144
6	29	402	152	367	235
384	265	293	282	348	45
373	373	373	373	373	328
278	278	395	395	395	360
440	418	430	359	252	15
383	8	335	383	365	16
206	204	299	471	204	228
327	404	412	407	407	174
119	119	119	119	119	85
195	195	195	195	195	347
244	244	244	244	244	51
220	17	85	315	315	138
370	440	118	204	163	478
67	67	67	67	67	306
376	376	376	376	376	48
217	217	217	217	283	234
387	387	387	387	387	115
67	67	67	67	67	335
251	251	251	251	251	329
201	201	201	201	488	433
104	104	104	23	23	23
404	404	404	404	404	392
323	323	323	323	323	142
108	434	326	368	258	243
333	333	333	333	333	115
350	350	350	248	248	248
166	166	166	166	393	230
12	12	300	300	300	441
377	377	377	108	108	108
218	218	218	218	218	159
306	321	212	471	403	274
22	22	22	22	22	39
244	244	244	244	244	387
293	293	293	293	293	270
15	15	15	15	15	190
175	175	175	175	175	334
229	229	229	229	229	133
456	456	456	456	456	267
222	222	175	175	175	64
40	263	194	365	354	118
456	64	193	411	98	484
373	373	373	169	169	169
460	201	194	72	241	296
366	366	366	366	366	151
248	248	248	248	357	1
134	134	254	254	254	439
130	446	293	389	250	167
309	309	309	309	86	188
210	210	210	210	210	443
412	412	412	412	412	45
303	303	303	303	303	199
24	24	24	24	24	457
328	328	328	328	328	362
113	113	113	113	113	268
480	480	32	32	32	297
390	390	390	184	184	184
476	476	476	424	424	424
435	435	435	485	485	485
320	320	320	320	320	94
203	203	203	203	203	380
213	213	213	213	213	253
297	28	245	376	61	191
277	277	277	277	356	268
420	420	420	420	205	370
243	243	243	243	243	8
327	327	327	327	327	67
96	96	96	96	96	202
363	267	366	379	321	417
1	1	1	1	1	99
495	495	495	234	234	234
179	179	118	118	118	303
267	267	184	184	184	392
115	115	115	115	115	32
288	288	288	288	288	58
273	273	273	273	273	401
449	449	449	449	449	83
105	105	105	105	470	5
138	29	443	329	409	469
57	57	57	57	57	245
323	323	323	412	412	412
84	84	84	84	84	203
455	455	455	455	455	59
322	322	322	322	322	161
132	444	157	284	55	174
242	242	242	242	242	351
28	28	28	28	456	494
285	285	285	285	285	77
21	21	21	21	21	475
175	175	175	175	175	338
208	208	208	208	208	70
423	451	48	7	126	301
432	432	432	432	432	119
456	456	456	456	456	372
92	92	92	92	92	417
145	145	145	145	145	368
17	17	17	17	17	493
217	217	217	38	38	38
18	18	18	18	18	22
428	287	354	422	292	369
260	260	260	260	260	148
217	217	217	217	217	68
184	184	184	184	231	375
240	240	240	240	240	427
177	177	177	432	432	432
288	288	288	288	288	411
146	146	146	146	146	457
8	8	8	8	8	256
295	295	295	295	295	447
456	456	456	456	456	274
132	132	132	132	106	36
300	300	300	300	300	222
247	247	247	247	247	225
210	210	210	210	210	114
102	102	102	221	221	221
358	358	358	461	461	461
332	332	332	332	332	492
160	160	160	160	160	341
341	341	341	40	40	40
429	429	429	429	429	20
381	381	381	381	381	295
113	113	113	293	293	293
173	448	26	173	184	278
436	436	436	436	436	489
334	334	334	334	334	466
72	72	72	72	72	409
443	443	23	23	23	474
149	469	199	203	442	102
73	73	73	73	73	400
199	199	199	199	199	294
291	439	497	170	277	258
60	60	60	261	261	261
97	97	97	97	97	419
449	449	449	449	449	116
198	198	198	187	187	187
292	292	292	42	42	42
109	10	170	307	451	388
284	194	81	417	115	317
395	460	445	347	445	185
246	246	246	246	246	391
280	280	280	280	280	98
272	391	280	238	280	261
230	230	230	230	230	435
161	161	161	399	399	399
48	48	48	48	48	138
432	432	432	6	6	6
33	33	33	33	44	322
200	200	200	7	7	7
334	122	9	133	3	453
197	197	197	197	197	121
472	472	472	472	7	112
251	251	251	251	251	361
259	259	259	259	259	47
92	92	92	92	92	55
176	360	143	360	337	398
4	4	4	4	4	172
35	35	35	75	75	75
146	146	146	146	146	301
80	80	80	80	80	381
164	164	15	15	15	25
391	391	391	391	391	239
377	377	377	377	377	468
365	365	365	365	365	470
28	28	28	28	28	55
184	285	119	493	213	347
244	244	244	244	244	272
70	98	494	377	494	450
92	92	92	92	92	411
238	238	105	137	473	83
108	108	108	108	108	339
280	280	434	434	434	217
288	241	288	55	384	395
59	59	59	59	59	245
336	336	336	336	358	266
466	466	466	466	466	16
3	3	3	3	3	70
52	52	52	52	52	403
113	113	162	162	162	39
121	121	409	409	409	398
64	64	64	64	64	351
342	499	206	230	206	145
231	231	231	231	231	262
307	307	307	307	307	64
179	478	287	412	287	324
374	374	374	374	454	471
262	262	145	145	145	486
494	494	494	494	494	375
108	108	108	108	108	63
38	38	38	414	414	414
74	74	74	74	74	4
198	198	91	91	91	417
477	477	477	477	477	193
90	372	363	445	384	397
82	105	250	105	407	450
278	278	278	278	278	173
94	94	94	94	38	321
485	258	290	356	327	276
81	81	81	81	81	176
230	498	124	230	199	172
316	316	316	316	316	345
306	306	306	306	306	7
165	165	165	288	288	288
166	166	166	352	352	352
488	488	488	389	389	389
197	197	197	197	197	439
266	266	266	266	266	120
92	286	370	475	397	205
175	175	175	175	175	324
177	177	177	177	177	404
70	119	131	438	280	20
2	2	2	2	2	262
327	205	433	217	436	107
467	467	467	467	467	149
255	146	479	258	466	497
79	79	79	79	79	253
334	334	334	334	334	119
307	307	307	106	106	106
116	116	424	424	424	436
360	360	360	360	360	316
308	308	494	494	494	5
260	260	260	260	260	466
273	273	273	273	273	164
127	38	495	495	314	331
145	239	402	144	144	82
191	191	431	431	431	56
186	186	186	186	186	331
164	164	164	164	164	280
445	445	445	445	445	338
89	89	89	89	89	354
484	484	484	484	272	245
347	347	347	347	347	158
282	282	494	494	494	156
376	38	221	420	420	309
87	43	319	3	188	210
131	131	131	131	131	228
250	210	489	96	150	114
249	266	186	39	236	33
457	457	457	498	498	498
5	5	5	5	5	342
233	233	233	233	233	253
357	275	470	330	93	334
329	329	329	329	329	87
359	359	359	359	359	312
375	375	375	375	375	202
63	63	63	63	63	206
230	230	230	230	230	232
483	483	483	483	483	313
434	434	434	27	27	27
383	53	461	339	247	68
170	170	170	170	170	375
316	225	462	416	14	279
34	34	12	12	12	38
45	45	45	45	45	142
59	59	363	363	363	111
286	286	253	253	253	364
307	307	307	307	307	27
250	250	250	250	250	403
241	126	290	371	371	294
174	174	174	174	225	178
90	90	90	90	90	186
193	193	423	423	423	211
251	251	251	343	343	343
251	251	251	251	251	233
443	443	30	30	30	393
26	26	26	26	26	465
198	198	198	198	198	292
84	84	84	84	84	204
331	331	331	331	331	140
98	56	432	432	320	27
200	200	188	188	188	351
328	328	328	457	457	457
245	245	245	245	245	143
54	54	2	2	2	470
141	141	141	141	141	292
284	298	206	200	206	120
56	56	56	56	56	476
114	114	114	114	114	58
337	337	337	337	337	302
94	94	94	94	94	47
212	212	212	266	266	266
278	278	278	278	278	191
468	468	468	468	468	297
245	245	43	43	43	112
146	146	146	146	146	272
29	29	29	78	78	78
347	347	347	347	347	104
297	80	282	436	349	79
154	154	154	154	154	415
225	225	225	225	225	156
480	480	480	480	480	373
158	158	158	158	158	459
348	348	348	348	348	272
184	486	321	491	248	372
494	391	227	227	325	76
106	106	486	486	486	184
354	354	354	354	354	34
252	252	252	252	252	347
49	118	145	145	321	5
292	292	292	453	453	453
347	488	244	246	244	279
208	398	398	295	138	249
311	311	311	311	311	198
443	443	262	262	262	109
404	404	404	404	398	369
356	356	359	359	359	168
117	117	213	213	213	331
415	348	487	229	364	238
445	445	445	407	407	407
24	24	24	24	24	18
363	363	363	363	363	215
94	94	65	65	65	214
83	83	83	83	83	70
291	178	112	242	253	124
145	145	145	145	145	124
422	422	422	422	422	194
181	181	181	158	158	158
156	156	156	156	156	494
30	30	30	30	30	478
223	223	134	134	134	214
320	320	320	320	320	227
398	398	398	398	398	426
306	306	306	306	306	124
225	225	137	137	137	211
206	395	24	395	437	169
264	285	285	103	439	447
395	176	232	383	250	389
53	53	53	53	53	486
204	204	204	204	204	104
374	374	374	374	374	107
141	141	141	141	141	400
322	322	221	221	221	162
321	207	426	69	426	363
125	66	223	451	400	153
36	36	36	36	36	292
146	146	146	146	251	334
384	296	86	406	6	429
41	41	41	385	385	385
462	462	65	65	65	50
226	226	226	226	226	413
414	414	414	414	414	328
426	426	426	426	426	94
74	74	74	74	74	55
357	357	357	357	357	418
145	145	145	145	145	228
111	111	111	111	111	457
405	405	405	405	405	7
163	412	151	138	138	208
56	398	499	56	312	186
273	273	273	273	273	424
418	161	47	229	118	98
57	150	272	337	429	417
272	272	183	183	183	378
289	289	289	157	157	157
151	486	42	172	94	245
454	454	454	454	454	293
125	125	366	366	366	81
256	256	256	256	256	157
1	1	1	1	1	273
73	73	73	73	73	350
106	106	106	106	106	397
363	467	216	257	105	43
363	363	363	363	363	66
21	494	302	89	21	168
217	229	206	99	112	122
146	146	146	146	241	355
115	64	115	276	297	321
476	302	18	131	302	386
181	181	181	181	181	373
364	298	302	259	117	282
208	208	44	373	258	263
438	438	263	263	263	393
154	154	154	459	459	459
2	2	2	2	2	4
118	118	118	261	261	261
486	288	254	425	181	253
15	15	15	15	15	92
375	375	375	375	375	41
22	22	336	336	336	487
395	395	395	395	316	243
297	297	297	318	318	318
466	396	135	80	80	333
338	338	338	338	338	279
202	202	202	202	202	267
197	197	197	197	197	404
320	320	320	320	320	160
183	183	183	183	183	8
417	487	64	354	361	348
340	340	340	340	340	81
94	94	94	94	94	228
178	178	178	178	178	271
155	155	155	155	155	91
191	191	191	37	37	37
277	277	277	277	66	15
202	202	487	487	487	405
354	45	177	82	177	452
148	148	148	56	56	56
268	268	126	126	126	260
285	285	285	285	37	489
71	71	71	71	71	55
96	96	96	96	96	461
173	173	173	292	292	292
325	325	325	325	452	113
458	457	199	242	35	250
258	258	258	45	45	45
397	397	397	397	397	10
283	283	283	283	283	286
75	75	75	75	75	29
74	289	257	60	444	361
57	57	57	57	57	332
450	450	450	450	450	85
482	482	482	482	482	89
149	149	149	149	149	386
364	364	364	364	333	208
149	342	461	82	149	281
416	416	416	114	114	114
52	52	52	52	52	263
384	384	384	19	19	19
50	10	477	3	269	356
391	391	391	391	391	83
442	442	202	202	202	296
323	323	323	323	323	263
329	329	329	138	138	138
80	154	197	197	467	361
478	478	478	478	478	273
317	438	357	357	77	264
281	281	281	281	281	274
469	469	469	469	469	422
431	431	431	431	431	66
356	254	85	461	126	445
193	193	193	193	193	224
346	113	430	68	316	199
473	396	38	149	12	469
98	98	98	228	228	228
143	143	143	143	143	287
233	233	422	422	422	337
382	382	382	382	382	119
287	287	368	368	368	231
198	198	198	198	198	26
344	290	25	31	32	358
332	332	332	483	483	483
454	454	267	267	267	199
54	54	54	54	54	222
324	324	324	324	324	221
256	256	256	256	256	149
133	133	113	113	113	149
134	134	134	134	134	427
403	403	403	403	403	247
484	484	484	484	484	154
188	188	188	188	188	373
261	261	261	261	261	24
355	355	93	338	197	266
153	153	153	153	153	134
237	237	237	237	237	51
350	350	350	350	350	308
44	351	27	145	122	287
175	175	175	175	175	158
211	444	442	329	460	250
308	308	308	306	306	306
77	77	77	77	77	273
169	169	47	47	47	494
40	40	40	40	40	159
311	311	311	311	311	371
49	492	32	380	263	13
251	330	426	54	431	172
169	169	169	169	169	435
163	163	163	163	163	37
191	195	165	4	206	427
439	9	9	232	35	95
121	106	379	189	442	491
186	186	186	186	186	209
176	330	35	387	20	66
308	308	308	308	308	108
78	482	238	493	238	230
494	494	494	494	494	356
387	387	36	36	36	403
210	210	210	251	251	251
324	324	324	324	484	13
277	395	289	318	244	24
370	498	205	144	249	122
439	439	439	301	301	301
258	258	258	258	258	360
431	431	431	431	431	328
243	243	243	243	243	13
172	172	172	394	394	394
27	27	27	48	48	48
476	476	476	476	476	232
203	203	203	203	203	101
267	267	267	267	17	165
453	453	453	453	453	289
151	193	443	193	283	14
469	469	469	469	469	455
79	79	79	79	351	327
359	359	359	359	359	278
499	499	499	499	499	379
99	99	99	99	99	92
335	335	335	335	335	468
317	46	317	192	203	83
324	324	324	328	328	328
375	375	375	375	375	245
430	222	327	267	363	40
294	172	407	22	235	197
267	297	211	242	185	202
434	68	426	263	269	481
463	139	306	326	477	394
491	491	491	491	491	183
237	237	237	237	237	270
219	219	219	219	446	370
238	238	238	238	238	349
454	454	454	454	454	71
215	215	215	43	43	43
29	29	29	29	29	43
351	351	351	351	351	48
354	354	354	354	354	194
13	13	13	13	13	424
474	336	19	288	420	9
196	196	95	95	95	271
35	35	294	294	294	425
457	457	457	457	457	343
348	348	348	348	348	45
142	142	26	26	26	32
476	476	476	476	476	288
131	131	131	131	449	233
315	167	81	386	60	314
477	477	477	477	477	381
161	161	161	161	161	80
4	4	4	248	248	248
86	86	86	86	86	490
388	365	344	203	359	328
372	210	258	233	240	157
441	23	320	410	353	409
127	127	127	127	127	364
22	22	22	22	22	373
497	295	295	425	442	447
233	233	233	233	233	484
29	29	29	29	29	51
340	340	340	215	215	215
248	248	248	248	248	335
301	301	301	301	301	240
159	159	159	159	159	301
428	322	322	464	239	480
175	175	175	266	266	266
229	431	202	407	42	224
102	102	102	102	102	78
132	132	493	493	493	421
495	495	495	335	335	335
210	210	28	28	28	255
233	233	233	233	233	10
62	229	101	187	5	206
6	6	15	15	15	173
316	316	436	436	436	217
467	467	467	467	467	35
119	19	181	216	356	488
203	203	203	203	203	415
154	154	154	332	332	332
205	36	262	204	382	29
156	156	156	156	156	299
379	379	360	360	360	81
86	30	333	320	468	423
198	414	364	113	319	80
377	158	180	323	381	459
27	448	346	374	149	40
277	234	88	498	19	126
430	430	430	25	25	25
354	167	359	447	465	27
126	126	126	126	126	409
95	95	95	95	95	290
63	63	453	453	453	283
84	207	346	218	84	191
164	164	164	164	164	436
98	98	166	166	166	120
56	56	56	56	56	21
271	271	271	271	271	198
486	486	486	486	486	382
246	343	424	10	299	351
78	29	92	286	420	440
386	386	386	138	138	138
166	166	220	220	220	160
105	105	176	176	176	366
36	36	36	36	36	46
203	409	409	239	257	33
473	473	473	71	71	71
282	282	282	282	282	182
313	313	313	313	313	301
391	391	391	391	463	20
436	436	436	436	436	123
129	129	129	60	60	60
345	345	345	222	222	222
285	285	285	285	285	286
459	459	268	268	268	304
323	323	323	323	323	372
371	382	104	29	104	214
199	199	199	199	199	1
174	174	174	174	174	156
47	47	47	47	47	19
377	224	166	111	166	18
117	117	117	117	117	291
269	269	269	269	269	166
186	186	186	186	186	305
447	365	343	315	99	458
226	226	226	226	226	387
468	468	171	171	171	292
236	120	120	418	261	31
74	211	54	170	54	32
93	372	498	317	489	158
53	53	53	53	53	123
4	4	4	4	303	447
260	260	260	260	260	397
248	121	278	28	28	24
93	93	93	93	93	16
140	140	140	140	140	383
16	16	16	16	16	373
132	270	203	299	203	433
308	308	308	308	441	429
365	443	77	365	491	13
315	315	347	347	347	205
230	230	125	125	125	194
437	176	189	294	365	347
487	487	487	487	487	432
259	259	259	32	32	32
477	477	464	464	464	438
481	481	78	78	78	409
413	449	86	253	129	429
228	228	228	228	228	466
60	60	60	60	230	101
485	485	485	485	485	159
8	157	486	69	486	386
368	368	368	368	368	57
376	376	376	376	376	255
216	216	356	356	356	394
377	377	377	461	461	461
217	217	217	217	217	474
145	304	313	345	383	178
124	124	124	124	124	6
380	380	380	380	380	242
346	346	346	346	346	388
62	62	62	62	62	65
467	467	467	467	13	133
485	485	485	485	485	125
40	40	40	40	40	262
458	458	458	458	458	234
458	458	458	458	458	219
6	423	443	280	445	121
172	211	258	466	199	239
426	426	426	426	426	336
51	51	51	239	239	239
497	480	182	238	216	158
473	473	473	473	473	485
235	235	235	235	235	292
465	465	465	465	465	122
151	151	151	151	151	111
215	215	215	215	215	332
120	120	120	196	196	196
334	334	334	334	334	111
330	330	285	285	285	334
232	232	232	232	232	195
103	96	386	126	126	226
2	2	2	2	2	415
53	53	53	53	53	195
213	213	213	194	194	194
282	282	282	282	282	427
5	5	5	5	5	190
462	58	64	485	93	145
471	471	471	471	471	110
98	98	98	98	98	491
71	71	71	71	71	422
270	270	270	207	207	207
48	48	48	48	48	106
31	306	115	195	285	55
298	298	298	298	298	169
359	347	388	342	359	94
192	192	192	192	192	139
303	303	303	303	303	4
457	457	457	457	457	108
117	117	117	117	181	25
278	278	278	278	171	487
104	466	129	429	314	89
200	200	200	200	200	424
457	481	457	67	240	30
270	270	270	270	208	197
276	23	462	235	417	457
365	365	365	365	365	173
317	317	317	431	431	431
129	129	129	129	129	412
352	352	370	370	370	361
387	419	387	418	486	188
169	169	169	169	169	230
301	41	109	328	427	241
437	22	414	319	169	136
287	287	287	448	448	448
379	379	379	379	379	457
114	311	462	198	356	335
90	90	90	90	90	398
236	236	236	236	236	477
108	108	108	108	108	40
57	57	274	274	274	35
30	30	30	30	30	416
459	459	459	156	156	156
46	46	46	46	46	333
329	329	329	329	329	264
46	46	46	46	46	354
34	34	34	356	356	356
377	377	377	377	377	430
133	133	133	133	133	384
107	107	107	107	107	446
484	484	484	484	484	473
31	52	455	126	385	481
169	137	168	469	240	344
356	356	30	30	30	418
492	492	492	212	212	212
53	53	53	53	53	191
280	341	416	132	99	428
209	209	209	209	209	333
17	17	17	17	17	327
23	23	23	23	23	106
493	493	493	493	493	214
359	359	359	359	359	370
9	9	168	168	168	53
390	51	42	377	352	144
387	387	387	387	387	286
191	191	191	191	191	469
332	132	78	68	467	359
112	112	19	106	361	301
340	35	399	424	349	249
61	248	212	61	160	390
359	359	359	226	226	226
149	149	42	42	42	498
30	168	364	85	255	231
262	262	355	355	355	69
70	70	70	128	128	128
390	390	390	390	26	187
371	371	371	138	138	138
78	375	213	380	356	263
62	62	465	465	465	371
464	330	206	137	464	74
348	204	105	331	105	18
464	464	464	464	464	376
470	470	470	194	194	194
298	298	298	298	298	80
74	74	74	74	74	296
93	93	93	93	423	282
100	100	100	227	227	227
205	205	205	205	205	60
280	280	280	280	280	413
499	499	499	466	466	466
66	3	58	212	58	149
228	103	395	450	235	208
254	254	254	362	362	362
342	342	64	64	64	451
473	473	473	473	473	322
193	193	338	338	338	275
367	367	367	367	367	493
499	487	108	107	276	391
479	479	479	479	479	370
276	267	348	276	318	180
385	385	385	385	385	401
104	104	104	104	104	347
431	431	431	431	431	388
403	403	403	244	244	244
497	423	423	477	198	162
64	64	64	64	64	82
360	427	464	44	232	112
42	191	325	42	353	190
272	272	272	272	272	443
58	58	58	146	146	146
156	156	156	156	156	70
237	237	237	237	237	102
463	463	463	463	463	287
116	116	116	116	116	281
344	344	344	263	263	263
156	68	108	80	156	221
402	402	402	402	402	236
289	289	289	289	289	16
285	78	122	420	394	406
29	29	29	29	29	381
53	248	465	231	77	82
91	91	91	91	91	236
345	345	345	345	345	45
121	121	121	121	121	234
36	36	36	36	36	219
252	168	255	410	445	314
193	193	193	193	193	301
91	91	91	91	91	246
97	303	68	395	373	405
176	176	176	176	176	226
50	50	50	50	454	364
222	222	157	157	157	424
380	21	65	260	81	435
141	141	141	141	141	474
213	460	339	460	122	208
385	385	254	18	256	437
214	214	214	214	214	385
290	290	290	290	290	7
315	315	315	315	315	201
191	191	85	85	85	470
116	116	116	116	116	21
145	356	19	47	191	105
110	355	270	417	417	350
142	142	142	142	142	220
491	491	491	491	491	49
453	169	429	82	153	492
217	217	217	226	226	226
353	353	353	353	353	217
142	387	13	49	43	135
190	190	190	190	190	170
75	75	88	88	88	203
86	363	43	35	43	154
256	256	256	256	256	330
414	414	481	481	481	327
124	124	124	124	124	387
444	112	212	444	302	332
154	154	154	154	154	33
487	487	487	487	487	6
151	313	72	151	66	13
62	466	141	225	430	197
173	173	173	173	173	71
121	342	321	52	455	465
225	225	225	225	225	400
299	299	79	79	79	91
6	6	6	458	458	458
348	348	348	348	348	189
22	204	421	137	204	486
273	248	114	114	384	256
305	305	305	305	305	423
219	219	219	219	219	108
236	236	236	236	236	161
244	244	244	50	50	50
138	138	138	138	138	327
268	268	268	268	268	126
128	128	128	128	128	232
381	381	125	125	125	302
415	329	449	304	299	472
68	68	68	68	68	489
382	382	357	357	357	499
133	151	370	16	356	254
364	364	364	364	364	487
405	258	42	424	266	100
170	474	58	218	269	130
444	444	444	444	444	500
11	11	11	241	241	241
205	205	368	368	368	238
162	162	162	97	97	97
258	117	382	146	338	53
14	14	14	14	14	405
370	370	362	362	362	304
455	401	453	108	46	17
488	488	488	488	488	457
464	326	382	382	298	355
312	312	312	312	312	219
230	230	230	230	230	158
133	133	133	133	133	158
169	414	256	466	457	212
475	203	383	248	28	116
425	425	425	425	425	455
416	416	416	416	416	431
383	383	383	383	383	435
251	251	251	77	77	77
496	496	496	496	496	177
227	187	261	227	277	107
328	471	423	411	35	105
217	217	217	217	217	330
346	380	498	16	130	132
77	77	77	77	77	98
136	136	136	136	136	278
264	305	495	133	322	130
48	244	201	23	244	34
310	310	310	310	472	309
41	41	41	41	41	359
251	251	251	251	251	394
498	498	498	498	498	333
8	8	8	8	8	63
19	19	133	133	133	353
100	100	100	100	100	483
62	62	330	330	330	119
431	431	431	431	431	46
409	409	409	423	423	423
398	398	398	442	442	442
19	19	19	20	20	20
78	78	78	439	439	439
341	341	214	214	214	116
380	475	18	209	235	165
464	464	464	464	464	251
165	165	165	165	165	341
294	294	294	294	434	386
275	275	275	275	275	460
485	485	485	485	485	248
149	433	158	81	479	19
272	178	306	144	104	330
357	357	357	357	357	168
28	28	28	28	28	362
91	91	91	91	38	70
408	408	408	308	308	308
235	235	235	235	235	455
311	311	311	311	311	96
111	446	111	230	323	363
59	59	59	59	59	197
189	189	223	223	223	258
399	399	399	138	138	138
148	427	75	427	353	190
117	412	99	449	320	355
256	256	61	61	61	10
88	88	88	499	499	499
206	265	490	286	97	293
221	113	354	139	392	401
431	278	474	474	287	71
376	376	376	376	376	100
68	68	68	68	68	397
427	427	427	427	427	309
350	350	388	388	388	26
204	204	204	204	204	379
128	387	335	128	262	241
270	333	289	115	59	142
82	82	82	82	82	260
360	360	360	360	360	472
184	142	376	40	302	46
350	350	350	350	350	85
334	132	185	216	142	212
254	254	254	329	329	329
480	480	480	480	480	103
21	21	21	21	21	318
318	318	318	342	342	342
287	287	287	287	287	480
308	308	308	308	308	222
374	374	329	329	329	28
467	467	458	458	458	477
89	89	89	89	89	490
288	288	288	288	288	379
236	236	236	236	236	380
51	51	51	51	51	180
440	440	440	440	440	190
118	118	118	122	122	122
349	349	349	349	349	426
92	162	80	362	161	173
462	462	462	277	277	277
62	62	62	62	62	76
219	95	219	129	484	480
240	240	240	240	240	482
437	79	276	24	193	414
333	333	108	108	108	469
410	410	410	410	410	427
311	311	311	311	311	446
344	344	344	344	344	350
43	124	439	72	417	409
54	54	443	443	443	181
381	381	381	381	18	134
425	460	23	213	327	152
405	363	208	101	201	120
61	61	61	61	61	105
257	257	257	257	257	466
87	87	87	87	87	62
277	42	240	494	429	295
52	52	279	37	30	442
295	490	468	144	182	466
151	151	151	151	151	155
13	13	13	13	13	250
24	24	98	98	98	206
233	233	233	233	233	187
470	52	476	306	306	308
449	449	449	449	184	389
196	196	93	329	237	330
328	328	328	328	328	12
360	360	360	360	360	196
153	153	153	404	404	404
392	392	392	392	392	394
66	66	66	66	66	55
305	164	411	259	199	141
280	280	280	280	280	116
25	25	25	25	25	211
29	319	33	105	105	250
148	148	148	148	46	61
369	369	369	369	369	431
256	256	256	256	256	377
478	29	362	425	151	395
479	479	479	479	479	152
299	230	387	422	458	129
72	425	465	82	117	451
104	352	456	315	315	189
339	421	453	488	398	37
456	456	456	456	456	392
212	212	212	212	212	31
256	256	256	256	256	169
264	55	418	24	188	353
254	254	254	254	254	206
50	50	50	50	50	39
95	95	95	95	95	113
190	74	455	428	117	226
14	14	14	14	14	28
58	58	134	134	134	250
97	97	97	97	97	430
140	140	140	140	140	365
190	190	190	190	190	485
403	403	403	403	403	301
30	30	30	30	30	370
18	18	18	18	18	168
495	492	98	385	366	177
352	352	352	352	352	394
257	382	186	317	186	39
140	140	140	140	140	245
345	345	345	345	345	492
117	117	117	117	117	467
391	391	391	391	391	245
411	411	411	472	472	472
113	170	170	340	167	19
296	296	296	77	77	77
174	174	174	174	174	222
16	16	16	16	16	362
393	162	496	496	454	336
395	395	395	395	395	202
240	76	114	27	446	460
27	27	27	27	27	435
369	369	369	369	369	44
366	366	366	366	366	113
278	278	278	278	278	148
443	443	443	443	443	192
206	33	429	302	108	127
368	368	368	368	368	418
148	148	148	356	356	356
432	432	238	238	238	112
439	34	162	84	396	228
233	233	233	233	233	93
145	206	13	11	127	303
102	102	102	102	102	401
409	409	409	81	81	81
211	211	211	211	211	344
495	495	495	168	168	168
368	368	368	368	368	132
274	274	274	314	314	314
358	358	358	358	358	332
404	404	404	299	299	299
179	179	179	179	179	20
484	484	484	189	189	189
257	363	250	270	153	243
10	10	10	10	10	93
334	334	334	334	334	475
225	225	225	225	225	148
69	69	69	69	69	402
76	27	95	69	476	160
360	296	360	152	176	22
340	340	340	340	340	280
370	370	370	370	370	47
421	421	421	421	421	463
183	469	223	77	80	493
415	415	329	329	329	22
131	131	131	131	131	100
159	159	159	159	159	61
494	494	494	146	146	146
146	146	146	146	146	123
238	23	323	184	23	336
225	225	225	225	225	184
30	69	453	451	483	351
280	180	166	216	216	273
252	252	252	252	252	201
435	195	329	64	29	78
351	421	196	287	106	391
234	234	234	234	493	98
180	180	180	180	180	368
97	97	97	97	97	176
128	128	128	128	128	286
179	179	179	179	179	326
218	218	218	218	218	57
319	319	319	319	319	347
107	107	139	139	139	275
88	88	88	88	137	14
47	47	87	87	87	35
77	446	343	479	190	117
22	22	22	22	22	425
134	134	134	134	134	135
14	174	135	135	461	57
261	261	261	101	101	101
444	444	444	464	464	464
158	158	158	158	158	387
103	103	103	103	103	420
286	286	286	286	286	257
278	278	278	278	278	166
80	80	80	80	80	298
466	466	466	466	466	426
220	220	220	220	220	301
273	273	226	226	226	42
481	481	481	481	481	245
269	269	269	269	269	451
478	478	478	478	478	245
428	428	428	428	428	472
489	489	489	489	489	212
101	101	101	467	467	467
335	335	335	335	335	175
34	189	13	34	140	124
92	92	78	78	78	436
78	491	162	470	491	462
498	498	498	498	62	127
450	408	391	198	468	347
155	155	155	155	155	38
47	9	100	102	480	470
146	146	146	429	429	429
150	150	150	150	150	30
475	92	287	3	225	39
465	465	465	465	465	213
242	198	52	425	108	157
182	182	105	105	105	417
180	180	180	180	180	271
118	118	118	118	118	474
391	391	391	391	391	150
432	432	432	432	432	354
420	73	420	457	348	283
471	153	291	1	402	301
217	217	217	217	206	482
462	462	462	462	462	75
96	96	228	228	228	402
329	329	329	329	329	1
410	410	410	410	199	294
449	345	25	144	476	452
362	362	362	362	362	115
220	220	117	117	117	453
430	430	430	430	430	495
19	19	19	19	19	38
369	81	46	426	79	74
34	194	34	121	146	130
140	316	493	166	210	324
140	140	140	140	140	229
380	380	384	384	384	110
194	194	194	194	194	407
435	435	435	435	435	347
376	111	309	282	287	186
267	267	439	439	439	60
311	311	311	311	311	334
292	292	264	264	264	120
473	473	473	473	473	301
380	380	380	380	307	127
53	53	53	53	53	289
52	52	289	200	126	102
296	296	296	181	181	181
284	284	284	284	284	197
260	260	260	260	260	212
30	30	30	30	30	136
32	32	32	32	477	153
411	434	411	186	4	16
322	135	244	166	378	31
309	309	309	270	270	270
34	34	34	371	371	371
107	107	107	107	107	12
254	254	254	254	254	198
83	83	83	83	83	152
142	142	142	142	142	119
70	70	70	70	70	377
122	122	122	122	122	133
120	459	473	466	274	254
309	309	309	309	438	191
206	206	206	428	428	428
465	424	484	144	165	179
438	438	494	494	494	112
361	361	361	361	361	364
375	375	375	375	375	300
225	225	225	281	281	281
357	357	357	357	357	192
368	368	368	368	368	425
174	14	208	263	174	122
177	177	177	177	177	295
400	400	400	400	123	40
345	345	345	345	345	251
490	490	490	490	490	81
334	334	334	334	334	305
496	496	484	484	484	392
286	286	286	286	286	461
335	335	335	335	335	387
417	417	417	279	279	279
473	473	473	473	473	471
348	49	91	131	244	313
218	218	218	218	372	310
349	349	10	10	10	289
346	193	317	221	191	462
354	354	184	184	184	281
381	381	381	381	381	194
464	18	439	419	479	427
147	220	274	143	317	156
449	449	449	362	362	362
264	264	264	195	195	195
422	422	422	422	422	213
454	454	454	454	454	48
472	472	472	141	141	141
491	491	272	272	272	257
382	20	273	208	308	100
16	16	16	16	16	168
289	289	289	289	289	302
493	493	493	493	493	364
117	117	117	117	117	256
464	464	464	464	464	449
263	214	412	93	241	75
343	343	343	343	343	293
19	19	19	19	19	87
390	322	291	374	212	222
220	220	220	220	220	112
349	349	349	372	372	372
229	229	229	229	229	283
343	343	343	343	343	444
407	407	407	407	407	342
149	149	149	149	149	121
410	410	410	410	410	417
255	255	255	255	255	154
245	245	245	245	245	263
459	428	428	408	489	66
223	223	223	223	223	310
128	128	128	128	128	245
490	358	83	301	214	488
368	368	108	108	108	42
287	287	287	287	287	116
278	278	278	278	278	389
376	376	424	71	468	57
473	245	54	361	330	321
165	165	76	76	76	483
437	339	296	19	214	229
471	471	471	471	471	378
367	367	10	10	10	276
414	414	414	414	289	332
380	380	380	380	380	240
88	88	88	88	88	16
174	174	174	352	352	352
80	80	80	80	80	195
323	323	323	323	323	3
201	201	201	201	201	331
85	368	85	295	128	248
17	17	456	456	456	316
463	463	463	463	463	13
322	322	322	268	268	268
350	350	350	350	481	12
143	143	143	143	143	399
291	291	41	41	41	269
52	445	450	211	52	223
303	303	303	118	118	118
253	106	27	353	449	331
51	51	51	51	51	26
354	354	354	354	354	138
12	12	12	109	109	109
490	490	490	490	490	271
373	345	416	230	345	465
231	231	50	50	50	349
128	156	287	24	413	118
297	297	297	297	297	464
295	295	295	295	295	292
323	323	206	499	183	293
438	438	445	445	445	309
104	104	104	11	11	11
386	386	386	386	386	268
12	12	12	12	12	17
380	380	380	380	13	254
425	425	463	463	463	95
156	156	156	156	156	438
198	198	366	366	366	388
468	468	468	468	468	232
489	489	489	489	489	218
305	305	305	305	305	443
110	110	110	110	110	442
472	472	472	472	380	291
24	24	24	24	24	159
383	383	383	383	383	201
479	251	424	82	115	470
66	66	66	66	66	494
121	121	121	121	121	38
30	30	30	142	142	142
23	23	23	323	323	323
444	214	292	221	405	225
75	75	75	75	75	220
464	464	464	464	464	114
36	36	36	36	36	199
340	340	340	340	340	146
230	230	230	230	230	320
184	370	454	318	371	462
369	369	247	247	247	52
240	240	240	420	420	420
276	276	276	276	276	297
51	51	51	51	51	28
473	473	473	473	473	26
210	210	210	340	340	340
51	51	51	51	51	199
380	415	71	66	71	409
481	481	481	481	481	83
259	259	259	403	403	403
243	243	243	243	243	40
187	187	187	187	187	494
37	197	404	197	428	242
128	159	240	155	128	456
198	198	198	198	198	186
116	398	7	499	499	184
103	103	103	103	103	386
93	243	343	277	243	383
137	137	137	137	343	327
279	279	279	279	279	384
499	499	499	499	499	78
47	47	47	34	34	34
218	218	218	218	218	435
281	281	281	281	281	456
420	420	420	420	420	303
62	62	62	62	62	482
152	152	152	152	152	489
234	234	234	234	234	269
274	274	274	274	274	399
209	209	209	209	209	142
247	106	206	425	419	488
342	342	342	342	342	200
258	209	121	34	471	50
10	10	10	10	290	27
288	288	288	288	403	328
337	337	337	345	345	345
205	205	205	205	205	95
413	369	455	204	29	259
499	499	499	499	499	454
101	438	376	8	101	45
193	193	193	193	193	17
487	487	487	487	487	350
248	248	10	10	10	60
311	311	311	462	462	462
356	356	356	356	356	389
339	134	339	174	226	390
340	340	340	340	340	32
377	377	377	377	377	378
39	39	39	39	39	463
348	348	248	248	248	122
315	428	403	118	396	434
468	468	468	468	468	139
227	51	149	207	294	486
239	239	239	239	239	476
145	145	145	145	145	316
74	74	74	74	74	478
115	115	111	111	111	232
189	189	189	189	189	327
115	115	115	115	115	49
427	427	1	1	1	394
193	200	312	134	312	250
221	371	189	211	221	10
131	48	332	48	237	108
342	342	446	446	446	478
23	171	426	124	49	438
233	242	373	429	11	425
316	316	316	316	316	222
431	431	15	15	15	305
126	6	23	277	106	379
411	396	337	20	244	140
51	374	482	374	72	231
272	272	272	272	272	55
190	190	190	190	190	434
426	426	426	426	426	5
146	146	146	362	362	362
74	388	319	178	255	499
438	438	438	351	351	351
147	147	147	147	147	252
79	79	79	79	79	160
447	447	447	447	447	449
330	330	330	330	330	134
25	25	25	25	25	34
299	299	31	235	105	152
345	345	345	478	478	478
224	344	344	117	484	368
324	324	324	324	324	202
499	499	499	499	488	349
424	424	424	424	424	119
176	176	176	176	278	239
377	72	57	365	282	369
304	304	304	495	495	495
458	458	356	356	356	91
140	140	140	140	140	276
167	245	311	165	122	164
55	55	212	212	212	395
7	7	7	7	7	404
453	453	453	453	453	332
149	149	149	149	149	238
478	478	478	478	478	295
388	388	388	388	481	328
159	159	159	159	159	225
334	252	77	419	132	270
61	61	61	61	61	39
335	335	335	335	335	214
406	406	406	406	406	493
449	173	397	156	397	38
278	278	278	278	278	157
271	271	271	271	271	381
257	257	257	257	257	438
204	276	276	42	430	177
40	40	40	40	40	54
327	265	430	430	350	468
470	470	470	470	144	59
478	478	478	478	478	482
60	60	60	60	60	6
372	372	372	372	372	140
375	375	375	375	375	258
112	112	112	171	171	171
261	261	261	83	83	83
375	375	375	375	375	10
201	201	201	201	201	406
356	356	356	33	33	33
323	129	256	464	70	334
173	173	173	173	173	167
71	71	71	71	71	444
326	326	326	326	326	344
348	348	163	163	163	493
26	26	26	26	26	377
224	224	224	224	224	270
284	51	436	201	493	242
289	289	250	250	250	241
65	65	65	65	65	46
220	170	18	278	104	392
231	406	308	37	227	477
489	489	489	307	307	307
63	63	63	63	63	172
397	397	397	397	397	321
200	200	200	200	200	12
330	72	406	179	406	257
407	407	183	183	183	279
419	419	419	419	419	194
479	479	479	479	479	307
76	76	76	76	76	131
253	230	304	122	58	198
472	472	472	472	472	267
292	292	423	423	423	93
453	453	83	83	83	33
358	286	358	411	448	339
289	289	289	289	289	481
203	203	203	203	203	229
198	198	198	198	198	184
399	399	399	399	399	352
116	116	116	116	116	346
61	61	61	61	61	162
345	345	345	345	345	343
408	408	408	408	408	385
492	492	492	492	492	208
219	219	219	219	219	320
393	312	269	9	266	423
423	165	154	376	445	25
355	355	476	476	476	157
288	288	288	288	288	189
35	50	143	323	3	67
105	99	185	99	498	153
345	345	345	345	345	422
428	428	428	428	428	353
356	356	269	269	269	31
338	338	338	245	245	245
39	39	39	39	39	294
429	403	355	173	32	54
320	493	82	433	378	267
342	96	234	206	423	408
140	140	140	140	140	440
225	60	351	417	97	39
393	381	6	476	403	469
432	432	432	432	432	67
416	416	416	416	412	226
39	39	39	39	39	54
120	120	120	469	469	469
14	14	14	14	14	123
284	392	106	301	364	274
260	260	260	260	260	421
178	178	178	178	178	318
226	226	226	226	226	113
488	72	492	77	467	232
265	265	265	265	265	263
363	363	363	363	363	145
88	116	409	158	276	25
235	219	85	390	219	418
249	249	249	249	249	180
417	417	417	104	104	104
455	455	83	83	83	281
210	210	210	210	471	16
373	373	373	373	373	291
276	276	276	276	276	283
20	20	20	20	20	296
354	355	431	354	111	26
499	499	499	13	13	13
148	148	148	190	190	190
215	215	215	425	425	425
239	239	239	239	239	25
66	66	66	66	66	283
331	331	331	331	331	264
460	460	81	81	81	438
60	60	60	60	60	170
476	476	476	476	476	132
185	185	185	185	185	337
147	147	315	315	315	479
397	397	397	397	397	390
396	396	396	396	396	317
333	138	297	206	475	394
205	205	205	205	205	103
149	149	149	149	149	383
193	193	193	193	193	2
20	112	290	20	356	314
488	488	488	488	488	139
473	473	473	473	232	222
459	459	459	459	355	482
267	267	267	370	370	370
389	389	389	252	252	252
70	471	277	12	123	145
310	310	310	310	310	403
201	366	76	24	76	209
446	446	446	446	446	281
468	468	468	468	468	81
117	385	482	92	482	48
229	229	229	229	229	484
6	6	6	287	287	287
283	283	283	283	34	87
216	216	216	216	216	236
58	58	491	491	491	87
24	24	24	272	272	272
222	222	222	222	222	197
427	289	427	415	361	17
10	10	10	330	330	330
264	264	264	264	54	405
408	408	408	408	408	192
388	388	388	388	388	367
414	276	9	382	382	411
477	477	477	477	477	497
354	354	354	354	354	89
461	379	333	129	223	199
22	22	22	22	22	186
189	189	189	189	189	163
429	429	429	429	429	197
26	26	26	26	338	280
449	449	449	371	371	371
316	316	177	177	177	65
235	235	235	235	235	26
137	137	407	407	407	473
459	459	175	175	175	208
469	469	469	469	469	208
370	370	370	370	370	197
289	289	289	289	410	440
458	458	458	458	458	416
53	95	357	418	211	274
433	121	146	127	121	445
220	220	220	220	220	493
198	198	198	198	198	323
132	487	497	139	425	192
425	194	315	45	207	275
404	404	404	404	404	151
306	306	306	306	306	426
277	277	444	444	444	399
12	12	12	12	12	323
473	473	341	341	341	218
392	392	392	392	392	207
292	139	187	268	420	281
24	416	416	486	297	125
10	10	10	10	10	303
204	204	204	204	204	154
492	492	492	492	492	194
317	317	317	317	317	476
353	353	353	353	353	271
385	210	275	267	300	217
3	3	3	3	3	454
328	328	328	328	328	444
379	379	379	379	379	3
210	268	227	187	168	63
12	12	12	12	12	250
34	34	330	330	330	301
139	139	139	452	452	452
292	292	292	292	292	415
423	423	423	423	423	490
223	223	223	223	223	79
370	370	370	370	370	277
169	42	147	189	195	93
466	466	466	466	466	165
353	457	353	175	151	221
225	225	225	225	225	32
356	356	356	356	356	113
70	357	277	66	208	165
17	17	17	496	496	496
334	334	334	334	334	182
229	183	278	409	229	231
465	191	140	389	280	391
374	374	374	374	374	204
144	144	144	144	144	452
415	415	281	281	281	212
254	254	458	458	458	88
1	1	1	1	1	76
226	226	226	186	186	186
210	210	210	210	210	3
4	105	210	269	119	47
485	174	219	335	50	378
12	247	153	12	187	489
229	387	306	195	477	207
97	110	77	77	208	233
434	434	434	285	285	285
185	185	185	185	185	348
215	215	196	196	196	185
431	431	431	431	431	171
223	223	223	223	223	356
57	57	57	57	57	123
446	249	63	458	361	11
253	38	206	38	230	126
379	379	379	379	379	423
449	449	449	449	449	365
104	104	104	104	104	413
149	149	149	149	149	401
46	226	234	67	318	315
302	302	302	351	351	351
467	467	467	467	467	88
389	389	389	355	355	355
422	422	462	462	462	35
253	253	253	253	253	328
182	182	182	182	182	173
166	166	166	205	205	205
257	257	257	257	257	463
200	200	173	173	173	91
396	396	81	81	81	27
215	215	438	438	438	474
63	199	199	270	448	492
19	19	19	19	19	31
272	272	272	272	272	284
366	366	366	366	382	126
348	354	198	28	13	86
433	176	176	498	183	171
428	428	428	428	428	198
470	470	470	9	9	9
242	29	260	290	159	267
106	106	106	106	106	240
372	372	199	199	199	469
449	449	449	449	449	145
112	305	7	112	109	274
207	228	130	245	207	366
26	369	449	215	432	240
452	452	452	452	452	438
6	6	6	6	6	44
140	140	140	140	140	161
164	442	383	45	149	421
220	317	424	257	158	397
283	283	283	283	283	33
306	306	306	306	320	212
459	375	422	64	422	171
300	300	300	300	300	181
476	476	476	476	476	145
466	466	466	466	466	97
349	349	349	349	349	439
295	295	295	295	295	89
479	479	479	479	479	270
237	237	237	237	237	138
129	129	129	129	129	228
347	347	78	78	78	175
127	23	191	301	97	384
467	467	467	21	21	21
250	250	250	250	250	186
158	158	158	158	158	251
316	123	300	24	324	358
16	16	16	457	457	457
26	438	121	57	211	11
485	485	485	485	485	120
405	405	405	464	464	464
103	103	103	253	253	253
343	343	343	343	343	32
366	366	366	361	361	361
85	203	352	469	182	287
429	429	18	18	18	137
431	431	431	431	215	478
70	157	181	370	457	303
439	439	439	378	378	378
50	50	50	50	50	221
21	21	21	21	21	65
44	44	44	44	44	149
432	430	76	482	241	292
268	268	268	268	268	157
336	336	336	336	336	488
240	240	240	240	240	412
86	86	421	246	368	397
275	275	275	275	275	126
73	264	188	256	256	354
3	235	477	3	54	114
159	16	30	315	188	102
337	337	337	337	337	469
430	430	430	430	430	398
25	149	168	29	78	486
181	460	461	461	42	197
286	286	286	286	286	232
115	115	115	316	316	316
117	126	214	267	475	121
301	301	301	301	301	71
320	320	320	320	320	90
445	445	445	445	445	86
393	393	393	393	393	119
259	350	242	288	137	70
25	25	25	25	25	461
155	155	155	155	155	383
168	168	308	308	308	422
349	349	349	349	349	302
248	248	248	248	248	443
77	77	77	77	77	270
288	288	288	264	264	264
464	464	16	16	16	245
280	245	49	297	496	464
100	100	100	100	100	98
94	48	72	76	48	432
371	371	371	481	481	481
216	237	95	395	125	413
314	314	314	314	314	390
228	228	228	228	277	162
485	485	485	485	485	435
220	220	87	87	87	262
16	16	16	16	16	352
365	365	365	365	365	246
339	81	446	432	44	481
256	256	256	358	358	358
95	95	95	224	224	224
286	286	286	286	215	53
84	84	84	84	84	7
206	220	84	429	8	113
420	420	420	420	420	234
150	150	150	150	117	480
413	413	239	239	239	303
444	444	444	444	444	204
85	85	85	323	323	323
382	382	382	382	382	203
421	185	180	144	484	178
67	67	67	67	67	249
43	43	43	43	43	103
304	304	304	304	304	246
354	354	354	354	354	198
306	306	306	306	306	465
316	316	316	316	262	287
81	427	496	126	328	309
361	361	361	361	371	286
260	260	260	260	260	381
277	277	277	277	277	177
142	142	142	142	142	248
363	363	363	363	363	397
291	44	231	224	137	110
467	467	467	467	467	230
398	124	214	230	363	284
489	489	489	489	489	53
305	305	487	487	487	125
411	224	26	135	411	237
451	451	265	265	265	142
412	445	145	445	247	413
484	92	152	159	358	32
412	412	412	412	412	169
16	16	16	16	316	111
90	90	90	90	90	339
74	74	74	74	74	20
113	254	354	287	287	1
77	77	77	77	77	19
69	69	69	115	115	115
298	298	298	298	298	96
462	462	351	351	351	97
236	236	236	37	37	37
248	248	207	207	207	136
229	229	229	229	229	410
278	278	278	278	278	272
388	388	388	388	388	316
191	191	191	191	191	293
131	131	131	131	131	261
169	169	169	169	169	496
187	187	187	187	187	28
91	91	91	91	174	311
225	225	225	225	225	290
462	421	353	353	48	371
123	123	123	123	257	80
28	359	68	269	426	82
30	319	30	273	265	286
221	337	276	85	128	379
475	475	475	475	475	204
97	97	97	246	246	246
228	228	228	228	228	3
94	94	94	94	94	497
422	422	422	384	384	384
460	460	460	460	460	311
468	27	195	195	476	297
429	429	429	64	64	64
319	443	322	67	460	113
227	227	227	227	227	241
403	372	253	233	253	483
491	491	81	81	81	316
423	429	180	321	301	53
154	154	154	154	154	254
130	130	130	130	130	147
485	485	485	109	109	109
367	367	367	367	431	49
340	340	340	340	340	244
417	417	417	144	144	144
271	271	307	307	307	343
122	122	122	122	122	33
343	343	343	343	343	260
221	221	221	221	221	207
416	416	416	416	416	429
327	327	334	334	334	342
188	188	188	188	188	58
154	154	154	154	345	289
479	479	479	479	479	447
21	21	21	499	499	499
88	371	237	70	40	172
37	37	37	37	37	209
497	497	497	85	85	85
360	360	360	360	360	472
74	74	74	74	74	388
358	358	358	358	358	317
484	266	287	219	395	41
456	456	456	195	195	195
270	270	455	455	455	132
255	255	97	97	97	236
390	390	390	390	390	439
419	419	419	419	419	46
324	205	141	230	255	341
344	370	114	370	15	479
453	453	453	453	453	455
478	478	478	478	478	340
438	1	373	333	305	3
242	494	391	457	457	481
318	318	318	316	316	316
347	347	347	406	406	406
189	57	179	298	152	165
290	290	290	290	290	183
80	80	138	138	138	185
167	167	167	167	167	365
126	126	126	126	126	23
192	62	136	192	114	139
111	265	235	46	314	189
496	496	496	496	496	456
256	256	256	256	256	234
59	59	59	59	59	426
450	450	450	450	450	496
483	483	483	483	422	204
167	167	167	167	167	60
198	198	198	198	198	205
153	153	153	430	430	430
7	7	358	358	358	113
59	59	59	444	444	444
40	40	498	498	498	45
388	388	388	388	388	252
417	417	65	65	65	261
370	370	370	370	370	289
327	327	82	82	82	246
219	219	219	219	219	271
237	92	80	238	80	475
114	114	114	108	108	108
420	420	420	420	420	368
75	329	83	236	185	499
185	185	185	185	185	25
290	290	290	290	290	97
70	70	70	70	70	288
293	228	399	399	363	152
307	307	307	307	307	222
14	14	422	422	422	103
119	119	119	119	482	340
118	123	32	397	396	228
459	459	459	471	471	471
107	107	107	374	374	374
266	266	266	266	266	293
441	441	441	441	441	70
174	462	477	429	235	337
228	228	228	228	228	62
396	420	214	392	442	357
399	128	459	407	79	157
461	461	461	461	461	67
409	409	409	409	409	321
319	319	319	319	406	79
307	307	307	307	307	484
64	64	64	64	64	79
26	26	26	154	154	154
262	403	130	403	246	269
449	449	449	449	449	264
151	151	151	151	151	345
402	402	402	394	394	394
290	324	2	236	415	132
241	231	76	76	133	497
28	28	28	28	28	435
344	464	464	494	378	220
257	257	257	257	257	471
129	129	129	129	129	341
192	192	148	148	148	350
101	101	101	489	489	489
339	339	339	339	339	214
449	449	222	222	222	477
426	426	426	426	426	81
379	379	379	379	379	75
47	47	47	140	140	140
405	405	405	35	35	35
455	455	455	255	255	255
154	154	154	154	154	181
76	76	76	76	76	391
312	312	312	312	329	410
117	117	252	252	252	360
1	1	1	220	220	220
29	29	29	497	497	497
349	349	349	349	349	29
438	438	438	438	438	254
213	213	234	234	234	142
141	157	261	98	295	326
135	438	417	308	342	239
354	354	354	354	354	279
138	138	138	138	138	309
288	288	358	358	358	442
82	82	82	82	82	322
468	468	468	468	468	264
113	113	113	113	113	478
479	479	479	479	479	104
20	386	449	247	247	62
196	196	196	196	196	56
365	365	365	365	365	247
56	56	56	56	56	218
174	174	174	174	174	445
30	30	369	494	8	48
226	226	226	226	226	34
85	85	85	85	85	398
478	478	478	478	478	102
341	341	341	341	341	18
106	381	222	391	106	264
300	371	234	270	371	78
30	30	30	30	30	239
427	427	14	372	357	28
155	155	155	155	155	18
221	221	221	221	221	248
394	115	394	104	478	158
384	384	162	162	162	407
269	276	269	84	300	476
15	15	15	182	182	182
150	150	150	150	150	165
143	143	143	143	143	290
4	362	216	22	358	121
50	50	50	50	50	207
484	484	484	484	484	372
1	1	1	1	1	153
389	389	389	389	389	97
167	167	93	93	93	337
306	306	306	306	306	264
330	330	330	330	330	358
38	38	38	38	387	152
427	427	427	427	427	119
235	235	235	235	235	263
159	159	159	159	159	217
440	440	440	380	380	380
47	47	47	410	410	410
356	356	356	356	356	48
51	51	51	215	215	215
119	303	247	122	456	183
348	348	348	348	348	425
138	138	138	138	138	227
433	7	481	167	18	147
490	490	490	490	490	44
68	304	447	361	457	345
168	168	168	168	168	31
427	427	427	427	163	28
351	351	351	351	351	327
235	301	235	196	257	221
366	366	366	366	366	54
207	207	207	207	207	370
75	36	267	170	170	255
129	129	129	129	129	125
207	283	155	294	294	422
65	65	65	65	65	446
186	186	186	186	186	191
87	87	87	270	270	270
114	265	488	145	245	10
453	453	453	462	462	462
261	261	261	261	147	37
220	179	335	179	174	354
416	416	416	416	416	170
494	494	494	162	162	162
149	149	141	141	141	171
80	80	80	80	80	188
71	71	71	71	71	6
8	8	222	222	222	349
127	319	86	127	24	42
456	456	456	312	312	312
131	131	131	131	131	451
307	307	307	307	307	419
147	32	491	379	212	454
319	439	182	235	72	152
106	477	306	428	433	302
451	451	451	451	451	64
160	160	160	160	160	443
246	246	246	5	5	5
344	121	304	358	304	98
413	233	383	408	34	219
53	53	427	427	427	267
93	93	93	349	349	349
321	321	321	321	321	218
296	296	47	47	47	208
262	262	262	262	262	72
356	252	233	152	256	337
108	108	181	181	181	80
339	339	123	123	123	167
239	239	239	239	239	274
160	160	160	160	480	112
370	173	240	376	370	46
27	27	27	27	27	449
200	200	120	120	120	118
227	227	227	227	227	377
294	294	294	59	59	59
146	146	146	146	146	375
348	323	491	9	348	280
289	289	289	289	289	238
390	390	390	390	390	60
478	478	478	478	478	96
441	441	354	415	144	85
459	459	459	459	459	451
451	451	451	451	451	225
181	181	181	297	297	297
258	258	258	258	258	59
326	326	326	326	326	457
143	143	143	143	143	426
383	77	237	190	189	487
224	224	224	323	323	323
447	447	447	447	447	427
208	208	34	34	34	385
226	324	146	165	146	334
129	129	324	324	324	65
125	125	125	125	125	365
348	348	159	159	159	332
205	205	205	281	281	281
206	206	206	206	206	482
487	487	217	217	217	214
128	128	128	128	128	483
227	227	332	332	332	122
176	176	176	176	353	226
51	51	51	51	51	323
171	171	171	171	171	70
206	206	206	206	206	333
33	33	33	33	33	240
497	330	259	111	83	496
176	60	469	176	28	364
374	374	374	374	374	212
258	479	311	177	162	164
284	45	238	45	259	234
424	424	424	424	424	70
256	16	451	160	326	56
194	194	194	194	194	152
149	149	149	149	149	61
457	457	457	457	457	223
140	328	461	214	179	468
368	368	368	368	368	261
113	113	113	113	113	72
47	47	201	201	201	459
83	83	83	83	83	373
112	112	112	429	429	429
309	87	217	436	10	207
218	218	218	218	218	121
479	479	479	479	479	454
195	195	195	26	26	26
452	23	376	4	485	73
281	281	281	483	483	483
378	461	97	97	176	93
139	139	352	352	352	222
445	445	445	445	299	216
495	495	495	495	495	292
263	263	263	263	432	7
327	241	398	153	34	295
73	73	73	318	318	318
420	420	420	420	420	157
45	45	45	45	45	259
165	165	165	125	125	125
189	189	415	415	415	270
328	328	267	267	267	152
226	226	226	226	467	223
396	407	396	272	411	347
195	195	195	468	468	468
57	57	57	57	57	179
347	347	347	347	347	72
217	386	498	288	498	41
78	78	24	24	24	227
245	245	245	245	245	271
166	374	301	438	81	343
359	359	359	359	359	416
48	48	48	48	2	94
284	322	167	204	167	483
128	128	128	438	438	438
30	489	357	489	388	433
189	189	93	93	93	423
244	244	244	244	244	23
8	8	8	263	263	263
24	24	24	24	24	456
165	277	331	165	50	448
195	195	195	184	184	184
458	458	458	458	458	113
88	88	88	88	88	492
