-23066
-71725
1740
-11592
-1842
2836
2244
13748
31450
-234
-20370
11592
-33288
-12103
3465
-1550
46023
42269
4240
-1299
72228
-19344
73458
-20851
-15904
2655
12222
10944
40326
61479
-3774
-1888
12998
62985
9324
-33030
63758
53496
-3538
24800
9700
-3165
20145
15480
88949
2074
-17784
11781
-11840
9828
-38760
-29450
26144
-62001
-13275
46893
12079
8584
3298
-61028
-17385
-45756
6048
1008
3608
21465
38430
57138
-52839
-51794
51282
-31122
-73863
2822
22984
80012
-4510
6664
-33294
16926
-52487
9450
-9408
-3430
4368
19677
-2436
19836
-20710
-17496
15822
-28992
-14795
10800
11651
-17548
-4557
-25714
-37840
-5280
13695
3136
-18740
80928
-12200
1764
7965
-32725
-3283
41748
31906
7630
35046
19932
-39024
-21777
-26650
28767
2001
3936
-22680
13426
52020
10470
12556
-52451
-19228
4175
-132
-32110
-66150
1814
8384
-70488
-8347
-67284
2100
3696
-7790
-5868
-27528
32364
34776
51849
-17595
4472
-57380
-9792
-17485
-79840
24921
15120
13908
6324
7428
-16695
4454
-13090
6216
73619
-33596
-19046
37524
14824
-20748
-46640
-2812
67270
2082
-63570
30186
69000
5474
2624
-640
80324
-2232
-55143
14535
21736
1178
42413
6996
-44872
-5150
10400
-64
-4902
27072
-28280
5831
-4640
13280
39167
65598
60606
90062
-32328
26640
22578
-49704
15276
19722
55341
-5031
29367
-15410
-75168
4851
2430
-1440
3471
-66510
-3304
-19005
-41004
6160
-24638
5310
30969
-22250
-58563
35904
-1242
-14946
12546
16500
82956
-36686
-29664
-23520
-1337
81426
1314
20685
-56916
64119
-8536
2676
34160
-29276
-32091
20298
8778
-1007
-80370
19514
42616
38364
-2088
-12864
-943
-10700
45936
26411
28361
52960
-10944
317
4864
69331
5776
-44149
-702
-518
45492
-45409
6960
-62190
4704
10224
-38088
-12142
8671
9470
-3268
-18300
35033
54194
-66000
-13728
1040
20250
-41184
44030
66348
65065
-37587
-12190
3848
27195
-10076
-40713
2052
-16808
-3360
-2550
-62328
41041
36540
-70205
-2896
-5983
-42210
50580
-14102
61308
-14396
23556
6230
-19450
-1708
29808
3789
-31959
20736
-21595
25020
-26216
-60264
-12255
48794
574
2193
-17542
30976
53028
5335
-9695
19008
-27300
-10034
-32763
-4526
-990
26910
2590
21528
35025
-22661
2799
-59908
17472
-1512
-3354
-35287
-1140
7654
11520
40110
23328
-9504
2547
-16833
1080
-16065
46013
35242
40752
-2044
14872
-92
-25785
42
-27450
-2397
5562
33372
11193
11479
65170
69930
-10374
-52155
-7030
15180
5040
18360
-8195
-22770
-385
4980
-14910
-45056
43146
622
-19968
43378
-44715
-67554
-974
-13650
65625
14329
-3104
-14928
-37884
54730
20126
-39582
38294
-66675
82
-28638
-29358
-47460
42908
33356
43722
75816
5076
16632
-83812
8288
20852
5445
6615
26466
2680
-17280
2610
-33520
-29520
31801
10080
10400
26048
-5767
39273
36528
21600
-20020
-7602
-10235
44190
29109
6534
-21204
42543
-4050
53105
-1235
37710
6210
56214
53882
31692
-86572
2800
-7644
3160
6813
-13145
78771
33907
-50190
-116
11774
13248
3350
50086
-60192
8645
-86204
-52290
-8550
47424
-13384
-37289
-4730
10275
19640
10257
-27392
49728
646
57204
-7395
-7917
-83420
-1272
8235
26730
2709
25488
15561
-34271
14388
33280
17088
-11904
-25529
32775
-37158
51381
-3444
58590
-3920
-27931
73778
-8316
17963
-9680
-1768
-47058
880
-37989
58200
-7395
11180
-2240
71440
-42097
-2576
-23569
-52472
-8736
-15394
13224
4048
20910
-1302
3625
-39220
-1328
6831
-46080
32994
18172
-3521
-21689
-6330
-52626
-16211
6854
10560
15675
3048
-2673
-9191
8658
-31208
-45355
22419
13626
-18876
-5376
5124
-2035
-28119
4445
3956
16104
27555
-26976
37240
21141
18088
-54180
876
-14364
-91086
-6320
2001
11991
-33100
28372
-12880
15030
53889
-68888
13100
-3817
560
56956
4838
-19440
-9716
-17544
20631
-67360
24412
-62916
2950
-11571
-37840
8525
-7325
11730
87480
14856
8949
-1513
13800
7308
1888
-59760
-385
12710
-19110
5440
43472
75
-65688
39184
31136
-31356
9044
84366
-6615
-6160
12330
-15704
195
280
55100
-57190
657
-17184
15824
25584
17286
3640
-33180
-8007
2376
8910
-11679
51512
-68094
10860
-14784
-2898
1456
3892
-5166
-74880
-5356
8670
-24908
14145
3828
-4617
7728
-16992
-14520
-49912
35629
-95712
-5432
-37324
8711
18832
-37224
31142
5580
29561
-1737
-21359
11340
9945
-3726
-56940
-2304
-8736
-40768
25854
32112
13695
-15525
2634
-24653
61506
17380
43176
-73718
-10728
57400
428
20299
30260
-3212
8260
-4067
-11968
-2859
54756
17835
11388
2880
14427
10950
-62433
12571
39
65620
34916
-8041
40710
65786
-13360
87384
-7968
14868
48256
20517
15200
10483
79645
46782
35464
-6370
58938
34410
14352
10725
-8330
13585
-115
-9360
-3087
4920
45815
18009
18699
952
826
-56454
-1115
11040
31008
-76300
12696
57072
1155
53108
10452
10146
61134
22253
11259
-7904
22791
11253
-12720
8062
-58056
15130
-27613
11718
18502
2162
9483
34080
669
-38808
2816
17472
5031
25916
8740
61831
45630
-7560
-28830
-3208
-37011
45700
8736
60663
-17821
11760
504
20064
17458
-7616
4095
-7874
35550
6783
-49290
9197
28665
8060
21719
-33117
5211
-24255
36952
10900
-12141
42889
2159
29082
-13135
30100
5764
-60858
18963
7486
-66220
-6752
6156
-83174
18312
41877
5625
2598
76916
-49078
-31244
-45123
-21667
15532
-12402
40800
13005
18848
-9768
-9170
-52360
14697
12690
-13348
-21700
-54824
-34320
2960
28196
-31330
-22440
-21488
10560
-28017
36636
4488
6900
93060
-13524
28476
-24388
769
11949
871
-10000
1419
29216
-356
-547
-28665
3097
27098
36440
62578
47880
41790
30895
-18677
-50064
7287
-4032
40392
-23212
9348
-38423
-28740
-1391
-8388
-27324
-3888
-27104
3682
38425
8680
10266
38640
-7920
73041
-88288
12948
-725
-2134
4770
-53808
-57728
15093
-585
-54670
50175
25545
-20304
-610
-6664
2380
-9546
-32430
-42807
-26268
-9430
-11163
-14895
-29882
10742
-71568
19024
-26488
1632
26789
13041
-89089
31640
-1628
-6223
-51903
8424
-4420
-1211
16820
-8702
39597
-15222
3840
11136
5360
-37392
4452
-34224
31206
89952
24700
-59046
-1620
-13904
1698
-1025
-41194
-23485
-54448
-22338
6384
28016
30096
15552
10340
27232
-4048
36064
-75779
-44710
-2185
300
-4584
-15160
81130
24016
-77657
36608
-26730
-47397
47250
30966
-43400
3219
-39520
4617
3354
25737
14248
-12032
51779
26532
6222
-56637
-3696
31122
-45172
35020
13718
-69715
-25155
30800
-56487
-40860
-52950
39748
2304
27528
-32723
23256
2662
-34077
50484
60984
64314
58362
3486
383
19278
36308
-10650
-63341
8649
7548
49873
24280
87780
-368
4425
65373
-34974
22428
-35264
-16776
5325
-27606
-17360
-848
-50460
3140
-11468
-8505
75336
2172
-5520
21594
-29040
-4522
20677
45400
18788
17697
16796
9975
48832
11956
-55744
10304
-3234
-55876
56260
41883
15721
-5
9464
54684
10295
35490
1690
-23100
-22176
51645
-15890
11880
69192
-66868
1935
25641
7830
2224
25270
-370
-25681
-1560
-9438
52899
76500
-14645
33814
-20746
1624
40132
1974
-67864
-22608
-15925
-10524
-19650
13860
-13992
12960
-43320
38180
-85230
54720
7800
43176
27040
-77605
-6148
-5027
-21452
-24120
3630
232
84550
-7693
10362
-10800
17802
12466
-77169
-19007
0
-6177
24780
7395
-546
12782
327
-17114
2625
-7500
-385
17334
-644
42277
39501
48108
-2856
-20188
-7068
65861
-18430
6785
4606
-72124
-7704
-6052
-16530
-10994
-43200
5200
-67235
4182
61746
-5856
57053
-2784
-13104
-13134
2139
76096
-5562
9306
-37950
26418
73610
-10920
-89817
31878
11020
18732
10951
25604
-58480
59563
-26010
-15520
-14091
3740
11374
10982
11853
-52638
9890
-2700
29625
52560
84624
40275
50991
92055
39804
8253
24624
-42510
-20493
-33208
-215
58855
8875
32793
-16866
-59192
-9200
-20450
12183
-71246
5677
-74
6103
-10290
-22236
56352
10010
-61146
-64416
-4390
13962
6708
932
-68130
27280
966
15407
5337
-6894
-132
39990
12864
-13858
63217
-5148
7144
-23908
3456
46920
18171
30705
1888
-8855
-21868
36788
-71424
-22313
84420
-3420
-41785
-25481
41724
-8759
-34944
-8857
16341
-1100
56829
4619
1079
41420
19694
-15880
819
2408
25445
40040
-4032
14964
-1015
-9975
-2492
-18200
11716
-58316
16983
-43996
2304
-5456
-44899
-4020
-31800
19305
8375
2277
-62665
-88629
-27024
37367
-45168
-36805
3976
1085
-3824
-12053
-244
-336
-28160
-17920
-10720
-35760
2985
44541
61770
-28073
3127
-20355
-1352
62496
-20128
83470
-35350
2652
-1512
9211
-38442
4242
-16362
-11529
46665
-1840
58048
-57420
825
36720
49368
-3440
1280
-29400
5945
-7686
-6735
867
7440
80240
-55327
-77330
-11396
-30447
2242
46980
-3024
14353
-90
3850
3938
-20692
-17650
-1647
-912
-43030
42636
28899
28440
-16506
-4640
-5775
-19573
-3380
1092
34800
-10621
-47272
5544
-4149
2805
-41817
-8820
-55298
-19604
83942
18340
-1680
1958
10800
29016
19170
24390
-28854
50440
-6556
-56906
59752
-12054
-5840
60672
5893
44436
57060
17205
-5170
52287
2469
6960
-4950
-53955
-430
6396
21384
-560
51448
-20658
19406
26904
-8556
-116
-10504
2028
-72171
-37418
23766
-778
-30345
5778
-20805
30316
-21028
-1980
27160
-5148
-1505
76242
5580
68704
15521
-5285
31581
-18270
2223
8088
-62640
-30291
-43035
-1454
-22814
232
-22892
-21294
-8316
-11050
-20801
12090
-53064
-4752
-45375
-34373
4450
-28240
-22438
51336
5658
-29260
-47085
-189
-30264
2160
-4095
-10224
-30233
16214
82614
22400
13856
39950
29376
-15960
-2584
-17995
-50985
30744
9417
30870
-8512
15906
19152
-32589
-33189
24206
-25122
-5614
6655
15041
-11656
-31080
5292
19584
-23582
-4825
32860
-20510
-5238
28672
-7455
-27328
16040
19604
598
58146
26005
45024
29283
-28728
-53867
-13570
-52915
1736
-9120
33192
-25376
40449
12090
41420
10051
-67320
4961
2460
32800
-41624
1035
49784
-10625
8436
-34777
6118
574
-47124
59276
-39192
41400
-19035
6222
7623
17520
-20720
6071
1692
-29563
260
-42968
35260
13771
-28390
34944
3120
-21476
-84348
-32406
-47082
-52932
83655
-5434
66044
-49593
26790
-13774
-798
56460
-42147
46079
10080
17253
-32076
-31042
9792
-87570
-45780
-29475
15984
116
22586
-22197
-62160
7623
-2210
9443
30100
6903
-35052
-11522
53496
56724
47200
5840
-29795
8100
42780
-8176
12464
59220
40902
294
52477
-13578
8415
-22575
37157
-28992
-24418
2260
-85540
3696
3773
-22575
-8712
-1008
-34290
5742
-24150
-76362
-4356
-8099
5335
37240
-47430
-1710
28416
-48960
4704
9672
19796
-7450
-48692
28623
-38552
-29536
5822
-42021
-22626
-14674
30960
22389
35192
8960
-24908
-7372
-14482
17900
49664
9504
-4848
-36920
-16880
-15840
17496
-23684
71040
-10656
-6617
-22632
70122
-34532
-7722
-14340
65934
-5088
22464
63101
-21333
53428
9462
-856
30039
-28560
-58410
1587
-6760
-13689
-12870
-63058
-14904
-91724
-12800
-45792
2322
60160
33750
-7120
6555
8608
-40865
-506
-63729
3390
-79992
31722
56994
-31296
7830
69150
-55366
-50902
31688
13104
-2695
46494
-52425
-42772
26028
-21736
24050
-57354
9135
-8385
-2560
11495
18988
-7216
-34368
-2116
1188
-5762
-80100
36800
-11712
64313
-62784
-1375
-26492
78208
-21225
-16992
-15533
81747
-8648
19458
-23716
-15060
-14190
-11775
68475
15236
-22800
2832
35073
805
-1003
36105
9282
-21805
61932
-28938
17520
-30444
-16240
10444
25740
23868
13772
18768
-54036
-19152
14768
-41344
-19223
-21560
-528
18438
22680
14900
2106
-5988
-5880
10352
19368
13018
-5340
11322
-9394
-7614
-6847
62634
-10032
-19985
3240
-58597
37248
24940
-8070
-54230
5047
84420
-7546
18432
-93023
25271
-50680
-7906
-17995
12617
209
-16236
15288
21608
-35178
32676
-5286
58608
-157
-15618
-18160
8792
19100
1690
-12811
-70890
45570
-24885
27900
42504
-19712
31200
-31080
-43197
-10934
4130
34573
2170
-8472
-6496
6336
-67050
-30832
26370
-41940
55728
-46088
8405
-26013
5418
48783
-54165
3244
-648
-7348
-73305
-38078
-12180
-80475
-3632
-6588
-41769
-26004
-35496
-22059
-90336
-65067
-21054
-14220
47304
-57439
-28674
-9140
58725
-34854
1830
87219
42400
34650
1050
8296
-39015
-20720
66300
-19866
8480
-6480
-4784
1206
-7155
-27216
-7839
-47050
22410
47582
-13846
-41783
9101
-54054
34356
-36420
-54796
-718
-18333
-53064
27440
-48332
6039
-3000
62510
1624
28527
46322
-21280
-43056
-58220
-24472
15876
14136
13980
84351
6992
58496
-8092
15750
-2584
54686
-12672
21320
51968
-36099
59001
16926
10336
-36800
-9512
41477
-6160
-26460
-27176
-29716
-2960
3280
-8680
45384
2034
5395
12210
81840
6352
-15760
36096
4368
-1110
51660
13143
-550
-5655
-14652
-6401
15997
40656
4367
6800
4667
-34892
-29848
31020
-14760
1848
-6734
-39425
43362
21142
74228
19152
-174
-3703
-23652
-13600
-18360
-2384
-27054
-5254
-19845
23004
-31584
-39516
39879
50978
308
72
-35100
3360
-54290
-12894
-14208
6076
-10020
42108
-46596
9688
918
16660
27730
-9854
-24264
55200
9842
-7480
45300
7378
2516
13454
25012
48412
-74184
7900
-80592
2712
-51709
-17425
-15200
-83096
-34200
-68775
-13104
-10792
-39010
-73248
-11784
-2291
-3200
21336
10065
46629
53040
7748
21714
-58794
-4450
-245
47971
-640
22971
10540
-2420
-17182
18648
14022
68996
6076
-21264
-15776
-25245
-6816
35997
33534
62832
-3920
34352
4221
-5214
-56522
-1558
-7203
-57850
-37730
9288
8500
-20020
-480
2871
5360
0
-630
-20295
16416
9153
-93024
96500
-14476
-24380
-6930
14175
-14611
19320
42000
71148
35374
5736
-11115
4902
3780
702
-3430
-9504
-16744
1440
34142
-216
22734
-1710
-5064
58362
23392
63895
17309
22152
-9888
30590
90792
10946
-17358
72556
-24017
-50032
1284
-3875
74970
-38284
-60208
31034
18690
-18245
11622
-21797
-41136
-6864
52758
-32253
-484
36367
55575
-6258
32364
43553
-25655
-21641
-48790
28640
-5376
1276
15730
-36646
-2205
40004
6747
-31632
248
-33977
290
-21408
-10230
-59897
61370
-94866
-66815
-33216
-4140
28496
10959
-9960
72197
-2412
13545
29460
-55554
7566
-4200
2916
53940
-2784
-51545
-14454
51520
37128
426
20349
-108
-163
7820
63204
-6300
-108
-2992
41712
26970
49910
4620
-30650
26334
10004
35631
37350
66240
-1325
-55328
-5733
21008
-3430
-46155
-3840
52326
13860
2494
45942
-12150
14940
12393
247
16359
-21700
15675
-10644
29328
39984
-40052
-88377
-18518
1210
5513
-46227
-10725
-34996
-58968
-3880
-14352
43516
-26605
-940
-24832
6972
27288
-37400
6685
42585
-22815
-4872
-72675
-32361
-4824
-1736
-1664
26076
10500
19783
-20706
-23364
-36736
-40376
58512
-16368
-15600
-4728
-30844
90896
-36064
30260
-79299
-12586
35190
1060
44365
23530
9325
23919
-2080
-14782
-20962
52704
10148
27120
9384
-18792
15640
31488
-15015
-423
-7370
-51225
-12320
-36288
-93888
12988
-36774
20862
51465
2085
1556
-69782
40066
-84400
-11360
-56970
-33306
-16376
25420
-18040
44080
1815
-19270
-4730
31620
89397
-55748
-11376
4096
-14145
-23004
27520
3024
-45696
-6958
-13328
-18193
21203
-43098
-80300
-17088
11520
-38318
-47700
1513
7371
28770
5415
9944
5025
-7776
2379
33977
95448
-22724
-41664
70520
-19400
3224
-63975
38500
-5120
-19440
-22140
-5922
-13134
83328
-26400
3906
14229
-78160
48867
-21271
-3663
9810
2882
43890
9168
-40643
96400
-22680
-63570
-62308
11076
33136
-21632
-11256
5730
297
-35457
-46526
-2163
6552
360
20856
-11424
-3809
1616
-3906
2211
-23883
-43286
41820
39329
-35010
55877
38743
-11115
-18249
-12075
-17934
-50176
12360
7340
-78735
-10790
-7030
-16929
44317
49383
4998
-77464
71617
22881
-5334
5520
74399
20286
82464
10800
5082
-15548
-9408
-3052
-34744
-3640
-56496
9560
-38364
4606
8874
-13728
3606
-27468
30668
-4902
5782
25664
7500
14841
3549
-7896
50915
10336
49770
5610
4732
-7345
-16709
-15580
3857
113
6872
43180
3690
7856
-47321
81754
-1266
-37599
40275
21552
34692
-39640
-4752
13510
39303
-2928
22069
46342
96327
-23364
-4964
3360
-10512
65272
30495
14694
96900
5831
3374
-10686
54230
60769
-11788
-32580
8607
14259
18870
43712
3216
-41029
-21995
7068
10800
-26355
-36782
-1995
-3481
-32760
1178
12160
-1570
-4020
999
21185
55055
-17050
-32872
28674
20136
-14673
-7638
8736
-1410
-80220
9690
-13585
-15805
-8514
-9936
1074
5888
-25280
-18876
780
-36034
20104
-22659
31284
38394
913
-11603
-36792
-15549
5712
-16596
-4176
-35420
88911
-11250
52256
7224
19038
37890
-13780
25704
35438
-1496
20880
-2520
17493
7014
-25536
26055
-41148
-19488
-20640
26280
51678
71175
-18224
-7560
-22568
3462
19894
-13472
-32674
-2189
-4350
964
-53108
-2340
11859
-20265
-32412
-45198
12744
6386
-32000
-36465
-22112
-3816
-14246
-1540
-28288
11696
38784
624
-53340
17910
-28045
-46150
858
-68493
44700
1957
-36875
32604
-33550
-33867
57706
4185
68392
-68264
33653
-18585
67600
10500
-270
-12188
39645
-25445
26381
-6270
-43488
-24500
-48312
6110
32901
-10114
4768
9240
-20148
-11970
-62592
-1589
9526
42527
-38454
27927
66720
-9204
13680
4932
48150
-11040
3885
-25844
-82025
32682
-11590
28640
22126
-12064
46208
-21428
3400
97218
-5453
-1365
-7348
54870
46123
-4753
72810
10791
4100
-3510
29106
-30100
-12972
3960
-11390
6630
-21300
35035
67528
-67872
20580
11573
68406
25600
-52622
20358
-30932
-852
3768
10013
-1196
-82848
-64998
4720
-39942
-25896
6600
504
2424
-24794
-50050
10520
-73790
-3895
-12177
42840
23859
26487
53622
82740
-1190
-418
15686
-13920
-10974
74385
61380
-288
1692
-5488
2140
25636
-31208
25380
-56024
-26406
-39498
-29646
-24016
26195
3656
-7300
-1500
3780
48639
-8800
-9548
-51243
-22533
-69350
-33614
-7350
2508
-1932
-11074
2084
2480
11844
37740
43368
29367
-13379
-41184
58700
-59202
45474
50016
17094
-4212
67130
-57534
5656
-11780
-359
20064
4890
-29029
38950
6773
25333
45064
6501
8820
8096
-6132
-62528
-18122
-25578
-13250
-11462
65664
54883
-18920
-6642
-42723
54
25428
21195
3404
53900
38584
-299
-8162
19525
38786
-43990
30590
46440
-7852
-23576
860
6084
-13230
59585
-74080
-8298
-38212
-20774
-5357
-59940
53658
-1092
-40256
1110
-9720
-35770
-39520
54925
-435
57456
12054
-9163
4620
-1872
2821
-402
62100
21024
-5250
5720
-2898
-23976
10296
44500
-2100
-10634
-73515
20016
-6854
76273
13095
1760
-10726
-17622
25428
-1200
5772
5304
-31440
-45312
8745
3964
-1683
30600
-40940
3339
10725
-24992
10269
-15180
14850
-4186
-4216
-6280
-20460
-4120
-20832
31320
-51200
42889
-8701
1890
-1677
-36661
-8232
34823
-29260
-6525
1405
3036
19135
6400
49896
-5875
21150
13524
-96726
2460
2268
-3136
-1364
5800
16951
40293
1820
54824
-36260
35292
-70532
-18760
27368
5390
25393
7678
-12254
44732
60590
-5088
-2720
-7938
3600
37100
-60352
-92100
-70680
10585
-896
51888
1253
-32430
420
-3000
-9315
37310
-8636
-52622
60918
-7720
-8618
-2508
-10416
-17226
26038
-16212
-2590
29315
-26688
-8614
83083
-2820
21306
-11102
1595
63558
70616
77934
-8010
5064
-15822
76674
-45885
70372
-574
19768
37926
3528
51456
-32238
8424
-846
63520
-34060
-48420
-14652
6190
6083
41520
-975
3465
-1824
-90727
-88172
-48556
22704
-37146
20240
-50310
44352
-53332
-3298
-25567
-17304
74151
84129
49984
-6732
47334
-3504
-6039
-67160
15640
26466
-15750
-31040
-46704
-8796
2886
-36652
-13482
-2882
888
13056
-27734
-62696
16146
-3664
8640
-1728
60720
52584
-3620
16530
-1988
5278
-26640
-20436
-14637
4086
-14833
12245
-1602
72422
2867
2880
-16456
-6328
-5460
44603
-13035
68894
34222
20160
7280
6903
6800
36722
-3906
30285
-14200
-4329
3504
-608
-582
16200
2805
14400
38442
24795
36237
82414
-18690
-2880
-46662
457
-30875
-40533
600
-740
-30840
45408
-3876
-4212
78678
-29988
-38456
-4345
-10350
-3526
-5063
24548
54786
13760
28275
-13485
-11761
-63360
-40080
-23376
-23800
-15435
55580
-14668
-71136
-20706
53100
35532
9828
972
67158
-34344
-2520
-23760
66846
-47700
59220
-17301
-56169
6768
45942
65681
-18490
-688
8208
6384
-5904
-7840
68628
27720
-13120
25992
-2973
-13050
-24096
-73630
3610
95844
-21624
70984
1196
-23250
17700
-3960
4420
18088
14212
4712
11736
-4590
7380
8610
18462
-59520
-60720
-34452
-46488
36595
51030
-12980
-13536
-4700
44394
-38199
4941
9630
3500
-10829
-11008
-36490
16330
67706
-45327
-22616
-12084
1767
-80178
4972
-6440
23324
-46806
-36736
-8048
-57768
-5751
-35075
54390
-1602
-20468
61272
78476
1600
-29016
-37145
-37635
-1655
11800
19296
3580
-89745
-65017
-5060
-74072
917
2937
-15048
9362
24428
2583
57120
-70262
-49126
15931
67996
30814
8019
-28609
2130
1196
12032
-14809
64883
4266
429
28930
-25186
-31378
53808
-5475
16060
-405
-20889
13489
5340
-7140
-28864
20895
1378
-89400
2079
62320
-10780
63400
14040
-29138
37986
-18860
-40090
-12958
15580
-42195
-9083
-26151
-46481
-29840
12990
-60104
2163
7189
-11799
51935
6678
-5752
24600
-3649
-35547
19206
12
37224
16300
-6858
48709
1232
-954
-12566
88412
22074
-18270
33033
-597
669
21010
-34200
591
-25608
-11256
-1904
-62034
-37224
-60096
9300
-58984
14898
17102
12540
4311
3936
11970
-412
11397
9180
-2090
-23040
35035
45668
43619
-14112
20793
-35451
-26433
-1752
10560
10626
-13975
-188
-41673
45374
19278
-8303
-2268
48279
-9716
-47724
-36828
-14725
18662
-1325
-5364
33012
14763
-7264
43605
-5648
-6222
2895
-1809
1330
12728
7218
-40608
2310
13904
49104
27918
39493
-744
-12696
47628
-9950
-20046
14943
22590
56172
-92907
-50778
-43906
41405
48716
8188
36895
-1924
-4981
-44814
-13293
26270
54544
-5460
38766
-24320
-70560
11977
-29224
45291
-67564
38115
-40524
-6255
19154
1545
12792
59866
-3320
-53062
53755
43450
30728
-63756
19584
-24174
-45374
-37674
4260
73603
-17802
16146
-32785
-74165
62790
220
-19404
27776
13604
17329
-10368
-6958
3875
7521
-2850
32970
-41720
5589
-36595
3906
3132
14352
13464
-41026
-36040
2759
7280
-15618
-53820
48880
14875
-72808
89474
-46560
-31801
27920
300
-2310
-54663
5362
-8235
-9280
-3192
43483
13468
-18241
-32400
-804
-2790
8143
-3640
3900
-48384
17342
9450
-7799
56875
12768
-5762
-35724
11536
-240
-882
-47871
41118
26544
-46008
-39376
6726
22794
-42226
-11160
13200
-6678
64315
-20944
-37772
56270
13083
-3405
-50836
18840
37455
-34827
10857
16128
-20286
-13920
-8967
-14760
3432
-4288
-2145
25504
-1296
-40404
12546
-9360
-5000
-5202
690
-3188
36267
3726
17955
33020
4779
-84480
59880
-41454
10218
-13002
40278
-43338
1704
50472
-23072
-11076
-28614
67320
-11736
-15968
17618
10184
-9126
-35313
-1450
-84194
-16464
48872
-57304
34584
-14650
41745
25201
1692
13764
11032
-86450
-1116
654
-15958
6190
47712
41237
31360
-46748
-5236
-2490
-6240
29378
11286
66392
10080
-480
8274
16400
-4921
-2805
-16638
-11352
12132
43364
-65250
-43420
78302
-28012
27417
1337
-13925
2912
-60291
-5949
15002
18600
44096
-54348
-32186
-54558
-13959
-16776
-27511
-7102
38050
21762
54560
-3040
31518
-44252
-2750
-22638
-16456
10384
-79443
-42576
-2958
-4788
-78912
35244
-48112
-39423
-7683
-100
-1890
32285
-46602
38232
-56406
-75894
-52704
45080
-1705
-41814
741
-5402
512
9636
5970
10608
-53781
-9940
63382
-23499
8399
38178
-3540
-38220
-1882
-38100
63135
50754
8980
53136
37152
25680
-5625
-10855
3705
44652
-16910
-41040
-44429
10143
-2107
92340
37027
-18106
-133
19561
-38254
5546
64370
-5763
4895
-1770
-40600
-45543
-31463
13552
27454
39042
-2805
-13870
-54636
-4125
-48972
43461
-82365
-6490
-12208
-17402
11172
-31004
-1920
51840
228
39609
-78100
23856
6304
-7260
-25800
6531
-24
990
-13860
36453
-49200
18450
-11739
-28020
-273
-57072
30685
6848
2629
-54963
-38682
-31680
38151
-2592
-4836
-49196
4182
-6369
-7944
-16191
28082
-40744
-18000
-22584
-14652
8228
-19628
13728
-11960
47880
1071
74688
21033
-9590
-29890
-19688
-36500
-1770
65075
2706
1991
50172
45220
17766
41323
-43896
-8040
10000
35378
-1100
-2754
-1716
17745
-25032
-7308
55700
19968
11020
-28730
-83130
-2739
29904
-2340
10480
-79170
-66542
-30750
-25002
24273
87305
-10268
77704
-16948
-2862
-4536
34840
2156
18848
-48096
-21576
620
-48983
-1164
32289
48850
-10478
-28520
19826
57536
-15372
-13125
60400
-17190
71775
54880
79785
34419
-2060
-31608
-15908
7790
-56511
-11886
43208
3197
15010
-1825
-68962
-36465
702
6561
13377
3440
-47550
-12493
-5310
-1785
-45790
1899
9310
-18602
-16832
25740
22152
35266
82532
46574
15296
-22052
64635
-32802
-29610
15544
-4785
80458
39285
-5663
-644
10346
-17733
-18189
-1910
-60280
13024
7236
21590
23936
2544
-2460
-66502
-3883
-34960
30960
-67718
4473
22688
45527
-5976
-756
-1694
-14352
-3325
8160
-3888
8060
-55553
-6909
-50245
10750
30784
1800
-5376
6930
-15708
-10314
-32970
65107
59160
-57117
-26433
9231
-774
-60300
93217
-34960
-55890
3630
47752
-4270
-3732
39780
75395
31356
-33852
67686
-31520
8046
24455
22200
-1248
20013
-1591
52826
-24570
21504
42097
-94100
400
68400
-2117
-1602
-2079
-3425
-14640
9816
13157
-19305
7040
-34018
7938
-1775
-84477
776
-13455
-91932
-40802
11571
-48204
-44135
-41472
-50768
-65590
-840
15626
-59124
13050
25830
-25650
10494
-44574
-40006
-28982
-37632
46483
-77710
73015
-88886
-27058
-25384
12642
-15666
91419
15543
1953
-8280
5796
40227
42336
-58176
6721
19564
34733
23800
-69030
6032
29868
23790
15872
4860
57855
-33466
-36666
8680
-23322
73865
-4706
56064
-13248
2090
-6615
49788
2585
-36720
-902
57460
-23650
11205
7320
-5340
2898
-15190
32093
-5872
50499
37510
-43792
661
-29232
-630
30450
-756
50160
28690
48216
-4332
-56494
26855
34944
-13728
0
12814
-36621
2592
-22002
-4624
61236
76282
809
12673
-10790
16184
-57792
16720
19872
-32431
32550
17136
14256
-24800
-44872
-53361
-31262
28525
-200
-960
-10660
29523
57104
19760
-6960
3441
-19350
31176
-47600
11550
528
-20068
-32084
-3033
-5760
-1722
-790
-16680
-7326
38402
-2632
37332
2250
17934
30170
25742
12460
-17696
1971
10902
-6156
-27120
57687
-24030
-3951
13878
7714
86545
-5504
16864
-14345
-26832
-5780
4482
-12416
1456
32154
-27451
-2910
18300
81780
14820
-56376
12741
12629
-14847
32485
-40386
67326
-25811
-29832
-24745
-48888
-27930
39694
36367
-14385
76995
4640
-23940
-59248
630
-12104
10854
-43276
-13188
12079
36296
5922
3861
-37252
-9576
12173
46915
-4860
-23920
9640
-2979
-42064
-20416
-1878
30836
-80178
9342
-34520
-4464
-72171
-8755
55440
-34848
-25038
3081
-66597
-66822
30
31746
13612
18942
42971
24642
56012
-53636
-31304
36267
-11584
-69915
14620
40076
31920
-88688
4565
-50196
4200
19836
13792
-1666
70707
-2054
7872
45800
4710
-18189
-2571
-33744
-14337
-315
35568
-2100
13332
-48732
4970
26460
3402
959
22842
32807
-4536
16005
1184
10080
36938
-21229
-23848
4265
-8823
17841
-74428
1
3420
-11200
-18536
-8388
1547
14280
-2349
3033
-43424
37730
-54992
-37559
-51976
-21924
7191
27180
44643
-48550
-30524
-1500
856
1076
1974
-36550
13440
-34684
210
54752
47276
-1160
-8547
-42846
-21280
-45678
-1176
43560
-12753
-50764
-16800
6119
4250
-36855
-44666
-14340
12650
12903
2475
-8490
6083
-3872
-6544
34146
-12488
5022
4102
-60560
-41818
-308
-34080
-42775
62469
-12980
14559
9657
10137
-31565
-31171
13068
-46656
57882
-71973
-20475
2346
13974
-3920
55167
-31980
-44044
-8010
10443
-6510
62139
64260
55460
-58682
67340
-8550
-49728
26013
15246
1512
-34504
32190
-3186
68797
24608
2985
-31808
21888
552
-1464
41172
9639
-83886
77623
15552
30975
42872
-17453
41251
2895
28416
25740
-63072
5719
26854
8441
35424
61200
-6066
15744
65500
34164
1185
595
-17703
39627
44604
4280
-22960
-30420
11562
6576
8717
-44672
7644
-1960
-6237
20524
-18122
88608
-58029
-6270
-5338
-3008
36652
-47808
-33880
-35316
-5968
16236
-3294
2590
1848
4100
804
74860
-285
-68632
15296
-51887
-16786
5406
23427
3933
-18180
63200
24090
-31500
-504
-21094
-3355
30350
3060
27
-1525
87318
-2967
16833
2268
69888
-957
-20838
-5015
6265
306
-65189
-8736
-49166
21160
5664
4968
-24339
1298
9394
24030
4092
5724
-12798
-15312
30195
29523
-4444
8679
351
-39627
-1515
-73408
-1144
24300
-78213
13200
9178
16956
4356
-2905
6440
-26010
14749
27335
27306
-50688
32188
-18798
-21978
12628
-70755
962
70848
-1908
24528
-14601
4862
10878
12432
5060
-11900
-23318
-7038
-5999
28890
4042
1500
30960
-14910
64844
-62400
46148
19902
41292
-58590
35394
-34668
-43616
45904
-59373
42656
-39596
10791
4556
9114
26544
-53900
-580
52752
-4140
-18725
-15392
-28500
-4324
552
-86905
28662
20633
-9720
32178
8299
26050
13380
-45258
1344
-8874
12961
44550
10108
-23826
-4180
59422
43648
152
51852
66795
-38628
-4032
48024
-13312
-37248
7847
7160
-17982
78213
2665
-48283
-4650
-25600
130
6688
48564
7440
11676
-12540
-14880
52049
-46800
72584
-7602
42718
-26200
25164
48626
5280
-43560
22436
4536
25333
73508
-336
2510
-70782
-25476
-15660
-33396
27918
16980
59202
7683
-9680
-36252
-52
-34650
-86856
1047
-15996
87384
13439
-60955
18560
44265
-85140
11560
-13676
18480
30625
5760
-32780
7161
12963
-32680
-50502
-14055
33580
4992
-4500
-17600
4074
17856
-12240
41175
50445
53640
493
-34188
-86304
3065
30003
27600
-2366
9165
4658
-39008
-37800
699
2585
41781
11088
-30324
-15903
7600
12960
11837
3672
481
276
-31185
-34987
-24304
10878
11662
-48600
-26250
3219
7650
14382
33152
29326
-6840
27180
13170
-17460
-930
-18288
5856
-12915
13604
-19440
41856
846
4356
10470
3664
41993
15904
2158
71448
-20376
20090
-1680
-41568
32629
26004
13832
-1485
-50215
60348
-3475
11476
-23010
22352
-4473
1008
-16056
4368
57450
-26000
-10116
4626
-29664
-14685
61184
-17352
2600
5328
-2970
-14994
-32016
-16558
-9522
-68110
3026
12144
71190
-50736
-11865
27048
3828
-17655
12528
10542
79929
30618
32686
5336
29088
-41705
261
24570
29479
-14382
-9537
29181
20683
23600
-39804
-9823
83030
-3440
16994
31955
-4536
-15456
885
-63438
-8100
26136
-51903
36244
-26133
-2556
19136
-39886
-21385
7511
63796
2492
-12765
-8260
-64156
-28106
-57680
-13055
-26240
-22172
34706
13038
-14280
-1782
56637
-67932
6494
8398
66912
18848
-41568
-34232
828
-42284
57528
30870
-4926
3551
32960
8874
1596
236
45951
30060
22301
-37632
-16206
36411
-26468
20700
3848
86419
-7680
-4312
-15130
16352
34240
1800
46800
17304
38880
-42672
-15372
-1515
-46787
6979
-52304
-54050
-56115
-60264
-6804
-27432
-67068
-32016
923
-13365
-2632
3854
-21634
42075
-1417
-6256
2747
-7920
-1284
-14036
5775
960
800
6975
-7428
1755
-55572
3337
4250
17028
-7758
5580
-81092
-3800
-68547
-10215
16765
-37674
58316
17696
-69969
-13014
84639
64528
-6016
-30327
1664
-24186
-710
-3840
670
-10508
-2020
17325
21147
54219
-16680
-20800
-10025
-22248
-58838
97800
50622
1116
-92
-1136
-55425
-828
48576
3060
53580
-4512
-47658
-22473
26988
-1292
-5050
-20942
50589
-49786
8648
-11664
1848
20043
4020
-7178
-55419
-71190
-30996
15366
24700
3240
-13140
35970
6972
32984
-27594
26304
-62464
-36754
21682
-33626
-45630
-21122
11826
55944
4224
72708
2608
55496
57224
-63264
20140
-52392
12276
-7701
384
-61608
-15738
-4320
61479
2142
-43533
76880
-8148
23900
-27375
52234
73926
-18850
27086
-7381
18360
15771
-11868
9890
-12254
8816
7536
11754
80800
-45033
17787
40734
-7448
-36673
-19178
-33990
-59897
-25970
18225
38760
24850
22680
-19900
52620
-25186
-35850
44288
76296
1980
1740
-33995
-43503
-20242
-88380
-30906
-3000
694
50871
25083
-55404
12464
17184
61758
4536
39798
-78960
-26486
24420
39820
-23055
-67146
14140
-18400
-21432
32480
-12045
15200
44960
-8400
-44250
-32692
8256
10280
2250
3872
-64010
-20064
80558
-10192
72293
-20860
-3864
27269
-5250
-6815
-28504
-28552
-10455
-2070
-6030
-41265
26529
-57216
-4268
-39444
14042
-8376
17996
-10332
71890
32736
-20057
-41976
-5586
66364
-1006
28836
-35441
-13908
-462
28662
-32154
81604
-15810
-40484
-18915
17808
-4727
54417
-1590
-65017
-24581
-81360
-1461
-890
-41406
-20304
1719
-53295
-46806
7716
30422
19744
-22814
2514
-14560
6290
9696
24725
-1794
-855
39711
17520
58078
-27456
75922
-11374
35131
16335
25137
-78320
-54576
24156
-9675
35340
1341
-16280
-540
-32028
-11790
80367
22223
72505
6840
-27565
-19491
26137
27816
23808
-20350
-4784
-26962
55130
-25800
30699
-43648
-17391
8580
2526
-50900
-1099
3255
39450
24682
5822
21730
3420
72474
39026
60202
-40810
50868
23114
-43845
3416
-1080
-517
-1727
-19008
94668
-11802
-61752
28246
-9537
34930
-36975
-21330
4239
-6695
2772
-16580
-23328
-19671
-42632
-14416
50952
24024
45801
19668
15840
47642
-24794
-36720
-74196
-828
-23424
34272
-19698
-41871
7524
75858
12811
27930
56550
5358
-5814
-13000
-2880
-27650
68688
-32708
-50196
19929
5928
15330
11418
-64032
1632
-11232
6435
46818
79443
-24319
-3744
66527
-59204
1155
-22533
23352
-6440
-22512
43751
-1520
-35028
-12545
3942
33792
-15066
29940
50025
-119
5901
7956
-5016
36256
-22475
-5096
-1426
-2825
6912
-70312
3774
-12752
-11952
2160
32226
-30996
2125
12789
-3750
45371
-59778
7124
-1520
-50912
-41
32828
16536
1071
3710
73755
-40230
-28644
-48960
-52164
2443
-7695
-20680
-730
41318
7533
12834
-40131
32488
-46900
-32296
3382
14398
91086
-1767
-86768
-26082
38352
26901
6335
12200
11920
1116
-28620
-13209
3456
1280
-32832
-47259
-4992
-5856
3520
-49280
30057
-1302
3528
20812
-20941
-13770
46799
-20970
41944
-21266
-159
7100
-4495
1798
-84366
-30072
39130
-901
-2736
21060
9282
53955
46
42816
4992
-27648
7245
38556
29925
-32163
36774
8988
28224
-2860
-30644
-36320
5376
-24436
18400
-600
-67150
62122
908
18325
-37642
7755
34658
-15656
94300
10556
-3400
11205
1308
-43254
-6837
79637
24895
-10530
-58630
22532
-72261
-9405
32481
44916
-40890
58751
14760
-512
-25208
2904
5838
72224
30793
10191
-18228
7208
-41783
15392
36270
-2774
13650
-19200
9114
-3396
-17480
-64896
-43848
-2742
-16302
6149
8927
688
-24424
-37985
-34128
-24480
-5044
5820
12864
-18840
-8400
-32334
-41406
15252
49751
-270
30687
12900
-3688
-20610
4970
29032
28380
8928
-4692
4040
8745
-1971
-7880
-33216
5655
59972
50954
-3897
657
680
13277
-22644
83904
-38115
15249
4473
-33138
28304
54982
-16268
-180
-47770
35155
3984
-7040
-2758
-6600
6622
31314
9269
21238
-56108
9064
1112
12418
-17680
10842
-4860
-2510
-10404
-24794
5715
2678
-15386
12833
-2681
30627
-25280
12105
-4029
28440
34080
29087
22895
-33370
-14464
16905
578
-68224
-5238
-4794
-10192
-21063
-32595
10400
-1800
-34124
-23712
-45237
27594
-63070
15824
23467
10019
-1947
-16731
-50940
-27587
-308
-1815
57360
9450
-62075
692
-31944
-52298
-5712
1566
-2695
5960
-8450
1088
47369
-28512
-4212
43008
24217
144
-15156
68299
-22572
22392
-6608
-57820
1162
-14406
-24540
-13356
18816
17415
21896
-10494
-5852
-24365
12308
-16000
1002
-43200
32997
-32683
15264
1406
-141
2702
-54441
11394
-23328
-26880
7168
-53100
-11725
-40850
14850
-1096
-33575
-11928
-22495
3738
-9898
81972
7755
14700
-15568
-20696
-39087
3186
-9880
-22700
-31339
91698
-11928
18538
2880
-70560
13464
-836
27470
-19592
-39690
-7636
-13181
-21774
9372
-17622
-11349
30870
33217
5936
30448
-19383
46000
-26964
28476
2295
49454
47970
4917
33728
3940
18937
24276
55566
-40040
-61056
-16124
22710
-51370
-39744
-58806
7224
-18116
7236
-192
-19740
-30742
-82
24080
34524
11200
19116
-22684
48330
-5640
-2328
-9768
-34662
41700
14964
-54002
-1050
-24650
-1104
-17996
33078
74884
-15225
8480
60696
780
26650
22104
-55642
-12082
-2091
14220
-4242
-1479
39235
7744
94866
62062
18690
-3861
-12366
-4608
-7371
85086
8442
-71544
22608
-48918
57868
-30415
-24856
2315
53040
-596
3036
-1952
-49414
59280
10148
-2586
-3278
-9394
62127
-10478
31248
-28677
-45156
34596
-3836
5632
5670
3186
2952
-18690
-12948
6930
45000
-7513
-546
2430
1938
57826
-14013
17586
5950
16744
11046
-5561
140
33138
425
-73554
25795
34230
7429
94
-2840
-3290
-584
-22734
-14800
39715
17160
-1062
-3740
-70052
-24718
25650
-5544
7740
48705
19778
13674
3552
20001
23700
30875
44891
-13174
-16077
-3990
-16605
-35560
5621
28710
3421
-25920
-19110
-37315
25800
-8544
38456
-25908
50191
20335
-20328
9272
2662
1824
-3336
-9975
25075
66150
36524
-15400
50236
32208
-22788
-5247
13261
26452
-51138
23650
-85500
-45300
-66300
-6992
12570
14550
-40016
-54684
-13022
8450
-35685
-2528
2576
14256
-22388
23147
9288
-19765
-12064
-370
77080
6552
77664
3825
952
-7098
22988
-31950
24786
7182
21367
5922
13992
50700
37440
3822
-760
-58893
-40598
26340
37245
14256
-16578
-22302
-23940
-56842
-55115
-20424
61560
-6850
44548
-89001
72791
36757
-10494
-27872
-1666
-52528
-72594
-16732
8380
-62252
-39468
-17000
-40495
6468
-5396
21093
35964
-1592
-88592
10295
-52065
75012
-3102
-2650
2574
-14007
-29016
-29274
75520
26078
-10234
-23046
27420
484
65518
-22530
-39130
48707
41076
-14217
26040
2120
-38448
52992
-14003
18130
-25135
6752
-35626
409
32000
36507
-2100
-1838
9510
-6670
-23541
-9324
-25740
6493
612
-14670
29304
26095
-6510
-7848
-72624
-15455
44620
3072
18105
-49494
-1772
638
20970
25474
-15984
-1184
-4865
94668
6273
46500
-25688
-38144
-61918
-2523
25740
2550
83810
-26784
36146
-26656
-58311
4386
-18525
-89952
-23168
-6696
13080
26847
-65964
-63294
28248
27323
976
-9040
27720
3534
630
-19028
-30968
-35992
-20370
13920
-10471
31524
-7626
2204
29670
30073
-17600
40005
1462
-13972
60522
540
20190
47314
-14368
5146
44940
14288
40068
34918
-49794
64800
-45258
-1188
4077
-16692
20025
30622
-44702
-14742
14763
-3225
5360
14148
43529
918
1422
58869
-13708
3042
-19194
-99100
4446
31780
-760
63716
25755
-12180
-3496
51850
5328
-15088
940
-69930
20944
-1845
12985
-35532
25500
-5764
-28800
183
3906
5713
7208
-67774
-9130
19628
10488
-33864
4284
7448
-31598
26412
4780
1050
-3264
-4446
24553
64796
-56875
55693
38540
-15057
-4708
9600
16281
-60888
4564
7640
-15900
-4407
-38720
28246
62608
-33480
42496
-66346
-15990
74918
5510
48552
-15064
-29400
11928
1384
-5642
26880
-15750
23500
-39061
-5300
-31032
-3664
-785
28032
-11220
-54694
3080
45790
6335
79028
-1098
-12558
5680
-42304
-40672
6552
-66033
-62553
9399
-4218
-2562
748
-45288
-37716
56871
-6222
-84280
-9710
16473
164
7700
21165
-8080
-69441
57312
-53454
11277
-59878
-1200
-5072
-26880
25740
7832
-25300
30750
11280
3612
-11544
3155
-5490
-4992
14784
12443
27497
4888
-31806
15075
17050
8580
42920
35631
41280
1740
40550
27511
36660
-40885
508
-11725
62031
4060
-40040
-41328
3741
-35428
8880
45568
-2530
-24299
15903
-46548
4446
2564
-10579
68820
-952
-602
-14868
7524
-43350
-1767
1534
-19396
-10412
-609
-23754
-29788
-35802
25440
6650
36080
-15283
28560
-29480
1805
70840
-79083
13940
-31620
18509
58560
8288
-3840
25116
-6116
-4816
22785
583
14500
65408
64740
-6216
-1809
23430
74354
1333
-72380
19720
25530
2622
33376
609
17898
-3960
31820
9120
24448
15774
3483
14800
-15136
83594
25179
10923
-34020
4500
-6748
18848
-60228
-45584
18492
14650
-28128
-5724
74448
10070
55554
-6715
28365
-4275
-15660
-816
-936
3927
-3395
25230
15040
10770
-7200
-23142
-65660
-14508
-57150
21582
27466
41735
-4520
7980
86762
40683
30429
-56000
-59348
-22098
17580
11520
-28112
6328
25344
11688
17476
16401
60192
8856
817
-74
62280
9436
16878
-12810
13622
560
38584
-48906
-37560
29280
-1458
-43608
29456
8327
-15778
-5528
-34112
13668
-24805
-11200
-32108
-37294
-14576
50743
-29460
25440
28740
-12208
-2304
62109
37386
-56515
25948
-24012
-2496
1512
-2436
-946
-4048
-6464
-630
472
1462
2494
-48272
39780
-3280
-5488
-1134
3804
41634
-29707
-2156
65934
-17879
-5550
-87792
-63080
-46098
-21830
16400
14616
-6600
-6536
-9972
-15156
-6048
-10200
-60536
-46125
2124
24941
-27000
-75348
-44226
-10387
1548
249
-9503
4675
24480
-3131
-18333
-81
724
66527
8856
-772
66682
29640
16380
1328
-37740
-3164
-52672
-71010
-10024
-4774
-3584
19422
50388
4779
-50220
-59778
17240
2768
-846
52569
-62416
-22632
69285
-39680
53568
39960
6765
8170
22438
-13272
40
-58600
777
13176
-32625
14768
7332
36942
37599
28860
14060
-61824
416
56331
16225
64860
-14280
-5385
49654
-20381
-42182
-19404
14336
-20496
-11500
24548
50102
34790
51246
-33852
-29016
-18291
29344
-1596
-20060
46602
7680
660
-37037
-7695
-5511
15219
28815
38040
-6690
42550
-39039
-4560
-458
3440
68798
4429
6552
-5376
-26656
-5265
-83496
61830
-50880
35441
-10948
-60192
17556
7824
-23241
-19095
5925
2156
31819
4700
58926
13740
-7215
-2552
17466
-43173
-22044
24038
22715
1645
38269
1257
1266
15744
2889
-23144
4958
12714
52049
-1568
25152
50490
-49914
-32487
69788
2310
-38181
16376
-47971
-43485
-27
18612
-28342
-20328
11687
6606
18297
9796
-12168
-25491
-48816
-31570
-7802
1500
-115
-11760
83955
-1676
-20400
68160
-39780
-6351
-288
-36860
20265
-8835
83447
-42119
-4598
20001
33200
-6182
-27744
-1020
-66999
-15336
2088
-20638
28487
-49448
-1734
8671
-23232
-8856
90300
16120
2160
40788
-11664
2280
13140
39664
14484
-34272
-11557
23331
34000
7735
-11635
51150
4584
-13442
-49200
48662
-10846
72446
9140
31125
65268
-43522
-9180
78131
-6594
416
-48015
92340
58342
43722
-8740
-15960
11798
-7429
5100
-10212
-6094
338
29877
-3906
16430
-31164
54004
26946
15600
-7150
-50049
18036
-54420
-5064
2296
88924
-41846
-56960
-7665
13108
-5963
12139
44346
-13660
27750
-26850
-6750
-4598
-60450
-12012
-19720
18036
2565
-15417
-36672
-1960
37950
6144
-1320
3155
616
-7020
-47530
32470
-21103
-3570
-34203
32007
-32538
-9880
15878
-21024
29232
-53823
72160
-5264
-1456
21912
-56810
11976
-3105
19272
-19072
-20601
-9204
-10788
25536
-44104
-57232
14232
15447
-36045
-34800
-22
16107
251
30992
16490
-28497
10100
-33879
-24738
-55648
-44096
56373
25754
-23171
2340
-725
7693
-55710
40482
14100
-24871
-31312
70110
-10800
-2450
73990
-25415
-12025
59640
-9216
-35
-12300
-23750
-2184
6032
-52452
25203
8160
-90210
2394
42692
9375
74880
-1216
-39856
-39278
19456
-23763
-81770
16470
7632
-50312
-47616
-12555
57279
2291
-28128
-16000
-52580
-26656
70700
240
-1338
-56420
-5652
33040
-17721
22116
-7788
-14350
6216
-26645
41688
-5856
-47345
-19890
-15420
372
-7622
-27729
15376
5240
-38103
3010
135
84916
65212
-24708
1251
-9438
17724
-14384
1572
12150
-25575
62106
3174
-44345
43050
3630
-44840
71037
-80
31620
43902
66811
37565
-1500
-13086
49764
-8380
3262
-34425
714
10835
-14751
27786
1360
27180
6804
-51136
49178
10250
-41170
-35376
-22458
-17
-19552
-52155
-34328
2270
-26955
56811
269
76986
-38527
-43560
-55740
-3990
-12937
-19888
-11256
-63162
-8316
12121
-48600
59432
3472
-620
-38570
-2788
53669
-39300
-18042
26862
45152
11080
2394
-38160
31372
-28148
-68800
-28877
28875
66690
-13684
-49764
-10348
295
-22725
405
8010
8853
-16330
-45299
13770
-61065
29736
-9889
-47902
52156
-18445
3344
34451
-717
-19244
6460
-781
-34451
-55725
-17670
-9100
78678
7072
26730
-13137
7462
32224
772
16728
-10094
4902
-29250
-17748
-11720
9752
-28308
2376
-2142
75754
2560
-67728
561
2808
-33894
11154
-60720
-32571
-19630
6500
-44274
-31400
-75919
-58291
3088
14100
12282
-30628
-26904
57846
-28208
3534
-73467
-4536
-31005
10716
2170
23501
-744
-66196
-2212
12572
45892
-16614
145
868
-34776
-2928
-9792
24724
615
-9675
45824
-44448
-6617
-31724
-1822
-48306
-71064
891
-504
1670
-71736
39150
29842
-12656
-5334
-8232
-11132
-4860
23562
31320
87216
40204
61504
19007
6864
8660
-43306
-2700
46809
-56420
-1378
-20250
-25286
35920
7081
3024
-30218
-17595
61440
-9383
-14640
2912
38350
-13702
-25929
-6853
-17752
-23600
59400
30240
-25740
812
-15768
-1760
18450
21336
46000
-26814
-22922
-627
-9163
-33554
-3204
-80432
-15180
-5724
77212
35796
21780
7766
-21690
-27132
-29289
18117
-8910
-36570
-6874
3843
6440
-4758
15997
47882
76300
-499
12876
42225
4374
-8635
-10710
-57312
-5496
-11662
60480
11832
15732
-21315
66975
-39803
20081
948
-42438
-9198
-1628
-43146
-10200
-4572
-1767
-5680
676
-51512
-29241
-21607
9462
-2500
-14994
22608
-15774
-9603
39396
-2400
-8494
6576
1070
-37016
-50808
-1989
43818
-6468
-43197
46137
11088
26368
195
10644
384
-12160
79870
-7332
-44800
-21560
12974
-71974
-9361
-2108
6111
-810
-15480
7718
55274
10488
-26208
-96418
-12709
12035
-13634
-27144
8568
-7800
7524
-3842
-38337
-39471
78240
-47060
-5370
-18
22287
-12075
-24432
37582
-23673
-54096
-21240
8288
-11622
-6283
-63700
741
-52729
28372
-14144
-672
58872
-57318
41225
-1395
1664
-38420
-20793
651
-2464
-67027
42432
-1820
-18275
5256
-2911
49572
22971
27284
466
-6895
-5800
6083
-39130
-2652
-8190
-22224
-12312
70716
-55800
4893
57134
-7200
-1860
65208
24552
-36192
44042
34112
1570
8640
-67617
9030
-5628
-3456
-38338
88
-28210
73391
-87984
-48112
-82004
-2124
31311
12525
83142
26000
-9800
431
-18148
-34086
76545
-24830
-33756
-21830
-5220
-33048
19530
14220
-2135
10494
-57950
48900
-17980
-2928
-41496
6885
2505
81672
79968
36202
2725
-26568
-9192
15312
-8880
-7134
3696
66176
56160
-4537
-50854
50400
31536
-41616
42195
29340
2079
-14144
29326
-63168
-67392
-4012
-38060
28440
594
5424
-44442
-10800
3392
28380
23436
12524
36525
4431
-9220
30624
12006
-12740
16551
21252
-67620
89664
52219
53298
-61530
-50572
41138
7272
50740
-55261
42488
44464
-6588
22438
-6965
35090
-24163
-45057
-57581
994
49203
-15960
38040
-50622
-23000
47970
-37800
-20996
23485
-1404
37017
7449
-41877
-8526
56088
70288
28638
-40204
87648
-46750
-26910
-28135
33858
11736
-40796
-53428
-35154
850
-9968
-34760
-713
18844
11286
-20350
16802
38800
-12292
2715
24320
70226
-14700
-9264
10332
9828
17325
-27786
-3396
-2120
63712
21632
72720
-25032
2592
-73778
9287
3192
8857
5117
-39104
-40584
-83265
-79236
-18564
10176
-14760
45214
-59444
-33374
-41726
7650
9940
6032
-49840
-45100
-25647
47712
-7582
-6741
6952
60786
17976
576
-13840
3600
30175
40572
-15281
-29
21141
-99500
14640
21360
2380
37329
28188
19637
42780
34512
-63300
-25543
25056
-27880
6480
-7336
34162
-76900
-17577
1469
-24518
-13504
-55510
3850
-16107
-54060
9916
17780
-38471
13410
-2552
53505
-49764
-28320
-7420
-43680
1558
-14520
24850
-18078
27846
-7056
-27482
9490
-5656
31652
40040
3192
12330
26670
3681
16740
-64119
-17094
17560
20309
-22586
8388
-78100
41951
47600
6573
-11742
25428
1386
39762
30954
20435
-14744
6630
43760
23896
-46332
-2178
6723
3888
-7476
-3960
-14760
2745
18605
-46332
-10285
-36680
10890
68100
2408
-55176
5369
9550
-7310
-11349
-5429
6844
55005
-3096
256
-9000
45014
44892
55614
-14625
-31540
68200
55640
-70006
51686
-56260
34265
-5587
68400
-18870
-28152
-51956
3825
2028
44454
69600
9854
-16065
43890
42252
29337
-14582
-54400
736
2280
-35360
-6356
-10248
18122
-4674
7215
30317
5900
-842
5536
-28073
-74559
50032
-44070
-55998
35446
-10152
24519
-6624
35131
-22680
-45984
19400
-1066
21624
459
-39100
14260
-73842
42294
-41656
-12213
-34650
14880
564
12255
-8400
-5580
9010
-43247
28380
-2224
-36860
-774
-4074
600
-18450
9768
21788
-7236
31110
-8470
-4910
12053
-42036
-16408
126
-22630
2320
19110
-98010
700
-20381
-40755
128
1074
-9095
3002
-14899
5684
9204
-14238
-36800
1029
-15729
-1902
2184
41679
-1746
-10875
1629
17160
-6984
-30888
4550
-77532
-27028
-13583
-19516
-24024
-84744
-35026
1275
24258
71280
32448
33264
15042
-1288
-36077
67150
3045
58
-23936
-29128
-10582
58410
-6876
-17500
-3198
-21960
36288
-7221
-63558
-34485
3224
32616
27550
20874
-1404
-68154
5121
5621
-5070
68992
25707
5060
-4100
41860
-19608
-1316
7638
63576
9360
26004
2616
-10647
-1115
10032
-63910
16422
33152
63457
-20584
4408
48840
-56164
9396
1710
11895
-1380
-58804
-10486
36539
-34280
-5964
-23456
4850
57776
960
6180
3861
9577
-20296
-10150
1089
-1824
-19338
-16480
19278
-6370
-2800
-30480
-31341
-41958
-186
-58149
31488
27945
-5993
-20328
-5984
2888
30600
-8850
456
-29252
-51186
2880
4590
-33333
46060
1240
-588
2310
47748
14688
-23040
-70755
1606
53280
-72485
-5712
47970
-4033
-7272
-39405
-1353
-24037
58366
6399
13020
17400
-25488
36504
10062
14364
6435
-18150
-22606
14105
59928
4592
17821
23920
4625
32241
13516
58017
28342
13720
-11400
-1305
22032
-25694
24680
-3341
-20832
-50904
435
84999
8500
-490
-10030
-8640
47889
-4521
-27880
-30141
-5733
-12720
-10296
88452
-9113
-1686
5768
-2352
-3810
10030
16646
21137
-12054
-46728
-6443
33370
14496
-30316
90882
8892
-4368
-32241
-65205
-14415
72446
49764
1705
44310
28662
9548
-5395
2250
10185
7074
28960
39444
46354
40158
-8232
26474
4765
25800
-36855
-56978
-1575
-78400
-33744
28014
52753
-33768
-195
45540
48804
88830
21000
6150
4773
-3752
16764
40530
-44536
20625
-5742
-76131
-49896
-10941
-14952
83076
25424
41905
33945
-39950
45815
33858
17790
3360
11219
13132
-11250
39312
-30959
4785
-5376
-51604
-3096
-8694
4275
6732
85728
3504
-90060
-20844
5328
-213
-57120
60076
-40560
-24750
-22654
-13110
-84065
8088
-1776
12120
14846
66052
11700
41020
39072
-24598
-13888
34920
-58996
-18446
1647
32760
12909
37040
-1196
-72709
432
-19198
2310
23370
15759
23331
-6725
33321
7144
-26352
-8370
-32841
7376
-13340
-32250
-8630
32976
22500
20867
15744
-33176
-1344
-4900
-2992
-8694
-20440
-19520
9086
9010
-42028
18480
-58695
1884
-38537
95500
34254
32509
5040
-14308
-26117
-24543
8748
44772
-1631
6744
2376
36792
8619
16992
-47120
5952
18300
-58432
55460
51436
12949
-33600
1200
-14184
-39440
-58292
-64856
-380
-2016
65088
-11736
-32508
-9804
-35308
-4565
-1160
-18360
-18648
33449
29796
-41118
-84832
-2646
1680
18306
634
-9456
-20223
21615
-16562
-82491
-500
-2640
10016
30392
-21114
-440
5370
-4136
-3197
-7623
-20350
-25725
1634
891
21520
55447
-32832
-17600
-23902
35335
-22100
4576
6534
1874
36498
-15390
-52010
-50886
-22797
-33570
35014
-8556
-12993
-11484
-318
-20876
1443
17346
55250
43072
-6372
21238
-7455
-11040
135
177
-4320
2190
-41262
27027
1928
-27063
15800
-31460
-57316
-41571
-27755
-21351
-2436
43844
-42480
-6693
-16031
-1449
38640
-46
66456
-17408
-27170
44730
-1712
-75636
32042
10132
-19200
1302
141
4590
-46294
-63744
39034
66744
17154
-18156
-29400
36159
47268
-20433
-35446
70528
-23280
-1891
-20960
-24521
136
82200
-83592
-19125
5510
286
25476
-5082
-29754
-19482
10416
9072
31590
72666
13770
-8680
49494
45675
48132
40083
13817
1771
1114
-28050
-58291
11088
1216
28028
28489
40185
31850
44100
9624
-840
-7020
1020
22866
-5280
-65859
-23716
-804
-108
67932
17415
-67252
27880
61920
-59660
-40020
-22488
14940
33048
40630
25632
2590
-291
11585
20125
-30856
-3404
-4553
15480
47824
8928
-16147
-558
44688
22847
-30422
-11410
92000
-6322
-20976
-30852
-455
-1965
29465
23632
15226
19872
-17908
7425
-1849
-46480
-20250
-32396
-2144
2080
46314
42940
-43512
-29977
56115
-3256
-11049
29436
-432
-44334
5520
2408
-1564
-11175
-39382
-22155
-4680
-24354
-10915
21513
-25725
-893
26166
14391
-20352
49844
57836
-11830
10233
58098
12300
36898
6566
6640
-3404
45900
15498
-31185
12780
-22914
1208
-17493
1254
-33015
56760
-7472
1506
17787
-28799
32301
-7260
-5044
-26016
4500
-96709
8410
-59856
-34440
20900
-780
-45209
-928
-34040
12460
2220
42700
-17956
6600
-57120
-14380
8200
31680
45080
-37968
31833
28152
27279
-17952
2695
-30381
-41650
-27104
1891
7009
6150
-3190
1507
6650
3672
-1500
-26350
87702
8920
10803
80
-58646
-9645
6324
57909
-29546
8004
-21369
-24624
-21931
-10050
3040
27020
-8250
14952
3200
-4248
-53406
5904
14976
11376
-16478
48260
47854
48852
-24336
10681
-4018
-20320
-32571
12524
-9856
-985
36880
314
-14288
-28341
-1710
36675
1899
-6372
-26784
13440
45765
2390
2040
42244
-516
-8820
-11836
-62580
-39550
-51910
7360
-44550
52554
-17892
-17850
-54012
8436
-3115
-5340
8106
3402
13764
2997
-3696
23180
9553
38420
-10323
17120
5691
-19719
-28248
340
20631
1738
3850
-23250
-7574
24384
-7128
-21080
-36898
38220
2052
54870
9953
29808
-480
-1080
-37450
-47424
-54126
-24897
28044
-11568
23166
88561
-13926
-3780
-53935
-13110
-44488
57750
16415
8559
38786
-30723
-14664
-67158
18091
-57680
-16464
26474
-1020
6426
10384
-2904
8787
3872
18810
264
14915
-19552
-6650
-28260
22572
-6885
3289
-6510
1518
64930
-32832
-50232
-11622
69637
-28210
-33345
-12250
-3875
41829
53835
-57850
18368
-28400
16200
-13048
-52896
73440
6314
-43022
-50648
-58784
-6210
7137
-8305
-29108
-2160
-5980
18868
-11988
-50203
-3520
28616
4440
-23739
-11050
6534
-8172
-8151
17062
10557
28176
-47600
-7980
-7755
-2718
25465
5670
-2289
3013
-33108
12103
33184
6280
5250
-480
-6685
-47466
-4669
7144
-12505
39000
-3979
-79695
630
18900
9821
49248
36051
-1269
-20191
23392
-48006
-52416
23884
-11739
-188
-684
9216
-18905
11780
32944
2040
-3420
-40176
-68475
-23760
81648
42090
1872
50540
-24444
2322
-37758
-16146
-7924
-4220
-35448
4485
27800
18135
-25856
-219
-77680
-65876
25758
-12844
-16625
6588
18734
20544
-25198
-14042
20800
-38775
-90650
-68880
17028
-15712
83607
4216
36340
6549
-31700
-4187
-32109
24990
6210
-57472
-1765
206
-7400
11430
-66992
61466
1870
36544
4116
21780
28911
10512
28080
38100
-912
71280
-26796
-15300
-10285
534
-63360
905
17160
-19126
54462
33384
40224
354
-17864
6432
-46900
-10305
-58890
72285
1042
-10385
59475
26985
-20677
1872
67027
77
-5874
28350
-5472
-38491
-24990
13728
18031
-49105
41472
58312
16660
35405
-26600
57534
-1628
-34300
-18166
11264
-1295
-40006
-16928
-94430
-18414
-13386
30564
-15356
0
9108
-10800
-3840
14140
-84456
21666
-56763
44712
5103
77880
-1207
-4896
-201
23126
32550
-14600
10017
-14798
57618
38285
11438
-80032
-16740
-2504
27600
-2622
3122
-12516
1368
69660
-75257
6441
11947
10640
75999
-43414
12654
-62160
9660
-13248
-9248
-1440
-390
-8250
61541
33840
14467
553
8280
-2608
-31992
-41202
-33744
-5460
-1396
-931
-53628
-1896
7470
-36765
-24716
-31416
-17232
20736
1292
-9990
-62016
35391
-21956
-2020
-68810
-4246
-13345
-6870
-7896
1892
-8463
13554
-39024
-55924
-55
-4902
-25271
-24273
14508
-25414
5901
55678
-24583
-7600
-1288
-2576
17253
3944
-31688
-51480
-23016
-6006
-12320
-28160
18450
61840
-37741
1720
-27432
10686
-38552
1626
-22275
52500
-15028
5880
-31518
14000
3404
-32901
73920
39249
38252
-12325
450
10788
-5500
30300
62379
15652
49818
-39368
-8901
-48464
29410
66150
26304
331
-1598
46438
-12972
-17138
312
23364
41895
11160
-932
630
-49306
-33124
18473
20640
-4688
4539
-8366
-6474
14592
50570
6400
5936
-7040
531
-30039
55678
70092
-10032
9954
-24453
34489
-34848
17020
-1556
-8864
26811
17360
11218
-11720
17940
-42770
-65130
68976
49392
23700
-2158
64610
-16632
-26790
43052
30268
39034
46812
13680
-17193
-5762
-26376
-79380
-19550
1712
-1248
6566
10400
5764
-37471
19491
-22230
-1992
15712
-16436
16653
-3610
88270
-216
16896
18798
-21297
-46410
4672
-14364
-31845
-273
15015
-9435
-29264
-4736
-3720
-4485
-23973
1952
8736
1964
-17940
-15660
1683
-2592
-15755
-11098
-14148
8480
5888
48906
-29172
-38634
-8694
-18700
54684
29436
-21690
-4624
-25935
9690
-731
-4080
-42434
-1470
25974
-11398
40561
74568
39936
-37268
13632
27812
29700
15249
-32171
6817
28737
-57429
2146
34404
10212
-48321
29365
51538
-48600
-70200
-469
-865
3640
-46300
-9922
754
-75468
3878
-19150
21620
83660
-2074
8208
-1184
-21333
-3375
4970
-6804
-35868
17286
-7695
-10792
-13450
-86664
30361
3564
-12388
-35150
7935
47656
-38896
-47150
-54524
-12876
-8082
-54912
-7668
4545
84405
-13200
-29273
-30820
10764
-39360
19189
14952
-32922
394
-10098
-23828
-31494
31130
9636
-45
-16320
85360
-25760
15162
-20400
9933
1395
-76925
-24388
-86572
-14040
-30303
47270
1284
-74880
-5267
7223
48330
-3731
8200
-63190
13920
26622
3658
-4080
40006
-2987
-104
744
-23460
2664
28
-1653
9718
414
88464
5472
1425
3440
-19760
8016
-7239
7824
-5080
-24220
-3021
-3255
-47042
2772
30177
-8480
-17716
19920
-40926
59769
4700
3850
18894
-15510
32592
34036
68475
3645
4032
82467
35510
3618
-73161
-2973
-24950
67466
-1872
-9890
-8160
20915
9234
51975
2295
-3816
72588
-6032
-10724
-9423
9352
6279
-2868
-6319
-42347
-42864
-37584
3731
38640
-24618
4811
-78792
-43898
1323
41552
33840
-4884
-74850
-6300
-10504
-3402
6783
-53734
-36504
-36666
-61131
-6624
5901
-20181
6996
-36864
-192
-34060
-15997
42297
1700
2850
62000
-8742
38600
-22960
-39609
-66928
4515
-1953
-3728
-4743
32955
2840
51474
17010
5390
11529
-23976
-7769
29855
-22357
-10428
-47280
18042
-54858
7029
-1659
1547
-46854
-94570
-2346
15900
21590
-2880
-10355
-2361
-4650
15785
31205
17480
27824
-25095
-17622
11284
-56940
19159
-3399
22295
-50634
-47168
19951
44982
19109
9600
-32292
-328
-61512
-22644
-2268
61200
-44240
-225
1095
-40300
20631
-38581
6744
-64038
-17538
-62382
24882
-50886
-48685
-7800
-56373
-216
10101
-196
1086
-15548
44250
-30680
81091
-14418
-10143
12506
-24120
-50666
-3990
7140
-37584
18612
-10856
-52440
-10005
-27477
9409
654
-8710
21216
10665
76500
11570
-23140
-19140
32812
-43155
15540
-510
-308
-12628
-27720
-2052
-23050
-23958
17342
33480
13740
8580
-35140
30432
50370
-206
54615
-4158
-28200
8040
-10064
27293
6497
4305
-18525
-6480
-11484
-5490
19214
476
-9100
-35459
80132
1971
7446
14720
22382
-29880
-19950
774
-96030
-29928
22490
22572
71995
-64870
-4144
-1920
-52896
-21600
-13148
-14016
-85618
-19404
29460
8277
4706
-50920
3805
20286
-9776
-4932
55146
-1645
-48374
20547
-69554
13520
85690
-11094
-19160
-47040
-4404
-10485
15960
-16967
7170
-5412
-690
-38961
6300
-7992
17160
12628
-28835
-14980
-9568
57681
7254
-17952
5280
39380
-23870
48720
-21384
-17860
-73440
73600
27126
-6752
-46371
-15447
-16359
-33649
24064
-6210
-84915
-11748
4602
50286
80168
56620
-46584
-22116
71981
52290
5990
5184
-74016
2016
832
-50160
-38916
-5408
-3649
-14382
-14508
11550
-92628
-5104
-20646
-13832
51624
44940
72800
66800
-9213
20944
2028
-46640
-6851
73840
4015
-49764
-3990
-31901
23360
-49776
77830
-21156
861
-13968
29749
22701
19750
45720
-9114
15890
55944
78540
-280
3072
10642
294
74784
-2835
-6000
2784
42288
48100
-24010
15760
-990
-12354
8670
41741
-57171
4308
19481
-31208
34925
-3393
-24480
-18408
23205
6492
18331
-6205
88500
20976
-23584
-17190
-10512
6674
4242
11076
-50435
78376
-3285
5831
9230
21216
2670
8352
-69888
20436
59356
-58788
-53406
7755
-9882
18410
30624
-41745
-6720
-24010
54560
5966
-17112
-7961
-60726
12936
5592
14425
1440
-10528
-12432
39690
2899
5100
2296
48312
-14336
3913
-4335
-63140
-2488
-44100
4290
50072
782
-2860
720
-3906
-19136
-10224
10920
-20400
-52804
34400
282
-26052
-89745
-1507
-19975
58289
16576
-4675
10703
25110
8048
-27315
55100
23552
-16555
-23848
-13328
-15879
-12502
9331
-11440
67512
25920
-53516
-26532
14496
39420
4824
-4860
675
13590
-18740
10710
1209
-3170
-40545
-2279
-20900
7896
15000
53636
22126
-34263
-8023
30592
34112
-1449
51153
-11520
-33402
-22344
840
62031
50128
21545
43956
2398
17888
12880
1349
5976
12425
-26978
18040
-20984
49504
7752
4038
37191
33176
70275
5904
6525
43953
68964
19514
-2212
5494
32650
5496
21164
-64602
1075
10792
3528
9240
30195
6120
-5946
49608
6440
644
-8064
-2937
-21736
2484
1992
8908
1344
11032
-5514
-21216
-22990
-14391
-71703
-44336
-12064
-9555
-11715
-29290
-13530
-7260
-7300
40950
12720
-30095
-6860
16616
-49300
-76670
-4795
-11284
33390
-11400
59250
-7600
-41768
-956
61287
-16392
-6495
-43884
33592
-10780
34104
21040
-9044
8256
20709
87710
-64881
-26180
-76424
-6555
-15225
792
-7953
-54252
55620
37674
-5073
-14927
21186
-52584
-25308
-34320
12672
-5192
-24480
-695
71442
-23870
19650
25897
4829
36720
37851
-60496
9999
-16149
-781
19734
-2744
45848
-45449
-26486
-67876
-2090
-72
-59040
71874
32708
-63536
-6497
-36432
22246
-27776
-1288
8487
7176
-22944
-61460
39468
-83993
5544
40982
-12792
4485
-87606
-10782
40506
-4455
-17999
-33337
-3648
-7337
6783
76146
21714
-38007
-45200
7722
-26400
-7650
52998
-18305
-18964
50386
-12272
-33666
48503
-37035
-22802
-4104
-54450
-14136
26826
-29667
16850
-18189
-15372
-3
504
-18495
-31059
46170
-5304
29848
-680
15855
51884
11220
-50662
9360
-18130
-11880
-17187
52000
27776
21756
-55460
-19754
-38316
7344
-7600
-21988
20140
-372
-2695
27660
698
-11712
-26970
-70778
1782
-35235
-22428
-32010
-21400
-13320
-17910
-57512
1050
-24108
-31878
9064
30240
-46814
17892
12705
-61110
-9911
-55986
2046
9499
128
-21844
11984
-13008
-5586
20960
52080
38300
1785
-18144
-1728
-17898
-6900
33740
-33532
-12606
27296
-18760
-24414
-46704
36960
-9600
36244
-13015
10266
-16277
-14848
-2305
-2706
-50666
1032
16468
5436
-42650
-39556
-8046
-26928
5027
4872
-2316
-30690
18240
-80926
67210
-2340
-2015
-49632
42470
57187
31876
15500
-2870
-15984
-67184
26180
-4032
-15910
7008
-5478
-38902
7752
46000
-2706
11750
-268
-5106
32515
30576
-8288
6732
25569
20223
21112
33553
46221
7007
44900
4850
26026
43377
-20468
6084
42490
62031
27072
-10526
35378
9827
9380
-25506
59070
87318
-8464
38415
32050
-21180
-16611
9864
22000
-31093
35448
-41500
21700
-39909
25404
17775
16724
41124
21504
-2982
-64998
-2349
40260
7820
-27560
8140
6980
-61560
16520
-24095
29733
-73749
22048
1036
-946
28179
-24621
-14020
1243
-9685
-25333
4446
-46550
-8160
1872
12238
33728
-39932
-6006
-5432
2108
-31644
-18791
-72900
-16005
-35511
-17664
27406
59985
-70228
98800
-31915
-39325
-13734
-31824
-17618
18720
59049
-76776
-14937
12006
-27540
12532
-17650
33336
33948
44550
35404
-86775
-6144
400
49000
980
-1962
-15288
15486
-9690
-17940
-16016
-46152
-7371
28942
12627
52374
14616
-3078
17415
9058
-2680
56544
50052
-5776
54055
-3124
29991
-32742
19728
71037
5518
-7460
-78864
37200
15800
27356
15876
84630
-40284
-25116
4248
86534
-32856
15732
77616
21142
-1134
81872
-11220
655
-1252
22770
9840
-3712
23465
-29310
20097
38936
-82516
71496
68850
6930
6138
-16820
1908
-25168
16980
7100
57546
1037
35454
-45441
-82547
54096
3542
-21903
-8073
-39150
-17538
65660
16929
-500
45507
-42559
-38897
2790
-11715
-4240
-34344
-1710
59660
-26730
11132
17316
6258
12383
17513
-75848
-85974
5808
14973
902
2920
-44307
4664
14295
28910
29601
-24138
-13923
87754
46996
-34371
63450
-1336
-5136
-62062
37056
8010
-7395
-50666
-97
43500
650
-23040
-70600
-22473
1773
2736
24831
-23205
22605
-14190
-8225
11552
-10602
36600
61940
-1585
-42711
11016
-25610
-41472
9555
-28160
-21250
33900
-5922
-30960
-18522
-63162
-12325
12528
47952
-19481
11457
-44700
49706
-10065
-9360
-3683
-23760
14816
-120
18020
-52576
-58167
5052
-1794
4410
-5500
72072
-37468
-10076
1260
72540
-20880
-19182
12537
35532
-1404
2640
43392
-1575
-45725
18375
8662
-4554
-35373
-30940
-25972
-26247
47940
-37536
-35378
41540
64751
-37950
-12682
-91419
-56749
9152
16748
-49206
-5454
19383
-41700
3025
-5316
23856
16289
26169
-31768
-71
42826
31913
-4500
-31611
7767
24272
-12050
-16290
24990
-11592
61520
-41634
13257
-25058
-38961
2786
37553
-23100
-79856
-57754
-24752
-18011
43020
-3300
-10934
-1988
-874
-58788
-62304
-9925
25630
44368
22464
-19305
-17794
29700
-49126
-4140
61677
33086
-6286
-28475
17700
1185
3233
34920
-16562
74360
-23760
-36554
54340
-8820
8601
36000
-9510
-15575
15048
-16286
70464
-65625
15036
75510
-47960
-33966
-55632
9408
-81718
-28600
-14868
-7080
-31800
-3915
-11430
68769
7452
12540
-9840
6496
12320
1074
3204
-5610
-6930
29664
-3720
-352
-6615
38454
-5684
-1584
-21168
-22638
-9315
-1689
-8694
-52311
864
49938
-5566
-12126
5148
-13716
-94
-36363
378
-7912
-1288
44450
-13728
39008
51034
-2466
-17390
-31747
3476
-1924
684
-3320
-22770
-34276
2080
-12943
93005
-19998
82000
46828
-67872
29202
17043
22365
-3420
-53492
-50078
-17139
-36225
-12984
-16360
-37604
-28658
8092
-22032
29346
0
-20852
-42470
9464
1892
-1855
-14322
-1528
22776
16354
34731
14942
-37444
29718
15678
-588
6479
21289
21460
-41028
-23000
43136
-24948
-36505
-29830
5551
-14400
31132
-43344
12810
9653
-7595
-78204
-28107
3048
37052
-55836
9280
-87203
5800
-33748
-20000
50046
-2790
5828
-20100
71900
-93120
-6137
32414
73900
-4956
7812
-10846
2394
5250
-2616
20832
23240
50706
-9776
-19980
7560
-13471
-250
-50978
-2110
-13860
-4445
-10994
-6450
15470
-54
53369
-2365
-32782
1350
-91264
-98208
-266
-29815
4190
68406
7704
-31960
918
-5811
-2404
39366
21924
8680
-9718
33876
-9367
28720
-42210
-297
-59568
49442
-5814
-4872
-24563
5304
26708
57608
-2886
32058
13734
-512
-33930
44145
-22078
-3220
38637
21888
-13900
-3374
-27368
1692
2303
-3458
1518
756
-45500
-243
-11390
-39800
-26560
-20650
19600
-1620
-7920
5688
-27748
7250
16350
-23925
-37425
-16100
26697
7296
1782
1513
-29308
-1540
36162
71916
20319
81408
-82644
7983
-12672
-44368
-37178
-29564
9432
12672
-42018
653
-6405
-3512
42914
3234
-403
15825
-30362
-13944
-1358
9520
19800
29667
21082
19800
16830
56826
2128
17028
-60695
-7900
11834
-9552
-20646
7350
768
-27150
-88644
-7704
1572
49
26784
-70929
-35397
45733
6136
-58752
-78900
-1503
14013
50126
59895
-1792
-332
20196
44744
-5472
-10185
18228
42504
57816
44488
162
16606
-8008
70794
17556
-2410
29700
-74763
47360
-85631
-34240
-16756
-81328
1378
-77623
30294
-1440
14245
-19110
3360
-51150
-7440
55020
10540
6846
-50776
-195
65688
-18240
-1342
-5334
-8245
-32292
35496
-4941
-8036
58562
46096
37370
39104
-9947
-62568
53253
-62196
-27600
-1842
-16951
-36855
-50830
-15648
-34965
10217
26880
-3684
18000
17800
-10731
-23808
-5612
11692
6565
-2047
-8075
2156
19412
20625
1325
9641
-3060
-11424
9000
0
-3537
2905
28188
-91238
-1596
-62937
-4260
-6714
23104
-13052
31924
-9672
0
-39644
15876
90252
-22185
-8759
-5238
-16149
-22576
-34656
-14904
6480
5016
14885
8730
-2556
24332
-25596
-63552
36182
22155
-51058
6480
-9284
-12364
-10868
2254
5551
-25296
-22080
-50502
-42435
72781
-41925
28208
29050
-173
12874
-28950
-4676
-9674
83610
14875
54825
-31844
24416
33400
-65376
-43143
-41250
-17424
50163
10989
27824
21075
-1248
-4050
5440
-1386
-16415
-41973
3425
68154
-16400
-44160
67014
-1562
-3252
-3551
26208
-54040
714
-28215
18699
-11280
5249
23349
-85
-10731
-17302
74160
3440
-9065
16885
26174
22016
-34895
-42011
20832
3420
64415
2414
9720
-32928
-57664
28372
-180
-8400
-29400
-28016
-1386
-9750
-12521
13772
2850
83070
77040
40095
-29049
285
29478
702
-727
-24120
-364
-25048
39420
615
25083
-3286
79704
74
-4488
-83580
4848
9360
-3034
-30852
-47232
-10578
900
-45603
-32923
-51507
34891
8600
-71732
-627
40108
-35650
-6561
3131
-22714
-4983
-15050
34821
66696
37674
-856
267
48918
-25856
1264
-20020
2793
34440
1264
2400
1220
-61650
52688
-27935
-4030
65178
6111
75152
-16290
66834
-17200
-6784
-41888
-42300
2264
558
-768
-1096
-36855
-56145
46547
-10400
43344
-7680
53100
-333
43708
-15531
42080
-4118
-56316
-1656
23244
-12925
-5358
42160
24360
-40936
-31255
13961
-22175
-62811
39266
50596
42048
-12276
-2387
14628
28945
14673
-2030
15232
21375
18590
-58100
-798
3441
-35074
-17168
13846
41418
-6030
-4641
75114
26415
53040
13197
45167
6153
23499
-22176
-6600
16432
-70560
-19809
-15213
2896
-3465
22700
-19450
40722
22356
2100
-408
10430
-37689
2700
-43708
4825
28380
-4958
-56172
-16247
7458
-81985
-2672
10296
5896
1512
-61499
62238
32882
-4552
63000
22824
-9911
-3092
-37632
-5000
-1596
4855
-14280
62920
-16416
-846
-19544
3654
4739
-17446
-1128
-69384
43582
4596
-88800
58103
20675
-26214
378
-43990
560
-3363
-12460
91675
3672
67160
-66834
-29928
-9900
3300
-19800
45570
-19798
-14391
-12880
-29835
-71722
-14016
27504
2016
-44792
-83764
1062
16650
65564
175
-16150
956
8220
-68640
935
-54802
5941
3768
-42372
-11970
1374
476
-8234
5445
5724
-23996
-6912
-31293
26040
25280
22100
-38936
43200
-5115
15616
46373
-27864
3190
-12304
-6994
4316
-42255
-12002
-49036
51657
28241
-2387
-54160
6160
-16907
-67237
76912
-41676
61410
-18340
-16224
-54505
6270
-15794
3596
1001
216
15360
-28302
2520
-27852
63840
2146
2024
-27885
43758
36517
9994
21840
34122
-2544
-92344
8064
-91568
13804
-1818
-27368
-3346
-52788
15960
-18000
1176
-2535
-17202
-5248
23941
8946
27700
-85976
10248
27224
-38560
-475
-46842
6541
77995
16530
-5280
-51128
7172
-3630
2601
-690
-53728
-58608
-4416
-23352
-16226
-48160
8280
13616
-59328
9849
369
3556
-24892
22652
9360
80224
-36685
6669
8056
7815
-58968
2940
69874
3704
-6929
-5148
4092
-3036
-3101
-7020
14150
22672
-1944
88377
-715
-11550
-19176
274
22589
-2862
-1196
-4524
74430
-5126
35360
-5037
-8211
9603
19320
32955
-7540
40824
-8670
-29516
-6300
29140
15048
27324
65193
29970
26224
-44874
-93702
3528
-66970
8280
22512
-60451
-6035
5866
-172
25116
16737
20790
-230
-31564
6084
-12000
-488
2990
-28800
-6360
15552
76360
1782
1485
50589
-33480
297
17602
-43741
52974
-10974
4887
-864
25840
-42581
-56
8
27404
13545
66780
13694
-54208
-4788
31388
-4531
31545
-6102
-41624
-23324
45155
-3124
90344
17290
-10550
95836
25420
39760
25600
3717
35190
7605
2775
-1062
1274
15808
-944
5395
35952
-59025
1290
35574
15600
-29488
-3358
63
-22448
63406
-8883
63616
-61886
-2712
36580
35332
13325
-19456
-47700
2885
3717
328
10946
8417
50986
27384
-20610
11726
-12247
26908
714
-65404
51921
4566
17760
-62445
-1080
418
-48288
21828
10767
20915
-3800
-67710
-23862
-68220
-18414
-41220
-26187
14586
24900
43937
-71427
-684
-2996
75944
7055
-20576
33609
-2070
-10764
-9775
-12960
-41888
-8437
46464
756
-44454
-27083
-8639
-85448
-36210
-1357
-23458
355
19008
-40365
-41138
20584
-12420
-7749
44874
24900
19128
-71546
-9882
9150
17238
48636
-20310
-31525
-17745
18981
-4095
-66495
-1632
2115
-12961
-14345
5320
59630
-69305
36162
4251
-44368
14892
18700
-18452
-19734
29489
21489
30618
45580
-17006
26307
39872
-11288
-55860
-52170
-946
61683
76626
15300
-18942
-24010
-2520
15686
-31512
29370
8442
49056
-57792
-35972
-18873
11658
-26011
-46904
-54069
-30972
-57000
-2256
-1339
-2680
65790
-11616
55335
-2640
7784
5184
-4650
66066
54498
-11466
-4988
-15730
-1445
67340
30420
22770
-5313
-61498
-26924
-14250
-73080
-32400
1800
17199
-1510
34368
19740
-7134
-3262
77792
15232
39024
9112
-160
-27380
39668
26220
2979
17670
-1480
-1342
7146
-31785
2615
-14400
-4096
-28750
-19760
42450
-18445
-15960
-16974
-40
44928
-30051
1869
-32339
-5135
-60160
-32964
-7400
660
23270
21632
-43976
25788
-7460
-21459
19560
58176
-48654
-6090
37145
-56304
43263
-18112
15054
-47080
-10720
32250
59724
-28379
-2598
1525
41028
-30870
-35758
70680
-33684
-24900
43848
15786
-37576
-59755
-52947
42504
6048
-23660
23832
11361
-9639
-11880
16354
-20580
27690
-12247
539
-60060
-42254
-10038
-21472
-53280
-290
-45678
-44946
5512
5239
6232
-31584
4774
-41778
13370
-648
-9750
16590
17860
-37436
37080
38192
35200
-6125
45771
-9165
-27846
7935
67104
29250
-60236
5252
37721
17136
2156
-10530
17014
37497
36598
-1305
2592
-8004
-12465
-37288
25160
34884
820
-23430
2552
-6630
-37088
-819
12122
46300
-8052
-68634
-3705
24651
180
-57652
-2142
38950
-35550
36200
6132
-29640
-22605
-5343
41760
-74820
-840
20553
-6592
-3560
10767
10450
42092
-27267
6132
-31104
-37855
34608
21978
6059
345
-48258
-13294
-63987
-1767
-6021
6348
10261
-7921
-29056
-37037
-52864
-75870
3036
14464
28119
508
-1700
-9834
17280
22161
9348
-900
207
-27888
23777
63576
-48564
14820
-9405
5885
25074
30742
-5688
-17600
-13702
-26091
-64050
67650
-844
-20955
9568
1680
21056
11625
20448
-5096
-16928
45872
136
-2310
-46800
35070
33836
-27300
68040
5994
-33384
-7040
-42642
-62953
-13612
59461
32130
-3731
-41760
1302
8730
-6510
44415
-3262
-15086
-33540
-23556
-40369
33614
11570
14616
-36162
-2046
66120
-17688
-41760
-21288
-9875
-25900
18620
-24662
27907
28050
-12720
23694
28056
14432
51894
8610
-8199
-4573
-24600
6824
-30264
37752
-46526
-8712
-18315
2450
4232
19584
-15939
-2160
2535
17794
2670
-867
-12450
-4305
21880
51400
-19184
27720
10752
-10175
-14654
249
45243
41318
-11224
8085
-54400
-35365
-30212
1634
7600
-42411
-12225
1824
3175
-12879
32976
-43956
40296
-3534
65450
-11058
-25280
-3532
33633
14760
-47793
-32040
-16590
28875
-21488
-3936
14196
-1288
51591
-39200
62700
30316
-66504
1554
-19512
-4312
-10020
34358
6580
-26784
43656
-1472
12408
1035
23744
-35530
-6321
1338
32190
2541
3890
13000
-48887
-59776
-10523
-5688
-13596
3844
12384
-13960
-11816
518
18396
-8436
-7208
-25652
-6936
-20750
-11550
60445
-738
-3018
24246
-68143
-26950
32634
-10179
58714
-345
11455
3294
-2544
-3320
-58374
-1377
50952
-27588
-11216
-2332
8892
11172
27846
-32721
-71052
-27645
-33813
86800
4160
-1065
-50284
8256
-8625
-64459
-28080
13958
1740
-22192
-8080
-4473
-55728
-53523
-1333
-2744
8477
-19950
-47530
-816
-1764
-14193
30832
31968
75100
18666
22833
-5008
31008
21080
297
-1395
-55002
-54390
2750
3953
-1508
1551
-38720
-54431
-63832
-312
-9129
25546
12480
-3564
-26214
27950
1362
-29832
-135
-7661
18096
30400
1536
82700
2151
-55714
1836
29070
10360
71252
66642
35670
-8530
4884
5876
21375
62850
-44198
57708
-45724
-9694
-47440
8162
7335
23500
-13068
-22440
-88992
1664
-7260
6712
-26445
56196
5760
13892
-65598
31220
87048
-19464
26988
-48150
-7566
-67032
-83040
-376
32512
40908
-25376
32032
-46320
48412
88722
35960
37229
-9261
-17358
-36482
-7546
26768
-31735
-520
-32558
-17000
5590
24682
15714
35008
21666
50220
7524
-16800
-2508
-10857
-85484
-50998
7344
117
-67900
12692
92070
32406
-14790
37740
53200
-30690
7644
22099
-24225
-75466
7475
-30562
-3584
60336
-29205
22962
-10200
23478
3619
-5999
-42148
2300
-11904
-14696
-51765
9088
-57909
15045
55358
-3071
48783
22466
5440
403
80746
18176
17918
27508
-30442
3956
-45500
-21291
51464
46580
22260
16830
-80562
868
-14301
-23450
64464
14355
49296
-19032
86814
-7236
21250
-45925
8925
3432
-46528
-2296
29844
69255
-30160
12480
-15006
-66975
6890
9576
-690
-3600
30200
20538
61070
-75894
77800
70125
5022
51956
5952
-15598
-40764
-33135
32028
40257
33660
-17918
-216
27048
7035
41376
-1812
-8708
-13962
-3820
28620
16727
9174
870
-18445
-11564
-16200
-33396
22700
-4460
76235
-38122
-11835
21571
-40850
26592
-43600
-72406
60736
23870
-18524
-58443
7199
-82080
-3325
-83433
29624
44268
-2436
53867
19170
-7571
-1056
42282
37206
428
67864
-75516
16350
-93357
-9468
10695
-13186
-26361
-26176
-10857
-59204
-13802
8268
10332
4375
37851
-5634
10735
11495
-18656
-17568
19195
-22178
7585
-87780
50463
-13515
473
842
-31040
-3172
82502
-2730
21070
-1224
76788
-38532
-30615
7146
44044
-7735
5490
-3430
13566
5508
-10626
-27621
9072
-8358
10209
26255
-21960
35100
-59940
6747
20216
20967
-21627
-3146
-3510
-31218
-42968
-13053
13244
19190
-8281
25584
27406
-12628
-24725
47725
37556
6405
-16770
61776
7600
-10812
-28198
-17289
56978
-33480
8704
-35711
54144
-34884
9324
-60480
18304
14742
6365
57330
44820
43508
-67682
64676
-12240
56000
4320
-33332
-32300
-71082
-61152
31525
-11376
-6314
87451
57684
-78474
-2712
29529
-6555
13113
0
-1008
-23489
83420
1556
-7335
11760
40752
4836
21588
57879
15264
53568
-21945
-29505
-37665
-41094
-25110
-18564
885
48906
7579
-73800
20202
-35100
35568
-22134
-76832
18502
-1340
-39870
-52332
-10142
30710
-41328
-22954
-3160
-30960
1190
-25344
37625
2059
80
1700
2256
-1600
-10350
-56090
-3599
22800
30680
47971
-36680
55224
352
-19656
30078
45864
-10128
10780
14520
-30968
31488
-6755
52126
22791
-28080
64042
25627
11592
-2816
20080
18440
-6402
15477
-29757
1666
-30326
22671
-75594
-4875
-10120
22270
-31862
1246
-11020
-5445
-19178
-22464
-21328
45528
-12276
15072
56574
2964
-11560
-358
-16306
5817
12416
7956
14782
2808
-35145
-14040
14406
-13949
-4800
-2106
53424
-65604
1438
17100
42675
504
26700
35424
-57996
77262
5957
34823
3416
9306
7618
-1926
855
6893
42568
1920
1416
50596
9840
4554
3388
-11968
-4680
-21854
11148
4720
-63168
-1220
63360
-38775
2698
-16055
-11396
-17604
-32895
54316
13338
-24050
-56580
23430
-17876
55770
6080
14675
6058
-67466
-54352
-39942
1349
-14238
-41625
-21762
106
22837
14112
18975
-63140
95634
54208
6230
-36570
-8918
25116
-9338
-8280
-20072
12584
22599
-16512
16128
-36613
6336
-498
16704
-8096
-22607
7786
-24210
-2046
2068
-4850
-27935
-76560
26068
-5920
29750
-82147
26384
-21812
-45072
-18179
-38070
40545
-51940
27060
30831
-49970
-21482
-58464
4958
33385
35026
3150
-1554
34048
7260
9936
-3710
-13212
85050
-5616
83592
-24402
2014
7728
3562
-6400
295
-28035
-12046
13334
-35980
-30264
-11883
-23165
33744
-7887
22100
61207
4080
4008
-38186
25308
-37788
49708
6136
23100
26980
2388
-19040
15965
28545
28408
-10508
5390
-36766
-9940
-38502
55170
-36075
38778
49980
-7200
-217
37660
-14134
-15378
38852
-25830
48894
-3775
17598
34008
-37240
34125
2380
15099
-71652
-3888
-33810
16853
75072
32488
693
-5880
18819
45962
8976
17595
9468
25506
15900
-39872
53515
-56400
-36010
-26460
426
1368
-1946
1258
-14469
-1525
-27438
-62252
31236
18252
36000
9250
-26554
-3034
-1495
-23540
-13974
64255
90535
28900
41882
-18328
41208
36210
55527
12376
-5508
-22736
8064
-67165
21138
-81627
-12673
-19894
9861
38417
32760
10620
-22098
29052
49490
6105
23219
26220
9522
-60
-27864
-6460
-38502
-10296
21492
-9770
-1544
31836
8568
5369
-20828
1137
50547
61952
13725
-28914
-28275
-4025
-26640
36010
-35092
17376
19005
-33660
1264
-51548
6840
-12645
9735
2140
-47936
-58275
52488
-47314
-9499
-1417
23240
-23994
-1827
2430
29818
-46718
-4375
8910
6438
28544
29460
-44556
-3640
11820
-46
79872
-26166
63648
-69732
-22997
16354
-39729
42420
6016
-32108
-4200
44286
21440
37467
-24055
-14276
-12820
2656
29040
-19500
9108
-1872
52096
-3825
-57128
-23805
4536
23040
-20700
-63144
4776
23817
-3150
8569
-3800
-8448
61446
75240
56974
-4165
-19952
-28273
-9625
-29160
539
-42330
1100
60348
3696
-3410
16492
-40500
-1333
3224
4368
-25620
-2982
-60060
-73080
-23517
-4088
-68510
-10740
-84568
16928
51150
-11349
13104
8036
-55696
-2856
-9452
7954
21836
-44872
-11592
-25080
-5152
-12062
43928
-5880
32438
-7074
-25056
6565
-5736
22248
-34314
-70805
19656
56250
-60996
-191
-38038
13560
21065
32680
-16203
-53544
920
-4300
-45420
-5440
-21195
44600
-716
-32021
21141
-8352
4070
-15876
4055
-3114
30430
62035
-424
12311
6477
-2177
18525
-1441
-65940
-53874
7196
2656
564
-58830
-40837
39501
-57304
-30498
-27930
-9184
-14000
-1190
-41192
-26677
24016
-60348
-28458
-1113
-2325
46284
4655
-7125
-43146
-65416
33652
-1320
-30404
29982
2343
9982
-27930
69861
2775
-2166
1750
-37191
-3094
-31150
-55216
-40572
-38772
-17437
-19900
-5034
-16849
82260
-4544
8947
-14766
2460
1420
-27755
19032
-2868
17654
-56092
-29832
-45600
-3915
5688
22974
1794
6600
-91932
-3330
6669
67067
0
-28686
31168
-16530
-14796
46270
20793
-17108
35236
63375
28020
2448
-14920
44286
-21777
4620
-7150
-19824
-18330
11595
-3610
3130
495
-41000
741
-21090
-313
-35640
72447
-13338
30952
17920
15624
-38900
-30844
-25550
-73416
-756
51612
44408
21840
-1320
-11280
-330
-24661
36708
13580
18204
-7448
7425
-43428
30459
52345
8160
-1606
-46560
73200
20844
-9154
-8372
1764
-21449
47360
3856
-30080
-738
48360
-24095
3368
37365
20100
-62016
54778
27976
36351
32289
26800
-16416
52785
-14250
3871
25920
51300
76131
11322
45024
2332
-57088
32004
56913
23157
12803
-17720
-5566
-6000
-12922
35256
29205
1860
12796
4704
-92466
-51730
-17253
17661
-19633
5841
-4108
17150
-10503
-69132
3948
-24396
5548
-30800
-1480
-4606
-632
-9660
64446
-37878
-6291
3300
37296
16767
-51118
34520
-17706
-10965
38098
10485
-14280
3596
16740
40755
-5096
-54245
-92414
253
-3850
10098
-2720
-52437
10030
-49774
-75492
-23391
-67620
32712
-41648
2242
-13832
-59850
1666
-28860
11637
34162
-1638
8284
81800
31050
31110
-7925
480
46903
74226
-60137
-7680
2108
31752
23870
6960
-1156
-52096
59133
25432
-36725
-4715
5085
5012
24056
-6580
13880
-43708
-73752
-12702
-71617
-66015
-2492
-24353
-8393
2100
-6069
2310
989
52640
50240
-29925
24450
-56404
-14560
50416
3375
-924
-4320
-21728
-24811
2212
33620
-14617
-31050
-27927
-41644
696
-6771
1518
242
-1053
-20910
57024
30720
11340
-11346
-5497
75423
-79632
22860
35557
32160
-4017
2064
16859
-6422
-7202
-35445
2124
-21684
23912
-14040
7248
3848
-9990
16168
86632
12804
3567
10406
28520
-23392
-23479
11094
-8890
282
-851
10800
1284
-47740
6258
-7884
-5811
2727
38070
76422
-48256
-25536
-6464
35346
43409
19360
-21164
-2484
30444
-57519
-4588
14430
50575
31902
6900
-10419
-11134
-28080
20274
64350
7532
-92900
12440
11220
-57936
6944
-5082
12276
52688
69840
-1104
-1159
-19620
971
4235
-25730
4477
-23736
16484
1840
4120
35904
-7548
-4753
-68376
34164
-12636
-8085
-20706
27692
-42120
-26550
-25116
29160
24650
8019
30015
8576
-47991
2604
-15750
10854
-3629
39412
-8361
-561
-36206
-5384
-18528
40640
-40748
15680
-24354
-14539
23177
-5720
-33818
23140
15411
14076
-11033
7950
-44932
42918
4464
52965
-21018
-17353
-80634
6279
-10192
-11392
-3972
-57196
-44163
-83692
91674
420
-27216
13132
75600
-4039
-36926
-18560
54656
-2288
-8190
-24751
-51543
22416
22356
5508
-33060
-16640
53331
-27456
58960
-19940
-704
-41860
52244
-16112
-6952
355
-69700
-15593
70252
2106
-39467
-10400
4830
-868
-52569
56784
19280
-31080
-77818
-14652
64128
12636
38634
-25344
-18738
-18980
-23655
24255
-6825
-13578
54196
21122
8424
-42048
-21500
-984
18865
-26460
-20952
-66906
-40832
-29970
6075
-5248
-1620
24367
-25025
-25671
-10412
-7469
-49390
25454
12615
-6754
4096
-37620
62640
43676
12878
-14960
-23700
-12397
64820
-6578
35721
56516
61386
3900
19764
-46916
-65429
11025
-2380
-3500
77074
34944
-39680
-47740
-5650
67360
2820
-20328
6736
-18190
-7232
19285
25944
-51408
3304
-38472
-34986
3864
30932
-26609
2697
-4720
-3424
-21465
56970
32895
33
45010
-9145
19872
8736
-75870
-22475
14532
-56658
-61848
46050
-34456
724
-3330
49654
-70980
533
16575
59020
3723
14469
20242
29790
9999
15770
57800
40825
7910
7711
37679
2412
-71484
-5382
61072
-33422
98100
-69843
42085
22820
-11468
-43400
-1782
-3636
-7322
26100
40488
-29052
20659
33225
2387
7359
-23923
-49496
203
41715
81515
16758
-4566
-18232
-19592
882
-35046
2100
64504
-11340
23498
70438
-42845
108
-51903
-330
13161
-11408
2002
56736
294
37184
-6528
13248
21696
-11832
7446
5225
-37583
16128
-59409
-34080
11256
-5947
-7565
-26845
13608
40242
1312
13524
28864
-8246
680
-67830
-15776
8022
27280
-29120
51086
-6881
-11983
50468
18193
15958
-20480
-60965
30200
-1650
-62859
45962
332
9405
-80948
-17514
28296
-73794
-24846
19834
9280
-24447
39744
-2158
-29230
9216
62217
-5593
208
-55998
41664
-8024
12688
39219
-47530
-22776
-13082
29190
85096
-59760
-70004
-67545
-9360
-77372
-1272
-30672
1882
76277
45066
32568
-29480
-49348
17346
11000
-51681
-714
-73254
-4277
72930
57768
5112
-22800
76632
9100
7280
-26527
-45924
-34155
-64848
-8685
-9061
3339
-11600
82464
45008
14352
26304
-27417
22678
-33720
624
11470
-28350
-3870
-6960
7520
-61248
32696
10700
72960
-67160
9140
-32084
18259
-29824
-17820
8766
-61152
-69900
-33924
18502
51667
-58542
-2175
-9513
41154
47748
-10868
27608
-16640
29640
60480
88722
13090
-45686
69743
-20520
1749
-11089
95545
-46905
56780
-18424
8325
-22560
5480
-20064
85554
33600
54768
-9750
25308
-13494
41216
-80800
43470
-10080
-429
-26720
-2880
3640
-42656
17034
2277
12782
-25050
-10800
-10811
23594
-4225
-12062
30312
-28872
-31816
-63448
12672
9592
-28704
14420
-57096
39435
11492
-15925
-1780
6370
14880
13886
9670
-1185
39380
-6208
-1596
15011
231
-21330
-25833
14760
50008
-845
-33600
52371
19210
-22968
10170
15704
-91368
3192
-21918
-6420
6750
-67413
78078
5488
47300
-8235
-60
-1035
-25779
-40486
-47360
-76400
74670
-18000
60291
-23736
16800
1854
-39556
-48930
4862
-58565
36855
21714
-573
35008
-17264
-18900
-6408
-8320
-14720
24832
-8547
3810
16800
16724
44560
20678
-13080
-1185
44405
39501
140
730
17094
-17199
-20475
-18190
4628
-2136
-33534
7622
6135
-14058
84
-1365
-10296
9630
14280
-20774
-42920
74970
-19580
3159
1460
36564
13984
52430
80085
-5945
13780
-14664
-21714
-41160
-35424
4472
-39320
-27170
-32338
70840
-7068
14720
-1150
55401
6540
16150
-125
37672
3560
14769
35006
-2016
-56883
-54720
8232
26838
35532
-24981
-66256
4209
-61620
-76560
26732
-2185
72270
4263
2760
20520
-65790
-3498
-6000
-86086
16590
-28755
-47320
18668
-20735
22419
-67450
32508
-21216
-38485
50007
-9657
-656
2596
-47520
-605
29344
11424
-1131
6084
19750
-6240
81028
-21756
31703
47239
-3002
-39786
8448
-1626
-20889
-24563
396
22509
-34675
27664
-25872
-28128
34188
18040
-36300
-20834
20570
354
54340
-47796
82984
-38628
-19924
8820
31570
6300
24992
-403
-6018
26754
-14816
9672
-4350
1914
-25410
26972
-12692
-14288
16016
-15260
37146
-36646
-88629
-2883
41650
980
-39800
-30720
-13244
17568
13608
14943
17760
38493
-928
-41934
-55800
-2646
-11440
-44455
-41195
639
2366
2294
4950
37136
-1890
-1809
2996
-2945
45315
37895
21045
-7751
20895
35200
-32336
-949
3300
-22127
43164
-272
-624
-252
23832
27812
40158
-51714
9360
56498
24000
9674
-12600
7046
3300
2270
-56440
27687
-26370
-7840
8085
-64938
-66898
26145
-28860
4776
-57180
46748
-5395
-4277
-18407
-820
59000
18414
-7512
-6127
-270
-2450
-31395
5616
-13950
-14525
-26010
-19100
4794
21336
7896
835
-49875
33558
-10125
22774
-14246
-2960
-9058
20965
7470
-20553
4925
-18722
-53136
-84448
34200
-71052
-1424
-42140
-58608
46806
-6735
32940
12282
-7656
11367
-59690
25039
17600
13005
-470
-7530
32430
18306
-24273
-19522
-13800
52528
-25080
22935
-63180
-21264
-12725
-21068
20060
3996
-9960
-21367
-77771
-17612
4698
16643
6552
-17820
-462
66850
-7303
-15000
-50752
990
-15210
-82
4265
12084
25317
-21566
34600
24235
-76140
38735
-44688
2555
14363
16650
-28040
-55872
-34100
23450
-6260
-10965
-23127
18228
-12168
7627
-12160
11550
-90582
28203
-20160
11550
25992
-8228
-2576
-17204
17202
-7308
39342
17080
26325
1102
15106
-19200
9198
-43200
-7533
11835
-69093
-35424
40905
-50840
50490
-24186
34416
-3815
-4580
-17020
7491
-2244
-16132
10200
-156
-77341
-55358
-6750
-14289
19536
21084
35712
-59409
-7192
-52080
3648
14178
-39240
-8257
-1668
24412
-2294
-9177
270
58220
40700
-40104
-29700
-7065
2198
-4120
-301
40820
37536
-30742
-2947
8296
740
-10590
-30702
-9540
26182
-702
65175
-38433
-1692
-10800
-72286
-62913
19008
19764
-10608
-66518
-79920
32193
-72424
-31360
-24492
20944
81606
-5625
-2415
-6744
-38258
-9292
8745
29325
50955
-31705
12726
-59598
39438
-54945
-3048
36464
36933
71440
-36972
55920
-46739
2760
-43663
80649
54846
-5445
-32688
-4738
1664
-62866
-33110
29711
-6090
24568
-6750
-47952
58491
-2702
432
12804
-86625
-3364
-40631
6912
-5432
48654
22140
-19116
-11424
12954
-13368
1140
412
88592
-56290
-729
-38650
42768
2718
45682
-3484
-3840
54348
-2436
-40764
-29800
474
31752
-14720
10718
68068
20130
-38107
68208
26320
13671
-8126
21216
18340
-9504
59392
-11552
1629
8000
14532
25996
-17010
1960
9030
22620
-10773
30030
-57521
67314
31450
-6150
144
1470
11466
-77616
-72
12470
7424
1865
31760
-2232
9135
192
13248
-1410
-23052
14720
-99100
-12747
782
-37200
-23797
-32088
3780
-23229
-28560
92720
-42245
414
-30618
-23312
34398
-8883
-31278
-5208
-11418
15360
51180
2070
6285
-72670
9204
3875
-30874
12240
2262
28842
-48144
5390
-65286
77244
26936
-65016
-43120
-66096
60636
-4266
-41923
-2008
17331
32226
-14336
-10935
-12144
7704
42955
-8757
-6930
44072
1701
-7452
-51136
-2755
-10266
-42120
67322
15932
9204
-3450
12366
-29550
-18700
65464
-9888
-12936
8162
-18753
-60515
-23874
69058
-4914
-7250
-2392
7668
-4563
5110
7209
-8671
-6080
16492
-2584
-18404
-14235
66516
3708
-28938
-4165
204
20736
-6111
45650
-5336
-59460
12544
43806
19642
49588
65959
58512
-60656
2730
-68256
-7828
-9516
-55893
45312
13764
16704
-1485
-69513
-26649
-4564
79800
-1418
-4094
-10191
26208
4745
-44545
2204
-17366
-7380
-10668
798
6839
-71712
40480
9460
-12117
-6384
-13497
-21894
36210
11040
-1146
-21318
-6408
46656
-864
-4312
4794
83174
35300
72584
-420
13664
-12150
-24388
-17631
-58100
8585
-30184
-11564
-15500
-85624
4884
1288
45770
26230
-8109
4130
42744
47596
-2328
-63882
-78556
40548
50327
-16744
18722
30104
-11635
10486
19062
28980
-42612
42250
-29000
-4350
-3542
-46440
1395
1008
-11745
-2312
-1926
7888
42097
-6200
-20016
-73227
3184
31200
32725
3856
1916
-79893
21190
8463
24960
52808
-27187
39485
22680
68502
-14178
4536
36288
-45954
-21201
-57980
82400
-70892
-48050
13408
34884
6848
26980
-37765
53865
-31228
-15040
-38298
-43914
-19550
-35512
12992
-1668
61908
84812
74172
58342
59595
20910
-29882
3000
-1820
788
9648
56550
-6552
38335
-23183
-16212
-48983
-15984
-6174
30552
-7998
-62820
45260
-21855
6470
-10566
-20526
63150
12150
1696
10810
-1938
4530
-10582
-1256
1240
-3196
15067
27244
-80562
43578
2541
30709
11154
15029
-31752
8704
36080
-25605
7898
-16224
774
-36982
-8200
42241
-29412
-23577
23240
42
53000
8232
-69276
33306
-18432
-47792
2772
-7084
52852
500
-3608
-35022
-6748
-8991
33142
-39438
-5056
-46988
6848
11726
17920
24024
46501
-11925
-64728
-17264
13920
-74575
-34850
-42750
-22736
-16200
673
54912
58625
-54023
8470
64050
-6576
9345
-1356
-25498
47008
-300
9945
-39144
-35632
-24090
-60921
-34554
-1440
37647
-1024
1813
11376
-42276
2964
19040
16287
15260
-35690
-64804
-90684
-6210
1974
17344
-68255
52050
-22645
2090
12826
28860
3600
-59013
-7813
-35392
-35152
-20514
1624
-70980
-8160
-5478
-12741
17
-9776
12334
-19040
-11155
-25840
39468
-2821
42274
-4608
-7068
43539
24424
-2584
-2379
-45409
-13708
-6400
-50286
-4116
19032
49471
-21450
10318
16643
-33812
-31548
-55048
-896
-2055
-10725
162
15925
9724
-58682
15308
-12455
-14840
7791
56637
11154
67732
-68634
50820
2808
12563
-348
-62109
-26640
-38658
28443
-1504
540
-43945
-783
38544
-45045
30774
-29
39560
-20646
-18580
-63840
-12474
380
-36135
-14220
-3048
-19620
4180
3685
-42276
-28782
-87514
468
-56781
-19460
38710
3825
3458
-1887
12090
-44340
-52080
-16240
46256
-60450
18304
13356
22568
-79980
60669
-6850
31625
37168
23545
-30360
-15860
216
2253
3820
28290
15778
44148
41550
-24420
-20064
34440
11388
-7344
-5103
-19967
14136
-12699
2737
64400
-77664
53640
33026
-15960
-4134
-15244
68760
-5544
69888
-9954
-22163
32960
48601
5229
-3404
-27720
-22344
-2664
10126
25813
-16200
14276
3306
-34633
69642
22344
-28200
23016
804
18450
-1896
39442
4524
28784
58692
-16352
3582
-22555
18850
-11904
2564
19798
-26820
-10336
396
-9028
-53136
-9204
-16695
-3888
31062
-576
6825
18700
-35526
18768
64300
-7134
-5460
-42984
-81754
-1624
-2304
-29562
-770
-3424
21632
-2466
23805
-76896
-25571
-32130
6102
49616
11470
-12127
2043
-16682
17914
6335
23782
-21560
10758
31850
-57792
32476
8036
15385
13248
-51865
5634
85500
20600
13054
7360
-1668
-15400
-14592
-23085
-22275
-32096
-49150
19150
2995
460
-9222
-75636
34980
56160
-14750
198
-2537
-12464
25800
1386
-78228
-34932
1608
9756
22448
61992
-1631
-11543
10692
-8589
-61472
15500
16484
93799
-24264
27552
-29575
37
40964
-5508
-2276
-54290
-42768
828
10080
13250
23850
11916
33726
-28215
88852
38808
21658
-906
-24327
-32908
18837
13413
-50850
14355
-29560
23352
-8610
-29971
-43225
65598
-58860
51040
22532
45276
-5082
63911
1680
-12597
19032
-9936
-43687
51030
-18690
-2670
-55930
12224
-34868
-46737
-12834
-7848
9504
-36018
30176
2090
58566
55020
47235
84660
15498
-635
-4462
-60198
-47168
2760
16588
21690
49036
-7752
-67510
-5723
-10625
-42822
42394
36292
27063
-13005
-15904
-66310
-6042
61600
23732
-21120
-45994
7473
-29535
-3378
-69042
24494
-22440
-768
-28971
-1176
-51900
-6000
-19564
-66220
46231
43400
80413
14560
16791
61560
-30972
-9342
-17958
14340
1971
43500
25198
26158
-12208
37130
2880
8082
42840
-19152
28652
-1104
-9216
8418
-22154
-56000
-13532
13912
33299
-51750
83226
2871
-65669
-9280
65590
29106
-19584
4186
-7332
-24378
27384
-6795
40078
13150
-65736
-12936
46512
-6176
30384
-2010
3000
61314
-17358
13200
-38335
7566
-320
11993
5112
-1955
14102
34944
-10340
-20416
-14972
-244
-52026
4223
36892
-23244
-13594
28134
-25704
-50040
-10827
26544
3525
9048
-65532
-30821
11505
10720
71058
-408
-65727
84216
36936
11760
-4312
8037
2380
-24885
45937
-56260
-12358
9576
956
4216
-19912
-42112
25172
-59410
15870
-20155
-9696
10080
-16434
24219
11362
96
37142
25194
3091
256
6601
5240
-2139
-4956
-1155
-10710
-32604
-22190
6280
-30452
-1681
1806
-1215
-29016
63294
-23600
-74582
-3370
9020
7756
47874
-11253
37281
-74885
-69236
43332
-23600
-10602
-5214
24446
-4266
46944
-38988
-1364
-31220
-3888
25092
-21812
-25066
7450
-56364
4956
21568
59682
-45778
-72335
-25664
-1620
19750
-41748
-366
23328
-69377
32840
32406
78309
-27265
-2070
38704
-15225
13817
15087
27840
43350
-6919
-1786
-49454
-88561
-29325
-1632
730
-14040
-70787
9555
-19614
-8547
1250
-64698
-13776
-7946
79776
-19272
1533
31232
2714
56787
7104
12338
1100
36544
64347
-4966
-78792
39248
6600
-35880
-50735
-20094
51832
57800
12015
13370
-15322
-49920
10659
-10608
680
6003
28560
2695
13392
-7328
-54675
4120
-72000
73200
16730
14883
55342
-26908
19110
2112
6375
812
38610
-9108
-3864
-30765
-17806
-40986
552
9760
-27600
640
-46
-15228
13319
29585
-9516
71915
-148
1068
39334
56350
91100
-5460
-58640
10944
-15910
-40425
-172
-4368
-2400
3816
-46693
8232
860
10396
7038
57222
-91400
-44365
13543
73815
80685
71850
4602
39664
-49840
-37012
-2574
-55710
-15850
-5837
-8931
-29605
-5621
-12194
-8272
-1250
-5880
-7056
20376
14467
-3612
943
36100
36342
-142
6290
4720
73216
-40095
3000
24334
7353
-2260
37146
25020
-37634
-12100
14048
-7830
17342
-8103
32736
-2934
14742
4420
-44784
-10036
-54614
-22379
18392
47150
10302
22589
-2363
-1025
16140
-17304
-67900
-5999
2146
34888
36002
4784
41760
4600
-7600
-26720
-23350
26784
-11424
-9231
522
38220
26274
1704
6240
-50764
-9698
336
-33480
-34853
11950
-20436
36540
11350
-6096
3080
2496
-11280
-51506
2396
24225
10045
4346
30943
35112
-32208
-12411
-6025
-40586
-28560
5148
30800
-48720
-8924
1500
84796
27552
-17575
4230
-33264
600
88443
11997
-59940
31625
-31488
27474
12363
-28864
53040
-6488
-27877
-24108
43848
-14525
-22655
9773
-34104
-51709
-50688
-5577
15370
1990
-16770
-36985
-47481
2160
8686
-3045
20178
-900
-6304
38364
-17531
-11544
17628
30500
-11956
20313
26818
-34408
25440
-63732
-75342
44096
42795
14976
-62123
31228
-28105
51148
9924
-22442
17787
79210
-2245
-94848
-4816
48076
16296
-77654
-67230
38356
-24960
-2913
26315
81046
-15067
-4158
-73470
-14994
65043
-654
5148
-1672
8420
8610
-964
-4257
-30228
21280
-19600
41580
-14304
8800
60375
-26767
-2874
2576
16261
-15228
11550
52164
-31820
-71820
6864
-14495
41772
1500
-10769
-42042
-36846
-14872
-33072
-3340
406
-14790
2428
17955
-25824
-18824
20700
-22360
-44436
432
-29744
19652
-9240
41648
-6708
-43840
-11816
-5244
12660
3186
16800
-15036
12556
-154
-20496
-4368
10138
-20655
-4644
8684
11477
-50499
-10880
12525
21204
48975
-82863
8960
10773
-1140
-94560
-6513
63954
19270
8569
-56416
-30660
-14202
-2025
-47800
31152
20664
5358
47472
-46107
0
-2505
-56791
2964
43452
7353
34950
-60762
22275
-15480
-20672
21948
53466
1518
-13396
-5564
12519
28132
3674
2808
-58328
-70290
22714
13775
-3887
-18980
5698
-350
-10947
-10366
-36960
-1530
-7155
-5000
47520
526
682
-14697
-15480
-6375
-4940
371
-7548
33276
5676
-13552
11304
61335
27531
74152
-40216
-17560
27584
39666
-34245
3250
35313
-525
-54860
-7209
47286
-67368
4098
46332
71668
54150
5877
21432
4680
46746
45262
65000
34034
8138
-42112
-23744
688
66297
26712
67068
90336
2476
35510
12500
24808
-57618
7514
1204
80256
-43095
64328
-60515
23154
29700
13050
36000
3204
33033
-17595
-22102
-27594
4628
58752
-20691
5947
2448
15960
-2970
-6937
5740
4056
-30120
19941
-20488
-18530
52516
-7266
7720
-14940
23264
-11400
-26129
54210
41748
-1152
-20462
18696
-5841
29419
-12030
-85050
14760
-51585
-36366
-32412
-12768
-35948
9348
35640
53520
-24276
-9591
34196
-1908
3726
15552
18272
38634
-49086
49750
3895
37720
20636
-10560
-21465
-64449
-2772
-2584
3795
23610
-47752
10664
12240
920
17904
9765
34560
5505
48804
3645
-52360
-7918
-66080
67431
21060
-1067
-40300
-65238
-64681
-8970
26106
22320
-44388
17892
2652
3828
8811
14707
1804
32830
-33743
-36036
3116
-15120
-32422
-76506
-1820
2100
-38598
1504
28440
-13152
-77425
8420
-45810
-18655
-5017
-10160
-4405
-9348
-54
6300
11088
15998
16100
65504
-23280
52096
-24038
43605
35840
37050
11401
39420
-11088
-9960
-19344
3952
10812
-61300
-1360
38822
-1932
-26152
-70445
-2496
-95634
20812
49734
-33706
16168
22698
14455
-3060
270
17355
6432
79887
1488
-11374
2200
-2604
-74456
33825
19890
-29735
-11160
-5889
-57312
5655
83500
14157
-25979
-11169
-86900
-92806
26010
453
-20880
-16080
3640
13396
-9006
66867
-35100
15368
-29700
1876
1368
16100
14778
1012
-10290
-8925
-34750
-64152
203
-7120
-348
16214
-16520
62112
12000
-1616
-54054
20944
8459
56628
-8246
-73870
7308
-966
975
-6900
-6640
-64600
3383
-17226
19812
-12276
-29232
-2232
18368
-60208
-25060
-67584
-4770
38544
-1755
-48880
-85632
-20930
3000
-64387
66240
10440
74336
43616
-57890
12930
-210
-71344
-18705
-18286
29799
-42126
-10725
-2340
-24900
19936
-31678
2220
-15268
-3020
-9780
44308
6864
-8762
17300
-39732
-7774
-32336
-25696
-8131
-21228
54582
-4002
-7031
20102
-20874
28221
-14110
5356
17190
-52460
5588
9260
23232
-3790
23733
10105
-43804
21168
-12930
21728
-80723
43100
-44982
-30200
-7714
-10625
-651
4756
49959
42303
38700
-48024
62238
1383
-3383
5595
3790
9920
27972
-257
3504
-11304
-21663
14625
-34216
2208
27352
4002
-12276
9840
31875
-7840
11375
-25520
45600
1728
64288
-84564
-31008
-6604
-43344
-37011
-15810
5589
-10974
47880
53956
-4012
-50958
20462
-29885
624
4588
-20511
-23954
-4368
-6400
-14964
-18377
-67149
-10270
-1128
-64328
-23604
748
11704
13100
-14040
-27999
-34216
7245
-30012
-52218
945
37365
-1170
-26340
-1190
-782
-17374
27303
2392
-26680
-20748
-26814
28942
-9520
17313
4288
-91971
66980
-19998
-54
17160
-3132
-18914
-34036
-29760
-39260
12958
-20960
-3381
17160
17727
-7137
-5073
-8904
-43428
19656
-43680
14620
-51625
-20220
6944
3450
-9592
-9522
8640
-37632
-11856
4400
-5364
860
-7153
-21351
-79200
-49720
-1988
-35568
-954
-57696
-12192
9450
51246
13696
52638
-38033
1802
-8052
-16160
-13230
58865
1456
52860
-29580
-2352
84192
-59231
4674
-24521
13699
-3792
41040
-44919
77900
70528
-38766
37051
-5106
-7720
27680
-4704
-15930
7052
-30835
16356
-5200
-10504
31724
47259
-16872
3827
954
-85258
-21792
-16272
-18711
8112
790
11060
20152
43310
-20852
17513
-47804
-880
-32856
-39480
42276
23652
10659
-1720
64616
-26820
43548
-7848
-46605
-8355
8928
-28336
-15048
-63504
1490
-52510
12200
12285
31280
-2173
-47752
-22950
55188
33350
4114
-20160
-4266
-52728
-47100
-24559
-47988
-47690
32940
-19264
-27159
30380
-4788
11620
16960
22876
-43774
21348
62580
39900
11492
-4785
-2249
-6583
-8400
24024
-4992
6120
19822
-50948
55872
14220
-11946
32940
22284
23001
24710
1798
95158
-44775
-8460
-40500
-28939
51085
71250
-18445
27600
24258
5616
-2142
266
50547
17358
7016
130
42822
-38963
16218
13426
13048
-25795
13760
18763
-48015
35292
-64315
-24453
-27810
304
-49810
-33596
872
37260
-14473
69599
-32981
-92544
-8074
-79992
-31860
60625
11712
78260
-25270
-40188
10707
2415
-11175
-4074
64410
-6120
26264
-66164
76560
22407
18031
24990
16348
-1404
20790
-88
-8268
49404
-22356
4992
-17874
44086
62900
1045
-9954
41525
24531
-293
12800
5486
26865
-12525
-17850
-27158
-93718
-47
-2370
-3744
644
79515
-34751
7875
63732
33258
9637
31623
21641
17304
936
18508
904
19050
-11573
55366
10528
-27590
21168
19096
-34040
42640
25379
21648
11284
-13524
-54720
12576
-97804
55104
6849
25718
-53755
45318
-13748
750
25795
-672
-95642
-39379
6450
24494
15895
-15795
-34936
12078
5850
-47544
-22450
1125
6923
3572
796
9025
39396
-5335
8436
-68820
10579
-44748
-45368
9536
-4050
38640
1446
19530
-1584
-20709
-40320
33930
2717
-43707
9339
-46072
-59415
-16192
22119
-2700
3861
-11500
5445
-18120
-21105
-39100
-8160
20034
28003
7320
77688
1872
-16168
6120
-40809
-55161
46494
25752
-10116
77691
-44344
-13005
-31300
3818
60000
16675
-8550
-34947
-58320
25972
-38793
-78289
59520
-76752
-4914
75772
-5707
80770
2364
1768
42849
13995
50952
-57732
38720
7632
-70125
-80600
31680
8172
-6754
-5495
-4990
-16080
-16940
-1352
10744
29601
-21315
-35670
-14102
-62168
30912
-6984
-11712
-2261
20821
7579
-54050
9570
21320
-814
1710
-1581
12294
15196
-68552
-8658
-22576
30200
-86292
69441
-40625
-79992
880
34452
-7008
-14010
35030
-40812
-10656
-3054
12428
21420
-16308
21186
22736
6831
-12012
-473
2940
25912
9146
51842
14060
1620
36738
58128
-52332
-92247
11175
42828
-67940
-18540
20916
-79968
-8960
-15544
77784
54348
-7260
35910
2354
-36000
-13755
-40915
39895
-78570
11856
-18676
12870
-58432
38640
-1363
45480
15312
23120
5735
-30628
-9212
64610
-10465
-12250
15408
11830
-7650
13972
-15048
-442
-16617
20463
-68143
13055
-11688
-31382
-970
-34461
570
-44951
-16872
34188
1773
536
10730
-46011
77196
9282
23712
58278
45429
-5610
16525
26946
38454
28224
-6500
261
-12488
77691
22632
1024
-72248
-990
9520
-1690
-21638
-47388
38552
-20750
-2117
-67704
-54448
12136
-4235
-5707
-4392
-20232
-19533
24153
9744
-32945
-1606
-29563
-2470
-9953
-2492
-5088
-13056
45567
-10710
28560
13158
-2976
34740
17220
-49200
-66738
-27864
-9020
-3625
-5187
22035
69482
26746
59803
54932
-23241
-40420
-70928
3175
-4810
-70
90620
78988
-10076
45198
22905
-39504
-70
1836
-37969
-61321
-25938
-19796
-46865
-13013
50874
16720
-12144
83660
15106
13200
-8910
6570
44520
-1184
30780
-14352
-8381
7505
-19032
-45441
-46872
12470
42745
-56938
-31200
-15512
-720
729
-36456
10564
9558
-21684
-19532
3638
-14259
17604
-61460
83340
32704
-41877
-39700
3048
13136
68657
-3015
7456
-4094
-7743
-26733
84770
30856
-41376
62551
43810
-9653
-4028
46737
-67140
-3080
-5208
9438
-5145
29410
23940
-33012
-6120
-19669
11685
-15936
54340
19839
28529
-19932
-29002
6006
8084
-20757
3828
-48600
-7275
442
-35696
-12876
30261
-85070
10248
-26864
-10560
14076
33830
-4704
1617
-18420
41650
46696
30856
-8722
2920
11320
24140
-39259
-18400
-15910
-34196
2000
43610
-38880
43344
22533
-7630
3935
-1134
-12330
-48552
24548
-44118
-4023
-85312
40641
20412
-53046
-34202
37968
34188
6000
-23904
17301
21798
-41160
-43267
19665
-28000
-6512
33108
26136
-50673
3591
7840
-37904
-3325
-9348
-9658
-34782
-67991
-54462
-18096
-23296
2868
-1588
-43092
-36883
66924
35814
62912
-4608
33800
-46812
370
7668
57440
-27180
29835
-14673
-2820
154
8176
37336
2133
-15984
71029
81515
5640
-3300
-8362
29120
-42984
-19780
-40968
-22752
-679
28809
-10218
-63070
3486
53492
11792
51262
-35816
11934
53262
-19342
-15340
-2820
-29350
-4325
-58410
-238
-14688
1666
-45045
52578
-810
1578
-14575
-14459
-51435
2856
2226
64600
-23996
14127
-52440
-31017
-39274
-11872
38164
42421
17280
-19296
-25690
79
980
-5092
-3968
-3294
5278
2580
11476
26532
-14980
-44639
3616
-22776
-8559
3760
-3700
-49496
8946
-11715
39270
1695
34112
-8127
-26864
67858
-26625
53640
26028
19313
656
-58200
-55692
-1680
4389
-42000
-16146
64911
31755
15352
9280
-18468
49237
-5054
-1974
30527
-62548
45198
-35640
-98900
-9180
23425
20169
40110
-57500
23951
-56640
1400
53845
47520
-64440
22140
24360
-34279
-14976
-7083
6975
42000
924
12765
-10280
10908
-576
-20726
-18001
-20252
-4225
59414
-255
53497
-42861
-2912
-9376
-7768
-59800
-6953
62744
63420
-79894
693
11842
8281
-65772
-68382
2178
1600
-6024
-28198
-13310
10476
-11375
22218
47961
4992
-53410
-39780
-7020
-14134
-5796
-16191
37440
13520
-31734
-33800
-33516
1182
-1050
-8910
55040
24129
-2250
654
-4180
18447
-2970
41775
-20800
-71653
75936
4100
60237
324
61740
1020
102
41664
-54824
3108
306
-12376
-54300
12
-13755
-37632
25498
-4758
-7650
-44574
24804
-11490
-6699
-74690
-13482
-77616
8490
-7280
10595
58300
-33841
32305
-8940
65155
-160
-53580
18042
-8510
16758
7839
-73069
-30100
7410
-3152
-11937
-22678
-15164
42135
55480
8635
3705
-28600
-25070
-40368
-34701
-51895
27650
17856
-46080
-6757
12064
22287
4638
-56758
-600
28980
-32417
-95931
-87178
14400
-460
24794
-19197
-6630
11780
-18700
-81312
1352
44583
-44896
12960
-21762
42864
81536
-51861
4355
258
-21328
-1098
-10032
2675
-6358
12375
-42210
-32076
-2754
-44233
-17974
21490
-20488
-17575
-2768
-61516
-14063
36039
-65840
-30420
-80808
44016
-8316
25408
19602
62100
-43992
11070
23725
-49662
20331
-5168
8848
-72200
-15147
78933
59400
-44160
-12580
-2349
-16296
-10241
9048
-47424
5778
-69264
-12300
-36736
-51606
36900
26240
13272
-510
7680
-52525
-17676
20468
-7068
12150
6768
-38502
-25272
40980
34210
-154
20862
38346
-1904
1624
-15000
1480
1003
-23940
-9717
-2272
-39372
-38657
-14280
-88555
-10192
3600
49038
-17952
984
-7689
-34055
-5124
42390
-4065
82272
-39888
4960
-1870
42900
-59796
7776
-23200
37893
5166
53635
-38458
60458
-14539
22792
-18410
-38186
2380
-54691
-430
12177
-10682
248
-6289
-43176
41625
-2145
33708
-2604
39060
-49855
81508
5670
10200
84487
14292
4746
-64005
-82834
-19372
-51611
8456
-19140
-33592
-21560
-196
-5120
19467
-1638
294
49632
-350
-34410
60030
4000
-12390
9500
4982
9529
-6000
-46163
10908
4890
-24057
-7567
9360
-84882
8112
-5264
28275
-49536
27753
-10302
-30090
-28998
-46436
4914
35705
-64800
-32585
-6762
-10678
21181
24831
-49059
-56440
-39816
-50715
-3354
-22017
13034
126
3456
22440
-26092
61182
-20880
-1650
-40964
45668
8523
-71514
57915
-4225
31700
-25604
798
-392
19272
36675
-12928
-13775
16775
-21216
5000
45120
-66780
1827
-44632
-7175
-18400
-1596
-13483
45472
-3720
13981
-54691
-29025
-64288
15729
6153
-804
-732
8784
3456
3498
-35178
-17847
4158
-72708
-25632
-37590
2340
73632
-90650
36750
3605
16768
63042
-23040
51310
13750
-1026
52800
8436
2544
-184
53690
5083
-16605
-10585
31211
40937
-6848
7259
27693
20590
-12532
-38412
19872
-39760
10846
-36676
-11797
-58331
-14664
56522
27368
25450
-633
25137
41184
-780
-47888
-97600
23940
-9588
-44160
-5523
9180
-208
-38280
26160
1166
1274
-39696
1230
-603
8177
10400
-14405
53331
-10128
50220
-12040
-5852
-75164
61824
18544
30940
-14672
-419
1440
-2483
45840
-75088
10575
-19850
31719
-79044
89298
-9405
34056
-4535
-5166
-24053
-15040
55774
-11592
1806
-3144
12180
-25326
-14722
-65
606
-33124
17765
54868
3925
21912
775
1414
-3348
3420
-15984
44688
-9288
-6608
-69564
-64610
-67200
-19698
70209
-57
-28836
7770
-11210
-19584
5304
-42705
3270
12141
-11178
-9483
2425
2520
7800
-55760
-71825
6144
-26520
-46176
-720
80838
2742
50596
-24628
-14575
-9000
-8298
1336
72459
7470
-9086
17864
-2660
2992
-33549
51128
5265
-14006
-87997
21210
62685
28116
-21666
-23660
-10710
-6128
63050
-7750
-4578
6233
56404
-51058
-5828
20040
74925
-32430
-16456
20440
4255
19312
21520
2046
-22385
41376
-1349
-32830
-71101
-4730
5058
39300
9308
93575
51352
4085
54778
1880
-30134
-15345
10368
-13140
10640
47808
58222
-60268
22794
-25542
-4940
-7420
2868
-2400
5720
-46163
9021
-4437
-27900
-64014
14490
-16290
21034
-20774
3510
-32702
14625
-74459
8988
2187
2015
30221
-14195
79760
-39852
-28864
-12975
4088
-3920
10906
43660
73038
-14796
-15092
62923
-31684
-39585
39960
-16506
14355
-31878
25200
-18090
6364
-9828
-34848
-77376
-17526
-67379
44718
77088
30550
-836
7050
1816
-29388
3640
30360
-58904
11685
39990
-15309
71841
14496
4116
-88780
-7722
29069
-4150
-6330
1615
-6408
1545
224
1485
9860
-2796
15136
10800
-3840
21070
66956
-14553
-10758
23296
-45408
53064
21182
-34928
-7581
-58652
-7938
-66542
49312
-416
-2208
12008
2090
24675
-83993
-1353
-50960
-13350
10800
-27270
88555
12520
-47988
-56832
-52380
57240
-17292
10048
-12540
-189
46376
-50298
45036
-46209
-21658
-14861
-10720
14336
4116
17208
-4653
67796
4662
-12670
-10120
-5518
3300
14637
1508
-24080
15428
39480
-34632
43090
25536
41478
-19173
-13608
-15075
14484
9028
-51054
9919
-19110
-21930
-10044
-18252
-7568
-594
-11916
20128
-25051
35062
5280
-8784
-50580
-15267
68600
-33062
-23596
-5976
65892
-47360
38628
-20010
-7739
12636
52512
-73444
14596
18240
34626
13824
15100
-20592
-57744
-622
23717
-5634
-11644
15100
-65535
28712
-9590
11712
3162
-15360
-27636
-31876
6188
19264
-5310
-35340
660
35793
7718
-539
-25571
-6100
17766
-1749
14592
-27810
-952
-21392
9119
-5760
2012
-2542
-38400
-14596
-57134
1182
-54352
48585
40848
24672
40713
-12180
-27224
-75690
28305
-34062
19544
-4995
-37814
35200
-45570
84293
25546
-11656
19624
28224
-51313
31896
-2994
3250
-35074
13392
-38088
8154
-6192
72819
-2790
-10840
-65424
28044
-17056
-26388
18370
-32756
-62356
4914
-6370
22468
49056
-6937
7588
62031
50112
1504
3912
-2464
-13936
-53110
21936
14760
-34608
11700
26166
2552
53480
-9324
120
44175
-30
-20564
-8320
26892
28672
-22816
-48384
-58433
10956
36149
26289
12660
19890
-9016
2016
-68760
-3660
-5580
8460
23028
-17838
-21074
-42716
54540
-14235
-22950
-57424
-31003
33041
44480
-33670
-5250
75510
-24552
-11414
60450
-43992
-10710
37468
-12510
41888
6762
42065
-75648
-16184
-24056
19533
-26980
-65756
-53984
-27744
156
72090
4856
-13818
10792
46716
-14504
-41976
-11704
-189
-3360
-59364
35742
-26316
15800
8860
31740
-55460
28197
53130
7130
-22389
923
-2856
-49864
-16849
24846
-38429
1912
-18942
-44240
1016
4896
-17568
-43809
-57510
-5850
-44655
21412
-4180
-13888
21600
-89760
12692
12825
49068
49205
-4032
-60852
-4209
-1166
-8992
-15300
-6825
52288
26796
-18920
24751
57510
-26085
-10298
-7800
-12572
-32292
30194
-17802
-9044
406
3944
13055
-47328
44590
12250
462
-3942
68900
65928
-36250
-24461
-11033
-29326
-5320
37872
42600
25704
-54462
-35568
39390
1368
49096
29652
-46269
28448
-969
-1520
-31950
19929
-52955
24998
21700
48552
-59427
23720
31372
41478
-2115
46113
30732
21127
831
-1936
2028
-31692
-6690
-66232
-6600
26740
-20440
-16909
-1210
-6422
-42560
-9160
18576
-68915
17710
12998
18585
-14536
12600
3339
13300
-63910
-3874
-42366
-9824
-6590
-45927
-8460
41536
-26117
80400
2142
-72520
892
-30780
20304
2040
11776
-94752
-33580
-21312
10760
-28536
24057
7596
-32663
-6760
-56580
-520
84040
17298
-50340
-20410
-7245
13078
35280
34200
6141
12800
2940
14181
-9269
33840
-11697
11515
-74315
-1166
51205
-8253
-13905
-44982
-37870
-23120
-2365
-777
-33540
38205
25986
35742
-76626
-21470
-38200
44275
17064
-15600
759
-28880
-30702
-27540
2412
11340
-62370
-7992
-14065
33600
-47492
-5673
59752
80593
-17948
42160
-7396
496
23374
-83927
47950
2997
-82110
-36982
598
1340
13770
-16821
10246
19700
-18576
4707
-416
-28480
7605
1310
58022
-10855
3358
-1824
-18094
83832
2670
0
-78002
7944
8352
55062
-20169
18565
19024
32807
-30640
-29151
-8441
7138
2970
21065
53658
61499
46620
23256
3540
17204
-1448
-2460
-52164
86926
-13640
-12040
-49131
14758
-22258
-40377
20500
-33228
4700
42228
-53328
-4672
5575
-3322
74072
36855
-15360
-60630
-2661
2940
15750
2094
442
9246
-46640
22995
-67344
17114
-6477
-2180
-6603
2445
-10920
20655
-15611
-21689
38042
-28152
18645
14340
-18592
22672
28864
57380
784
-64575
-10120
-51410
-39273
33792
18612
1735
14310
3962
1508
-14190
-30968
-57232
26082
-26400
-6986
25056
-93955
470
2496
960
-15129
-9160
6380
-27083
-5778
-48705
46565
5075
44264
52038
-17278
10976
39646
-75050
-23452
-475
19992
63279
8172
3975
14896
51714
22976
1672
91872
5058
-6400
19184
878
73865
46779
-645
-5740
54300
23001
-22785
-36864
49227
-41114
-5544
-10278
-1691
-84280
60673
-25080
5757
18525
1404
832
-88852
5841
-38226
21420
10906
-23675
39032
-63418
-6035
-2479
20412
540
4239
-28766
37599
13200
-2448
-10656
-1936
-27650
1414
13860
-5694
-41600
13936
-45152
6980
-39964
22599
9152
-17550
-5740
-20600
-17105
-12876
-23636
-41350
49470
-2526
11506
8525
24150
-32538
-10199
12624
91200
-8162
-25866
27538
-86545
-14410
7072
-23370
-23939
17776
-5730
-9443
-51514
-3096
35900
-46145
-1530
-8483
-76329
-49920
-799
1792
16356
-5940
28221
-5472
42795
13832
8670
2519
18315
62415
13141
-23088
-22780
2673
-37164
7320
1342
-3705
10626
-1158
-25020
15912
-49920
39334
70200
6768
20184
85374
-41094
-4950
24700
-45792
6960
93955
13176
-13014
46748
-26980
-909
-5900
25296
34558
41648
27288
41310
-9675
-21356
18278
-39936
-12624
63040
4048
33580
-1749
5675
-33705
-46438
9774
-45248
-7920
15026
-18544
86031
55900
30544
-59475
-2868
-7898
-4699
-10693
28310
22272
-14250
-11052
3000
27805
-46765
25824
-2665
76272
11830
-990
-9600
-56595
-11088
-1920
-1254
-30711
-51675
-16704
-14500
2480
-6480
60680
13
21167
34780
29916
-37164
39809
-17472
1914
-14195
10355
-2211
26250
-11438
23460
-13172
21918
3059
43316
3840
-24380
-56355
7194
-13008
100
51208
-2544
-67837
-27885
-63936
8085
-63344
-9006
34860
6162
60040
8203
-2118
8288
13736
2028
45880
-1539
20832
17360
-16280
-15780
14214
-22680
20596
58420
14640
36566
12825
-6768
-51420
-18176
23764
-18565
-23595
-7482
11201
26000
26640
-3410
-33215
-47840
6090
-5012
-2856
-66722
475
1512
-13035
-35862
15748
-784
-31850
27240
-75648
-11564
-30940
-2403
62173
-78822
-28350
33801
12615
1500
20793
-21024
10047
40194
19695
15480
-9000
34907
1360
-294
-12975
-48816
-16023
-51184
31317
-58720
50715
-1968
18618
7950
61248
-10776
-7154
1862
26311
-90861
97317
4005
11421
49560
32802
-671
-10668
66096
-16994
936
-44165
8320
360
-50568
81
-8906
23125
120
42778
-15236
-90160
-57840
14912
-49278
34400
-8268
10296
-60345
33720
30167
34782
-33711
15781
-26304
2645
41648
-12670
31175
-2838
-9735
-35880
-11316
-35642
30016
25025
4496
71900
-29820
-3296
23736
66368
-49470
60515
36708
41976
10269
23851
-11016
-19578
-30970
37167
-45724
14337
28244
-38420
-38127
3960
2208
-56715
-2618
-70070
15792
2504
45356
10350
1638
-81972
4566
51208
9996
959
26780
-17304
-14276
-6188
-372
-6578
28035
-3458
48355
363
19758
12792
-2304
-43428
-55144
11438
8235
252
-17500
4560
18590
44354
-1680
15384
-12236
23595
-20088
-3770
43806
-55728
-2247
-45954
17226
5616
7095
14536
996
27528
17501
-14600
6239
-4150
75945
14912
-17296
90024
75592
-8515
-5535
-53952
-989
-9035
18408
-6552
72156
1930
15147
31251
-19008
2580
-82450
-9120
-35948
-17164
-3959
-3810
42480
16300
-45167
54531
-13186
30702
36778
64897
8343
22344
-22776
-4092
58838
9823
-11026
-10863
-79640
-8208
84740
-2882
7154
52140
35309
46926
966
-82681
-8822
-11715
-30624
-10528
11180
13431
925
-39438
48198
9128
846
57915
-15840
-9968
490
-34404
-32190
44064
-13620
-7631
-11346
-64124
5632
-8040
-15244
-2754
-80684
25584
7175
-29232
636
-18688
-6696
21681
-1152
81016
62080
60624
-34515
6730
-13923
12696
-66933
3940
17043
51531
17408
-4644
981
1904
81450
29289
20196
7380
38681
27404
4815
-5170
-51069
-24601
-4704
-3884
-21114
33228
-15888
5904
-15366
-48328
11430
-35370
-46875
-22816
-2538
-79329
35847
5473
58528
-4910
64377
-15042
17949
49082
-15900
-38545
8621
888
-470
-6876
-4550
-33500
17286
39696
25026
-2487
-1862
-4352
-69825
71534
62560
-21620
-48546
7200
44928
201
6396
2175
-67320
-7347
13764
-10049
-2184
31672
-1305
-20475
1938
-25596
-47953
13590
-55390
-71456
-27945
59150
1690
17430
13515
26670
7590
-4445
-40095
-3450
40503
-48911
-17702
49320
-38857
-1236
-35460
-45356
-25112
-72808
-4212
-17010
5915
-16720
4200
-11648
25158
-7353
-5964
11456
25812
56430
1244
1358
-4664
30324
2686
-9864
42240
-22080
50439
-78903
-41418
-12546
76284
8244
42947
4199
4674
47464
-8927
-11744
86900
33696
24560
11203
17760
9170
-1232
-22516
-10481
1902
2035
59585
1288
19788
-18510
-6407
5913
-10176
-10044
-38681
28720
71198
71687
62
38936
78039
-64719
6600
-36180
11680
79884
-38088
-33800
3150
-13410
5248
-59024
-1104
46284
18830
-22989
-14276
-74315
55680
56780
-3105
-1813
-16123
20503
16107
-40836
-24255
12420
-15066
5655
21696
-25900
-38398
-552
-39494
-65648
-15180
-39933
-1650
25376
34983
3168
9373
-53130
15164
1406
-12810
2535
-23652
-35100
-68300
-29328
559
25620
-23653
-8415
14442
709
-3780
-11950
32383
77112
-14320
57392
253
-72
2646
-81286
-50568
-24742
32736
35055
-2244
1520
-16464
25320
11492
7296
-6102
54860
4941
-57840
-5733
16900
-10515
20709
6149
31464
3249
-24510
-50908
-30060
-17570
-6006
25757
-26712
-11016
28489
13260
-6512
29791
-59304
-6482
59648
35178
-17658
-6170
43955
7590
68184
-44748
1984
7524
-55432
-25114
77352
-4712
-9600
-18088
-43148
-13184
-7018
-10978
12818
-23430
3824
-2476
12679
12354
-789
4176
46787
-966
-7930
21160
-15540
-6600
7567
36774
-30310
17313
20944
3750
-63
-814
-16611
17100
-49036
48312
-28861
-12535
75423
2808
-50940
45414
7744
26312
-3111
-12000
18906
696
32340
2494
4395
-21681
-12654
-29891
264
93290
4958
3950
12616
28125
25792
-12630
-7383
15680
14003
-56335
3588
2166
-10560
48126
33633
19844
-1248
-22750
-11268
20496
-858
-40610
3262
15957
-3988
37350
-15822
3146
-44829
-45864
-14763
2224
-4042
35952
-46765
16611
644
-31648
1974
-50922
-7081
-20294
5136
-13720
-72248
-24480
15570
16302
-79734
-61490
-2070
-2635
27738
-77
-37392
2856
-51516
-15488
1116
7440
12852
-33030
-6821
-15356
-17820
2268
-31801
-61000
-16133
11970
34200
2400
5589
-6941
91336
-3906
12922
75951
-47574
-13246
-32913
4462
-15808
81770
-73791
-699
-182
4675
6840
52038
-89424
35880
-1612
3519
-5805
20100
4745
68706
90400
-20385
32512
-4183
6225
-74152
7170
-34506
-62034
9648
-60040
24472
-47817
-16175
-9009
13157
81780
-15844
728
-19260
-2184
-11088
21924
-18960
2716
-48399
1720
-8280
60236
9165
10425
-19316
-897
59499
-58292
-51267
16502
3960
-10564
-22410
-78300
-39192
45156
15840
56628
5100
18081
48212
4740
3969
-12557
-5820
11880
25300
-30646
-33712
15792
8555
3264
-22491
42315
17886
189
23236
-34178
2964
-13311
6687
-46872
-14688
-40341
-19027
66432
2600
-11739
-96600
-82646
-2120
58058
-27300
-52206
1260
344
1085
-1622
8018
-726
-10045
24420
18031
6240
-9542
8604
-63336
51528
468
9700
-33155
47154
-23779
41266
25810
60984
-27621
-9452
-17332
-48650
8036
51678
-27510
-4368
518
-34633
8073
23560
-1840
26514
1440
-82732
-24276
-1690
46276
-6762
-15900
9853
24548
9963
-42770
3003
-15232
-24180
-420
-36738
-2744
76950
6956
-1701
38950
4500
-9720
4200
-53808
6391
11346
-16632
53724
-46360
11373
-19224
-26680
-8096
43736
2152
-6314
-25795
-15795
42891
-30774
19096
52327
-17680
18564
-42973
-2885
2541
54538
9724
42075
14193
4850
-5124
15180
-4767
15878
-4366
-24087
28251
29960
-7458
-73435
9492
30176
-328
-19992
1798
-7540
-2898
-19154
-14467
45264
34608
5340
-24956
41736
-50040
-11256
13480
-53376
80586
-8360
16905
9030
-10620
-57761
-47885
9971
7713
18960
-480
-46842
-69368
-6716
15399
-18018
41140
54576
16120
-3378
43065
9906
-4820
-29760
8082
-891
68769
-29610
31705
492
-45
-11830
-52010
-8740
37682
27432
-9618
-10336
41331
22971
33086
-44175
11934
-17160
14893
-10980
-49000
9125
-57159
-35217
1370
4004
-33968
51750
-506
-26790
43964
-25560
-50654
22852
8169
-26730
-20328
-27600
-6726
24528
-23205
-1528
38232
6744
-23147
41031
-29376
83616
12672
-15732
-32320
24256
-58565
-31416
14276
18073
7480
-43130
-22800
-59126
2496
-9272
-1170
1080
-89676
-36360
10292
28215
-11712
41622
13743
-1980
22011
-5247
-36388
21166
-30060
48090
-30912
-10740
-11520
-15522
15210
-37962
-44298
21420
-4088
3204
33812
-4266
-70929
1236
-14600
-55440
-4320
-12222
3267
-9660
3465
39909
30240
55860
-7947
15141
31760
-8640
-59073
-89056
50160
11662
508
-14858
12064
-9774
1602
-19895
-25230
-3293
-57850
-13398
19995
-49560
14516
13572
-35786
3990
-17745
-33575
44200
-1600
-31900
-8964
53495
-65472
-2211
-63666
-21318
11984
-5152
3505
4960
-28630
-3689
2952
-82840
-3744
31266
-71570
3885
-12183
-20874
-60150
-26130
24300
18144
-4704
-13062
32832
14518
26288
58480
-16077
-37575
-19140
61776
-44426
43176
-75366
-11336
18975
935
-11956
43248
13520
13875
10920
12336
-17394
-12960
50680
-24000
-35208
-61766
-44640
-49980
1230
-57970
3440
-20758
14994
-15778
37720
-3572
-8600
33120
-255
28324
3366
4102
1562
13800
-9464
13450
24985
-36895
2828
55296
-3480
56032
10752
-51336
-10470
48985
21984
-448
40800
-84640
25984
20748
22392
-9044
-18432
13719
24752
3165
-7760
34551
45496
51170
-75609
1624
-89864
-34160
1769
149
51772
-28938
5712
3995
72776
3795
-28810
-9000
-65450
68019
47878
-554
8946
-23400
8041
3005
-295
11394
-28710
-3283
-12760
15606
45449
3510
-13260
35288
-1056
-22900
-53088
-45505
25584
-21240
67166
48906
54684
31464
34587
25070
33748
57960
-308
-67805
78302
-10275
-21504
8272
13020
-42900
-18284
-14472
27940
6260
73700
71687
-50175
-29400
16724
-8180
375
-9334
42120
27931
74534
-32928
-384
46548
-43877
56088
-56145
32274
112
8874
-10797
-97700
-10560
15219
-87178
-12320
32538
8892
-37927
29970
-21924
-8250
23424
9612
77736
-9916
14612
-37027
54336
-28200
69255
-29694
-19080
-43542
-70602
66300
-10368
21054
-5130
-43840
-3198
-49590
-5909
11556
-17919
-43195
9789
-47950
-66220
-5339
-74612
2208
-7720
-5640
-7218
49200
3526
-53872
56072
-8478
11430
-2772
-3185
18648
23300
-3284
29260
5109
10317
-46400
-30409
-61446
-5110
9729
-2928
48300
-6258
-42470
58996
-20339
-47154
-63225
-59878
-7208
-23450
-7392
11528
-18513
12012
29667
-9821
23488
14058
48300
-3916
-20493
990
6215
-5772
-11968
-4608
1628
60864
31882
19680
-7191
-88704
1600
-3498
7469
9640
-61110
58770
70975
-22940
-41548
4464
-11492
20210
-32760
-11968
-3872
-16235
3320
-2600
65250
2004
-24635
15785
-34338
20041
24325
-10914
-15120
-47970
13482
84920
5526
-30300
13175
-9296
1925
48300
18870
-20930
-32526
-28424
-460
93100
-3420
4345
-12912
-70763
-37224
22015
-9035
-3910
51800
23760
66272
1840
90345
18734
-77456
-19620
39900
15092
56772
-64148
-25326
15930
-23936
-63572
-1134
85914
15219
14942
9558
-2860
3705
64720
24957
-22620
9238
19110
11856
-70775
21840
75180
4830
-3276
-12558
42581
51920
-50396
14353
-5736
-32116
24934
-40271
44756
-14756
66000
-20880
-5106
-53464
-23571
-29172
-71400
-160
-9200
-59768
32566
20026
9849
-13288
-54591
-18292
2397
5780
-52243
66364
-22715
-42172
-35853
-17422
-4743
-1500
60864
-2033
-14616
-9855
2695
52700
14500
-15106
7224
25792
4602
-30420
5421
15617
-41876
46403
82917
11310
29016
30877
28866
-67239
-7695
-63862
-1720
67550
-34650
-37730
8640
-46805
-45792
9670
71994
-51765
41013
-16798
21793
90068
-66975
-3192
-48672
-60726
2170
-11830
-8316
-31076
43719
56019
17712
-3472
-23825
-20163
30576
-12878
-48662
31552
21672
69
-1344
-45504
38963
-25156
17400
34884
-52056
-15834
-19082
8748
-5372
10143
-64152
20636
-8140
-15622
-31926
22500
8928
-19056
41607
-9605
57330
-28275
17088
3258
8996
-3900
45322
43992
18480
5368
4370
22533
11104
6468
-10475
-10788
-49
-40176
6885
-13158
-33444
-3404
11832
18818
-2100
7976
-5460
27660
-34185
63960
-12600
-77868
-49020
12600
17577
-36704
-8930
-42768
8778
90725
-12896
-24480
26840
-12129
-41553
-44280
33210
-48840
921
31440
10108
38100
-31266
14325
36076
-4600
22000
-48944
-16302
21384
6231
28750
20856
-67482
836
5640
43240
-41800
-10360
-24192
-14976
-29000
77056
14520
-57344
-33138
-2408
64680
522
26136
-8106
1485
57290
8463
-38340
4641
-41907
-8404
15640
6055
9879
-20331
-49410
-35816
39292
-27874
38316
-6832
35711
6384
1557
-18202
-23247
42292
-34374
4550
-30858
-43920
-34075
-92308
45672
-28514
-1806
-36075
621
12096
-160
-5544
26560
-11830
62856
-17180
51870
-61795
-6513
-19569
-18877
-6175
13770
-21692
44935
-12792
7293
-8113
-5124
-12351
-15799
17784
775
219
19964
-33796
-21291
-34362
-29799
1092
-544
864
86534
27962
-17328
25655
36232
8784
-7925
31740
-11078
16264
8931
-287
15520
-30856
-18480
5640
-7881
7006
3212
1215
-51267
47904
-33325
2568
86768
-23488
-2016
8103
3944
43425
-46297
15320
-23541
-50796
-972
43650
16166
-10752
-76500
-6680
89568
23345
-39648
4752
27192
6910
-17556
58825
-9855
-11866
1484
-20646
15201
-5280
-29504
-20250
6704
32058
-52
-33120
-1480
67650
-3150
3360
-3650
8645
4368
-69044
11505
7920
25640
22135
-3588
-16975
-66066
9702
-8256
1530
-12948
91744
-6435
-34504
-42630
-51129
-7092
-32868
-368
-5490
7396
-34202
31314
-48450
2013
27750
275
12150
-29889
-55575
-4752
-85248
13212
-16380
-4228
26112
-22494
-14745
12870
1495
58702
1128
59388
-27768
5280
-51874
8815
-875
6705
-19552
-3551
-2640
22755
-16675
-55496
-12423
76
4930
61161
819
-14720
11100
55760
-611
36176
21252
8721
-26404
-26840
3780
47321
12192
-59100
-51680
-11187
-22686
-57120
48399
-3120
19485
33932
20152
33891
408
47712
-46455
-2091
-8820
-1734
-2964
20235
-19869
12510
-44061
45008
-2540
-1440
-45919
-27170
-18105
-2970
25996
11235
-13498
4464
-1620
-67536
-12400
-35934
-5610
-46800
-8624
17806
-3844
12728
-17472
49920
12250
34800
23161
47250
34038
-26520
-5785
14906
55539
28704
-17355
-12768
14125
10199
-13000
90727
56648
37076
10672
38812
-34276
-74730
-3780
-31440
18480
29448
-7479
-24520
32032
760
-2178
-36226
-57102
-26009
1296
6510
86912
-20274
2240
-3952
-36453
-3915
56784
14760
1580
-22386
-14720
-17600
2080
47430
-10728
-5904
1260
-1430
-2904
-980
47350
16338
240
1484
11648
16327
-25542
-18377
40885
-2360
-51680
56388
-1815
-2926
26941
1848
-455
-67200
14091
-7396
39852
4914
38003
3808
32732
-2079
768
-12540
-38247
17355
10290
-64932
-1947
-4680
-15096
-32130
-26037
54717
-1222
-3240
-340
22843
-15106
-56213
-13896
-16980
-24059
-77436
-14028
73000
-13300
-28161
1659
978
-37089
-5497
-13688
-1498
17755
-64068
40843
59514
-594
-20702
39615
-56202
22366
-47988
-14964
15300
45567
-9828
-19684
-41600
12192
24938
13473
4956
-38014
24108
-17777
-28275
6417
-328
47000
-7452
4102
51535
-33168
-3910
7524
-56287
69888
-12397
-41276
-19600
8541
-78625
20592
32148
7130
47753
22275
76986
2964
23788
-41241
-44044
24475
-11356
-2077
44064
25840
2178
25232
-21797
-42750
-10382
-8532
24650
26486
63910
-8280
6344
54880
-1120
4462
-27231
6882
-14430
-1316
7410
-45024
-23040
-10925
-79348
736
-48888
-3240
8256
1258
25701
-3978
-48418
-6023
-5076
68013
-5760
6525
13725
6984
40740
10296
-19300
-8710
464
6328
22708
40896
-69732
-11400
57960
70650
38001
-66640
-6444
8760
30016
810
42340
17360
26433
17300
-11160
210
24510
-41376
-23520
-4350
4480
-36632
-152
6824
14445
-6539
-996
8778
16011
-42845
61236
3570
1254
-17280
-3696
22176
1300
22692
6440
781
79968
-11628
27246
11457
-44928
744
-42578
-2312
48861
24570
-45
32708
24804
89190
-6180
38646
91584
55272
-16109
27380
64320
-32676
-6392
7373
26555
-10296
-5829
-76512
-60830
-39438
-28507
-6930
34593
-11600
-7912
-39836
56498
14945
-298
-40061
-10285
14064
-25338
3990
-44446
-11488
28800
-79597
27388
19264
-3816
-17160
-400
-53998
6631
78763
6700
39600
-3915
10944
4800
287
2877
10620
-23808
-15906
33448
-3944
-450
97000
48441
53847
39425
45198
29206
2574
22774
18408
-1312
25402
47814
43974
23880
32882
1924
50310
-4731
-1513
-40716
-26697
15023
14828
7830
-5369
40110
-79282
23800
-3576
-3440
19296
10074
-15040
16884
-21960
31879
-11355
-45900
-11782
-4180
-52200
17050
-36714
-19412
4577
28032
16072
-176
-22048
-11760
11340
35730
14580
45650
9864
-31317
-895
-16548
-68502
10257
7728
-37004
44039
-145
3969
-469
-46176
-1105
10770
10566
-11580
13800
-19844
-18522
-5508
-19668
13650
28830
-16443
13568
-67060
-9492
25947
-6768
-16308
-834
53690
-23229
19300
36652
-7340
-4590
-19584
28644
59057
32472
78498
-29400
2775
-48400
12415
63858
-61940
53760
-2370
-15288
8160
-102
45990
2170
-9282
2484
39850
-8712
2666
915
94905
11832
23780
-21186
7160
-29197
-7518
12083
2142
-35445
3325
-20724
27520
14760
19536
-30487
-38548
-4464
-14650
1662
-2262
-24640
11880
-6612
48760
-28737
-744
18907
71852
31631
5145
17154
-30104
-43600
37810
-2290
-8535
3168
-11920
10716
3332
19275
-7464
42768
8540
6930
32760
-18560
22092
-43450
-609
40404
10500
-39547
37969
1430
38700
-15288
-1218
504
33192
-24459
35559
50301
-12110
-15392
-4680
-8100
11316
17980
-47292
53290
69700
-30069
46450
76028
-59760
76840
25308
2492
74060
14036
53120
9240
-67456
2471
1796
-39168
-3645
18525
-1352
6578
70748
-59048
17574
-35670
-17420
67914
-94368
-74400
17010
530
23760
33225
-3400
-1083
41400
960
15990
52962
28964
35620
-11866
-5504
68950
-47840
-3178
23302
-37671
66080
14620
26028
-39574
87309
-9450
-47740
-34276
31730
-20710
11000
2592
71360
-2244
792
-11766
-7875
51280
29233
-16277
-43516
22748
22876
164
35112
-44013
-7865
5083
4800
19950
1155
-5848
2160
-43430
-2852
51590
-4722
68094
28392
17280
14928
-856
1244
44835
-672
-36200
-23520
2880
35604
-2744
-52020
47564
10864
48020
22692
430
-38860
-1682
-4094
-74034
30919
23296
-9178
26784
37497
28497
25428
18304
-21060
21816
-1564
-65612
-8712
7605
27
32508
192
50958
-33075
-4672
40698
-24192
-608
-25560
-34132
5552
-48384
-21344
18080
51842
-66676
1158
15268
-465
49680
26824
-11781
486
71442
-25740
-7849
40420
-68693
-41791
27474
16290
-22750
-10004
13485
-60480
-12688
32809
-2303
-17400
-2400
9503
55692
-62208
5700
-24948
-81700
-1320
-20304
-44620
29736
-9831
4394
5626
-28244
-55200
15176
-605
57780
4092
-44121
310
-29610
-44072
-1472
15903
-22800
-288
66572
-2772
62634
-1280
-16016
-34
2880
-73790
-18148
-10836
-48960
7144
-8932
25312
-52824
-34188
-6478
1656
65669
-66920
-1952
-1026
-1989
-36707
-93400
37107
61975
-35329
3212
-11403
21060
5391
-32661
-53924
31824
-320
-5800
-42438
5368
-25389
-3720
-41808
-9849
-72488
-48308
28012
-11940
16775
-63764
57749
-44814
-34430
-19500
-33840
-12416
35259
6160
36680
2739
3740
-28416
16632
17976
-50232
19270
10500
16695
-9048
-86496
-31620
-7125
34600
48620
7134
17062
-5976
-756
-29988
47346
-7440
5746
54900
32625
6955
11297
-48488
-117
-45846
4440
-15861
40199
-60536
-19180
-12376
36720
-32648
-1608
850
-5644
55304
10305
35000
-25935
-12800
-50685
50490
-42957
-30683
29512
-7768
15351
-19431
-15296
9594
-18348
25208
-3380
-55728
-34496
12320
18125
7098
28665
-35802
-86391
-23383
-644
9353
85100
60192
22143
-12896
-43407
34210
-10387
46512
-14656
55936
2424
-6231
14352
63100
-36701
-8670
12337
88896
-26235
46020
72474
-37412
-65412
-11430
-17050
9916
49115
5643
-28060
-23240
-72576
60600
53801
79870
-54450
58331
5412
-8046
-14175
52866
12376
-37269
-14742
3600
57112
17949
32895
-12870
23040
-58420
-16260
-16450
44415
-13005
10956
53198
-55212
-24696
11638
55944
66723
-28386
55517
2706
3570
-49982
-13845
-49140
6592
10478
-71928
25844
-1710
-61152
92247
-34632
-18980
-552
7904
2670
12462
18060
-71416
-27506
-29790
-11120
-2484
-16786
-916
-48492
-25338
-57942
-27393
-2262
-70372
-19536
31800
8232
-9044
6984
-1656
24735
47702
-16848
34787
17864
32625
85554
3750
12508
16137
40572
594
-7380
-67396
-9231
-6936
16128
-29295
-49572
44408
-47
832
-25200
-8591
5295
-31800
2059
-23460
1275
-6966
35145
-7580
-15714
-46200
4896
-4122
-16392
31374
-2751
-46436
6612
81228
55480
34317
52632
-12180
-658
-17056
28124
-3325
10458
-84576
54599
45080
-13702
-4480
-35300
23175
9825
-8064
-1980
54332
6216
39711
-29970
-490
5376
-22230
-53988
-22268
45916
9330
-43086
33216
9554
13420
43070
-70844
1506
-24563
-14806
-52920
-38048
-16560
-45198
22919
-25026
47904
-10500
77439
33024
-4130
36192
-50509
-7664
-3501
-31920
-2010
-10488
-33136
3575
5313
-7612
1860
1344
19832
-10906
-336
-52668
47196
-15088
1044
472
-336
14868
1862
26137
11176
-1352
-68376
420
31611
3822
720
12325
17388
35994
5536
12645
50949
1008
-35742
-61250
17640
12900
-41607
-77644
46050
2920
4330
-46835
1794
35014
64828
-52275
28106
8400
6118
-81592
22815
-12627
14896
37440
3825
8968
3900
39564
4872
28382
17520
-31654
63291
24208
-5838
-30135
6588
-4950
-27160
-53898
-469
-624
-67788
23520
-21504
6678
2291
42636
-49764
315
-44175
20945
-2220
15300
-21964
4248
21222
14016
-36048
-18936
-34222
-52327
28100
2569
237
130
13832
6525
-32535
-23580
-56832
50985
-15480
51678
70434
12528
93718
-63851
22471
31680
-91872
6270
-2256
-41992
28130
-25731
27008
-4895
-70500
6000
-5894
51350
-11983
-1274
-75604
1320
-13719
2592
42130
-40824
26527
29073
1170
18525
25860
-21600
-14514
20522
-36935
8960
-5568
-49450
4550
24380
-41400
-75852
1701
-11360
-7920
-66640
-2448
19552
21414
-956
-10206
45848
38880
2607
7316
-87216
8829
33488
594
-61424
-648
-21248
-2520
11440
24389
-5110
-54516
10710
10742
-16562
-35364
704
29714
-17108
24900
59220
26800
7446
-36173
23520
-3456
16544
-206
-4955
-61336
23100
6972
-2547
-39744
-24108
-4510
16472
148
-83162
18122
642
-16872
-24221
-20988
-9800
34170
-3710
12903
-36160
-13134
-44296
-87420
18305
-5252
42742
-56712
20875
54570
-3850
-38186
13668
-82404
-12054
726
-7847
-19182
94962
19734
-34881
-54960
10760
-23408
1482
18084
-69008
11152
-34706
-956
-28469
-80448
-31168
12496
-4218
-7282
47196
-21004
-22352
29127
3706
39105
16809
-22716
17727
-17004
65268
-10640
-26460
26578
63344
4005
16548
5874
2679
-14098
-66642
-126
31648
15062
-38640
-1188
-42054
-13568
37928
2088
-62894
-15364
-11362
-51198
-12292
-53250
-31363
41450
-16338
38624
-1570
-47500
-6615
-23085
3537
-13600
-9936
2198
30186
62650
-27210
-3984
133
16416
39737
78498
4216
-61965
15386
-1974
-34056
59070
67068
-9054
1152
24408
-10868
-876
-26622
-8592
11285
75168
31380
440
15250
29596
-37668
10514
-12375
73008
2058
46920
13584
-12300
34220
31958
72009
-35696
44184
-14476
32732
-9696
-70883
-26469
-34790
65274
2975
-1895
10125
-360
38456
-18315
41510
2667
544
4776
1104
-38709
-5652
19228
-8878
-10382
-42476
69286
7176
3983
24563
40982
-24565
-17724
-22873
-68912
-35772
-39382
50874
82253
2670
-42400
-50640
1508
9009
-55208
-29729
3854
7616
-17732
24490
-11936
6636
1271
27216
-4214
3038
12987
42090
-29543
19176
23184
-1840
1448
-51925
37960
38294
-87600
-48960
-17425
29728
-17424
7959
-49966
22044
24750
44496
1480
41454
-31550
26580
49819
60280
-94905
3380
14640
7854
-41586
74844
21252
-63371
-10206
16128
-5936
45110
-39260
36868
-4717
-6030
-50490
13720
16632
1710
-46065
46410
14160
43127
9990
-5175
74382
26505
12141
-6344
-16864
33120
-43194
11832
54312
-12720
-72708
-2420
-1832
-5970
20250
-338
13248
33725
11275
2815
-2394
-43974
-8700
-19206
10880
3483
-356
1337
22099
29295
-4410
895
58926
3979
2343
4050
-3925
15268
-3828
17654
-43785
-12080
-18414
-30
-27030
-14819
-1638
54784
31691
21402
-6580
-3780
13104
8820
37972
-42432
-13671
28830
-140
23276
53784
7314
24864
602
39114
-25886
70965
7314
5845
28458
-19215
939
19765
-48328
-41071
-30492
-39712
-22825
13277
2115
-10121
49203
-31719
15561
-29580
1141
-65142
45560
-47775
8943
31280
-65550
1127
-34142
48888
7920
-43584
-90992
-3384
-74955
-16465
-6432
-29340
-4640
-26829
-19312
5688
-33611
48100
8856
26567
45954
58879
-5338
7813
-13076
59136
30200
23793
7480
-12100
-56916
-24450
-69433
-14385
27550
34850
-9180
29304
-29240
3108
75840
18212
3868
-41210
36848
-16512
-17712
4935
20130
21744
70300
10166
47663
16201
28420
9720
65764
4620
-10956
-52288
7254
27249
20988
56000
-35456
140
-28776
-36036
-18130
36385
6804
-3306
-6390
6454
-13020
-7356
-43276
64284
8942
3080
3999
44730
-10200
10648
-616
-40600
16038
-41477
24475
1300
59714
27520
-204
-3648
3281
-9435
-4870
1624
-2756
5472
-57665
-36876
-21475
76038
-20793
-7254
-37130
47544
-71944
-3834
75482
-21982
-17838
-40678
3306
-35374
44064
2535
71720
-1590
30069
-61916
16902
10074
-1938
-1296
-1012
-11726
-46284
-16146
21360
-39193
-5658
-3421
8668
-10855
-58660
-3650
46066
16434
-12474
8051
-19113
-4290
10656
-474
46200
30736
18990
-1947
-1248
-11094
68839
12126
6162
-34986
5280
3650
13167
21755
-31680
-77572
799
-36849
21492
-2862
5400
-30316
-17920
45590
37281
25592
-20706
-7032
11550
-9960
38947
13530
-305
464
-38448
-5280
4784
22050
-2912
-51894
-14136
74844
-276
64812
18163
37288
9389
-11484
91488
60400
54600
15687
74160
7470
34236
-6279
-51410
-24882
-50150
-10302
27783
31671
-6300
34848
-18270
-47904
-20387
5556
-10584
5070
16632
-9657
-58203
-20034
-8360
-6128
30384
165
-8503
-68211
-3496
-11718
40313
4473
-24840
45440
-29536
-29088
44135
11584
12160
5304
2723
-36064
29540
-7191
-6591
-9996
-14000
-13623
1932
-41040
67518
-26568
7315
8064
2055
-17031
39732
-35412
-3512
-58717
-3249
-5950
28231
-22380
2224
4824
-812
3915
57159
32334
-3920
124
-73944
-46735
-10458
-16902
-29367
6192
-3840
-666
52480
-3816
-33123
-62678
9073
24628
-35881
-27918
-37765
71914
26901
-12960
-36750
-21894
11448
-5412
-56640
13896
21114
-19602
3290
-23280
-44043
-10528
37146
2668
-19140
-57035
-65772
10668
1908
56684
-20496
2074
-37479
-3580
-43990
71799
-34894
1690
-18700
-22932
-9100
-6049
-13050
-3795
2436
-21634
-2444
-55084
41580
506
-23200
48598
-56303
-53605
-20368
-1841
49284
64314
-24638
-56242
693
11726
26520
4130
-21770
26598
-18326
11454
-40480
27555
-31488
11136
-1116
63468
-11100
-75152
-19951
31410
47239
69372
7436
486
-16182
-47900
5520
16863
-21996
41305
25358
138
54516
1689
24637
24882
6304
-72584
-52509
8352
17520
-1424
-14945
-37245
84000
-2992
-7038
27880
43578
-125
71484
9639
-64480
24130
-2076
-56232
2886
-54094
-25484
-11661
-2786
61
4465
18226
32010
-5287
3626
-19525
2769
-13839
14560
-5940
-33534
-17361
4453
42594
24455
-17000
13440
-84072
29304
17511
-12780
65280
-1560
7182
3456
-4316
-35424
11799
11051
-24768
-17917
-8748
390
7614
63510
28196
540
25920
4760
-18675
25368
7650
744
2850
17936
33201
922
11008
14112
62928
-30866
-912
1131
-5568
-74028
-31300
-2640
27216
-38190
-59856
47520
18036
10452
32785
-39680
-46075
21316
866
39615
-59490
-33028
42984
-18190
-46872
23569
31586
-27268
-38640
26506
-8736
10817
34918
-6039
7565
-3198
54672
24282
20790
-49619
4371
-13527
5892
22500
-51324
-962
25194
6290
20088
11160
-14007
-20916
-46373
-16368
22631
-26068
-5100
-2450
47824
-20705
-17708
-36800
3344
-8832
-5796
-1715
-32270
39582
-10010
9306
40983
8836
7714
-24560
-77436
-41640
11544
16543
5852
-11610
-32736
55048
1577
-50787
-28120
-33000
-42405
875
-10374
-20370
23306
-35748
17304
-23244
-58328
-24720
-23490
-8844
-78763
22264
-32435
49775
-76713
29716
23452
-45305
72624
25513
31924
23250
-231
6000
-11704
5312
-900
33810
13776
8507
27920
41797
70840
-10944
470
44376
-8010
48512
3020
80256
33744
-6405
-41565
-23220
-4048
-85635
-25839
7812
-28006
352
-54450
-19127
-3440
-37620
42545
-69900
-5736
975
47885
9163
-30132
-38220
-6604
15200
-4620
-82814
1673
-40506
12546
4650
-2128
-10746
9080
-2080
-32886
-6137
31008
28700
19924
-38155
-1248
65728
-7020
-35770
-6322
-9960
-40172
-10830
-6075
-43648
-45333
5198
-22403
-3600
34290
-63802
-6832
32692
16264
-36057
0
-7038
-9685
1820
-22939
6052
-11427
-14739
31860
14820
42504
-46464
6083
-60695
-18592
14912
-12733
-26320
-48705
5220
14300
-32886
50880
13338
23370
-50310
-12648
-22225
981
-17810
-37557
-49049
-3241
49465
1829
7544
87072
16926
-19637
35040
97216
13414
-63273
5962
10602
-82100
27094
18407
70300
1940
-15824
16050
-20928
-12840
13502
11484
2783
-26544
-12250
13882
2736
-24640
-627
6727
33345
55510
3132
1428
-78528
53088
-44990
10098
-22532
-21330
-10728
-10396
-10879
20900
36224
6816
-89760
3813
35066
-13770
26404
-20405
-32528
8096
8435
-50297
-78174
76128
3875
54730
-29274
6636
20160
-13050
14520
-4218
7536
-36234
2041
73254
-7920
-55969
24225
35036
-10794
64218
28200
-37989
-12546
1692
11408
37453
7598
-3730
-29790
13338
45280
-20691
-9310
-27548
584
38313
-29000
35579
-9480
-16100
-6472
-49440
-1128
58968
-20520
65648
-37584
-57456
-36326
2104
-24510
25410
-18285
51528
-25992
31720
50760
3760
-2756
-41417
16371
-21096
-22272
81228
30240
4089
20790
12580
560
7371
-53428
-3168
-4440
51534
-31320
-37120
49913
9075
19176
-34776
40200
-53368
-7282
-13475
-65940
-20700
-44330
-41225
635
-64200
4275
-12173
-31416
-32400
40057
-5236
-42924
14722
91274
-64
-2608
22575
658
15260
-46008
14016
-38252
8154
24856
19383
25143
9900
1641
27930
46585
-42408
26136
-725
20130
285
59576
15504
-10534
-23154
37060
-11637
-748
-25792
29524
3700
15392
38560
12558
-23760
63150
-27880
22555
42241
-6784
45198
20625
23144
-84372
-3342
33642
-9504
-3588
16286
-17384
-67864
-41580
11998
36250
17088
-36757
10948
-33120
-13480
-17415
-68913
-17591
72759
-11571
30657
79772
-58500
-5671
427
-33525
66799
64952
-15656
90535
49580
10098
-12312
-6895
-20440
220
2219
-1572
-20038
918
540
35800
-29046
-38976
48867
-1470
2344
-71021
27778
1476
85608
20735
44403
57288
13203
37664
-49400
-64090
22010
77100
-1683
7105
7128
-88830
52762
1476
-26274
-5983
-26850
-14880
1056
-2856
-35370
-26970
1029
-58707
4620
-20995
1920
-33522
59103
-1525
-2952
42789
59073
23220
-34840
-24426
-33216
5400
16290
59677
-12480
-33087
5626
24811
-9361
-8648
26520
5616
56350
-32934
-18150
-70278
40922
-24192
-26664
-4212
-6262
-49725
-1914
30970
8064
4500
-2891
-74340
-36608
-2720
-9398
51612
-17940
3869
-48510
2407
-36520
-32200
19760
6908
11077
-8316
-55765
-59520
-67968
4028
-60372
-42630
20184
35805
-1265
1296
1292
41104
78813
25536
-696
41904
-28100
1272
14612
156
-2904
-6258
56120
-21296
-34286
17568
-11536
7455
-22610
-40290
1716
-4234
26838
-3480
-8137
35200
80475
22976
-76400
-10507
-8874
21648
-61008
59040
-10512
-49028
-27000
-38001
-36707
-19436
896
86
4608
-7776
-70920
-19522
48960
-28054
-30444
-76551
-24050
23863
-53136
-4899
20844
45237
80367
-5796
4266
-53856
3955
27389
55440
47500
25228
25472
-13200
-5379
3684
-6705
172
-13356
-24660
-31104
8106
-13939
-2544
27684
-20292
-75766
-4947
35035
31734
-1431
24402
-21912
63426
-16226
-36720
-1560
-14213
24684
-1857
72700
-26814
-4669
-40250
192
15876
-19278
-916
-62580
-2
12730
-49532
43216
-2780
13545
27554
-44640
-45628
34960
-13850
-17612
-37825
-4807
6600
25056
18854
-12894
-33706
-16478
-638
25026
-7693
16606
-8340
61752
172
89395
656
-48756
-33731
16980
-3576
-25200
-54080
0
-85635
6300
51660
4979
-49203
812
-58256
-44352
-29680
24892
38661
-27730
-31988
-17114
12789
-1096
-32400
58604
12152
7788
4851
-43218
-9996
-57133
-1770
38688
23805
-32150
32465
-14157
8165
-2394
-74226
3132
28303
3044
-41385
-200
-50955
24700
5952
4625
-54747
7938
22410
-44770
-43240
10336
53460
3612
-18392
-1068
-80256
-19980
-6966
-1160
-58506
8775
53337
-12173
35980
948
-14720
-208
16950
20770
3088
-14362
10857
43680
-45653
-6413
-343
-18144
6192
47824
34656
-37530
-56780
-49476
-6500
-37027
-60830
41800
14612
57072
-8500
47058
63987
-81279
4960
3780
25585
-48060
10688
490
9010
32851
-7052
20034
6018
-16579
-43940
684
-44068
-8931
16960
320
9513
22446
22083
-16120
-15979
-63145
15023
-182
56374
28800
15876
8955
20609
-2870
-5544
-21924
-24408
-66839
16470
46893
45360
-11880
-330
-33744
55302
-7839
-76131
-25300
-82302
-1296
67326
-13716
-1926
18510
-562
17459
-77714
-2800
12505
-10080
-54534
12820
16874
-49913
15366
-16537
-2573
39140
11968
25152
-876
12452
-13248
352
-8856
-29155
1140
28379
-37976
18381
371
-19578
32046
-9648
-15136
40756
-34194
90307
-3864
-46360
-43605
16416
-50112
2592
18585
-456
-31248
-24960
-2151
-15088
21450
49192
26829
123
-40040
4826
1654
415
-8213
-1376
175
45656
-7567
-2836
13740
-5730
-10164
75614
57855
-41310
-3200
-43263
-22672
-10116
-768
1280
26418
-19475
-16968
48618
30873
-4140
65562
27900
2072
-10716
27962
-18580
-28776
531
65925
12276
26180
10569
1533
4116
-18356
8272
-20748
-92708
-11592
-10776
-7650
3927
67266
-13785
-56630
-71632
-20394
65702
10764
627
33228
-9711
9180
-40584
33702
-4368
-74636
43872
21024
36660
-57665
41400
-7033
-48020
22407
22152
34230
-59711
-39421
2080
-18387
1898
-10803
26325
-1043
-15748
-45780
-5891
-19920
-27192
-28676
-8943
-73164
36719
2736
-36245
-2334
-3843
11536
-1392
-35303
1575
-69165
94944
29260
12540
34790
-52026
14649
24282
40550
-20286
8004
72625
3972
23616
5418
-1812
-15568
31504
-58327
-5514
-298
50344
31075
-21978
18900
4650
52920
2254
90816
-45449
-6490
-27588
67682
43587
-54723
21896
-1562
28557
2400
-16092
-3896
8526
23394
-53541
3230
57024
-33600
-147
2112
4290
-1224
-36662
40514
4794
420
53067
36504
-56848
2992
-6150
28341
8379
-32108
21045
9952
-43152
9968
5624
30628
4530
58
-20984
-5920
21190
31655
-22596
36464
-19778
-37860
27976
10366
17458
56800
36792
50652
9760
25650
63920
6624
15120
56356
-6748
16969
-17875
-27170
244
-16956
-21648
-21284
-2838
-14208
-11730
-16564
10637
-1881
43968
23517
-12556
-69680
23520
49320
7705
34398
63630
-32256
580
-75042
57954
-8607
-51324
-78408
-2204
-32637
-594
-25254
-63270
28119
-7242
-4590
-62466
71400
96612
-6688
-17052
42240
-50220
16104
41409
14976
78435
16297
-37077
90210
38080
-34425
-47488
-16513
-38269
-29602
-6586
-30015
26752
-69616
31548
12896
6497
2852
1738
1903
-1890
59057
11900
-28576
-2247
-1575
-23218
-23100
-3796
15872
22550
-2030
-63418
75636
3710
-1472
66640
6630
20520
-41850
-1432
7310
-25850
55158
8404
18648
-11684
22155
-74724
390
49755
-57552
-65175
-11310
-14868
14688
11310
-1780
-52920
18746
-29910
6764
56480
43824
25954
23808
-2684
42336
8848
5172
1836
-25806
2856
39384
35280
-30248
26040
1407
-47268
-14194
7055
5248
-55080
29094
-35399
-15035
20646
-32870
-1725
3060
28644
46176
-2496
30500
-64260
-9075
24372
-63360
1950
9980
-6174
22484
62811
4680
-36076
9468
59400
5454
50960
75440
27040
-7141
-53312
-25795
-2830
-1247
19504
-78213
-74166
59400
4048
71456
50976
-1431
71064
-2375
48204
-9560
-2296
1116
20121
25839
-23693
8784
-15840
-7784
-6204
6872
1608
15226
-59274
-85950
3043
-51840
550
-54208
-57246
7168
-21528
-70070
-21980
26726
8130
28910
-76752
-6606
-11900
17820
12985
1505
67373
27720
13662
9200
-12972
1776
780
19840
-13280
11352
-41792
18810
-13950
11256
-12167
75897
24350
-53781
-3200
-51463
-1818
7176
42958
-7225
28440
-36550
-1664
-30870
33600
-76032
8445
-31960
-57572
6075
-4634
43350
16554
-11970
16380
-1898
-59592
-1532
9234
17802
21060
61360
-23436
-282
-2940
51429
-7502
9096
-13020
-7200
7922
-24948
-47970
10406
4224
-41250
-47058
-2891
-18352
9520
-62725
54846
27756
-16470
-31824
-15664
-28623
-48240
-18840
-45080
4680
-23166
-12564
32200
35997
1744
-28567
-84630
3312
29106
92500
-80127
9075
39474
-40700
5742
-43290
-5035
5494
-60444
486
52808
-31794
-15078
44786
-76860
-1360
-42384
-33670
-55104
8690
1976
-73528
44055
10700
-16080
3738
-1134
-18576
-1602
-54950
1457
78936
2198
-28512
-2590
4116
2112
27968
-1118
1617
30163
-864
21040
40702
-48057
-870
-6578
-25305
26163
2280
-12192
42944
16120
15632
-5184
38151
-2150
-7776
21360
-5844
-49294
-44114
35035
-6642
5100
58717
-31390
55616
-59109
-14742
-19020
9972
-909
6383
-980
40128
-36808
-651
-21054
35412
-11032
15104
80812
-3956
33292
-63936
26144
13728
-46992
-36252
-3174
40592
23828
22402
29328
8722
-36800
-27218
3960
17388
71248
29664
7672
59616
-27918
31088
42796
58014
-11895
71961
-36234
-1757
53816
66234
-17697
-68607
15312
17664
-1050
-5520
840
4815
-334
45739
-31820
-53824
10400
-23478
-2800
31570
25944
-30709
2057
16046
-4941
39698
7532
-8322
13260
-19345
589
46314
3984
-7308
-44940
3385
10560
35560
-40348
29040
9988
9657
-51301
3813
-2765
-20400
-10669
-10362
-4642
45359
5640
-34782
-41207
16006
-43560
-70044
53845
-18370
30360
-171
73041
85440
5740
29400
14628
45540
-60408
-3053
14624
13720
-56145
30008
-13325
-5552
-3458
-4995
23870
-54340
10712
7758
-2340
-7332
-19691
28
-15279
3317
-26650
64584
-1392
9325
-6968
-18166
-18669
13838
54225
83790
1764
-73696
35223
12673
3048
-37350
18032
-5910
-18600
-16650
-306
-17667
33267
-34755
15712
4316
-15846
-34656
-1160
11760
33110
24381
-69432
-19314
-4000
-19516
8645
-1358
75862
-7560
13248
6992
-93508
-17710
3096
-7305
-1980
-21746
-4050
55110
11575
-27186
28626
-13440
14812
-16262
46748
26101
-4428
12144
26624
-14220
-73086
900
310
-14634
-9912
-48900
-9418
11700
30073
-52752
15312
11310
13804
693
-66305
-13752
30315
23868
-3248
8493
-1276
-7138
11973
11484
58386
556
-50652
-9960
606
-38686
-61974
-37950
-65669
-65241
9773
-44517
-47564
1240
-26523
14996
-4810
-23270
4730
38458
50112
-64944
-27885
-1204
-8451
1236
12432
-2466
-6270
-15345
-13240
-28435
34344
-63280
-24384
546
-9752
1896
-63753
-16578
-82524
-45360
-48442
-76670
18864
0
-55404
55890
5217
44050
-11247
14
12410
29230
4433
-8576
-31434
5859
1472
-6996
131
-10718
10277
-14058
25004
-7744
4440
-10540
420
5104
-13536
561
23856
-252
50160
53361
70892
-13992
10218
-82710
-2394
9639
-32523
39330
21660
26180
14315
-18792
-18062
-32856
-80631
41325
24432
795
3628
32305
43953
3081
68172
-12247
-21951
10848
40176
-12744
16762
4029
-6516
66516
12990
9740
55500
37600
-19446
48960
77832
22043
-17792
45550
16812
-5416
53061
-63852
16920
-25155
6786
1098
-58200
-1098
-1904
-28980
-17085
8569
-71
-1534
12483
-9444
-13530
7980
35650
8580
-43413
34927
-46809
-65700
34944
12915
11868
-36045
33020
25740
73780
-34776
-9680
-5682
-5754
49536
70044
12696
-6314
-36972
-27025
-1506
22904
-7100
7257
-41300
-12000
-4545
-28638
25000
24507
-648
52227
13281
-22184
-16808
35365
3621
-15210
64584
81090
49989
2793
8075
756
58976
25440
8250
18530
-9523
21068
-76608
-70952
-19902
71200
-59961
-28800
66528
-150
19024
-7482
-1419
-1728
1890
40290
2960
1080
-15399
-21630
18630
-4403
1390
-905
16308
-60060
15714
55664
59520
14774
-65835
30326
35724
-2937
17329
-23135
-14110
-62856
6768
25650
-1596
-9945
-14592
-13805
42119
-39540
-31806
3392
-4611
-12857
-14250
27324
-49680
-19404
6288
-1780
-17115
42483
-2196
4532
-10395
-9594
35328
47190
-20307
4145
-8610
15336
-48360
19035
-17739
10556
6319
37950
-1551
1722
21590
3174
-7272
23408
-20680
4321
26568
-333
7788
-2142
-11220
21600
56364
-92800
55893
-10465
-9191
-55161
-41495
-74992
-19824
-26740
61101
9546
22032
13815
18960
65529
-56485
-62464
-35770
67228
-27145
1435
-8148
-42483
-2395
-11452
19184
-1794
21533
-64240
-39235
-46604
-52318
-8736
-46593
14304
-8056
-9880
-966
25515
6194
-14136
27417
22134
-16380
69000
14725
2907
-35932
8832
-64108
-13255
-2639
-24717
-63504
8050
-27678
2675
21141
16544
-58788
23274
-12220
-4504
15562
7595
-5858
22148
2352
-10933
-6600
-22797
-45899
1648
5019
13300
-51030
-36250
893
-28880
31110
-11008
4161
10971
43248
-90250
1590
3432
22134
42712
-4104
-20194
-65412
-8712
9600
-5883
12650
21560
83076
-18642
-79989
86397
54816
25542
-7052
-1872
59892
924
-17550
-19536
17192
-30200
17451
-21448
-9020
-40368
3724
27412
-39476
-57240
-48860
21240
-34263
-15750
16951
22848
-9504
-7434
19872
31584
-30952
5275
22204
8772
4776
-73920
-2684
-72891
-77097
47734
-11700
-25326
31185
-32850
5565
-60536
225
-29625
693
-19488
76
-61499
-90345
-64220
-17019
29498
-9758
-40096
-24948
-38610
11340
1482
-37200
9477
8684
-69615
-11396
-9888
1440
78114
-9464
-2235
-5612
42924
-12670
-16206
8456
28215
22304
14601
-2070
44496
41652
-8788
6314
-30171
-5320
-1665
19465
-31280
-308
5934
-27606
4794
-17292
-4914
203
-28336
4730
-41800
4640
-68474
-39996
49952
7056
33614
2496
-5162
-35568
4263
-18600
-50568
9718
11349
12650
552
15314
54457
22113
-29760
-13300
-79360
-5144
-23655
-400
7504
85096
64980
15015
-18240
-48974
4824
15040
-12402
48330
-17112
33704
1512
-15674
-43792
-6895
17004
16016
-9036
-60970
18942
8970
50382
10428
24434
-2128
-2169
-1932
1589
-72891
-3720
35464
-5338
-10668
11934
15035
-26928
2574
-8756
64108
-25080
-17430
-6810
39882
56889
6400
-46128
-29963
-1500
5252
2774
-29868
14789
-16123
24500
-39485
-715
10736
-14256
66300
64320
-8932
9870
-36792
17586
22792
72900
-12500
48576
-4220
10260
88815
10166
17487
-17935
7748
537
33969
-7474
-17632
-52200
-21120
6123
-10675
-35188
-30733
-28638
1242
48705
2808
8360
-37583
18834
645
21879
18915
12480
2532
-2660
-77891
-43600
-2600
-75330
-11322
29440
72774
1287
-33120
-1563
36784
24850
1364
-7544
-5390
-5364
6818
-11144
-44226
16245
6174
17584
38844
-18746
-24680
2568
11610
32396
50468
-4563
-16443
-61962
-28324
-51520
383
5004
-53788
46221
-91086
16428
-78146
13380
27295
-62988
-21348
1560
-15792
-49086
2968
-37926
-64662
9360
-46080
19481
-3318
-36975
-27780
-527
35040
6336
4352
-18258
37548
13634
36704
25694
-39552
-20769
3364
33891
602
14880
27132
-6435
-29601
-26532
22
-19649
6024
28905
-39664
-152
74960
24824
-38380
82537
-36081
-17550
-336
86940
26220
-24750
12990
-44165
-456
46722
5908
-19712
1404
-3423
-7223
-26748
74438
17810
-47082
40150
33120
-50348
-66792
14032
94149
-1476
-3180
22854
-7452
-7290
27300
990
-43868
-17376
-7223
-26541
4530
-21082
38829
-37758
-58500
7974
57075
11883
7312
-59204
-22330
-4422
-1700
-2920
3610
-439
19089
24928
-200
734
981
20213
31710
-12852
-7308
-17073
41473
22512
-11940
4416
41830
-13988
76804
83496
7912
7995
14520
-17458
84825
594
-40896
546
-715
-11685
-22
40194
44784
14076
-2112
18656
2584
-6556
14340
52136
1520
30328
-18648
-11270
31407
5820
61488
-17157
-10332
-7888
-39102
23808
25116
72944
-43248
29348
-53436
-10890
-2391
-20774
18693
44162
-21812
13698
-54245
-39100
-30877
-16359
7216
38947
70920
-40533
37553
7830
-5770
34840
-27861
-24112
4002
-30732
-14359
-10094
-20748
5648
62169
-24882
-2935
-11100
11658
-9590
29100
70006
-34614
-73549
-9648
-9640
-2552
20628
4350
-32895
-81445
-7304
70818
29590
47565
27724
16920
343
71394
-64436
64603
-9500
21357
-15744
-17720
62909
-1260
-33180
-74451
627
38696
5622
-26748
16038
-18900
-54600
-48750
43092
18873
5820
-28804
8949
-58149
-17900
-51220
-27323
3456
-45540
10304
35376
24430
-13818
7807
61040
-5526
-40383
-6700
38412
50720
47740
47160
-32340
67221
2688
-16170
-26730
12924
-18396
-26418
-17958
13485
5301
59340
-497
-24955
-56232
26064
142
11349
-7137
46512
-9360
-4644
11697
23250
-89600
70200
-3312
29498
2133
-2428
-14938
-48015
26523
-7581
-85176
65124
-21206
38336
6960
-1955
31418
54318
-25920
20984
-12404
-9690
25256
-2229
-25123
-22680
26190
9386
24500
5325
34639
-44462
-32616
66284
-24800
-2294
48162
-14300
49132
-2088
83900
-1552
-3822
-3844
-1160
-14787
567
-59001
-12110
-24640
-17168
-2562
11518
-6744
-28086
-47047
-6072
-56508
13129
46550
62031
62160
-34968
54868
-37800
6960
1235
-2844
46428
-55564
3582
-79728
6045
24840
-57960
-29264
46893
6369
-2280
-18791
31752
54194
-16471
10431
2765
-4698
-18486
-1470
27800
34484
7986
18204
-30555
-4380
4752
-2317
21114
19635
-10476
24280
28944
-31460
15531
-10586
-21725
-692
86152
-16815
-42640
12393
-28512
-43065
21100
-14355
-21996
43240
-170
2064
-62001
42978
-7202
-42112
-60590
11628
80280
-30487
-15486
-28080
-8964
-2197
28224
29232
-2070
912
-25574
1250
-2232
624
97218
-11152
32142
27265
65596
96224
42570
8764
1710
-19929
-7680
18592
20748
3535
-11775
25060
-12642
19708
43775
12052
-24696
-64805
-35496
-15876
565
15600
56694
-45429
2310
49761
-3024
40527
-4004
-40608
76273
35394
-85456
31185
13407
11175
-86580
4960
-2700
-15862
16023
3657
-16224
-44312
817
27216
17523
59697
-9225
-40740
-15910
16576
97020
-86913
-8736
-44275
-24976
9010
-13860
21093
1872
-24772
-47430
-50160
3876
-35904
1888
-13568
-9443
-318
37647
-10350
28855
13884
-18063
52098
31467
74400
-11748
-2002
-3910
-16166
-50568
-4425
14196
778
-40098
33124
9750
8758
-1456
5624
42980
-18016
3069
25991
32361
-34400
-85344
21408
12840
-48880
5310
6720
-4186
25080
-2366
-12880
-38610
-8510
65076
-28928
-5760
-33192
-3855
71732
-16456
1204
-2312
14276
-26224
-3140
30480
-70136
-15841
-10386
175
3010
24852
34888
16443
6118
-31850
-46152
-58394
-4843
42300
-64068
2670
69600
-50406
-94668
-65598
-18285
975
2220
7580
-42042
3910
26356
66284
69030
-63120
2784
60350
-6021
2272
-21432
-56608
7139
36160
34594
-9438
3948
-13702
-9888
8772
-35052
4130
-18326
-85932
-57024
25812
-35752
15824
-3375
-93860
20769
-567
-1900
984
-67452
2466
27594
-5474
11718
-53625
-38764
-9891
-14769
6215
-56580
5550
2278
-78200
1477
33294
-22410
3912
-42411
6579
-1836
-3036
-13181
16380
-7515
-40128
-33210
-178
-32220
35404
-25623
4455
-9690
-5609
-53664
23263
2310
-3816
-1608
13398
-76196
-19411
4470
24409
-34884
92966
38006
-9858
-7455
23751
1864
37733
-22069
18894
20650
-44814
119
30456
-59346
82080
-13395
-5548
15584
46512
-447
4255
33370
-5028
25402
-32634
-10465
20064
35558
-212
-55195
41662
24288
58500
-23345
-3718
-17190
73623
-8722
-13430
-5060
-22620
-10962
-54432
7280
37758
14178
21828
5015
25900
-32452
-10396
-354
73953
4344
9718
46506
29492
-29472
25010
-73437
-1284
6048
45675
-4788
74334
2058
-79650
3645
-31536
5611
460
-9396
-65348
-44792
86400
-16873
9633
49364
-43316
-21760
-414
-34398
-31648
22260
-31581
-37202
-52925
-14520
-40492
11124
-15330
-1891
-24492
-47434
4165
10296
28194
-22437
-43463
-71037
4704
-5467
82460
3534
24960
30291
-80892
4608
-39875
1005
-492
2739
-13724
43875
27832
56852
-4203
55174
40782
1288
5440
22932
993
33232
38136
-16530
-44156
81536
-9795
17765
56056
-45152
-3600
-7174
220
32604
-84378
-10380
-3696
38778
74070
-11595
9020
-49140
-2142
-23166
-78165
-71052
37157
19106
21235
70301
71896
63648
8547
5712
-9525
22655
61380
-68816
54834
-23448
-84129
-37845
-61152
-22368
-72071
150
812
-44992
-10557
-42237
23760
1920
70658
4888
-20298
-5922
76356
1372
1386
5040
-15192
37152
-24024
-10246
26514
-84835
-6989
-36765
24534
-73603
26106
-23004
-19512
87216
4437
2548
2124
-17134
-5552
11988
-20306
11711
-34650
-72200
-19936
33250
24000
14500
-16705
-22260
43296
84906
-60996
-6179
16317
1563
28820
8149
55178
13862
-39292
6613
4661
-672
48223
50050
-33417
-675
45126
682
9840
-64464
-3058
3500
57750
-17110
-3225
4300
5992
-5560
28014
-72485
-14400
12192
28134
38480
-5076
-16796
34496
41526
-29415
79904
67827
-2080
42912
29502
-18336
-22790
-9167
22816
-77520
-2656
-21413
-13870
-3080
11577
57171
-20460
12120
275
-6210
14040
-21840
-38048
3962
-5263
16860
-41676
-21120
221
12900
1824
-38240
7735
-9823
16620
-42277
70824
50623
68540
-44824
11120
16080
9312
30360
-55149
-23983
28652
4524
25300
46926
24486
-14900
-19008
48620
-12368
-19401
-75757
-48921
1650
34408
18954
-19068
22232
-9922
-20304
17556
-42000
17930
-17110
20910
14800
1056
43617
24102
14504
-14868
26367
69650
60726
6400
4740
-1360
-17871
-27456
7756
-70994
-33384
17205
-415
-25130
5760
-18060
11544
-2079
-4075
-14121
-3060
11382
-48510
7426
150
-4739
38800
-1824
-3040
-64350
-63714
-34314
-6480
2464
-49717
4776
11271
1950
75690
-26760
-58174
-8964
-23062
-17955
-30906
-16337
1040
-399
-9177
-59853
-1520
49280
30508
52173
8639
-15080
15525
16492
-13136
3852
-12444
-21244
-8470
-748
37240
-3462
-40915
70168
-8832
-55419
6330
-18941
-11550
-57226
-15620
-42630
16020
15022
6896
-32878
-13325
-13048
-18928
46795
-23867
-71625
-13760
8580
-38610
-14352
-2165
-52128
-15645
-50463
-36512
11620
-38412
-89280
-6913
-34656
-55860
-30120
-16677
-15960
71556
-15470
-36898
11115
-11193
27900
-4410
12172
-1751
32802
-879
15351
43396
48750
14644
-62720
-22185
-24290
21535
4980
18678
91295
-1040
-37908
-2050
-7344
15407
6533
51040
74385
-22590
24840
-4150
5508
-53400
10725
-12600
-2445
-11310
21840
-38720
67200
9288
29298
3900
-1603
-24684
-40915
52
-55770
-17793
11208
7672
16800
-61774
6058
6264
32504
52173
-2268
3940
3515
11373
21054
79422
-20700
53963
-73416
2368
7308
-57393
17640
77097
19440
38114
-2759
-2868
16443
-40863
-91264
-45360
59427
-27300
9282
-11970
19982
-6734
80080
2583
-30078
-30828
9430
-43035
6600
-17963
4160
-75060
-12834
58710
-24319
51865
3872
3872
-13020
-67165
6300
-3132
-11264
-13482
37392
12735
52736
87416
23077
12030
24850
-29766
12567
-10027
-21692
11322
74880
-34348
19190
-4779
884
-2328
-16497
-84817
10626
-11780
35972
18560
-24885
3071
-46852
21560
58094
-71280
-1488
22475
-71040
8490
68306
-15960
11285
35690
60564
-21280
60253
20480
12752
64834
-23166
38364
38718
-20112
906
-23804
522
3796
31460
-16168
-33670
22503
11531
-27373
-13860
19654
2592
43840
79947
-62140
-10088
6622
11581
30569
-8500
-4500
12155
-1650
-17120
-42280
-450
-10878
-84778
2100
-940
38125
23
55760
-3281
13832
-34091
5301
-30400
-22246
3570
25220
51648
-16812
90428
-30855
-54080
-54375
21156
-2176
27122
50576
-15609
-10028
-10480
-19434
34194
41026
25650
-26264
17444
-27680
6586
-7282
-48399
31775
8055
-483
43890
26132
7667
46425
-4250
-45552
83447
-12816
12314
-73620
-40836
-10017
6815
15810
71162
-13785
5568
-12972
-55216
13095
50568
4270
22350
-876
17050
9620
56160
-10701
-41976
-30162
-28420
-19075
-5020
-48345
-25986
32760
22050
-9735
48984
-20940
16125
-17922
-30528
4796
12788
-5104
-18748
2773
63020
-31698
-2214
-40362
13916
-7224
-2769
25641
12031
-336
-29036
8652
-21150
-11340
13160
-78492
-3780
-74844
-11682
-2240
24705
30789
-7104
-16412
7168
4025
1962
23199
-55510
-12915
-12660
-1813
21128
897
9360
-10013
-51192
-28710
4953
30444
18432
25568
-74480
-38068
27468
28084
-1344
10692
-24200
2166
-458
-7640
-32370
-7712
-38220
-3913
-34650
-16606
49984
3157
-49860
30726
-3685
-5320
-321
-1018
35036
946
-65032
25368
48052
-927
-13464
-74800
-42398
-16695
-61376
-37376
20564
-26964
29055
-59823
65237
32208
-61380
5249
-25141
-482
29822
32480
3146
17752
-15202
-10362
23280
57519
-2448
13156
25666
-35728
-23052
25050
-74036
-17202
77400
-25017
-55742
6460
17625
-26611
-5320
40426
-2856
696
49448
-50563
2232
-12660
-24024
-45920
-52416
-15250
14994
-30615
10896
25726
-38350
-26592
21862
10680
-674
2442
5920
-19614
-1300
53040
43071
40755
72422
46436
-1510
54832
26550
25885
-51294
20878
19923
22
-35552
61677
15192
-18146
-4496
42090
4290
1240
31025
-55480
-21315
89100
-13200
8736
-10380
-21900
-25281
-41184
-89635
-70551
-19791
-7667
-4294
-3724
-45178
-14027
-79464
12564
-2052
-65954
68400
29484
-10252
4700
-3796
-16368
-20240
80538
21887
-37583
1170
87900
13790
13684
14170
16320
-28272
-923
-1145
-29498
47532
-5202
-43188
27585
4688
-4485
-6386
64468
-72163
-250
-4539
37320
-3840
36504
-7520
23436
-32640
1078
-16796
24459
3871
-1884
-10092
-28336
-23463
7545
24600
6123
19976
33402
12685
58292
15170
-13064
48552
-10502
41405
31248
29592
34777
-691
13480
-43200
-19488
28012
20833
-49224
13725
29072
1336
-27424
4444
-19376
16682
6210
-71200
44304
-4048
20720
-97020
36565
-641
-43680
30685
10696
-7780
71100
38350
-36414
-25414
28072
46716
-27090
-550
2173
6060
-276
69552
-13832
4050
988
36120
-5265
-90
7462
-57096
-26919
26904
10191
-3478
2958
-946
83571
18920
-24447
19297
16887
-56232
75576
11880
27440
34114
8832
-35768
32300
-17015
-4500
-26152
75088
-21147
16065
-21894
66336
8160
29951
10608
-32980
-23675
25200
-36950
27864
-54746
-10080
27839
9858
-10234
-58918
-46964
6777
35192
-3380
15488
20060
-5688
-36426
14694
-31395
45738
2860
0
-81420
21576
35250
46206
-29425
-3075
9869
49362
-54120
4709
5166
-24336
-1156
-42120
53131
-30590
-14553
658
9108
44042
-4823
-7584
29502
15792
-5685
-86480
6895
-12420
-2648
-38019
-68542
-33764
-48177
44239
-31577
-43160
-364
12936
-14824
21549
-35088
15912
39880
-17983
-38680
42432
50728
-10956
-36920
10520
-16335
4830
57600
6919
-5992
2760
22512
-10659
-20992
1099
52320
-41796
-2072
22568
-1368
-45846
-17028
3876
29264
3960
-49720
22350
-19305
11850
8128
-44217
41192
84372
5040
-9225
-50388
9306
-33150
17250
-3296
8228
-23985
24984
9256
15785
45298
300
10695
3065
11730
-11072
-57600
12648
19251
7668
-22960
-12002
-18681
-15862
-2872
145
23716
1537
-36114
-24650
37125
2322
-11904
39195
11700
-13936
-5375
-5814
41199
-30615
2260
-819
-60120
1848
-18400
-1145
29406
-1972
16236
-88209
-19950
-87216
-11460
30415
-44160
2349
4676
-35997
23925
-2673
43239
24180
50130
-627
10892
-34452
-5487
72760
22610
31098
6479
-51982
-7296
-18522
-18600
-51243
10494
-7938
-12104
3136
19749
36113
574
11578
3156
25640
47618
1056
2451
4172
-16951
46464
-65912
-60166
13066
80770
2826
-5746
52200
51900
4950
-13113
78160
2904
28420
16592
22417
86016
-7700
27084
17766
3567
-64320
-34595
45628
2907
-9435
-5565
14288
18259
14534
-13600
39312
-600
22155
-30618
-27412
795
-69510
-846
-6030
30510
16320
-1068
14837
-31608
-54094
75348
33864
66836
28105
-2863
48560
-3661
8680
8622
7525
-457
41322
1944
984
-9375
2040
-8976
-40500
-94700
-31809
28296
-2958
-31290
-1157
-196
495
-56316
-12784
1450
1116
-18648
-13554
54273
-2505
11788
15318
-25429
16713
16140
-5092
-15134
-3440
12665
-14592
-36240
16005
58
-12430
-74784
4032
5850
-4354
16940
11872
11797
-21996
62244
-728
7803
2444
91278
3318
-5486
5950
83614
-32720
-4899
23715
-88816
32568
-59840
72662
36498
17885
-80352
1644
62634
39615
-17955
-61669
-29175
-2619
378
-43414
7320
8020
46848
-10044
-2085
-3186
-9844
-38808
26320
14760
3256
22704
40640
8850
3996
-5680
646
3910
2212
10353
47550
-38720
6384
3432
43561
21525
71949
4272
-1488
-16025
-21760
42750
-15960
23100
2610
-24396
-3300
-32208
-5005
-54008
2198
40581
-22192
-24850
48774
-43300
-1206
21098
69350
-29755
16023
23562
60168
-36894
67680
-5616
51610
-52899
-71500
11300
-40979
24820
-59682
5340
31416
876
957
-3894
-6834
36980
1350
-26950
-9600
-4128
9050
16588
984
-14239
11152
348
-26966
-24684
-35625
27206
34968
-4320
-76615
7332
19383
-45235
1062
-783
-29841
300
-64704
-60946
43470
23613
16491
-3403
-11570
3154
-4392
10406
-46584
-12680
-7460
50016
71200
21714
912
308
-84817
-78279
51376
-38743
-85226
77518
20979
46010
-20416
18486
14195
83853
355
-17746
-78988
92530
-7020
-41184
15871
-16974
-2332
27360
15640
6966
27636
-12432
-16620
-11424
42550
3400
4565
45870
62622
-330
-7470
-72852
52245
43068
34848
23940
62460
1020
30326
51357
-3339
52972
25016
3772
32480
30974
13593
-8475
34398
5694
-7290
-1076
18796
8555
47124
-903
-1394
2533
-4824
-39300
252
75264
4632
10488
-16965
29304
-11439
-9653
9590
-7106
4770
5616
-21203
6288
3672
-73568
33321
37459
29200
-13832
45976
-5841
19425
-42275
-64190
-31600
-86118
-66675
-3200
91680
-28064
14007
21840
37680
57348
864
-9048
-21518
-12642
-19345
5740
-17952
11592
-2192
-19780
-18009
8980
8848
68736
12835
29700
32670
-77220
47815
3038
6004
14655
-4500
9840
-56580
-26901
-23023
-19530
5642
-54448
31126
-18480
-6156
85041
-10710
520
32571
-2256
2475
-25944
-33800
38223
38380
-11869
-7240
-26660
-38988
12012
40662
-6916
-6369
-1056
-56202
-31955
1230
-48116
4620
15246
-80388
-2214
-64337
54621
22968
15266
20181
-12354
3713
-5891
-30888
60237
-9845
30628
-29596
9423
286
11078
-16896
9885
-5671
3092
-3680
-811
52976
29670
26487
14893
-960
-11252
-17640
28080
-1640
-23661
45784
-19836
-28120
-8127
699
-9288
68295
-17550
46314
-2318
-7150
-36984
-22742
-2520
-79002
340
-22919
32490
-78090
40880
-9240
2295
-17544
2044
-9430
-56163
-33896
-18700
7500
-22392
-19680
-13230
-6764
19608
6390
20774
1920
59340
-6304
13122
16388
-540
6486
8208
-81003
-35351
-28938
704
80219
32805
-15640
33408
6900
-1716
-55447
-11592
14066
71040
79884
-44443
-26110
-22686
-59466
51894
-3568
34278
-5170
53070
-3564
21367
68400
21550
12069
11256
23750
57405
19954
-897
25784
65194
956
1892
-95232
15984
26555
24648
3416
17760
12896
52233
-5800
37932
4672
44255
60672
2884
1173
80080
-15985
-18860
-46926
-11620
-11310
12160
-10528
-2112
-23265
24630
-63862
50317
2360
-15204
-10780
26040
56826
-17984
-39805
34733
-26312
-5400
-84721
-1276
-25338
-60895
23253
21105
-5832
20046
-50716
-1342
-65884
5040
-17468
-29713
8474
-46455
8865
67872
567
-4080
-60151
-14356
-48700
-96300
5607
22712
-50232
-1106
84
-62694
-11339
-14256
628
-21606
1053
-6392
29730
22561
21964
40940
-15520
-39774
-12083
-24300
56416
-1596
-68300
24647
-32085
2175
28796
-35070
-11424
-1645
13800
-11476
-35607
-12549
-46860
10808
6048
18328
-27520
27642
-4835
-19803
-21170
-3015
-44700
-22168
14994
-1232
-20235
19635
47736
2628
-41922
59925
17316
-13332
-47223
-32
39200
-1083
-13362
19847
13340
9156
59295
-17458
-75691
-76923
-25524
-24346
-71725
-9118
2106
42453
68310
750
294
15555
28518
-23996
52220
3728
-1059
-29478
-69520
-5780
27468
-18260
-10746
20995
-39353
13098
-62489
4473
-12240
-3610
92763
-9220
-15300
-15120
64169
-31290
4717
438
49036
3198
-51622
-36504
-14781
-36150
-26520
-5662
1245
12336
-3080
-13904
29760
1078
2619
15200
-10605
38778
7280
12956
410
4521
-51506
-34776
-23320
21340
-53160
34310
-70432
10244
-54648
38680
-3003
-33182
-6028
-45752
13156
62601
-53630
6165
-56706
15920
-28416
64640
3056
50244
38148
15801
37590
562
47100
-5538
62640
-7031
10950
35814
45528
9918
44979
52154
53784
41810
61725
30360
-10089
80900
70488
13940
3819
-68469
-6336
-73440
10200
-61465
-12900
8260
34684
-22329
17507
13668
-30264
-22360
-10600
15825
1292
-1485
-29960
3936
-31832
18225
-1372
75281
16554
-13365
2920
-14602
7216
28336
-24864
75516
27
59976
-9982
49275
-26544
16524
2808
5978
33792
5474
9264
3104
14335
-77264
18560
-88704
10272
-9882
-26400
62402
-1498
34584
36050
2494
2060
5850
-15504
4032
25185
-7406
-30192
10005
57720
50908
-12368
-71604
18240
-20709
1425
21186
-3094
10179
5334
79497
36582
-57312
623
16380
-11684
15820
43815
-29495
-46859
57155
23472
49518
28665
-50960
-19995
67735
-28421
67236
3948
55342
85096
-2516
-14280
-22631
-4575
-198
7395
7740
-22134
-23765
-75544
4082
-17850
52125
30888
-7198
1491
34632
-35342
5322
33914
-26796
-38704
5376
76128
-43428
-57904
-45240
-7975
-16054
31515
26013
1392
-43010
-8378
-140
1056
2155
-39870
1862
8365
2916
3910
9252
18632
-17292
-69864
21369
26622
43194
2612
24948
264
2829
9288
46272
13680
-7272
-3850
-63900
3036
5202
-918
-42295
65705
11178
-46805
35175
-32253
4125
25542
32101
15552
39984
45108
3600
9779
5820
-5614
-29468
21120
-77604
18627
-23352
5244
-20646
21808
43470
-37368
-40044
-32616
-14716
-46134
59280
78776
14742
14310
-799
-51267
-29304
-30351
93005
-780
-8668
65700
17472
43848
21414
-2145
-34500
-34286
16226
13056
-71712
-70224
-78285
28272
-42679
-63300
-29370
-270
43708
5766
3306
25740
1606
-50985
-5900
7830
56316
-2400
12672
-49329
19000
-1836
43428
-47376
-1220
-10368
37888
-35478
-15912
-8720
26245
-27258
162
20136
-37412
51975
-25640
-42372
27000
43674
-11323
-41106
-19021
-24650
36120
3648
28959
15025
-10080
-27720
372
56736
-12236
-915
32720
-56848
-6764
-26082
-3332
10105
-4050
-2370
32637
-624
37565
-4807
49770
10675
23529
34398
30652
41236
6955
-49840
-7007
-9425
7622
6682
-35992
-684
8910
3670
-9152
-25215
23760
15400
-11605
35910
13583
-258
40803
-13850
-67140
-2037
-80178
-7050
6540
-39707
-56232
31064
-28600
-17568
-40546
-4158
-57024
20130
17622
7050
-5461
79904
-8736
30674
45045
-8568
3358
13083
375
-74151
-39151
51850
-9399
6083
-4836
40986
-9120
-27378
-910
-58239
30360
-31212
10340
77868
23705
59008
62561
-17424
-26542
-4566
1336
-61929
-54492
-22644
14607
-5390
50048
8500
9216
43050
-28718
-34320
-5290
-2408
5396
39600
-21080
-48160
-30580
-7584
-49995
856
-69105
-4570
-82365
-18414
10092
-10668
-49324
-92268
14996
-69822
13986
6953
-46750
4626
-68641
-61974
23698
19656
8283
26096
39615
472
16874
52752
-392
-37679
2662
-19680
-7176
-58220
32940
-1350
-21692
-57820
21402
-84105
-48034
13202
37926
10166
-80736
15414
34162
-28556
-12000
7722
0
34884
21500
12626
930
11655
-6402
-89800
-2340
234
-12903
-4880
-19435
36580
16660
65604
-18154
-19941
-38690
22512
483
34615
-17252
-36135
-63279
1418
6072
84972
13775
-39100
26320
27225
84681
-79645
-33573
10520
55800
19278
-2944
-200
-15477
43920
-8712
35280
-9006
29064
-5390
14694
1872
-3156
-25392
9477
65040
-2448
-5976
11946
-14421
22673
-29762
10395
18943
-20320
50856
16608
-10010
9516
5215
-2508
5547
16359
6030
-54756
-1548
14634
-47360
5670
-22590
-11125
29410
-21270
-988
-145
5952
-41109
14520
5148
19110
-22336
-4399
-28797
-1105
509
-10136
60130
24000
32500
7126
-17360
46464
-53400
11580
-2597
1102
-32277
-23104
36432
-51113
-28260
900
-16124
450
2788
-40977
-15929
168
-90650
24388
32110
1656
1445
-6253
33872
-18582
-30381
-4100
-23364
-38340
33306
9407
-70700
-41340
-61857
-10281
-56648
377
-40390
-12045
91462
-8733
-2177
-12782
-22866
57148
-21970
30420
13230
-33410
-80850
-42864
9381
-8180
-11872
23580
64938
-8532
-7276
-2916
70224
-41463
-40803
-6762
-2990
-1568
-12320
-24180
16770
5093
-54270
22156
-8789
-23779
76436
24915
44850
9486
-234
896
-35989
-5050
36640
16154
19845
-25715
3731
468
1456
-21780
8214
2808
39368
-47616
61503
48930
4368
792
-28332
6615
-14193
2124
-56172
17696
19782
-3654
63210
13743
-2940
-7521
-31008
4800
72100
10097
-42598
2021
20760
-29700
-37200
-1168
-38808
-3916
-64440
16050
16542
-70848
1672
52917
29240
3358
3744
61360
-52371
-12630
-720
10362
-13969
29342
-23141
-12586
20300
-630
-55440
-82147
37904
56088
-34080
-41805
-41280
8064
-418
12393
-66240
27489
17889
-28006
53400
-14630
8820
10296
4725
-43875
16530
65415
2490
16758
-35508
-16236
2028
-40200
27966
66676
-52060
-33040
-1760
-25428
2635
68012
44308
-9150
48720
36868
-25077
78210
33234
24582
-8874
53144
63400
84824
-2622
975
-8604
3312
3465
-18283
-3924
6336
-2175
9300
-11376
13895
-11023
-23490
8010
41280
-66297
20520
-1526
-1320
-50960
32302
784
62818
6539
-15472
-8188
5472
37848
54012
42240
-23688
-7735
40484
-52430
37671
3440
-2703
17710
55063
28475
64938
2432
32453
-2205
40552
8330
-56848
-1482
-1380
7201
8784
-7800
8325
3320
30101
33704
-6612
23184
58404
-35853
52026
9324
484
-55419
79776
-32291
33565
48280
-4335
-9248
-7980
26103
37927
45152
2450
2604
-3712
-12186
-22815
15844
-22806
6560
-46168
34656
-20488
-1230
-26289
-1240
-87648
-42876
-2824
15840
-3819
-31178
408
38364
10302
-33668
-10868
74448
6902
-23808
-1443
-22671
-44118
-32520
-3572
-45916
-21840
3705
-2915
-10020
-10412
2560
2592
6336
-4350
-12512
-4389
-47142
-28888
2706
66025
73602
14725
-2112
-32390
-1056
-27520
-19292
-8784
26316
19266
-50297
26300
-7564
1683
-25440
-62122
16445
20303
-77430
-6479
-86572
66300
-4500
-90396
2000
-35035
7376
2790
-3666
1196
-29388
-28960
6698
-266
17954
18832
-18225
-761
-24640
18316
4075
-89490
-4418
5395
7344
15008
52690
-50138
-1164
10235
33640
10724
-5100
-78111
21534
-60916
30261
-57000
-34830
-785
-35547
-25480
27300
-27800
48934
32776
-10388
2100
58740
78565
-475
-9040
-672
8899
82770
45416
-37260
23746
-11550
-39962
47320
72
-20863
-749
-13061
-5929
-8890
2790
-19880
-686
-11835
-34720
40754
78975
6976
16140
22128
41370
39639
82620
-41712
13568
28557
12220
-21240
-1105
42742
65664
-50049
-6094
19100
27795
-5532
-14991
2298
816
-15876
41683
-810
-76788
-16008
-92402
-750
2990
3819
-2376
-30586
51800
-3940
22795
7319
34734
14388
-41420
32364
-26714
1603
1840
16170
1947
-27576
13804
-9519
-3982
-900
574
-24040
-9693
-18819
-8740
6432
-27132
-14288
59059
-8694
6903
-852
5160
57195
-28
39589
-16530
22977
-6750
-10044
-23776
-3690
-43092
58996
28480
-6090
34338
-30560
-473
-11205
-35443
5220
1224
9180
-24288
19840
-26332
-11100
-2249
15720
-21462
396
22225
-71004
17444
33120
-18458
-27612
-54145
-1048
3344
43848
27832
38848
85008
-18912
12328
23725
27750
-29212
-57400
-441
-42039
23636
-3706
16153
-13230
-25811
18018
-20461
-4361
40848
14950
52218
-5280
5376
-9700
19872
-54457
-14706
-42900
-59925
-12274
31535
672
-10120
-33626
37664
-8964
-69762
-5304
15019
31349
27693
-5185
-627
1518
-80460
680
3160
-64560
13064
-7616
-16616
23821
-18473
28842
22576
33855
-8190
13135
27720
65800
41877
21120
-22176
15552
61320
522
-37734
-40235
-79989
50180
-2948
-21280
4422
-61908
-45080
9741
2325
-31248
37665
40650
-73346
-947
-44679
15839
69000
28416
42777
-61824
5362
27387
12052
-26176
-29127
6144
7250
-7398
-29220
-4128
-17600
-5530
19695
-44880
38532
6080
-718
-4116
-738
-23288
67896
11046
31430
-39500
46540
-14308
24000
-8580
61400
-21285
-16168
14508
3948
62307
15996
37760
2040
-8474
49410
-80464
-9932
-73692
16559
-9090
-38570
6156
3572
-33180
-7668
37737
26580
43684
43561
1860
-23352
-66192
-79034
33660
-28750
-19110
49352
16340
13050
-78909
1232
-2544
17264
79868
20240
1890
44138
4544
-15225
2785
-22626
-24390
-13728
-58527
-35002
-804
7870
-18538
-7504
34224
10972
-9854
588
-25704
-76000
81816
-33984
4644
50760
-46629
13104
37485
-23836
81528
8784
8942
40678
-3729
1150
-5589
1142
61295
-2016
1860
-46700
-18231
-23595
-28584
48576
-24700
-48556
5236
42336
1404
8268
11477
-33520
-43400
18677
-6627
-290
4860
17888
-23074
114
15072
-38110
-27637
1500
41520
-54578
62415
-61479
-49010
1044
4609
42334
49056
-6272
2750
-68355
-18120
10323
-46592
-34632
44421
25452
43092
7992
-51300
18500
29204
-27930
-55742
14800
-17280
3976
22040
-5070
-40313
-34860
-6669
1488
25730
-31168
-23165
8730
21112
4524
-26554
-11258
20164
-54340
-45108
23042
-17023
-5724
14076
26106
-1320
-67104
19270
856
-4576
10206
31556
-26280
17700
-46640
-25872
-33300
8437
19994
-1080
-388
15561
2360
-38376
4248
-3544
-44945
20280
17936
-18850
1276
5
43660
-32208
-5820
4140
-2400
-7791
-42250
-54516
-23184
11200
-4136
9246
-26912
-12716
6786
-45280
-41250
62464
41499
14507
49410
862
47900
11844
2090
8695
-62900
-41715
-44652
14920
26196
45428
-44640
-71232
-17520
25298
-18668
26970
45752
15840
-1416
2416
-44556
11814
68110
-3822
-869
15680
6745
-9088
-3784
-1598
-47650
-14750
3885
-63200
2400
23544
-19775
-8772
43610
72781
-6160
24748
-12800
-2484
-14576
-9826
-7068
-29140
-24354
4968
-5412
-63680
-25481
-39102
-21462
-378
-8604
14322
-17172
80271
-773
74559
-5450
-3712
-61824
10710
66968
-39438
1360
41748
31955
-42770
-17121
79218
-31027
-90944
-9100
-31598
28
43659
-12466
-54560
29982
-45260
34632
-6460
2800
43710
-58870
-15198
44888
-5316
48459
7161
6651
11544
-58566
-5246
7614
-1782
-4950
3456
16151
-2641
-5994
-21516
6424
23247
3284
-174
8126
45900
-21054
-8800
12100
24288
51086
816
-33441
-6681
16524
4215
-48654
22333
47988
7476
19796
-42120
-49450
-78320
20882
72
-32879
31960
30955
28158
-6525
7239
-15912
-6489
-33432
-72080
23232
1420
-9072
11375
41412
-74404
3054
39995
-20787
-61254
-19228
8220
4026
2279
10965
-33082
-12068
35520
1632
41099
-3953
-7973
-1140
18720
-3512
17170
-12642
-29422
-1440
-37937
19800
-13860
61194
-12255
4050
4563
-4494
3942
4686
486
-2380
-16236
64390
-47432
-6177
3287
-1152
-17842
-3353
-45436
-72298
4216
-28875
-1375
5786
3420
1050
4620
14322
2911
-476
-36326
-17500
4200
-10206
71040
14525
18920
-65593
-2784
2464
-9690
1092
-10240
7052
4164
-64032
-53108
-34860
18124
30816
-56416
17472
24354
376
33516
-45662
1598
-14665
61831
15425
26520
-49203
-80495
-5824
7080
-15589
-19662
88635
29580
-25460
-1500
14573
-42800
300
-52371
-10395
-43316
5356
7740
-64108
-13020
-57201
-90489
20976
-11550
68376
-14742
5652
18550
15768
11664
-51590
7735
-72352
1080
14784
-54069
-35992
26271
54936
22455
37215
236
-90528
-23206
13155
-8775
19316
1281
-46070
18400
3380
-4750
-86900
6300
-52525
-11256
20680
38160
-11935
75272
41871
18546
840
-3556
59769
-40416
-64169
-3572
-69331
-55480
20288
-26130
46592
-10620
-2904
-18414
-56608
-2584
-60006
-3224
-1916
-22880
5304
39480
7084
22770
42048
-14348
-1792
-71131
18603
2225
6950
-40950
4385
-38792
10250
3450
32536
47975
44112
77126
-5640
48952
-30912
76235
20196
781
1925
-7578
-74586
-3948
-16728
68688
33019
-32558
24832
28980
-9165
55506
16748
-45837
12864
7740
-4092
5766
-4704
-72128
18576
-7304
-14640
34840
14628
8880
285
18630
2901
32109
21600
22698
59367
-29276
12470
-2742
-59598
58734
-21930
33935
5136
-53214
-12052
-14352
52700
22100
-6146
1696
-22048
-91632
33698
10298
-10308
-18981
15159
26541
13184
-14364
-36936
-34895
7824
-93060
-22387
-14070
-11502
10348
26784
-74704
5298
-16758
-72864
17640
-43378
7392
30624
86580
-11799
22270
2135
-17052
-14328
-3120
59073
46670
19100
876
-42615
19584
15219
53578
-1504
-13728
-43250
870
-756
-85140
12600
-2555
38014
7700
2856
13600
5282
13134
-7848
2946
-24360
54152
-17680
-33528
-33908
-27871
40495
-7744
-41664
14250
48020
78306
-17127
-33418
13064
-62445
-8030
43734
-20235
-8460
22704
46852
21253
14651
37587
-9660
5280
-4788
7095
61425
-8256
-21285
30640
-16280
-21297
57086
-72819
13260
1872
22824
-36344
9912
19896
-16500
486
-3375
8433
1110
39760
-25092
-50358
63518
61595
23424
41405
-949
52693
5913
69174
453
-13902
-5122
3570
5548
1260
-28527
-10608
59013
36750
29993
-18656
-11475
-42160
-21960
-9860
-94700
22260
-44286
14849
40460
16296
9481
7392
-620
-76921
24560
-9447
18012
28020
5940
38359
-27590
-19650
8736
12810
10370
-58962
-1944
-33715
-67425
-63992
13574
-66930
-15328
-20727
729
-14175
-52930
-15075
58212
8800
-43104
-9554
-21351
18183
-9045
30514
-75852
28462
1305
1961
18998
58719
-47775
2304
-33330
-5450
-57050
44156
3060
-1530
-21880
-53220
45612
-7332
15202
-5280
-26880
-2868
29070
52602
8510
-21021
-73040
9996
15872
39088
100
22842
-96900
-627
11400
15488
56144
62640
-25270
46215
-15438
-30624
4788
10406
48224
1728
-9729
60702
2320
-30624
-20900
11650
12600
-5830
25900
-17160
-18483
-96530
847
1358
15904
-46800
21041
-61056
3316
-4929
-34944
4992
33660
50850
8651
20898
3576
63000
-9670
-17640
6783
-928
-5643
-46620
-198
43230
-54860
8484
34512
-62886
5427
26128
63808
-9660
6355
-768
-5887
-14175
1936
4245
20553
-84788
31388
-852
14105
52728
-7425
-72336
10560
-31494
65107
60812
7176
60300
-9420
-48080
17850
-60818
772
-19074
6787
1095
-52953
-83400
32508
-30044
-34684
-58212
70518
1048
-55790
-97911
41712
3869
-6110
-30229
-78470
25272
20570
-11310
-64512
-13440
5610
7141
33088
-16856
58080
-43536
20349
-6562
10114
20976
2227
13338
64313
7392
24200
3714
-1768
45180
62415
9101
55965
-2307
4836
3685
3120
-788
10600
-10250
-1696
48295
-31680
3508
-22785
-11700
-2630
-92022
-11590
-29920
-34626
20102
45864
22440
7395
-470
-76
-60750
50634
-12949
24258
-4200
69618
-11362
27759
-84022
-2061
52890
-11766
-14973
14526
68973
18335
-53792
-3312
27187
1244
-87487
-60048
-11074
-12426
16416
-51656
8636
33320
-38430
42296
-19100
28244
-42292
11508
-830
7656
16046
21146
-53040
3397
31944
-966
-13284
78111
44626
14960
-2536
-57327
23079
-20304
-5724
-51183
-3816
34300
-4020
440
-8983
-27885
-84510
-16065
67230
-5698
18937
-33853
-2128
-17727
-56357
-82400
-1735
-16952
-64815
48100
-41272
975
2016
-18954
-31581
-37842
-9900
15411
-59796
20640
2976
18864
-4278
75764
65102
2928
21888
-5590
-20332
651
24975
-11136
-1054
-33271
-45441
-36540
18480
-1927
-16940
11774
1456
-2160
-59283
-5359
10785
-5160
6790
53802
6468
60552
2232
-31122
-684
-5104
-4608
-65236
-16020
-36432
-12125
41138
29342
-41000
23258
-8946
21111
-300
1020
-35469
24550
-10176
8060
-73500
25590
35786
-27119
1197
91300
-529
25427
35644
-12222
-76360
-15290
35508
-42629
3040
7209
-381
-65520
-46848
64380
-9230
-29850
-2288
-50500
-62578
6956
-7376
-4095
-62656
7498
63344
-15369
2472
16254
-31864
30800
29480
-62600
-17641
3705
-29008
50997
89453
-119
-45375
-2310
46624
31110
34216
5334
91278
-24248
-36771
-46716
16716
-5247
-27375
-36900
3380
14674
-81216
-10934
-32538
70152
-12397
-716
-3264
-10488
-27244
66123
1526
24108
29050
-50840
-8160
-1564
-26291
-37002
-29036
-10620
7199
-55167
-48699
-37800
-14398
-19422
6328
-54720
38587
66780
70136
11250
36465
-8112
-57970
-39800
-79680
-61380
18120
-3744
-36935
4774
15124
-32430
28308
-17503
-12129
-16497
15390
9152
-7844
5292
9025
-21300
-53314
-12060
20580
1224
-26390
-3818
2730
17860
42900
2178
22116
-34689
-18504
-26404
1450
1794
18840
24614
48950
62128
-20181
-13209
9576
66330
15282
18090
-20007
-28623
-5200
-8525
25870
-30525
65016
-36068
-9373
6370
-24776
-8554
-20400
18662
1344
-25358
-68320
-56118
150
4320
-17304
-12160
-3864
-1302
-22795
67164
13253
12240
-10370
-94
-69108
45600
-57
-3003
35136
-16296
-4770
48180
61380
26260
1771
-14784
-4752
8836
-18423
16443
26684
21924
2685
-51042
7980
14922
9930
-5217
9440
-7098
2772
17974
898
77841
26785
49210
79218
-22648
-7312
-1044
-14280
-840
16686
21600
28392
63420
60916
-12350
-3729
14818
-2900
1191
-3852
0
-37338
4810
-29700
66160
-3616
-663
-15600
-44403
-5194
50320
21696
-29088
72
-1691
17976
2653
-6149
14725
3501
-48910
34680
-15651
-36000
3068
14076
5429
13394
8109
-55808
5190
36108
2100
32005
-12006
-75256
-10368
-76544
4187
-11850
516
67413
80883
12880
-17138
-13216
-46440
-26697
-42390
-17056
-12090
65193
-18473
-1288
-1424
-4655
-25452
-53220
1125
-21770
19035
-69720
3276
-6400
8184
15447
18910
-1596
18600
55444
67521
-20700
-63910
17600
2886
-6969
-37485
-37825
-12636
13167
-5856
27650
29190
-50616
-11988
-29624
16800
25650
-41409
38493
-37655
-5994
-7488
-21141
13296
-14940
32879
-59878
994
-46123
-19572
-32062
-10379
68985
61420
4140
69788
-1856
8078
-19488
21060
45493
-27264
17976
-46184
1218
12056
5550
-13320
60996
8092
46953
29950
-572
15580
5019
13000
-57152
-13068
-189
35579
16344
-37499
-17550
45202
-2272
83927
4565
5819
-34880
-52136
-50432
-54426
66882
-17884
-29280
27268
19040
635
-7910
-13636
-27348
12272
62020
79296
60882
-53200
-10989
4641
-8177
-44
79680
-24308
-72150
8352
-61462
-20418
-26040
11400
32184
16720
-26341
-14858
26999
-288
-22368
17806
5628
-37539
-53217
-5017
8100
-44832
-22950
-12649
63124
-77430
39673
665
-15405
36936
-7900
-1080
14245
-32384
-10848
-7533
19928
-43380
30530
29484
-20502
83927
21896
17212
-960
46501
66649
-29562
-56070
82388
-32200
18569
6391
31590
-9192
6292
-666
6864
-9826
-9039
-11832
-59840
-16362
-1548
-50112
-11264
-19071
22960
1108
-25137
28998
-12075
7293
10793
34776
38940
-57646
29711
27291
-25704
7600
-4802
40095
-2980
-33720
-68248
58590
-6900
1672
-40128
33288
29007
-6336
-39935
13702
3392
30600
5208
44200
23940
57159
6660
28556
46455
83168
-43140
-3390
-12168
-2343
15400
36765
-1344
-10283
-1840
-8234
-1024
19920
-11968
-18224
-36182
26146
24211
15714
-38352
20400
-298
25344
1200
63822
6992
130
56722
59849
4290
-28920
38064
75106
30900
-54096
-30078
52240
-47175
9072
-2936
35862
8970
13244
40651
4968
-71810
67716
-22230
-88
18680
-45700
23265
1704
-32580
-1746
-24885
-12410
51805
-3932
-4234
-6966
-5390
11949
-78289
40255
2570
-33120
-11191
-27559
-8090
9594
47783
3621
336
-8128
34560
-17150
8715
666
-9752
14612
14454
-40392
4830
9342
-10166
-47530
15960
33110
-33285
16042
-35244
-33369
3585
-1205
-32769
13640
14175
-30172
-16000
-4495
-62648
-2376
38622
-27735
-3780
81780
-8272
19871
-10650
93342
73950
3311
-9657
15846
28655
-53394
1679
14880
-6202
-20661
-1056
-22761
-10460
-8236
6876
-46552
-4452
30345
33474
-13056
46240
-7446
17095
-7986
5187
48616
3172
-25270
-4202
-15288
49484
-59925
-6498
10149
-34600
33660
19352
10288
77095
-16665
6042
51000
-32007
-2592
-30314
-2470
-25650
-3576
-3332
9680
-27097
2140
2380
-14878
41241
3276
5356
-690
49634
4144
-33332
-12425
-6216
92862
44667
-1647
2625
-6524
-17328
54901
-16240
6492
-43343
2090
-22144
3580
-10296
-58590
25668
35344
-64610
-5904
-19007
-3900
40269
10584
22010
-9812
5348
-24075
-72404
83412
12467
-11205
31904
-16485
55930
25488
62100
-25707
38786
-15010
32108
15720
-91956
7426
-17575
-6426
8950
-27528
-2275
6976
71253
12276
-29484
785
42282
-13344
-41724
14496
15120
19580
-9392
-4640
-35856
3960
6640
23760
2021
-35616
-23422
-12852
39800
-56007
23139
-2704
11310
3591
22673
-14720
3896
-847
894
27450
-20610
11628
24480
23972
-32040
79220
24360
15344
11298
-3772
14300
-28861
-16881
-64800
34262
8148
-67800
-2541
-52772
-27675
11450
2412
-25662
-4880
4884
-29016
19389
9761
30276
-23328
-19113
10881
70560
9900
3100
58752
-41882
9548
-8320
-2020
-13608
34272
-36946
4440
-7860
-4746
-5472
391
-34615
9340
70680
46130
62502
-74480
15198
-2492
11280
47515
-18048
24570
-1003
69768
-56546
-1737
327
-43248
15651
13630
-1044
-2856
85554
32200
26775
-9828
36777
1680
-42075
-77425
1771
-4736
-17472
29281
57528
-153
51578
-2325
-7448
2580
-19971
55080
-5054
-27048
5016
14448
-15189
-29835
53328
13230
6130
-32850
-55600
-21436
-62390
-1276
-23328
-75516
-61415
-16409
4836
-1001
50180
-65965
18040
-13833
-20090
-52808
-24550
2121
-77310
84129
14110
36288
15000
-2041
69255
9072
-1392
9292
41580
-9174
-21980
-7056
16280
66445
-19610
4537
-17342
21024
-73391
41856
34048
1671
24852
-17945
-93480
2585
-15561
-2400
-1040
-16353
-14544
-45100
-10332
51136
-67760
-5532
-38640
-48895
70110
-48594
8213
-7106
40016
38116
-8892
29348
440
-1722
16248
-48924
5658
-3306
25333
37584
42282
4224
-1645
73143
-44737
20
65354
42504
287
-24080
1736
3948
-9878
41064
46909
-9114
-14977
-37468
8064
-4368
14040
-30654
53176
12395
8655
-1722
-11472
31104
-74272
-62370
-49700
-5264
-20240
-576
33762
-59040
48928
4960
43707
41800
26854
22260
19720
15402
18792
-3010
-70110
-47760
65946
16464
-53124
-62698
-395
-17226
6450
-48506
-62634
-74976
-13560
39690
-55062
700
2160
6552
2868
-8520
-6786
28910
1815
-19475
-22032
16709
2806
-878
-22800
-16324
-26950
-4576
29585
-14601
-86152
29357
-52026
22200
59640
14985
15774
3010
-27413
65016
-952
26413
9185
325
50439
35896
-3060
-46296
35779
-6858
-38502
-11376
-23146
37929
-74497
41085
-32850
30702
67425
-50816
8996
-35728
47520
7434
-7170
-55693
-2250
12513
5103
-9120
-9282
-6016
-3580
50456
48114
-52890
-2698
-58090
-12636
-19116
-24592
12300
-7805
26130
63525
-18690
74690
68850
-12648
-34114
2175
354
16830
-16796
17710
-52240
-18460
-5170
-27692
-1280
-19499
14100
-28187
19894
51696
3960
-19550
-53300
1067
-10908
-6620
-125
48636
-33792
-6083
17520
13706
-2840
-4256
2880
1407
16065
-2509
20680
20010
-14560
68341
22516
13511
-86800
-3696
-8756
85070
-23856
52480
54708
-14400
4080
-17732
25327
46906
-17898
-675
-26962
-34974
690
-74250
-46720
-38226
-5436
23622
15892
23832
-28400
-27716
3534
-264
45741
61200
3532
42606
-19971
-33762
7375
225
20020
-492
-10431
23712
-25760
15120
-48685
-258
-15228
-31950
-57384
-14288
-13860
-1068
7760
55520
-49972
-6083
-68143
-5278
51792
-20142
21525
-31536
-9372
8820
-1593
-12445
-66649
-35620
783
10082
-19240
15747
4653
-11690
12818
-63812
7008
-18063
510
70092
3200
6776
-50050
21978
-10114
30957
-9976
-23744
-41405
-60030
38880
-10356
23966
-2346
-17319
19981
-37960
9585
75919
19788
-1325
-69090
-681
29900
-79650
-3266
-10370
46754
-4186
39300
5369
21930
5824
-31188
19584
-65892
9584
-12654
4180
26264
78975
-11320
77031
14355
49104
-12238
-7900
-24360
-23657
-27150
3608
-26144
-5772
43500
41602
-62920
34760
7857
21714
-21669
-44659
42151
2310
5200
15072
-85690
-8970
-27176
-327
-42846
58688
17136
35096
34639
10788
52602
32325
-3416
-31622
-2184
-320
33110
-34348
-73568
-8766
-3235
2146
-3366
-12580
-9555
7540
49714
-25080
43409
-18392
29925
-5094
65592
13644
6517
64512
-14457
-1611
-35148
20930
77088
-19456
4944
-6804
18145
-7014
-870
61932
10192
21125
-35700
-4438
27887
81279
-14616
-11515
-41993
-35020
-48450
89496
16422
85652
-83352
24150
-12201
28512
9259
-4216
33320
21120
16380
-4553
25116
6630
26320
26220
-20480
12834
22025
-14424
-12960
6350
8448
26325
-10955
-25600
-14872
61182
-10148
-15953
21682
39440
10131
-19649
24585
-33284
-7620
48180
-90288
-39818
-18166
14730
-34986
-215
18424
56088
-1914
-71889
9452
6720
-16997
112
47025
23856
53148
-67860
2610
-24156
11935
7693
29322
-38570
91
-21114
2072
-6188
11135
-42517
18760
-8232
-38836
-6923
16744
54747
-37474
-34884
-8437
30256
-17748
-27636
20069
1184
13617
-14352
85351
-45908
-9922
810
1131
5024
-3210
32
31222
73656
-909
-11872
6629
3108
-33060
1457
39762
-35964
3936
85722
-50568
-11704
-12078
21471
4938
10704
-19400
-13640
9660
2655
48778
4020
7956
-976
64500
-24940
-29264
32781
-9322
30498
-2220
-3774
5742
89400
-4914
-8580
11400
-679
11571
-30090
37125
2009
-13284
-38130
-18734
39792
-11904
-44526
6576
-17400
-26904
-11594
23517
-888
3402
12096
-18040
11562
-20502
39072
11184
-14112
10384
-396
19450
-14544
-10686
-14040
-1455
1652
4850
-6310
-6357
43296
29232
-7188
1140
499
-41228
-35583
-37842
24102
14432
23140
-220
-8162
-15533
-34408
-11458
75894
56940
2622
50820
78310
-5063
22400
-29160
-6048
59840
10101
-12210
-25056
83457
2610
8460
20808
15700
71325
-55200
-10880
-84360
-6594
1735
-19712
-1671
15364
52615
-10440
22850
80427
14694
-590
-720
58680
3068
1250
-45012
29172
34344
17296
-97614
1251
36226
17928
27639
37625
-28560
-60809
-39765
-40977
-7209
-8568
-1476
-64532
-2352
-43740
-26312
-18096
-4704
15736
4225
-7208
-6048
-21402
-1708
1798
-20090
56832
-50758
-15411
78320
25488
7366
-60450
28340
65968
52472
-75328
-16676
-9933
-27108
-1765
50176
-2142
-1376
-4425
41890
28900
-34279
793
-85536
39600
12540
-12792
55080
899
-2635
22224
-32832
63960
65342
36576
545
-2905
6090
15336
-7200
-5720
-93248
-5427
-66598
-4125
-3186
9994
1224
44775
3303
960
-41076
-18080
50388
4620
24189
-13083
-57728
-54835
-45525
4179
65756
-11295
-28900
7176
-22230
-74160
62016
-55269
-9724
17160
31291
-18492
31490
2294
-82026
-21462
55268
41360
8874
2664
1729
-31740
15704
22626
13716
-6017
6519
8658
52615
3756
78672
-43169
-12740
-39312
-27058
350
2460
-35955
-2675
23206
41805
3948
15920
-26752
1746
-9990
4446
-22500
46782
13617
46256
39168
1428
3348
-48312
89908
-550
14360
-2970
3700
9550
-18200
-8134
-2736
22403
5564
-49324
20930
3920
18
-16344
-23821
-12240
-17818
37070
-712
-1095
-12800
-39720
-37960
48654
-24549
26730
27651
-4626
-30550
-57159
10250
11040
71520
11403
-32472
-9555
-42768
-79200
4608
-38400
-5589
-27426
24426
8184
23903
22176
-3510
19596
-13392
-24486
-58565
14535
-44064
-3003
17670
11280
6643
-5760
-600
-37260
-36366
71570
47034
74646
-10716
-14740
-5665
1028
-4543
70400
17420
-34452
-45084
33062
15288
75411
-45450
-53960
-19200
36
-7956
-13104
-1056
12240
-20774
-14685
-10384
-7462
-725
-4628
29856
1095
33160
-47127
-7964
867
-16488
103
-13416
-3672
7545
39493
-1064
-47800
-26598
-4752
25818
-31545
-22977
39312
-35292
-17784
12288
19832
-68880
8235
-12183
5508
25056
-26146
-7040
15904
-37104
-48970
47878
8340
-27600
31067
-22532
-10856
16215
-37400
58050
-7434
32640
-14796
26481
-46728
-6016
-7506
25296
-15240
-3624
-5652
-34188
-29220
923
-51939
-76950
10240
11832
-14
6699
29240
15861
60368
41552
79548
1400
-7560
-84096
20384
40416
13104
31705
27373
16008
-11951
-7056
2325
-16132
-858
33136
-29972
-36344
-7184
-21883
-4180
-43365
13968
15120
-13772
29342
-8745
-669
65481
16456
-44737
-67144
6195
37796
5324
-18120
-4452
55480
27436
-34800
-260
40918
86925
28379
7194
-72590
-8580
37178
-4921
40932
11935
34146
-86925
38240
4172
1096
30195
-43656
-11124
6132
33129
-440
-5564
-12958
2140
-18
-5301
15561
9360
-3420
-28710
-4233
42826
-22997
-77766
-12557
55539
-19908
39440
-37120
4819
-14895
-33320
13685
11180
24013
-60588
-38808
33462
16716
-444
-11520
51191
-8372
13776
58292
46806
29280
65340
15950
2523
-9288
77436
-2050
-2178
38181
-9592
-10980
-1566
-780
64860
-34102
17334
3480
67896
-47500
-42636
1472
-2301
210
660
-10710
-52972
3534
8960
63122
21360
-13746
25830
44030
25974
-52480
-3871
31584
16800
-23232
-38048
11685
20306
-35351
2454
-648
5460
-31326
-29830
-5985
-30636
-75735
-93216
39447
27950
59292
4710
1072
9592
-48330
55125
11132
-32325
37318
-160
45580
-25574
16378
-7752
10976
38346
89088
-44454
4082
33775
-9800
-15808
-26448
-2754
-16536
-1683
18492
-57088
2610
-34620
51330
17064
-37746
-12240
-11180
345
5112
-12480
1870
7616
-28380
6396
28086
-55574
4095
-36593
33480
64167
-41602
31581
-38269
-48512
3850
-31808
3300
4785
3648
-3069
10437
-4712
-17275
29172
-20336
33534
-36822
-51578
-49350
-11919
-26712
-44073
-3043
-65928
12900
34128
-20592
-1024
32012
-42897
21000
46585
-23840
58930
63162
6024
1602
4310
-7650
-1472
22837
21120
51600
72
9520
1910
-7600
-45951
14233
-3128
-4329
-567
956
85085
20559
58235
657
972
-46368
-17512
-37228
43659
12019
-552
18145
-34404
-62514
-11375
13021
46000
33048
-1638
27335
-25272
28804
-58291
42350
48100
-294
-1701
18810
15618
18486
-54180
14453
-11470
696
26936
-33264
-83040
-67050
7306
-3649
22101
-33820
-5202
-64695
5544
49752
33858
-7480
-23359
25752
10654
7520
17618
-1092
-13280
58500
-22644
-12059
-27720
-85824
-33250
16736
-1805
4740
10710
33055
1440
-53586
380
-30576
-34785
43428
-62514
-1606
136
-83692
-25949
-84942
-20286
-17480
13804
-37128
6811
71340
-870
44625
7200
75440
92
3157
88
-13053
11049
9922
31124
632
-74970
32095
2640
-7719
-9776
-44016
-294
71136
-5302
-33920
-46980
-11808
-68376
-36570
53370
610
19092
-54509
-2814
16511
12325
47488
39123
83076
4942
-71118
-63140
-7790
9889
-123
47277
11089
14994
65960
2248
-22360
31752
12122
-3625
38480
40400
-56532
-11830
-1600
16500
-19481
2037
-48603
-19500
-56820
-15300
-33800
32984
13510
2832
-25092
31406
7009
-16560
28638
10590
-16980
-33990
-6314
-40356
49059
5916
-36992
-7308
47950
-9230
5307
-1795
18300
22860
-20100
61499
-6192
32184
-859
7956
-19062
30621
57800
-7280
-1426
-39824
-7471
-17952
-5225
13972
4548
-976
-6808
4683
-3417
-8970
49542
71248
-12838
-40795
-1782
2596
-23994
-47824
-11904
6616
22708
-37310
15198
-4600
33488
260
-59052
-14795
44145
-7296
-23939
27552
-52932
3641
-19035
-50112
18565
-4200
-14774
48298
36632
17520
-70992
17390
20088
10350
7890
-6400
9284
-16684
-47223
-11568
21018
783
7632
7788
-37634
23716
-14718
-8756
2024
-42398
-82170
70959
-81576
3040
26277
-60237
-40986
-2028
23785
-19152
-1758
58362
-44115
-33534
-43906
15048
-7960
-48638
3815
-41600
-15925
51984
1462
70551
-22250
54395
-1780
-8991
-7749
11664
1020
2256
-44256
-8446
-24905
58560
-34454
-12000
-12264
-33943
10912
960
5687
-37628
-2940
-40824
804
-56848
14288
-89089
44268
-76545
59595
89768
9180
-36672
9240
-1617
-18368
-11457
-44486
1950
10296
9705
20800
-17996
-33264
-59670
-76516
9971
41760
-15995
-32452
-1246
27249
-10087
-8646
29319
-60528
135
-57353
56576
-64800
-4950
76950
-56502
-16875
83096
-11191
2710
-24000
-52640
43362
-5180
-38700
-7434
53641
38703
10098
-12375
3807
4360
26904
5152
-25795
9703
7966
-14924
-1124
-25544
3072
-15477
-9744
33300
-78352
-76184
71535
41272
9264
-40848
-380
31395
11020
-49896
4560
-42930
12986
-33077
-6438
3200
58080
-14157
-24535
18228
43582
4260
8349
-37674
-33374
-21219
8648
-24948
30420
26319
-8850
11609
74625
8822
400
5872
20864
-21792
13520
6216
7410
-40964
-52190
-54320
50016
9720
-8688
-168
7350
23322
-23808
-2120
-31980
-6920
-73440
89089
-38033
-39204
-54780
-10920
-3370
23859
9672
83235
25032
5809
5088
-4095
-31304
12936
-27504
21318
-5512
68775
-45880
-59241
-5040
20496
-19620
9500
361
14000
34
-3059
-36190
-11424
23571
23128
19600
-348
648
-71208
3600
-27300
-13590
-11544
25740
-35283
29988
-2869
47182
-59094
67280
-18755
-6069
26465
36540
-58028
17112
-36244
13221
-8976
4626
-53568
-34558
-3172
36784
-15708
-10632
-14742
10384
-2808
10308
-12555
-37433
-74921
-44030
-16380
-56913
64240
-16337
31892
-4512
54448
33157
-38700
-22348
-480
4815
11242
-584
66640
19116
59428
-61272
-39396
-19228
23287
-77200
23800
-2067
-65367
-846
-7696
77952
2952
-3157
-39848
-764
-17344
1104
13380
-25272
11676
-6060
29670
7083
16531
8814
2880
52682
306
27840
-1788
-7161
-31840
-10304
-58560
48104
-69300
-17172
1780
36567
696
-2900
54978
65212
-28750
-9144
-72700
-16524
-16800
38164
-2170
-2493
21675
7656
36646
32054
-3300
29977
-53513
-21812
-9360
-3894
-1575
-74284
39494
22016
33813
-4571
-42639
25608
1056
29664
-16089
2090
14469
46512
12550
-3717
6148
9520
67067
58443
19680
19779
-50463
-7160
-25994
49248
-23016
12443
-2283
544
54318
38544
9636
-572
10887
-5544
-1340
-35064
-5313
17175
-35708
-24206
5070
-9350
50728
46574
-7830
67575
5894
-17056
7102
-69201
-76680
-40800
32338
5460
22168
-5173
-34584
54216
-29406
-46092
37080
3090
-1054
-17112
-1904
1716
17298
508
5616
-3661
-22509
-45360
-6666
-25256
46431
-67770
-3516
1768
19896
-21630
42920
1435
-1518
2844
-26055
-5162
23265
-55517
-2412
-5880
-18585
-15552
81300
70883
65612
-21827
18459
32776
140
29575
-17244
-2301
-8811
-14904
-30090
-26811
-48756
-27027
-65860
-5738
15770
-32
-36072
-41175
33150
6570
16368
-79086
24
-15979
-2044
3675
1008
44880
-3150
-31218
-30702
82584
4048
-39589
40530
-59976
-58520
73186
42840
-23247
-35510
21018
-50502
13294
26684
12874
16269
9396
-16434
-16677
-22940
3220
68400
-47996
-7920
82302
-20228
7896
-25668
-15484
-12663
-58183
21286
6732
-18920
-62376
-20007
-9720
-3192
-38912
-36801
81755
7722
-22104
-43089
-15334
-15721
10496
-8256
10025
-3465
30426
-22600
39932
80582
40388
7904
-30261
-50281
30880
30749
-18590
846
8100
-9082
69300
68115
-36722
-10660
11704
71016
9408
-37830
-1130
49691
-7632
-1812
73953
-38258
29928
-12792
-4104
22400
-2629
-520
42712
29610
37248
3969
28960
4974
-33354
16389
38428
40590
5640
16616
73206
32550
1800
3780
23664
1520
16752
665
83888
57460
-29232
-12936
9009
-2697
3015
-48250
-12138
-3627
-11904
37288
-5720
81900
-31850
-9876
6156
11160
-1686
-6237
-30380
-5368
-50750
5668
-18507
-2695
-8112
32433
-14694
-1407
4950
-5700
-6360
-58238
30888
48804
42421
1449
6960
72100
-70818
-46068
26410
19800
-43173
11916
-10584
-58782
3964
49380
-9858
-26404
-15171
-12220
30564
29234
76400
810
-41139
-46080
-7650
12200
8468
11880
54556
21076
-30616
-79994
39886
-6264
14008
81468
-11505
59247
-19980
8816
-3960
-6808
2016
333
5772
4212
34404
-28566
-9179
448
27540
-1728
-51520
-12070
-39060
-3270
30100
-65007
-37536
-2052
1397
27675
6572
21320
-709
8526
52173
-5734
-5472
67947
18165
-1748
980
84960
37228
13199
-9284
-34220
5868
-46980
-23606
-41850
4110
12144
11396
-12806
-64970
23058
53580
-1
47190
-6513
27501
97218
-1180
-323
26019
14760
28594
-1344
71668
-49950
38930
-1152
-12784
3232
-68143
-1040
6319
25650
-9589
-9230
-41170
-111
12276
20038
40000
-6800
50297
-30451
22638
6556
-1764
66144
-16549
-2178
-15379
-54864
-46512
-592
-6120
-36331
33908
-31806
33300
-24684
-22248
-17886
-30456
-29820
-33250
26605
79605
-7098
60695
22356
-9947
-40446
7770
5768
-16302
-26790
-22361
-24090
-25232
-52509
4473
37260
-45600
18236
-15884
-14586
-5876
43952
-32832
-10208
38742
-84392
65481
-50502
-11676
42964
-11016
86328
-46319
21303
-52
2790
9040
-31872
-18468
-2430
39204
5424
40678
-43687
1168
-4975
-79200
5488
52974
-55309
-34524
-4872
-39400
-80
-1372
23856
-33488
1915
-22800
10476
63888
-25141
6976
-87750
-41515
-1342
26448
-23280
-19170
3936
12870
7656
-21156
61908
-30381
19899
110
5724
-34496
27888
-68
6034
-17200
54094
-31185
-77714
-14544
22770
-2826
-13530
-23100
36
-27730
3684
6300
1544
-3850
-7608
-5425
31770
26100
59040
-6622
-22473
86480
-6192
-22568
-44538
61740
-12688
-66478
73398
-40035
-2961
-18172
-3124
-38982
10350
30129
66672
15642
-16359
12298
15932
-8940
50828
47650
14168
28160
-53946
2106
-1072
16458
-69460
-34200
24192
-8274
-5340
21800
29565
-72709
-23856
-4488
3760
-46008
7920
6554
31720
60144
7755
29547
71380
-47403
-44016
-3843
29127
30750
64500
-29822
-47784
12441
-11966
26880
-840
9405
224
-63120
23408
51660
27936
-6720
-35041
-24966
41130
48111
42180
-65360
55728
5335
-4440
-1056
-9418
35039
67545
30030
-26390
-8903
-4958
-40851
-17504
-55440
30702
18642
-27222
-16353
-3154
-17290
-24310
-4187
-47318
25088
25434
-8645
-14362
18963
4392
-24648
-92907
-4650
-3906
12768
-936
348
36585
-38640
-77056
-3328
-4389
-9290
-10944
-81755
6380
21771
-6858
2096
-15392
66192
59860
82800
-36762
54978
6110
31031
5324
68616
-36894
-41650
39216
-57204
-16410
-474
-10974
8970
-49896
-5760
42856
-19656
10678
51920
2755
-79716
7911
-7896
36465
-16610
49950
-61064
-3360
-14664
17150
5720
-61050
-61516
53955
5513
-16464
11109
4575
-8512
-34083
-9950
67408
-49536
-15624
11745
-11620
-17850
-62831
-7068
-11492
-18240
-376
43860
66528
-22197
32535
9534
7176
4672
-68100
-9006
7722
-21420
-30060
55680
-86240
-12700
1672
5325
-27456
10634
40802
12352
-7358
-2431
-53696
-7808
3914
-37278
3870
10395
75696
29610
-13195
11304
12500
11250
86815
8022
-79831
-154
-38142
10600
-48832
-21344
6288
-47047
20425
35343
-1204
23411
-28435
-5028
8096
-33976
-969
24319
4653
9372
-36600
-3120
-4004
44980
-8668
960
-21160
16419
39783
22881
7728
3010
2944
754
5916
14416
32364
-47718
45493
10901
-10776
17835
-22932
15210
8760
-19992
-4530
-5984
-73040
10224
24330
40533
52788
22050
-23925
-73304
7250
12470
-46032
71392
22382
17014
45448
1664
23901
4640
-5670
6888
-5974
-1488
-4284
54460
-26125
15216
-31
-28453
-27232
67158
2004
-18360
-48660
8788
25662
-39122
-87685
-4144
-28650
78111
12400
41172
-4452
-45066
23025
-12825
16008
611
-26975
-24414
-47742
-5143
-13590
43470
-22230
10400
-73530
-11520
-216
-39699
-27648
-13524
-88266
-65751
-16377
-17748
-10428
42624
3790
-11800
31863
-69184
10416
16225
-12186
11680
-2394
64395
13110
-2672
-9943
33320
6750
17472
20384
81890
-38160
10224
9671
1004
37553
-73100
2002
-37158
-60654
51996
-1380
-15246
42048
231
-1920
-2116
1835
-13600
-21411
-6408
-5988
-9936
-25866
32438
-55208
21164
658
-22445
41940
3268
41831
-6336
-56364
-42240
52800
-1104
-4352
23506
88172
-18502
-14260
27560
-5568
3834
16720
-11592
1962
20984
-35037
7072
-22204
-56011
-24816
552
30174
357
17856
27393
15000
-510
56059
3456
4697
6604
-2948
-5947
45448
3619
56296
-6438
28197
8960
-35559
2640
48906
29116
22272
9540
-19656
13554
-59714
2784
11340
89100
-14314
21286
675
-19650
66776
-25839
-66101
23034
36518
4462
49704
59096
-264
29986
35370
31
-24150
-3750
13398
41514
-14028
57407
7110
1276
-69800
12810
-38227
7000
-63495
-15709
40040
1990
-46013
-6048
-18150
-30683
23596
4620
5775
-23664
-11475
9016
-34440
36403
-14115
-28743
53544
-36450
-19200
-2552
-23534
46282
-8040
-93024
29252
7139
72874
4032
-1660
-55941
40296
28342
2928
-30951
138
-24106
5292
6000
-40410
-15750
-11966
10105
-30965
-1594
-12740
-7056
99700
36648
-7912
22919
-67425
-63147
13216
-1755
-1065
3753
-14348
-9282
-9328
36176
19747
24366
18696
4097
836
33672
34672
9141
-30228
17820
34680
26448
41076
16507
-5120
-58450
14148
51510
-29545
-29058
1089
25955
39943
-66960
-764
2756
-43790
46530
12540
23779
20358
-17955
-1106
-16852
26488
51402
31076
22800
76840
25839
13244
20700
25515
-50220
-66844
30536
-26884
-34408
29370
10402
760
14928
21184
1890
14828
7110
7380
-783
48900
-41745
9460
-5060
14310
-22537
-88199
2412
-5510
-20444
-22591
-43043
-59568
34866
-670
-33880
-14444
-15930
-47472
26818
2775
-50840
-18585
-76032
-770
-11324
-2398
12780
7128
2304
-27390
4761
9991
37392
7304
57120
39270
-74132
29798
576
86953
7392
61904
-57288
-2385
-26988
1242
23324
-28336
13243
-17596
2928
6226
-60651
-85025
10110
4940
-36573
8769
-974
26372
-43292
-6875
50592
-43605
-31631
-26600
-20000
-10176
1040
8930
-24206
-42389
-71932
1102
-4572
-36113
53650
50451
1650
-76516
-5985
23320
-4224
4324
29865
16056
-7020
24366
-4902
-514
-55432
792
-47889
-28847
-31155
25327
12675
-12635
-13712
20445
-1680
31395
38376
-10023
-25840
8784
-1644
-2547
-37250
-20397
-174
36660
-39818
-1638
18450
20181
3096
12644
25599
-37496
9936
-600
-43472
-9877
53044
-27388
-39872
-3696
8154
4230
106
-13167
3051
14100
19162
15498
-48360
-67388
-37088
53640
-43878
34104
-7110
38304
-57761
-12084
-36456
9911
64
8784
638
-22980
30184
-11890
-27060
88644
-3532
-756
-4275
34356
30786
-8820
45000
44910
-15934
5658
83259
21658
9720
912
-1334
11583
5865
-98800
-8692
-7980
720
13704
11319
2250
-4277
-4015
-10855
-3440
-58338
30940
20026
54946
-1400
3627
-4756
6336
9660
-3154
-792
-7850
21944
313
20757
-9180
30070
-8789
-57552
-11640
19475
43380
-7314
36500
12880
70680
-48800
11165
30492
-30832
21910
42578
-32824
33603
26202
49692
-7936
4692
7434
39975
-4910
-13416
-20097
17437
-880
-65236
68250
9226
-43615
-2537
2238
-17889
-25470
25970
-150
34038
17024
-2366
-8480
-5976
-48052
-47304
-13452
-78948
51856
5220
18150
-3240
-81700
4277
-21620
26928
-48222
-20079
-7728
-37604
15805
2684
31200
-2733
1380
7800
4890
-23352
67368
-47918
54740
-52806
5952
-39204
16416
-39528
-19406
-10750
21956
720
12792
-7936
7605
57610
-10514
-62062
10704
-11628
23842
3237
-12342
18063
8820
-57188
-26292
-27864
-60990
-5664
39324
32269
852
56396
-53515
-28215
-54096
-21966
-36525
-2436
-65160
65184
-6060
20812
693
-31735
-10140
-58460
69687
-10614
-15576
-4890
8151
51205
-418
9120
4455
-21250
-35604
1450
-30672
-1350
5780
45637
4941
-17687
17864
-31820
-19635
-31176
22294
-23764
7332
-52629
-7560
12672
-15903
-65600
-28434
41445
-84265
-31372
-89148
-1292
88452
370
-1505
33777
11700
1989
71969
-90800
-25709
3822
-5694
-47322
18285
-8789
-784
73500
60291
-31191
38800
418
36816
-10470
-33626
-10688
-13889
23850
25536
40832
16038
61732
1713
48977
26848
-4393
-17184
-16259
44982
-27357
-13022
5768
60316
-2116
-18800
-3159
24321
-28070
-15920
-5513
-42408
65268
-17252
22968
15984
-37754
-35508
-15912
-14600
-120
13524
-4675
2364
16764
-39117
-11190
-16974
-4018
-17472
-4350
20475
-13482
-2880
-4824
-40500
-4662
19944
-39893
-18330
4482
-11388
-59520
-8800
10556
34956
45650
47124
-46452
-12741
-1750
1012
-51840
-43245
13743
14898
4680
37914
26640
-39650
-80746
-2135
14560
2052
-36040
39319
9858
-5239
-42594
9060
5226
24024
32648
6882
-63168
-3304
2910
24124
93198
-20440
10437
-7760
77517
-3654
58604
-33669
7139
8162
-68704
24824
-33978
-58480
-341
21266
57134
-1136
24016
5076
12840
29118
-32844
13764
53280
-40896
27297
15776
3542
-915
41952
-1570
42775
474
22568
-36432
-18270
38430
-28413
20332
-130
-81005
-5178
59570
-16817
37698
49471
-13409
-15952
-48672
-54528
1245
3850
-6006
-3240
-26712
20085
18117
14850
81236
14237
-17612
-71916
-2043
-6811
-67160
-8388
-27664
-3910
-24120
-11771
10010
62560
-16920
31770
40174
-8460
-794
-11584
25585
4088
-70056
-56056
-42777
-9920
19677
30534
-530
-77364
-13585
-22842
-47320
-23871
53863
-35469
26700
-7650
-29088
32188
18384
-36654
3968
6394
-6477
-12566
-11466
-5304
54272
-41541
-9350
-19030
-5768
32614
-15311
54747
-8388
-3360
-45262
10985
-38240
-25560
6328
59345
-2775
15876
7117
-10736
-3220
-45214
-3995
-6960
-4554
-13580
-11034
31581
88634
-63072
-430
-17745
26220
43569
10008
852
34010
-10908
11520
96224
-2156
-24030
-5781
-64641
33222
-13785
74971
3577
51352
19971
35948
32032
27636
-13689
-16320
3227
3465
-18394
711
19805
-9800
-5260
50050
-17358
-81840
26404
-12480
28342
-4928
9744
-2070
10374
5688
76260
-53708
-82656
-17800
30774
-43662
13320
1260
-6300
28416
-55176
83660
-30051
-30720
57672
-6715
80433
-68456
-32336
-28080
-28899
2280
-23312
7866
736
-3125
-18542
-35292
45885
-47067
-74475
22816
-11086
6512
-50406
29056
59755
-26496
-44163
-5394
-1794
17712
-8004
3156
-21016
-59994
19998
-8976
35955
54520
3619
6118
50105
1666
-18438
-20064
525
4928
-44576
7920
45625
1927
30375
42152
15960
5612
-17578
-40014
49980
-8242
2340
-16298
-620
35711
42944
-7623
-2944
1680
-3670
6565
13818
11952
10472
-63672
-12430
-82062
-27472
2046
21494
39900
22880
14432
1470
-17908
55242
-8695
-25920
-17739
-18624
-21484
-54306
907
45305
37050
73435
-2673
-1196
-63190
43095
-2418
828
-4956
-494
39380
973
-29568
-6408
-15552
-11010
8388
-10244
-1802
-50468
-5720
-11018
6888
-828
-29478
-47988
83900
-25530
67680
18560
21980
-16800
6405
27593
36600
7452
-35472
-53
8547
52076
69120
-28416
7152
-8360
-39292
27999
25434
-22785
76986
9280
27898
-2275
-17845
20475
8505
162
8976
-4752
14196
22855
18241
-58476
72210
-34968
-3152
-61060
13950
24037
-18000
16698
-19292
4368
-79101
-78182
-8200
-12896
12375
-4572
-24354
22750
60445
-27150
-364
-3768
-52206
-18824
16580
44710
-2530
-9696
480
-20375
3564
-4365
-17752
-52693
-58743
7644
-33668
3618
12908
-37883
-21551
42585
-8320
-18573
-33592
-6830
-22080
12012
2440
-5772
-4394
22528
67071
-21648
-16473
39520
8680
-9780
4616
-7938
-13534
54780
-27459
46250
-50310
4320
46992
12320
66605
-41745
-37191
-1540
60930
-40092
-5096
14645
54910
855
-4047
-31605
-85635
-31068
-10857
11536
25690
-3024
-264
-2295
-24854
-3887
77188
52712
-52864
5925
-42416
1593
-18469
-65130
23679
736
-28914
1902
-1578
63750
18836
-100
48
-988
-14600
-514
15120
12376
-2940
-78114
75144
98500
5900
1248
-7596
21012
45500
16058
41202
19740
24272
-9316
-13916
57190
27695
38793
31570
68580
74260
-22002
-76818
83032
-3528
17661
56
-28158
15594
49530
-43276
22470
3970
19572
-5088
4840
17577
82719
13440
23579
-31339
53928
-25984
42182
33939
24570
-22828
41608
-37086
38885
5625
-36876
56168
-3950
4888
-70560
-7654
-70980
10050
16124
-18221
7887
-58560
5970
-42245
6003
3114
-4136
34881
265
56610
988
-19975
11616
79296
-4642
190
38628
-10956
44968
4928
-75114
-20130
-46300
-28861
-60858
48356
31383
-10514
8591
-16617
19008
-130
73041
49178
-9867
14268
-61110
17127
17425
8536
9962
59682
46739
-42108
22248
-80558
29304
24912
49138
-18705
-1332
-18612
23600
14760
-59862
14508
3408
-69966
-20650
20203
-53410
-30294
-15060
-8642
-10404
68912
-260
13260
43602
5608
-7735
37480
156
-4672
5408
-4042
12972
52164
-6336
-27232
-9063
-62578
45720
-6984
25800
1674
30789
-3552
-15494
43424
-16470
24166
-7098
4810
-7176
10965
-66108
6336
5020
11200
-58616
-4600
15130
-8982
5725
17010
44832
-18669
918
-10368
10120
-25513
-74892
-702
-16464
-59544
-8918
81700
-65912
20960
-6996
-44516
72295
33649
-16252
2607
-32224
31020
93670
-39858
12779
68121
-14553
26180
-3812
22946
-51282
-599
60204
-3140
41358
-11514
13612
-24235
-12260
58320
-13774
19590
93
5727
-3591
5160
43566
33793
-22428
67860
3842
-51696
48202
124
29444
-15424
637
-4551
21791
11600
13500
-38514
496
-10668
-945
68904
56064
17342
-10664
-74630
-44660
61812
5082
7560
6080
68100
33072
-89187
66143
-55872
9515
25511
-13950
-47430
35850
18954
-12513
43152
25498
11778
32784
8985
10660
12870
-24000
8118
22646
-34970
57673
54599
-296
-64680
58300
26565
1908
15705
1032
-7876
22716
10138
-5850
22396
-4220
-20210
28823
-8250
16616
1875
68262
-58604
-38743
76608
-35689
4990
-39950
-32289
-26565
4248
-18165
-13494
-10773
-14070
8690
23876
10461
-9024
-969
11744
83315
-33880
19220
-9680
12432
56562
12866
8300
-26364
1296
-3144
65880
55814
21924
52948
8921
29832
37692
-7635
45448
-77130
15570
52780
-2806
-10528
-5915
16485
25355
51744
21942
19980
47872
-74866
-67690
6554
79299
23166
55678
10287
-3978
-4553
36246
15210
43500
2200
10600
-66502
-46057
43248
3107
2806
10759
68700
3633
864
-48636
-24915
6987
17927
67116
18260
-10
-60
-46300
8976
-48640
-2002
-30046
-6384
76302
63985
-19840
15106
-62377
-18561
17940
10880
59328
24605
4149
10222
-398
-45430
-9855
-54837
39585
-45731
-8802
-6534
25742
-25893
7248
51480
-1674
4777
-4875
-8316
-51192
71550
-46170
10032
38732
504
-35658
49840
-6720
41832
58608
-8289
13067
-1400
52736
67522
81
-1780
953
-12521
-5390
87
18324
2964
-42189
54351
39234
-6837
42930
11271
-34870
5508
5040
-2288
40572
-49131
-7632
-720
-13202
-9715
4311
83902
-6168
80432
-23478
-90117
-14050
56357
2940
-16929
57776
-33929
3955
-3500
99500
1712
-28079
-24486
-36456
52097
-4114
-54741
11515
-1926
10752
67379
-19778
-516
880
43044
28730
26611
-12376
-49896
-74151
19026
-118
51888
1596
-43362
-4630
-34740
51832
5050
16182
-41625
3344
27232
47641
-32970
-32076
16344
9711
5925
-12402
3968
-30885
-8800
85750
-14091
47627
-7904
47925
-27855
10080
51069
-23205
-18914
-16638
-14155
-18300
-34560
24886
17248
21024
-5355
-22991
31482
120
-27626
61880
-6912
-31920
19040
45156
36114
-65572
44100
-13932
-4368
-49112
16995
-21318
51920
794
-3556
68160
10136
31040
88452
-28080
5418
-42135
4746
10419
-74520
-35900
1364
-3276
9462
3726
-12792
22990
26344
90630
15949
-63
60662
2485
-4026
-290
6574
14615
-21330
43947
-1936
72700
-57749
-41052
-67611
-2259
28618
-69936
-54600
57420
-15778
-23355
-31563
-25800
-22072
7905
-39330
-3392
65596
-60907
-7514
38588
-180
-42496
-47966
-53312
2440
1590
12692
840
-42624
-29044
46942
-27898
67452
15484
205
-43844
57600
-13532
35200
476
-17752
-68495
24584
-4056
-10374
-16992
-1776
88560
14904
-750
48716
15552
-770
-79744
-255
-31062
-15584
21942
27125
-29430
-334
16016
-60016
-26664
21294
8610
-10292
2460
14640
20041
10108
-2331
28743
-786
14400
29376
-5467
48403
-20241
-12694
1452
-28800
-948
29548
33781
-67529
-2470
25290
-4104
43431
46992
5271
36701
-24864
9000
-48104
54128
-40320
3900
-44436
4440
5148
-914
-24780
37004
-45864
6936
83720
-63688
11076
53760
52085
-19965
-2726
-11232
-26240
-16731
-64900
17100
47396
44250
34300
-31635
7917
23504
38505
57988
-16940
-4560
-15351
-17763
-16983
74556
-13965
-34424
-3363
-29937
16695
13216
-15092
10356
-26992
-56056
74813
23375
-67548
25370
-4927
-29602
-34102
-90792
-4040
-25788
-16020
44544
-10322
27528
65593
37024
41642
55328
1115
-66792
-24076
-426
48348
-18088
18044
16258
-22869
27027
26535
-8498
-22420
-64216
-3296
-410
-6195
32840
962
-4706
52745
-8060
12450
38425
-1430
15778
-71504
33750
396
441
11205
-36344
57723
-44475
-544
-33744
-26767
-19530
-14539
-600
-22202
43169
52998
-46056
-2665
-280
4940
47465
-33120
63911
0
-6600
-57155
-59334
-3796
-6930
-70800
93300
37595
-30926
-50344
-30940
-4620
-33792
760
44264
-30384
54880
-25704
-14360
27873
2442
17040
6320
-6526
-16454
-6365
-39468
26461
-27384
-29146
-28490
-57477
12250
-12544
-1060
56588
24150
-14120
-25456
19800
5832
31200
-19500
-342
14600
-41677
31902
3204
-37743
-62694
-50048
-80189
30720
-62779
16830
-460
4330
52716
21400
-33201
-43292
-34
28840
79182
-52096
-11295
4828
-9020
2328
-45980
47663
-17215
15781
-25560
-3420
27086
-18924
17325
76674
-23407
21032
-9040
296
190
39712
-63872
46560
12640
9006
24156
-19684
-16269
18057
-17575
6500
-7155
29436
84400
-18768
-1628
15000
-2112
1672
-53580
19386
-38928
5518
-7072
-73143
-90024
-15675
-44838
-26000
-15147
-7743
-15264
-4752
47589
20336
25232
-658
-3003
-87296
1590
-65620
-31152
-833
-2812
27550
16856
-41208
66639
11916
41140
-26038
-234
-50962
14348
-15600
-13400
-29725
-4836
10168
-10044
32973
72446
5880
-984
6732
-6392
-219
32604
3916
-20000
15438
-44616
10325
44640
-49533
-9860
13584
58926
19513
-4810
6622
-476
33048
-969
-51506
19844
76212
82917
9120
17214
-11005
-68962
-12045
-30770
-67095
-1360
630
-28665
21238
-22008
-14760
63070
932
30080
-23188
-6740
-40948
40272
684
38775
-37496
17848
-29120
69165
59136
17755
-2835
47600
18626
5778
-4080
34860
-46816
-26656
-10950
-1180
-26793
-58941
-61596
66276
53700
4896
2438
5885
2044
-12160
-47500
-2349
-26904
-2394
-22660
-23040
272
1484
-19270
682
-46368
39780
-8260
-42434
27348
3243
-6510
69768
20740
-33327
585
4323
11921
50405
5576
-36941
-40866
-42862
5467
-594
6851
-8246
28650
-43956
-22914
4446
-94570
-3456
-34662
-52076
30396
-25810
60093
-38316
2632
8757
-52010
12446
2376
-2418
-32890
-11818
-16218
-8866
-2733
-55677
47433
4089
14484
5040
-28582
-2160
13585
14454
-21252
30056
34515
57472
-7125
-13536
-5355
-26999
-32396
-30520
32
-19300
2016
29808
-196
9780
5110
-43940
-31960
37642
-15200
-18091
-3224
20244
7501
-36060
-17820
4209
-31136
-8547
9088
34672
9216
-8074
17568
37877
24596
-11468
3740
-47432
4432
84600
-16926
4077
24596
-15136
12720
16320
-11761
-88690
-8164
-76998
5423
-12341
784
-18602
7092
-2422
-15390
20325
18900
13110
8051
49567
-4775
-33370
50562
-7920
19614
5472
21148
44616
52650
-27463
37492
27612
-18414
3270
10348
-23100
-1649
-13194
-23544
30855
53946
-64428
-19516
1796
-1638
3861
-46480
-4809
-41022
11844
-31000
59570
-8260
18705
14245
-63560
-1998
8170
-3072
-20566
-6468
-1102
-16380
-47728
36352
3168
-18381
-30530
-44672
-5376
34888
-44403
-17746
4480
-6439
-4788
35644
-58330
-53497
-29172
-53802
1853
3760
10816
45276
9537
672
-28880
10257
-22720
13536
193
-66755
10122
4326
9240
-43680
16016
32760
-38
-3895
-1920
-25704
26966
-23548
-4891
84788
18300
-6759
86955
825
1296
80606
-5860
-17719
943
-29950
-38250
-6627
2480
30772
0
33532
-5772
7530
40950
-10360
26364
10440
-1046
-16072
-71617
-651
-4730
70462
-22100
28282
-26352
-10112
-32107
1950
40200
-464
48392
10648
-20069
15750
13488
-28576
664
50481
2107
5518
25191
82389
-1360
-14300
8991
-29350
-11304
-4026
5258
-34840
267
6216
-11152
-1830
-28750
43615
-66900
-10556
23572
-39196
27630
15106
20350
35720
43032
-41580
34254
70140
10203
71900
1296
51626
3410
2728
28923
-75905
-8349
37128
46620
84477
-1869
-66700
8290
3690
-38208
-9324
-46104
1995
30384
36381
-32448
12169
48960
5748
-1404
-32964
11340
-44946
-13072
-11890
-24957
-78861
-59290
3572
37539
-15387
-36540
-4202
-2870
-12920
784
-3237
38514
-2890
16910
-19992
-7670
-770
47092
14769
23808
-33712
20577
-54378
-21886
26152
-55836
42036
19965
70606
-3901
-33800
-14841
-989
23423
-43169
-98
-4698
5691
1505
20384
-11245
-23532
10233
-874
10692
-14175
57545
-4708
20463
760
-17550
-36309
-45658
1628
-24924
36792
34694
-3220
7068
-27390
-54120
-52575
-5184
-76032
13886
5520
22815
2200
-38304
-56772
41699
-1288
1862
-24300
-4888
8126
-6751
11837
786
-2882
11660
-805
-23121
-36034
23961
-25110
26574
-35880
-20230
1353
-668
-15280
36225
-10584
4795
30192
-26136
-37444
-72270
15604
-654
-19160
21627
-70666
-37869
352
35425
-25440
-9540
-18480
27930
-13972
4819
-9471
-26112
5376
-53580
9300
-3724
60451
-38399
91
-19649
53754
4615
-6882
-46364
6776
17640
-169
4068
3198
-3184
-4774
12639
-44622
-2464
43804
689
37666
14210
24130
-1167
1558
33069
26460
-84487
5328
6996
11178
-5704
-10260
-29495
-51345
486
19200
-10642
-75152
29
29436
-14091
-55250
-18239
-51084
-28224
22687
16530
-10115
42952
59924
-45765
8932
11036
-79640
-28202
-26571
-6510
1668
6862
18768
40120
61548
-62
-52772
1778
48
-27930
17974
59983
10584
-11931
-36096
67914
-1206
13448
38222
12744
-1716
65190
71795
112
2655
42966
8190
2466
-23870
6832
-1206
-924
-848
31472
41040
8455
-41664
19448
9588
-37380
10382
-43736
76077
-90060
58782
33575
45676
-80586
-75300
-14130
63063
999
4284
-4508
11206
-17028
-27000
-37559
30627
18772
-28848
-48950
3264
15912
-2016
7272
36564
-19929
4186
-4320
24480
-17664
-31363
34128
-21328
16452
-67545
2163
-4944
32732
-1963
1989
-55500
-17711
32472
-5652
30528
-3454
-34638
-40515
474
14220
-46475
40404
25160
-24376
-7056
10013
-2275
14112
3456
-25200
-40870
4644
-57761
14256
-58480
-9720
-17325
11620
38808
8888
-63437
35904
7326
-2628
80352
-14697
-6904
-27878
30872
-49138
8836
-31506
-255
-14552
45540
-9660
25370
18864
37995
-32
77224
-32097
-9620
-52488
4428
5904
-1206
4544
-11194
-12870
-3198
25410
5278
-16933
-72525
-20160
14259
-42582
29394
-915
10300
62748
-2223
-30120
48852
-18915
14476
-73416
15099
44055
41657
-33120
-29436
16740
20060
5082
57400
-24600
-53882
-62913
50502
-24986
5700
31150
-19950
-7638
-26700
-50435
-18216
-25888
17708
-924
-77352
-1089
-5523
330
22208
2196
23976
3782
6232
26220
-47940
14014
49088
2100
11232
39403
-33725
23650
-41680
-14624
51576
-11396
-2001
20865
-5576
4656
-18711
-12483
13689
28044
-47937
792
30672
6486
-47481
-28008
69286
5112
-41184
-38332
7560
-42456
-3292
-41360
-45784
31067
440
-27720
-18543
-49140
-15738
-13209
-46860
44462
1881
17661
-16821
-24928
900
6970
7770
29674
-12512
-12935
27621
-83720
8442
9786
87360
-1716
-55080
-30051
-4480
-12339
-2484
-10640
47405
9976
-4121
2728
98200
7896
23256
-3444
374
17241
42834
11468
25758
-28254
22714
-651
2160
24346
-5428
-40656
-19000
6139
32064
13272
4500
27335
13818
6640
-4257
19575
-27495
-55485
-34452
80688
-14288
-1250
10849
3408
40504
-41140
67650
-18492
-44732
-61700
-74860
-50481
896
-13232
-72996
-32136
582
10584
12467
48662
-98010
-14310
1408
22661
19572
69201
-4514
63650
-54614
4050
24087
11189
24096
15390
6924
406
-16473
29516
-16950
4914
350
19791
29845
37089
36168
41412
51088
9724
24360
-31248
26550
-32292
-1396
2890
3744
-73656
62389
11616
-36957
3685
-51667
1656
-9516
-28864
-19032
20416
6633
-5775
-9204
-11780
-8008
32900
38164
55280
-8176
-9776
25610
3705
-8736
5544
76506
-53734
-5768
5962
69530
66795
-65016
90155
-58368
-24080
5715
-8904
-5668
43326
-74984
-28170
13689
52904
-3213
20532
-25488
32568
17641
-40716
-76
11445
-18160
-91698
48351
8568
-55401
-1329
-8910
43560
5082
-20650
4680
3411
4704
19113
18480
-38847
27560
12070
-49560
31500
-11799
12672
-59994
-47658
1210
-3390
-52345
-30015
-11610
73950
-19152
8568
-5010
17479
26270
34270
11229
5487
-26719
75240
63700
-62815
-27047
57792
-12529
-2376
-28426
-19692
39024
870
-971
47138
-25410
-32370
12090
-10368
-51858
10080
25666
-49700
-9089
-19129
-26520
5620
5913
31409
-20727
68544
-31608
8892
12816
-20406
54896
49501
51254
-48791
20088
-49533
-51740
246
-39105
9056
22195
-25272
-3450
-13554
-21864
4070
61800
2994
-30030
-8736
-62080
-41907
-2431
16779
64258
-24208
37582
-34155
-3713
-59792
32760
-6336
420
-11880
18870
-9650
-19136
19481
40227
15720
-8358
-3904
-29751
-6968
19200
976
-40890
5712
-14280
42676
-19966
-5203
-60960
-36935
-49296
-13992
-38304
-40664
966
3206
7720
36550
4477
-58696
36072
16345
15540
66729
4528
60344
-65872
-53568
-8964
420
14560
-10032
-5236
59580
90356
10731
20972
-53300
-948
45738
13725
-57174
31178
-33814
24837
-13940
-27311
92815
-71440
6612
1927
-68978
-783
-86940
15741
-9944
-9272
-33672
24112
-40614
804
42640
-6024
28801
3870
-30492
-44132
-13716
-41814
63400
5856
-3532
58560
-41538
13926
48546
4232
5904
-38718
-19598
10274
35631
-66928
11200
-2028
-16790
3220
-20475
-81432
-2076
-20746
-49416
-90768
22644
41404
47806
-707
-32896
-14278
-11697
19992
13156
-3355
16443
-17468
-25080
440
-1764
-25254
11088
-23120
40948
33867
46256
-7050
6104
4960
-22850
39248
27456
-4518
-49824
10841
14640
5340
-80926
-9960
27900
-248
13500
-56160
6840
342
-22052
650
-43328
-45528
5797
67706
16050
20856
-1748
-46576
-37023
-65481
16482
-50343
-19260
-78208
-22560
-23829
34506
14433
-13312
-21053
11016
89187
-32241
-732
62656
7605
11343
-52507
-25347
9786
72124
43344
66211
-5940
15800
-46995
-14342
38433
-5220
-8346
2142
-63440
-22032
2364
-19570
-26550
-11818
-36180
25916
21312
-15428
-1513
-6562
-45200
18126
31350
31968
-81515
-52521
64416
-16371
4167
8991
1686
56958
-15288
7920
-17325
26535
-23925
-46488
48447
-24000
-526
9724
-45475
14048
-9758
-1848
-27405
24100
22718
11200
-13984
20610
10857
-48504
-82644
-14850
11480
9315
43310
-8940
1365
-13360
5940
51768
-6572
6256
1056
-39759
-46260
45628
34846
-47975
-42130
-10212
45401
4557
1564
-39591
27032
-73392
-11696
-20760
255
86478
-4069
10878
7282
-4832
-2015
11640
3184
39984
-800
5610
11256
16128
-9699
7590
-60520
-59799
7200
-25602
-54400
-46596
-17094
-48868
-53800
12276
-1992
-29467
-27860
-22776
-12800
18648
-1677
62054
-5166
4032
95746
17496
-45672
20444
44793
3179
2100
-80214
-40035
-49470
-435
11696
-3944
-67249
32571
30046
17380
11577
711
81
-26824
12753
-23517
14352
7040
-4875
-60786
-18392
69840
12440
-3776
38122
3204
14220
-4960
-36584
-27224
352
5890
-30685
23392
7680
8474
17745
36936
48734
-8078
-6888
4539
-7304
24300
18648
-21210
-10590
-7426
-20592
3060
-8918
-6780
6028
56736
-8398
-8280
22660
6536
-17422
-3674
-8775
-7240
43953
-15062
-75852
-2960
21730
52377
-51390
55146
-5014
44128
-1972
20874
31773
42460
33466
14329
-1206
11972
-17952
29610
19280
11280
13794
-25425
-40140
11136
-51622
-10530
7770
-4275
8820
-82353
-26838
19034
-44390
57827
-10672
10052
4536
41124
-1320
-15691
-58425
-1581
42320
-26980
41053
5480
-58176
-39589
32178
-17980
10746
28215
-46170
17836
-36864
48283
14784
34884
11401
12672
-7788
-37170
-20547
3140
-56059
-2091
7987
66028
-12496
-8239
-8613
-9015
6744
1449
10400
33696
-30874
-5096
-77028
-2064
10682
33947
20590
-39
68880
19451
468
-55506
-7920
19046
-13593
-33354
-31003
-15405
936
444
23900
-7000
32383
13440
54535
-6226
-61952
-23828
190
1292
70656
-53889
-53535
-30780
28616
55675
-4950
5916
14559
1040
-43120
-6930
-47104
-28101
-6968
392
-18396
-13130
56330
44616
-4080
-30975
-30745
-63954
12844
41616
-3240
-49875
27528
-54560
7383
-2703
-36672
246
6006
23048
27354
31236
73260
-38080
-35840
15900
-68880
3492
3465
50700
-41280
12977
-57749
-53515
5586
-78432
-21600
21889
53513
26038
-12172
-8056
988
348
-40865
2570
-82456
-41175
72335
48
-13156
912
-31900
21888
3510
27264
14432
-5092
19206
-37520
17052
-31416
1860
24462
14020
-42497
30504
-1064
23177
12095
4872
3950
-22815
24338
-2373
3924
-32164
-34432
21996
-21645
-47280
21165
21700
1876
-5891
995
-17658
-16408
-21862
22464
37536
2901
-11562
5408
26752
19380
4784
12374
13425
37672
-3660
-902
18625
3230
48345
-45600
-56265
30475
7434
-7476
-35640
15876
32964
2737
-49288
-80750
0
64800
22256
1494
1798
2380
51100
29792
-13408
15288
28792
328
-120
18705
-44496
72
-14274
-52726
-9450
53062
9282
4800
9546
-27808
-20900
552
15189
53970
1140
12727
49912
-2592
-67868
1645
13104
-7812
5270
-4446
-2771
25498
-11880
-320
48954
41514
240
-31433
16632
-22606
-1839
-4980
638
-17360
-5360
-5040
4768
33580
29330
44073
-26649
-1587
2112
11760
4818
2838
29484
62134
51858
70344
1790
14145
-37985
18172
-2382
-63852
38258
-1050
96800
-7623
-23520
-16800
-186
18020
59787
41440
-24924
-76384
-26196
2208
-71120
26048
-5370
-71467
346
-64602
33040
-52002
-2295
-4313
32384
7503
30966
-65685
4725
-55040
12260
27222
10989
-8028
20878
-14528
-59670
-32178
-10013
14336
-24087
1696
-4104
3444
4606
5285
75
4420
28594
735
14454
9460
5824
-8268
9300
3069
18325
-11200
460
6912
49819
37674
-13226
-6279
17680
49329
-48568
-23691
-2166
66780
36002
29055
12495
-23035
3906
29694
43296
25331
98
-50568
27755
-49050
75300
56772
29422
-354
46718
-27450
-9462
24860
-16800
-10362
-2915
-16720
6868
-31178
-3168
23100
62865
30448
-8487
82128
-2640
-11797
-720
-20874
-5035
60987
46096
74676
35120
-13930
41472
-20410
-27323
21
45216
19720
-28260
420
9282
9140
-50634
-684
-43873
1053
-60888
-47731
-12462
3120
2142
-57024
21369
-5250
12320
-50490
-1185
819
-17996
-61312
-16632
24776
14157
-17112
-8300
-6335
15471
-45261
-15471
-11232
-24180
-22575
14260
33600
28968
50598
-25350
-2816
-7480
30492
-55309
-2523
11382
-5457
1092
-65876
2430
-53217
-49784
-1485
22064
10578
2926
-2820
-13706
-64506
-9373
5440
40399
391
11220
1060
-2944
-5488
5796
3325
33060
-53244
-18444
17612
-2919
19720
-3298
79464
-39546
-41800
1200
-6150
36100
2124
-504
-43040
-34780
-30358
-2380
-11916
16725
-12980
59096
-34874
14150
74305
-2574
23809
23208
1112
14271
-3283
-75690
16389
4557
-51597
-990
-3192
-12144
-48974
-2904
25915
2701
-5016
9250
7854
6426
-15657
-496
-19929
-38200
-48620
-3915
-44681
18744
15542
38760
-40655
1488
-87590
42366
-6952
-29785
9945
12240
-45849
-49590
-182
4560
-1446
-894
-11808
-26122
22703
20091
22195
-10500
1440
-20764
44055
-28
7656
39886
34632
-3220
-7503
3116
-62780
16060
40508
-15960
-65280
-42470
-17176
-24480
55720
47594
-31600
-42029
-67344
-5718
50572
72180
-84651
-51142
-61628
-13034
83880
16704
-28314
-56938
5584
-33385
-18981
-33970
40083
-35925
20739
2016
-620
-330
3629
3404
-9861
17696
78755
26005
-37453
8145
-5184
16698
266
-55979
-3900
-10804
-34500
-4743
-31600
-56097
-41642
-1190
32592
6532
-9550
-3420
12474
4254
-175
11802
26937
13026
-7692
1980
19720
5031
8918
-8954
11532
-19425
67660
-12351
-420
-21850
-72076
-356
-1413
27189
-22043
-46
-14448
-5670
-47200
19685
8703
10608
2641
-28611
-29375
12862
67087
31212
-23606
-30095
-23920
8892
73718
-55143
-14600
-40334
-525
-36018
5733
-43188
-21669
-51595
7137
-27940
-28710
-35730
-24738
-3450
46543
-3956
-8241
35604
5676
33132
-44478
30415
-1562
-28743
-18424
30264
86640
-13192
36
-7245
18678
-14606
49770
-22200
17200
-24806
1980
22032
4980
28310
16218
-22050
55955
-9449
-50107
-12090
-1837
17290
11704
-17064
-34632
-21438
7336
7380
-21620
7980
74586
11120
170
39528
9650
-12186
15213
47682
-13369
22410
-48552
-72076
-19575
16724
-12558
8344
-67150
37628
-29498
-16146
52644
-13464
-22724
71576
28251
7224
24882
31680
10320
65436
-21356
-41070
6634
6528
12298
19530
26973
-12540
46272
4977
7584
-68295
-4455
-11109
19530
920
-16280
6325
37995
-54936
-29700
-75348
8051
-6625
-5160
-800
21291
-14308
-70000
-43424
49790
-79443
7735
-58738
-21303
35724
31464
-33966
73619
2968
5988
24915
-21264
-252
-5676
22274
-32038
-17820
16965
11201
-23490
-57592
-26460
30143
2136
-7392
-873
-48330
20081
31730
66792
-34575
10374
82350
-16200
60520
-15120
5607
-9132
-5084
-29119
-32448
-44679
-37744
36245
-28800
10305
-7956
-38590
7056
-15288
43134
-45888
-25723
-605
-36208
-920
-18763
-200
-21952
25215
71616
-6528
10638
4232
-37800
-40606
3349
62205
-10062
19003
40443
35178
-2336
-22572
365
-17682
-3380
-12691
12660
-5124
-38934
39672
88350
37887
-29232
25662
9090
5103
47628
-68448
48657
31668
16985
-16520
-35175
6930
-98604
-45421
-14652
1700
28565
-67067
1912
-20061
3220
-55335
-47127
-84084
3348
31185
-776
-2132
1278
-10769
39805
24304
-31694
-29982
-24444
-37344
-15696
12920
-2730
-41940
4240
27040
-2430
-40480
-4248
22829
-28308
658
5488
-60264
21720
-16897
-54579
18942
21384
-38676
-40740
980
35316
19764
-13680
-13024
9159
40176
-8569
-58349
34615
6850
-38745
8988
792
54075
4200
-31295
-3152
8113
1944
2766
15912
-9984
-7824
-44274
18004
-45320
-36984
-45360
-7752
-60192
53120
-10900
-12712
4806
18564
27438
10452
-35280
-28872
13310
-2090
-51531
62010
-43736
-20625
22792
-13692
54990
68693
2967
-3248
6568
11674
-27206
-41679
18984
-80717
-5040
31506
80088
469
36396
-12180
86010
-16031
-7714
11508
-1944
-17526
16169
59096
-40334
59598
3264
12352
2494
59220
8350
22143
29913
-4746
2340
1071
-17920
-12818
61936
-19184
-25212
-6136
75530
-14823
12950
49290
3076
7252
-82800
6568
-764
26880
4056
7598
-2464
26400
3834
-29421
55560
-5742
15656
74250
-3763
-54180
53040
8316
11534
37145
40200
756
-45920
-5133
78
-84318
-21586
72732
45472
-25353
4708
4023
-80085
24350
15318
-23422
-12222
2100
-37101
13280
32
-1374
54768
6504
-5668
48330
-92218
9240
480
56482
-17157
22906
3164
83764
-10660
5797
2910
823
-17034
29260
36777
-17138
12048
11988
-3264
-43558
8624
-57157
3519
34344
-2420
5916
-28512
-21780
441
7650
-18330
44080
43953
-7380
-34790
-49300
-4860
25740
1408
-22950
12376
5280
-5835
14640
-39900
-1792
-9130
92512
7020
4788
-35694
338
63162
1921
30843
58302
-39909
-56169
95158
-1536
21028
-34694
-46718
77162
-6141
-59200
1072
-68641
24494
49396
-41140
28552
29040
25480
-1800
10452
59625
-19499
-12780
-14136
35264
2925
966
-16575
13895
27602
6050
-17290
28137
-17766
6557
-48676
17388
-62662
1750
-2002
930
22950
-8020
-41548
2604
35084
20855
50232
6200
8505
3025
-3384
6148
-8460
-9028
-38732
6165
55969
15345
-12180
-7650
-53400
-2880
23976
-32398
59760
-48048
15300
-28861
-8964
-65937
5088
87318
12948
300
-84
42320
24112
31205
-67200
-11252
3123
-576
-52407
-10824
-21912
66196
-44838
18352
2739
26656
-41392
612
-65281
-28773
-39715
32886
-14420
1350
2040
-30411
-9078
608
3822
-15050
-12978
3296
3780
32670
-15841
-5082
17298
-54398
-87660
-26312
-53253
30624
2756
-66654
-73100
-910
42460
-13888
18910
-46455
-22458
39195
-32799
-2064
-462
16284
768
-21361
9568
-1074
-6916
30705
27776
6394
26341
-65570
20461
-12033
55022
40186
-66154
94810
-72633
-12672
6096
4046
84088
-6170
-38550
2960
-11084
-14700
-41109
86815
-10790
-52602
-11560
-1428
23200
-49815
6144
-1508
9128
-7392
70153
-84444
-37088
3680
1227
26444
-705
59670
-65343
-59185
70577
8672
-22952
-17523
-3452
29016
776
65360
-7384
-38104
47775
-59808
5760
6512
-24560
-1731
-26925
-2787
11424
7260
45376
25968
1494
-25620
-9705
-2728
-39872
-34839
-4149
-13880
3672
21164
-95739
-2030
19943
11664
-4170
-2448
45994
38399
20160
-7400
-19035
22698
34000
-40810
-19928
30555
60800
-44626
-4361
-13300
-14018
-44547
27360
-3864
8145
339
-21000
33085
27
-33720
-10350
-32775
-8874
73840
-57211
3267
25620
3936
-21978
24420
-188
10362
-31789
1863
-6568
4158
16380
-24224
-14196
-10380
-15390
-20682
638
-27412
-12435
3672
39591
-7276
-29700
56855
-27936
38563
-11220
-49840
6090
4956
4002
-67817
-7600
-5196
28487
-11008
-87900
10944
31490
-46324
37380
-2208
12350
-18040
-37524
3410
2540
-34085
-4994
14280
33640
-40464
-51700
-4930
-8816
-880
11947
21275
-135
14700
-22410
-26280
-53489
-3942
-58930
8530
-987
-21320
47634
-13908
23961
-401
-43616
-3162
-6222
-60356
-1065
64506
-756
-18368
-11052
-33924
32648
-8288
27777
76629
-19278
3230
75164
2070
1782
-40320
-28468
5700
-32981
-27005
-30115
55752
-36777
-10816
26910
-44287
-5166
3264
-43700
-21573
77812
16956
8690
8305
6576
-38640
40455
-13888
10290
67008
-8770
23320
-13542
33300
5775
32508
-12243
750
17760
4578
-51035
20944
72416
-10575
-2992
-76692
-15800
-3654
-15980
5080
17550
27864
-16074
-18000
-95520
-3534
-10962
-5487
-42920
-813
-1620
-1600
20724
15228
11396
-18557
7176
-4872
32426
-5700
28120
-38720
9108
-5778
26656
42952
-75348
-22188
-19872
49217
-24066
-66640
-35178
-28611
8242
10471
-21268
-65648
18104
-31710
-37128
31339
4675
396
51072
-54912
-4498
35219
47163
-44965
7448
-29240
364
-41310
12894
1708
23680
-2873
7410
51576
-4200
-18282
8484
35987
73188
-16297
-81168
-2059
-39884
46410
-5934
-9450
5863
76896
-91762
-10296
44900
63536
22172
-60
-2290
21208
-1751
-21925
-31825
37448
16310
56082
-42064
-49608
-8580
-4563
21346
-890
45153
-59367
-900
32800
79478
-2688
5073
-13348
-9213
15610
3234
-43446
25194
55370
46953
-12960
-35445
-64845
42504
20550
-22275
-29397
-1881
-33201
-40224
9906
28416
-63360
-27090
21648
-7161
-77024
-47790
5681
60882
70645
54378
-38350
-2052
7980
-11130
11310
37185
-48555
-303
-13605
59224
97020
-74520
10192
26166
-44256
-1482
-8738
16591
-48134
54948
15400
22701
-2200
-74998
-992
39080
-30030
-19712
1944
-46020
40992
-28217
-4670
-1544
240
-7601
66096
-41860
176
73824
1110
41634
-56730
-17784
-6916
30450
50687
21528
-2824
-33798
17568
-7100
-15912
30576
33180
-35440
6450
13498
-38874
-3192
45540
-924
30286
264
-17100
-12993
2490
-25135
-13770
-42984
2544
48552
11064
5980
23475
12625
1881
-9841
-172
19203
-16720
-638
-16884
-37632
9360
9856
19671
6250
-3600
39039
-19680
-7298
77860
29378
-21620
26940
-4482
13338
32650
31020
64160
35112
-33138
31620
83162
2184
83190
-76923
-5704
6946
-17510
-3648
-17479
31040
-89958
-9280
8670
-135
8143
-17157
-20194
-56463
26752
-606
-66010
-2847
19988
-9975
-16896
-4608
78850
55836
31722
-66800
-33434
2482
-17784
-50405
-59700
-6384
-82984
-36783
-39260
5719
18146
46373
40850
20880
-45475
-28799
-48776
1832
-52205
-41942
86600
-483
21015
-37324
9312
-87308
-33495
16170
-8640
-22506
441
74137
18124
-9425
1587
19923
-3538
73787
-16848
-15680
-41912
-9884
46107
-2106
-4992
11160
38763
-16669
231
-70125
-3696
-12090
-12103
-13245
77309
-5373
3498
87560
-75700
4530
-46440
6035
-36270
-17818
2784
-44550
27968
-10778
29216
2170
14276
12470
28576
-21922
68620
18104
42354
1394
-77142
10143
17422
7414
-18538
29512
-278
70226
-26936
25327
51948
5876
32916
-37440
9882
-2691
-27560
10127
2772
6996
-5050
-70215
25610
-22563
-80850
35178
-2436
49800
-4600
20750
-22575
1596
9230
2673
33292
27821
-4250
-9917
315
-18676
52925
1360
58652
11859
38222
20473
14384
6386
22272
4672
-29890
37000
-32970
248
-828
11034
-21358
-32688
-4536
-52976
-38116
6820
-28322
3155
-9988
4945
-36750
51022
-52735
-57424
-3380
-27916
-73554
-12300
-7680
-54027
-46648
-89100
-48780
29304
-57393
17892
13632
1350
33363
16896
1512
45156
-2604
-4845
-7350
3360
21266
31800
-12292
13340
16644
-96824
31880
6440
-55284
-18434
2562
-62916
-725
-31577
-79674
-7680
4210
-6383
79947
14100
-2470
32544
-1320
1926
27144
53840
1852
8371
3318
10488
837
-13275
-34780
66956
-81700
-5840
39010
8738
14865
-52735
-13696
10956
-16170
-51030
8092
6996
13650
87360
-16399
24576
372
-14787
-21056
56000
-8397
-49344
-30340
57285
1824
50463
11362
741
16968
-9830
-74428
24353
-35932
-5576
7722
-90060
18480
-49020
-19749
54498
17960
28860
-39591
-4200
2166
15336
12096
34892
-15576
-32700
24795
87875
-32838
-47952
27180
52164
-38240
871
-2200
-28028
-21360
-5845
4536
3774
-5145
-61677
3200
2436
-630
35397
4824
-28137
-57942
34675
20850
-6623
-30780
14832
-2009
-9339
-4485
26080
57312
8030
-36144
86152
-12960
32640
4431
-28644
10166
39538
-10788
13200
-75012
-1090
26384
3519
80458
3609
-20090
-51128
-8525
17394
24490
-31960
200
-28512
-39319
52061
6239
-9180
-6684
4788
14736
8715
-6775
-24893
13294
-26367
930
19721
4400
182
-23256
-14123
31758
38266
-88110
-312
548
14484
-39494
3760
-23170
2700
45036
-2924
-1593
4182
-46740
-7425
-11220
-10125
-2686
-12852
3824
-21952
63474
3468
-12818
43450
62613
-1912
58996
-15290
-23925
2736
-18288
-48818
7456
-1040
8008
7488
-2961
12368
-13470
4722
45628
9375
44640
-25284
24765
-8460
-23534
-19838
-2695
31850
6498
444
-25445
45441
22572
-81438
38098
-62270
14490
-50235
-2660
-46620
10700
18409
24060
-13936
16056
23700
7474
81079
11795
76925
-16038
-51680
11115
-18678
-29502
4692
75862
7446
-7224
-4067
-35595
-11532
-77940
-33292
-12483
17604
3690
1156
-41340
2821
10881
25868
-8201
-5920
3975
91744
37807
4456
18814
-34200
10998
2756
-102
35673
50688
32130
-63700
65754
-12408
-22512
21888
-67452
57510
-2400
11658
2015
-31302
924
11280
40936
-25543
9400
923
-51496
-31250
46215
1323
17141
-14382
18624
-39423
-26101
30912
-12800
-2574
34104
2812
-52212
-52992
-14592
-47704
1748
717
5090
-82956
-28992
-22064
1083
-17388
-8120
46052
-5934
28782
-24648
-2700
-38019
6076
13916
79056
16440
70965
-20482
40512
41361
43485
3535
-19517
75933
-15523
12540
42054
82737
49419
2613
-65910
-3768
-27735
-24864
-18876
-11106
-1080
3600
9453
-10974
-35226
-6401
741
10179
17856
5424
26520
7192
-15938
-13932
-36680
-237
14700
-44030
13500
-26404
83692
-9280
-16128
19074
-17355
726
102
24240
-41382
-19080
1960
-51362
-33120
-36582